# corner: fs_125c_3.63v
# process=fs temp=125C supply=3.63V
# ngspice exit: 0
# wall clock: 264.8s (--timeout was 300s)
# result: PASS

# ==== deck (exact input given to ngspice) ====
| * startup-ramp corner deck -- generated by sim/bin/corner-run.py, do not edit
| * corner: fs_125c_3.63v
| .param vsup=3.63
| .param t_slow=1e-3
| .param t_fast=1e-6
| .option wnflag=1
| .temp 125
| .lib "/home/ubuntu/.volare/sky130A/libs.tech/combined/sky130.lib.spice" fs
| ** sch_path: sim/startup-ramp/testbench/tb_startup_ramp.sch
| **.subckt tb_startup_ramp
| VSLOW VDDS 0 pwl(0 0 't_slow' 'vsup')
| .save i(vslow)
| VFAST VDDF 0 pwl(0 0 't_fast' 'vsup')
| .save i(vfast)
| VDEGN VDDN 0 pwl(0 0 1n 'vsup')
| .save i(vdegn)
| XSLOW VREFS GS VDDS 0 bandgap_core
| XSUS GS VREFS VDDS 0 startup_injector
| XFAST VREFF GF VDDF 0 bandgap_core
| XSUF GF VREFF VDDF 0 startup_injector
| XDEGN VREFN GN VDDN 0 bandgap_core
| VDEG VDDG 0 pwl(0 0 1n 'vsup')
| .save i(vdeg)
| XDEG VREFG GG VDDG 0 bandgap_core
| XSUG GG VREFG VDDG 0 startup_injector
| **** begin user architecture code
| 
| 
| * Put the XDEG copy (injector attached) and the XDEGN control copy (no
| * injector) in the degenerate zero-current state at t = 0: their mirror gates
| * start at the supply rail, which is where the all-off solution parks them,
| * while every other node starts at 0 V (UIC). Nothing holds GG/GN there after
| * t = 0 -- .ic only sets the transient's starting point -- so whether either
| * circuit leaves that state is decided by the circuit, not by the deck.
| .ic v(GG)='vsup' v(GN)='vsup'
| 
| 
| **** end user architecture code
| **.ends
| 
| * expanding   symbol:  design/bandgap_core.sym # of pins=4
| ** sym_path: design/bandgap_core.sym
| ** sch_path: design/bandgap_core.sch
| .subckt bandgap_core VOUT GDRV VDD VSS
| *.opin VOUT
| *.iopin GDRV
| *.iopin VDD
| *.iopin VSS
| **** begin user architecture code
| 
| 
| * ---- Kuijk core parameters (issue #8) ----
| * PNP emitter-area ratio N is built ONLY from paralleled unit devices:
| *   N = (n_pnp_ptat * 11.56 um2) / (n_pnp_ctat * 0.4624 um2)
| * Keep both counts equal to hold the pair's measured dVBE while lowering the
| * per-unit current and sigma(dVBE); raise n_pnp_ptat alone for more PTAT.
| .param n_pnp_ctat=8
| .param n_pnp_ptat=8
| * res_high_po unit segment: W = r_w um, L = r_lseg um (R ~ 380 + 325*L ohm)
| .param r_w=1
| .param r_lseg=5
| * segment counts. K = R2/R1 (each leg has its own head resistance, so
| * K != n_r2/n_r1 exactly -- see the header comment). n_r2 was RESIZED 54 -> 50
| * by issue #99 (see RESIZE STATUS below); n_r1 held at 7. The #46 single-
| * device investigation (why the OLD n_r2=54 was chosen, and why +1 was
| * rejected there) is retained in the header Sizing rationale, superseded by
| * the resize.
| * RESIZE STATUS (issue #99 / DR-003, RESOLVED): n_r1/n_r2 are now sized
| * against the ROUTED LAYOUT's real chained-array topology -- the ground truth
| * the fabricated part experiences -- NOT the single-res_high_po-device-per-leg
| * model this schematic's own XR1/XR2A/XR2B lines still draw. Issue #98/DR-003
| * (sim/res-array-head-resistance/) established that the routed layout draws
| * each leg as N separately-contacted unit instances in series
| * (layout/bin/gen_bandgap_routed.py's bus_res_series), paying real per-instance
| * head resistance: at the old n_r2=54 that made the REAL part's K=R2/R1 read
| * 8.1474 vs the single-device model's 7.4973, pushing VOUT(27 degC) to
| * ~1.233 V (outside the draft +/-1% window 1.188..1.212 V) at all 5
| * (process,supply) corners and collapsing regulation at ff/2.97 V and
| * fs/2.97 V. Resizing n_r2 54 -> 50 (n_r1 left at 7 so branch current -- and
| * therefore hot-corner headroom -- is not raised while K is corrected) brings
| * the real chained topology's K back to 7.576 and VOUT(27 degC) back to
| * ~1.198 V, IN the +/-1% window at ALL 5 corners with NO hot-corner collapse,
| * and the DR-002 downward 0..-16 trim range still covering. Full PVT + trim
| * re-verification: sim/res-array-resize/records/ (issue #99).
| * CONSEQUENCE for the single-device model: because these XR1/XR2A/XR2B lines
| * still model each leg as ONE res_high_po device (omitting the per-instance
| * head resistance the real part pays), simulating THIS schematic as-drawn
| * (e.g. sim/output-voltage-tc's single-device tb_vref_tc, netlisted by xschem)
| * now reads VOUT(27 degC) ~1.165 V -- LOW *by design*. That ~33 mV gap IS the
| * head resistance the routed part uses to reach 1.198 V; it is not an error,
| * and the single-device harness is no longer the sizing reference of record
| * (DR-003: every single-device record models a topology the layout does not
| * build). NEXT INCREMENT (not done here, per one-lever-per-increment): the
| * routed layout generator (gen_bandgap_routed.py's N_R1/SCH_N_R2/N_R2_COARSE,
| * currently still transcribing n_r2=54) must be re-transcribed to n_r2=50 and
| * re-verified through klayout DRC/LVS -- see DR-003's closure and
| * layout/matching-plan.md Section 7x.
| .param n_r1=7
| .param n_r2=50
| * PMOS mirror multiplicities (unit device W=8u L=2u)
| .param m_out=2
| .param m_ampbias=2
| * ---- Trim network (issue #13), DOWNWARD ONLY -- see DR-002 ----
| * Ladder-tap length added to R2A/R2B equally (metal option, no switches).
| * n_r2_trim: valid range 0..-16 only. r_lseg_trim: 1 um/code (~1.7 mV/code)
| * in DR-002's original SINGLE-DEVICE model. Positive codes are REJECTED:
| * this is the same R2/R1 ratio issue #46 found causes ff/2.97V, fs/2.97V
| * hot-corner (>~123C) operating-point collapse at even a +5 um increase
| * (n_r2=55). sim/trim-range-monotonicity/ reconfirms it for trim and finds
| * codes +1/+2 ALSO collapse (VOUT -> ~2.8V) while +3/+4 happen not to --
| * non-monotonic-in-code, i.e. no positive code is a certified-safe point,
| * not a safe zone at +3/+4. Only downward (R2 decrease) moves away from
| * that edge; confirmed monotonic, collapse-free to -16 across corners. See
| * DR-002 and the sim record for the full case.
| * LSB REVISION (issue #106, DR-002 revision): the routed layout's fine trim
| * chain does NOT draw one length-tapped device -- it chains N separately-
| * contacted res_high_po unit instances (layout/bin/gen_bandgap_routed.py's
| * bus_res_series), each paying a real per-instance head/fringe resistance
| * term this schematic's single-device XR2A/XR2B lines do not model (DR-003,
| * sim/res-array-head-resistance/). Re-deriving DR-002's <=3.000 mV/code LSB
| * comfort bound against that REAL chained topology at the adopted
| * n_r1=7/n_r2=50 sizing (sim/trim-lsb-chained/) found the shipped
| * r_lseg_trim=1 per-code step reads 3.12-3.15 mV/code across all 5 corners
| * -- a real, measured violation of the comfort bound (smaller than an
| * earlier, now-superseded estimate against an abandoned n_r1=6/n_r2=42
| * sizing, but still a violation). Halving the fine unit's drawn length to
| * 0.5 um fixes it: the per-instance head-resistance term (~379.7 ohm, the
| * DOMINANT piece of the per-code step) is a PDK-model-card constant
| * independent of the unit's drawn length, so only the smaller `rbody`
| * fringe term shrinks -- re-verified at r_lseg_trim=0.5 to read
| * 2.40-2.42 mV/code, PASS at all 5 corners, with the same certified 0..-16
| * code range and downward span still clearing DR-002's 1.5x-of-3sigma
| * coverage target. See sim/trim-lsb-chained/records/ for the full
| * re-derivation. NEXT INCREMENT (not done here, per one-lever-per-
| * increment): layout/bin/gen_bandgap_routed.py's
| * R_LSEG_TRIM_UM/SCH_R_LSEG_TRIM_UM (currently still transcribing 1 um)
| * must be re-transcribed to 0.5 um and the routed cell re-verified through
| * klayout DRC/LVS -- klayout's extraction backend is not available in this
| * run environment, so that is a follow-up issue, the same split issue #99
| * used for #107/#108.
| .param n_r2_trim=0
| .param r_lseg_trim=0.5
| 
| 
| **** end user architecture code
| XMPOUT VOUT GDRV VDD VDD sky130_fd_pr__pfet_g5v0d10v5 L=2 W=8 nf=1 ad=2.32 as=2.32 pd=16.58 ps=16.58 nrd=0.03625 nrs=0.03625 sa=0 sb=0 sd=0 mult='m_out' m='m_out'
| XMPAMP TAIL GDRV VDD VDD sky130_fd_pr__pfet_g5v0d10v5 L=2 W=8 nf=1 ad=2.32 as=2.32 pd=16.58 ps=16.58 nrd=0.03625 nrs=0.03625 sa=0 sb=0 sd=0 mult='m_ampbias' m='m_ampbias'
| XAMP VB VA GDRV TAIL VDD VSS error_amp
| XR2A VA VOUT VSS sky130_fd_pr__res_high_po W='r_w' L='r_lseg*n_r2+r_lseg_trim*n_r2_trim' mult=1 m=1
| XR2B VB VOUT VSS sky130_fd_pr__res_high_po W='r_w' L='r_lseg*n_r2+r_lseg_trim*n_r2_trim' mult=1 m=1
| XQ1 VSS VSS VA sky130_fd_pr__pnp_05v5_W0p68L0p68 m='n_pnp_ctat' mult='n_pnp_ctat'
| XR1 VBQ VB VSS sky130_fd_pr__res_high_po W='r_w' L='r_lseg*n_r1' mult=1 m=1
| XQ2 VSS VSS VBQ sky130_fd_pr__pnp_05v5_W3p40L3p40 m='n_pnp_ptat' mult='n_pnp_ptat'
| .ends
| 
| 
| * expanding   symbol:  design/startup_injector.sym # of pins=4
| ** sym_path: design/startup_injector.sym
| ** sch_path: design/startup_injector.sch
| .subckt startup_injector GDRV VSENSE VDD VSS
| *.iopin GDRV
| *.ipin VSENSE
| *.iopin VDD
| *.iopin VSS
| **** begin user architecture code
| 
| 
| * ---- startup injector parameters (issue #10) ----
| * m_ref  : units of the (W=1 L=20) diode-connected reference PMOS. Raising it
| *          raises BOTH the release threshold and the residual current the cell
| *          draws from GDRV once disengaged -- the two are the same current.
| * m_sense: units of the (W=48 L=0.5) sense NMOS. Raising it lowers the release
| *          threshold (better disengage, less traverse margin).
| * m_pnp  : unit PNPs in the threshold reference. Raising it lowers VBE at the
| *          sense current, i.e. lowers the release threshold.
| * m_inj  : units of the (W=10 L=0.5) injector NMOS. Scales the eviction
| *          current and the disengaged residual in the same proportion.
| * m_clamp: units of the (W=4 L=1) railed-branch clamp NMOS MNC. Scales only
| *          how hard the railed branch is evicted; MNC is off by more than a
| *          threshold at every legitimate operating point, so this knob does
| *          NOT trade against the disengaged residual the way m_ref does.
| .param m_ref=1
| .param m_sense=1
| .param m_pnp=8
| .param m_inj=1
| .param m_clamp=1
| 
| 
| **** end user architecture code
| XMPC1 NC1 NC1 GDRV VDD sky130_fd_pr__pfet_g5v0d10v5 L=20 W=1 nf=1 ad=0.29 as=0.29 pd=2.58 ps=2.58 nrd=0.29 nrs=0.29 sa=0 sb=0 sd=0 mult='m_ref' m='m_ref'
| XMPC2 NG NG NC1 VDD sky130_fd_pr__pfet_g5v0d10v5 L=20 W=1 nf=1 ad=0.29 as=0.29 pd=2.58 ps=2.58 nrd=0.29 nrs=0.29 sa=0 sb=0 sd=0 mult='m_ref' m='m_ref'
| XMNS NG VSENSE NE VSS sky130_fd_pr__nfet_g5v0d10v5 L=0.5 W=48 nf=1 ad=13.92 as=13.92 pd=96.58 ps=96.58 nrd=0.00604166666666667 nrs=0.00604166666666667 sa=0 sb=0 sd=0 mult='m_sense' m='m_sense'
| XQS VSS VSS NE sky130_fd_pr__pnp_05v5_W0p68L0p68 m='m_pnp' mult='m_pnp'
| XMNI GDRV NG VSS VSS sky130_fd_pr__nfet_g5v0d10v5 L=0.5 W=10 nf=1 ad=2.9 as=2.9 pd=20.58 ps=20.58 nrd=0.029 nrs=0.029 sa=0 sb=0 sd=0 mult='m_inj' m='m_inj'
| XMNC VDD VSENSE GDRV VSS sky130_fd_pr__nfet_g5v0d10v5 L=1 W=4 nf=1 ad=1.16 as=1.16 pd=8.58 ps=8.58 nrd=0.0725 nrs=0.0725 sa=0 sb=0 sd=0 mult='m_clamp' m='m_clamp'
| .ends
| 
| 
| * expanding   symbol:  design/error_amp.sym # of pins=6
| ** sym_path: design/error_amp.sym
| ** sch_path: design/error_amp.sch
| .subckt error_amp VINP VINN AOUT ITAIL VDD VSS
| *.ipin VINP
| *.ipin VINN
| *.opin AOUT
| *.iopin ITAIL
| *.iopin VDD
| *.iopin VSS
| **** begin user architecture code
| 
| 
| * ---- error-amp device multiplicities (issue #9 sizing) ----
| * Unit geometry is fixed on the instances below; mult is the matching axis
| * (sigma(Vth) scales as 1/sqrt(W*L*mult) in the PDK's own model).
| * amp_m_in    : input-pair PMOS units   (W=20u L=10u each -> 3200 um^2 total)
| * amp_m_nmirr : NMOS load/mirror units  (W=8u  L=20u each ->  640 um^2 total)
| * amp_m_pmirr : PMOS mirror units       (W=6u  L=20u each ->  960 um^2 total)
| * amp_m_cc    : MOS-capacitor units     (W=30u L=20u each -> 9600 um^2 total)
| .param amp_m_in=16
| .param amp_m_nmirr=4
| .param amp_m_pmirr=8
| .param amp_m_cc=16
| 
| 
| **** end user architecture code
| XMP1 D1 VINP ITAIL VDD sky130_fd_pr__pfet_g5v0d10v5 L=10 W=20 nf=1 ad=5.8 as=5.8 pd=40.58 ps=40.58 nrd=0.0145 nrs=0.0145 sa=0 sb=0
| + sd=0 mult='amp_m_in' m='amp_m_in'
| XMP2 D2 VINN ITAIL VDD sky130_fd_pr__pfet_g5v0d10v5 L=10 W=20 nf=1 ad=5.8 as=5.8 pd=40.58 ps=40.58 nrd=0.0145 nrs=0.0145 sa=0 sb=0
| + sd=0 mult='amp_m_in' m='amp_m_in'
| XMN1 D1 D1 VSS VSS sky130_fd_pr__nfet_g5v0d10v5 L=20 W=8 nf=1 ad=2.32 as=2.32 pd=16.58 ps=16.58 nrd=0.03625 nrs=0.03625 sa=0 sb=0 sd=0
| + mult='amp_m_nmirr' m='amp_m_nmirr'
| XMN2 D2 D2 VSS VSS sky130_fd_pr__nfet_g5v0d10v5 L=20 W=8 nf=1 ad=2.32 as=2.32 pd=16.58 ps=16.58 nrd=0.03625 nrs=0.03625 sa=0 sb=0 sd=0
| + mult='amp_m_nmirr' m='amp_m_nmirr'
| XMN3 AOUT D1 VSS VSS sky130_fd_pr__nfet_g5v0d10v5 L=20 W=8 nf=1 ad=2.32 as=2.32 pd=16.58 ps=16.58 nrd=0.03625 nrs=0.03625 sa=0 sb=0
| + sd=0 mult='amp_m_nmirr' m='amp_m_nmirr'
| XMN4 PN D2 VSS VSS sky130_fd_pr__nfet_g5v0d10v5 L=20 W=8 nf=1 ad=2.32 as=2.32 pd=16.58 ps=16.58 nrd=0.03625 nrs=0.03625 sa=0 sb=0 sd=0
| + mult='amp_m_nmirr' m='amp_m_nmirr'
| XMP4 AOUT PN VDD VDD sky130_fd_pr__pfet_g5v0d10v5 L=20 W=6 nf=1 ad=1.74 as=1.74 pd=12.58 ps=12.58 nrd=0.0483333333333333 nrs=0.0483333333333333
| + sa=0 sb=0 sd=0 mult='amp_m_pmirr' m='amp_m_pmirr'
| XMP3 PN PN VDD VDD sky130_fd_pr__pfet_g5v0d10v5 L=20 W=6 nf=1 ad=1.74 as=1.74 pd=12.58 ps=12.58 nrd=0.0483333333333333 nrs=0.0483333333333333
| + sa=0 sb=0 sd=0 mult='amp_m_pmirr' m='amp_m_pmirr'
| XMCC VDD AOUT VDD VDD sky130_fd_pr__pfet_g5v0d10v5 L=20 W=30 nf=1 ad=8.7 as=8.7 pd=60.58 ps=60.58 nrd=0.00966666666666667 nrs=0.00966666666666667
| + sa=0 sb=0 sd=0 mult='amp_m_cc' m='amp_m_cc'
| .ends
| 
| .control
| save all
| tran 200n 2.5m uic
| meas tran t_vdd_s when v(vdds)=2.90 rise=1
| meas tran t_ref_s when v(vrefs)=1.05 rise=1
| meas tran t_vdd_f when v(vddf)=2.90 rise=1
| meas tran t_ref_f when v(vreff)=1.05 rise=1
| meas tran t_vdd_g when v(vddg)=2.90 rise=1
| meas tran t_ref_g when v(vrefg)=1.05 rise=1
| meas tran v_s find v(vrefs) at=2.45e-3
| meas tran v_f find v(vreff) at=2.45e-3
| meas tran v_g find v(vrefg) at=2.45e-3
| meas tran v_n find v(vrefn) at=2.45e-3
| meas tran g_n find v(gn) at=2.45e-3
| meas tran isg find i(vdeg) at=2.45e-3
| let meas_t_start_s = t_ref_s - t_vdd_s
| let meas_t_start_f = t_ref_f - t_vdd_f
| let meas_t_start_g = t_ref_g - t_vdd_g
| let meas_t_abs_s = t_ref_s
| let meas_vref_s = v_s
| let meas_vref_f = v_f
| let meas_vref_g = v_g
| let meas_vref_spread = abs(v_s - v_g) + abs(v_s - v_f)
| let meas_vref_n = v_n
| let meas_gn_n = g_n
| let meas_isup_g = -isg
| print meas_t_start_s
| print meas_t_start_f
| print meas_t_start_g
| print meas_t_abs_s
| print meas_vref_s
| print meas_vref_f
| print meas_vref_g
| print meas_vref_spread
| print meas_vref_n
| print meas_gn_n
| print meas_isup_g
| quit
| .endc
| .end

# ==== ngspice stdout ====

Note: Compatibility modes selected: hs a


Circuit: * startup-ramp corner deck -- generated by sim/bin/corner-run.py, do not edit

option SCALE: Scale is set to 1e-06 for instance and model parameters
option SCALE: Scale is set to 1e-06 for instance and model parameters
option SCALE: Scale is set to 1e-06 for instance and model parameters
option SCALE: Scale is set to 1e-06 for instance and model parameters
Doing analysis at TEMP = 125.000000 and TNOM = 27.000000

Using KLU as Direct Linear Solver
Operating point simulation skipped by 'uic',
  now using transient initial conditions.
 Reference value :  1.00000e-11
 Reference value :  1.02808e-11
 Reference value :  1.42122e-11
 Reference value :  3.38394e-11
 Reference value :  7.21433e-11
 Reference value :  2.02978e-10
 Reference value :  3.41278e-10
 Reference value :  5.53799e-10
 Reference value :  1.00000e-09
 Reference value :  1.15554e-09
 Reference value :  1.75699e-09
 Reference value :  2.73810e-09
 Reference value :  4.18558e-09
 Reference value :  6.95424e-09
 Reference value :  9.45411e-09
 Reference value :  1.87539e-08
 Reference value :  4.79560e-08
 Reference value :  7.49976e-08
 Reference value :  1.63034e-07
 Reference value :  2.04985e-07
 Reference value :  2.96789e-07
 Reference value :  3.80976e-07
 Reference value :  4.19201e-07
 Reference value :  4.50701e-07
 Reference value :  6.06856e-07
 Reference value :  8.89818e-07
 Reference value :  1.00000e-06
 Reference value :  1.03668e-06
 Reference value :  1.19877e-06
 Reference value :  1.47243e-06
 Reference value :  2.18753e-06
 Reference value :  3.18753e-06
 Reference value :  4.18753e-06
 Reference value :  5.18753e-06
 Reference value :  6.18753e-06
 Reference value :  7.18753e-06
 Reference value :  8.18753e-06
 Reference value :  9.18753e-06
 Reference value :  1.01875e-05
 Reference value :  1.07875e-05
 Reference value :  1.13875e-05
 Reference value :  1.21875e-05
 Reference value :  1.29875e-05
 Reference value :  1.37875e-05
 Reference value :  1.45875e-05
 Reference value :  1.55875e-05
 Reference value :  1.65875e-05
 Reference value :  1.73875e-05
 Reference value :  1.83875e-05
 Reference value :  1.93875e-05
 Reference value :  2.03875e-05
 Reference value :  2.13875e-05
 Reference value :  2.23875e-05
 Reference value :  2.31875e-05
 Reference value :  2.41875e-05
 Reference value :  2.49875e-05
 Reference value :  2.59875e-05
 Reference value :  2.67875e-05
 Reference value :  2.75875e-05
 Reference value :  2.83875e-05
 Reference value :  2.93875e-05
 Reference value :  3.01875e-05
 Reference value :  3.11875e-05
 Reference value :  3.21875e-05
 Reference value :  3.31875e-05
 Reference value :  3.41875e-05
 Reference value :  3.51875e-05
 Reference value :  3.59875e-05
 Reference value :  3.65875e-05
 Reference value :  3.75875e-05
 Reference value :  3.83875e-05
 Reference value :  3.91875e-05
 Reference value :  3.99875e-05
 Reference value :  4.09875e-05
 Reference value :  4.19875e-05
 Reference value :  4.27875e-05
 Reference value :  4.37875e-05
 Reference value :  4.45875e-05
 Reference value :  4.51875e-05
 Reference value :  4.59875e-05
 Reference value :  4.67875e-05
 Reference value :  4.75875e-05
 Reference value :  4.85875e-05
 Reference value :  4.93875e-05
 Reference value :  5.01875e-05
 Reference value :  5.09875e-05
 Reference value :  5.17875e-05
 Reference value :  5.25875e-05
 Reference value :  5.35875e-05
 Reference value :  5.45875e-05
 Reference value :  5.55875e-05
 Reference value :  5.65875e-05
 Reference value :  5.73875e-05
 Reference value :  5.81875e-05
 Reference value :  5.89875e-05
 Reference value :  5.99875e-05
 Reference value :  6.07875e-05
 Reference value :  6.15875e-05
 Reference value :  6.25875e-05
 Reference value :  6.33875e-05
 Reference value :  6.41875e-05
 Reference value :  6.49875e-05
 Reference value :  6.57875e-05
 Reference value :  6.65875e-05
 Reference value :  6.73875e-05
 Reference value :  6.83875e-05
 Reference value :  6.93875e-05
 Reference value :  7.03875e-05
 Reference value :  7.11875e-05
 Reference value :  7.21875e-05
 Reference value :  7.33875e-05
 Reference value :  7.45875e-05
 Reference value :  7.53875e-05
 Reference value :  7.59875e-05
 Reference value :  7.69875e-05
 Reference value :  7.79875e-05
 Reference value :  7.91875e-05
 Reference value :  8.01875e-05
 Reference value :  8.09875e-05
 Reference value :  1.10588e-04
 Reference value :  1.25988e-04
 Reference value :  1.26788e-04
 Reference value :  1.27388e-04
 Reference value :  1.28388e-04
 Reference value :  1.29188e-04
 Reference value :  1.29988e-04
 Reference value :  1.30788e-04
 Reference value :  1.31588e-04
 Reference value :  1.32388e-04
 Reference value :  1.32988e-04
 Reference value :  1.33788e-04
 Reference value :  1.34588e-04
 Reference value :  1.35188e-04
 Reference value :  1.35988e-04
 Reference value :  1.36788e-04
 Reference value :  1.37588e-04
 Reference value :  1.38588e-04
 Reference value :  1.39388e-04
 Reference value :  1.40188e-04
 Reference value :  1.40988e-04
 Reference value :  1.41788e-04
 Reference value :  1.42588e-04
 Reference value :  1.43388e-04
 Reference value :  1.44188e-04
 Reference value :  1.44788e-04
 Reference value :  1.45388e-04
 Reference value :  1.46188e-04
 Reference value :  1.46988e-04
 Reference value :  1.47788e-04
 Reference value :  1.48588e-04
 Reference value :  1.49388e-04
 Reference value :  1.50388e-04
 Reference value :  1.51188e-04
 Reference value :  1.51988e-04
 Reference value :  1.54588e-04
 Reference value :  1.55388e-04
 Reference value :  1.56188e-04
 Reference value :  1.56988e-04
 Reference value :  1.58188e-04
 Reference value :  1.59388e-04
 Reference value :  1.60188e-04
 Reference value :  1.60988e-04
 Reference value :  1.61988e-04
 Reference value :  1.62788e-04
 Reference value :  1.63588e-04
 Reference value :  1.64388e-04
 Reference value :  1.64988e-04
 Reference value :  1.65988e-04
 Reference value :  1.66988e-04
 Reference value :  1.67988e-04
 Reference value :  1.68788e-04
 Reference value :  1.69388e-04
 Reference value :  1.70188e-04
 Reference value :  1.70988e-04
 Reference value :  1.71788e-04
 Reference value :  1.72988e-04
 Reference value :  1.73988e-04
 Reference value :  1.74788e-04
 Reference value :  1.75588e-04
 Reference value :  1.76588e-04
 Reference value :  1.77588e-04
 Reference value :  1.78588e-04
 Reference value :  1.79588e-04
 Reference value :  1.80588e-04
 Reference value :  1.81388e-04
 Reference value :  1.82188e-04
 Reference value :  1.83188e-04
 Reference value :  1.83988e-04
 Reference value :  1.84988e-04
 Reference value :  1.85788e-04
 Reference value :  1.86588e-04
 Reference value :  1.87388e-04
 Reference value :  1.88188e-04
 Reference value :  1.88788e-04
 Reference value :  1.89588e-04
 Reference value :  1.90588e-04
 Reference value :  1.91388e-04
 Reference value :  1.91988e-04
 Reference value :  1.92788e-04
 Reference value :  1.93588e-04
 Reference value :  1.94388e-04
 Reference value :  1.95188e-04
 Reference value :  1.95988e-04
 Reference value :  1.96588e-04
 Reference value :  1.97388e-04
 Reference value :  1.98188e-04
 Reference value :  1.98988e-04
 Reference value :  1.99788e-04
 Reference value :  2.00988e-04
 Reference value :  2.02188e-04
 Reference value :  2.02988e-04
 Reference value :  2.03788e-04
 Reference value :  2.04588e-04
 Reference value :  2.05388e-04
 Reference value :  2.06188e-04
 Reference value :  2.06988e-04
 Reference value :  2.07788e-04
 Reference value :  2.08588e-04
 Reference value :  2.09388e-04
 Reference value :  2.09988e-04
 Reference value :  2.10788e-04
 Reference value :  2.11788e-04
 Reference value :  2.12788e-04
 Reference value :  2.13588e-04
 Reference value :  2.14588e-04
 Reference value :  2.15388e-04
 Reference value :  2.16188e-04
 Reference value :  2.16988e-04
 Reference value :  2.17788e-04
 Reference value :  2.18588e-04
 Reference value :  2.19388e-04
 Reference value :  2.20188e-04
 Reference value :  2.20788e-04
 Reference value :  2.21588e-04
 Reference value :  2.22388e-04
 Reference value :  2.23388e-04
 Reference value :  2.24388e-04
 Reference value :  2.25388e-04
 Reference value :  2.26188e-04
 Reference value :  2.27388e-04
 Reference value :  2.27988e-04
 Reference value :  2.28788e-04
 Reference value :  2.29388e-04
 Reference value :  2.30388e-04
 Reference value :  2.31188e-04
 Reference value :  2.31788e-04
 Reference value :  2.32788e-04
 Reference value :  2.33588e-04
 Reference value :  2.34588e-04
 Reference value :  2.35588e-04
 Reference value :  2.36788e-04
 Reference value :  2.37588e-04
 Reference value :  2.38388e-04
 Reference value :  2.39188e-04
 Reference value :  2.41188e-04
 Reference value :  2.41988e-04
 Reference value :  2.42588e-04
 Reference value :  2.43188e-04
 Reference value :  2.43788e-04
 Reference value :  2.44388e-04
 Reference value :  2.45188e-04
 Reference value :  2.45788e-04
 Reference value :  2.46788e-04
 Reference value :  2.47788e-04
 Reference value :  2.48788e-04
 Reference value :  2.49988e-04
 Reference value :  2.50988e-04
 Reference value :  2.51988e-04
 Reference value :  2.52788e-04
 Reference value :  2.53588e-04
 Reference value :  2.54188e-04
 Reference value :  2.54788e-04
 Reference value :  2.55588e-04
 Reference value :  2.56588e-04
 Reference value :  2.57388e-04
 Reference value :  2.58188e-04
 Reference value :  2.58788e-04
 Reference value :  2.59588e-04
 Reference value :  2.60588e-04
 Reference value :  2.61588e-04
 Reference value :  2.62388e-04
 Reference value :  2.63188e-04
 Reference value :  2.63988e-04
 Reference value :  2.64988e-04
 Reference value :  2.65988e-04
 Reference value :  2.66988e-04
 Reference value :  2.67788e-04
 Reference value :  2.69388e-04
 Reference value :  2.70188e-04
 Reference value :  2.70988e-04
 Reference value :  2.71788e-04
 Reference value :  2.72988e-04
 Reference value :  2.73988e-04
 Reference value :  2.75188e-04
 Reference value :  2.76388e-04
 Reference value :  2.77388e-04
 Reference value :  2.77988e-04
 Reference value :  2.78788e-04
 Reference value :  2.79588e-04
 Reference value :  2.80388e-04
 Reference value :  2.81188e-04
 Reference value :  2.82188e-04
 Reference value :  2.83188e-04
 Reference value :  2.84188e-04
 Reference value :  2.85188e-04
 Reference value :  2.85988e-04
 Reference value :  2.86788e-04
 Reference value :  2.87588e-04
 Reference value :  2.88388e-04
 Reference value :  2.89188e-04
 Reference value :  2.89988e-04
 Reference value :  2.90588e-04
 Reference value :  2.91388e-04
 Reference value :  2.92188e-04
 Reference value :  2.92788e-04
 Reference value :  2.93588e-04
 Reference value :  2.94388e-04
 Reference value :  2.94988e-04
 Reference value :  2.95788e-04
 Reference value :  2.96588e-04
 Reference value :  2.97388e-04
 Reference value :  2.97988e-04
 Reference value :  2.98788e-04
 Reference value :  2.99388e-04
 Reference value :  2.99988e-04
 Reference value :  3.00588e-04
 Reference value :  3.01188e-04
 Reference value :  3.01988e-04
 Reference value :  3.02988e-04
 Reference value :  3.03788e-04
 Reference value :  3.04588e-04
 Reference value :  3.05388e-04
 Reference value :  3.05988e-04
 Reference value :  3.06788e-04
 Reference value :  3.07788e-04
 Reference value :  3.08588e-04
 Reference value :  3.09388e-04
 Reference value :  3.10388e-04
 Reference value :  3.14388e-04
 Reference value :  3.14988e-04
 Reference value :  3.15588e-04
 Reference value :  3.16388e-04
 Reference value :  3.17188e-04
 Reference value :  3.17788e-04
 Reference value :  3.18588e-04
 Reference value :  3.19188e-04
 Reference value :  3.20188e-04
 Reference value :  3.20988e-04
 Reference value :  3.21788e-04
 Reference value :  3.22588e-04
 Reference value :  3.23388e-04
 Reference value :  3.24188e-04
 Reference value :  3.24988e-04
 Reference value :  3.25988e-04
 Reference value :  3.26788e-04
 Reference value :  3.27588e-04
 Reference value :  3.28188e-04
 Reference value :  3.28788e-04
 Reference value :  3.29788e-04
 Reference value :  3.30788e-04
 Reference value :  3.31588e-04
 Reference value :  3.32588e-04
 Reference value :  3.33588e-04
 Reference value :  3.34588e-04
 Reference value :  3.35588e-04
 Reference value :  3.36388e-04
 Reference value :  3.37588e-04
 Reference value :  3.38388e-04
 Reference value :  3.39188e-04
 Reference value :  3.40188e-04
 Reference value :  3.40988e-04
 Reference value :  3.41788e-04
 Reference value :  3.42588e-04
 Reference value :  3.43388e-04
 Reference value :  3.43988e-04
 Reference value :  3.44788e-04
 Reference value :  3.45588e-04
 Reference value :  3.46588e-04
 Reference value :  3.47388e-04
 Reference value :  3.48188e-04
 Reference value :  3.48788e-04
 Reference value :  3.49588e-04
 Reference value :  3.50388e-04
 Reference value :  3.51188e-04
 Reference value :  3.51988e-04
 Reference value :  3.52588e-04
 Reference value :  3.53388e-04
 Reference value :  3.53988e-04
 Reference value :  3.54988e-04
 Reference value :  3.55988e-04
 Reference value :  3.56988e-04
 Reference value :  3.57988e-04
 Reference value :  3.58788e-04
 Reference value :  3.59788e-04
 Reference value :  3.60788e-04
 Reference value :  3.61588e-04
 Reference value :  3.62588e-04
 Reference value :  3.63588e-04
 Reference value :  3.64388e-04
 Reference value :  3.64988e-04
 Reference value :  3.65788e-04
 Reference value :  3.66588e-04
 Reference value :  3.67388e-04
 Reference value :  3.68388e-04
 Reference value :  3.69188e-04
 Reference value :  3.70188e-04
 Reference value :  3.71188e-04
 Reference value :  3.72188e-04
 Reference value :  3.73188e-04
 Reference value :  3.74188e-04
 Reference value :  3.75188e-04
 Reference value :  3.75988e-04
 Reference value :  3.76988e-04
 Reference value :  3.77788e-04
 Reference value :  3.78388e-04
 Reference value :  3.79188e-04
 Reference value :  3.79988e-04
 Reference value :  3.80788e-04
 Reference value :  3.81588e-04
 Reference value :  3.82188e-04
 Reference value :  3.82788e-04
 Reference value :  3.83388e-04
 Reference value :  3.83988e-04
 Reference value :  3.84988e-04
 Reference value :  3.85788e-04
 Reference value :  3.86388e-04
 Reference value :  3.86988e-04
 Reference value :  3.87788e-04
 Reference value :  3.88588e-04
 Reference value :  3.89388e-04
 Reference value :  3.90188e-04
 Reference value :  3.90988e-04
 Reference value :  3.91788e-04
 Reference value :  3.92388e-04
 Reference value :  3.93188e-04
 Reference value :  3.93988e-04
 Reference value :  3.94788e-04
 Reference value :  3.95588e-04
 Reference value :  3.96388e-04
 Reference value :  3.96988e-04
 Reference value :  3.97988e-04
 Reference value :  3.98988e-04
 Reference value :  3.99988e-04
 Reference value :  4.00988e-04
 Reference value :  4.01988e-04
 Reference value :  4.02988e-04
 Reference value :  4.03988e-04
 Reference value :  4.04988e-04
 Reference value :  4.05788e-04
 Reference value :  4.06588e-04
 Reference value :  4.07588e-04
 Reference value :  4.08588e-04
 Reference value :  4.09588e-04
 Reference value :  4.10588e-04
 Reference value :  4.11588e-04
 Reference value :  4.12588e-04
 Reference value :  4.13588e-04
 Reference value :  4.14588e-04
 Reference value :  4.15588e-04
 Reference value :  4.16788e-04
 Reference value :  4.17788e-04
 Reference value :  4.18988e-04
 Reference value :  4.19988e-04
 Reference value :  4.20988e-04
 Reference value :  4.21988e-04
 Reference value :  4.22788e-04
 Reference value :  4.23388e-04
 Reference value :  4.23988e-04
 Reference value :  4.24988e-04
 Reference value :  4.25788e-04
 Reference value :  4.26588e-04
 Reference value :  4.27588e-04
 Reference value :  4.28388e-04
 Reference value :  4.29188e-04
 Reference value :  4.30188e-04
 Reference value :  4.30988e-04
 Reference value :  4.32388e-04
 Reference value :  4.32988e-04
 Reference value :  4.33988e-04
 Reference value :  4.34988e-04
 Reference value :  4.35788e-04
 Reference value :  4.36788e-04
 Reference value :  4.37788e-04
 Reference value :  4.38788e-04
 Reference value :  4.39588e-04
 Reference value :  4.40188e-04
 Reference value :  4.40988e-04
 Reference value :  4.41788e-04
 Reference value :  4.42588e-04
 Reference value :  4.43388e-04
 Reference value :  4.44388e-04
 Reference value :  4.45388e-04
 Reference value :  4.46388e-04
 Reference value :  4.47388e-04
 Reference value :  4.48188e-04
 Reference value :  4.55188e-04
 Reference value :  4.55988e-04
 Reference value :  4.56788e-04
 Reference value :  4.57388e-04
 Reference value :  4.58388e-04
 Reference value :  4.58988e-04
 Reference value :  4.59788e-04
 Reference value :  4.60588e-04
 Reference value :  4.61388e-04
 Reference value :  4.62188e-04
 Reference value :  4.62988e-04
 Reference value :  4.63788e-04
 Reference value :  4.64588e-04
 Reference value :  4.65188e-04
 Reference value :  4.65988e-04
 Reference value :  4.66588e-04
 Reference value :  4.67188e-04
 Reference value :  4.67988e-04
 Reference value :  4.68788e-04
 Reference value :  4.69388e-04
 Reference value :  4.69988e-04
 Reference value :  4.70788e-04
 Reference value :  4.71788e-04
 Reference value :  4.72588e-04
 Reference value :  4.73388e-04
 Reference value :  4.73988e-04
 Reference value :  4.74988e-04
 Reference value :  4.75988e-04
 Reference value :  4.76988e-04
 Reference value :  4.77788e-04
 Reference value :  4.78388e-04
 Reference value :  4.79188e-04
 Reference value :  4.79988e-04
 Reference value :  4.80788e-04
 Reference value :  4.81588e-04
 Reference value :  4.82588e-04
 Reference value :  4.83388e-04
 Reference value :  4.84188e-04
 Reference value :  4.84988e-04
 Reference value :  4.85588e-04
 Reference value :  4.86388e-04
 Reference value :  4.87188e-04
 Reference value :  4.87788e-04
 Reference value :  4.88588e-04
 Reference value :  4.89388e-04
 Reference value :  4.90188e-04
 Reference value :  4.90988e-04
 Reference value :  4.91788e-04
 Reference value :  4.92788e-04
 Reference value :  4.93388e-04
 Reference value :  4.93988e-04
 Reference value :  4.94788e-04
 Reference value :  4.95588e-04
 Reference value :  4.96588e-04
 Reference value :  4.97388e-04
 Reference value :  4.97988e-04
 Reference value :  4.98788e-04
 Reference value :  4.99388e-04
 Reference value :  4.99988e-04
 Reference value :  5.00988e-04
 Reference value :  5.01988e-04
 Reference value :  5.02788e-04
 Reference value :  5.03388e-04
 Reference value :  5.04388e-04
 Reference value :  5.04988e-04
 Reference value :  5.05788e-04
 Reference value :  5.06788e-04
 Reference value :  5.07588e-04
 Reference value :  5.08388e-04
 Reference value :  5.09188e-04
 Reference value :  5.09788e-04
 Reference value :  5.10588e-04
 Reference value :  5.11588e-04
 Reference value :  5.12388e-04
 Reference value :  5.13188e-04
 Reference value :  5.13988e-04
 Reference value :  5.14588e-04
 Reference value :  5.15388e-04
 Reference value :  5.16188e-04
 Reference value :  5.16988e-04
 Reference value :  5.17988e-04
 Reference value :  5.18788e-04
 Reference value :  5.19388e-04
 Reference value :  5.20188e-04
 Reference value :  5.20988e-04
 Reference value :  5.21788e-04
 Reference value :  5.22588e-04
 Reference value :  5.23388e-04
 Reference value :  5.24188e-04
 Reference value :  5.24988e-04
 Reference value :  5.25788e-04
 Reference value :  5.26588e-04
 Reference value :  5.27588e-04
 Reference value :  5.28588e-04
 Reference value :  5.29188e-04
 Reference value :  5.29988e-04
 Reference value :  5.30588e-04
 Reference value :  5.31388e-04
 Reference value :  5.32188e-04
 Reference value :  5.32988e-04
 Reference value :  5.33788e-04
 Reference value :  5.34388e-04
 Reference value :  5.34988e-04
 Reference value :  5.35788e-04
 Reference value :  5.36588e-04
 Reference value :  5.37388e-04
 Reference value :  5.38188e-04
 Reference value :  5.38988e-04
 Reference value :  5.39588e-04
 Reference value :  5.40388e-04
 Reference value :  5.41588e-04
 Reference value :  5.42388e-04
 Reference value :  5.43388e-04
 Reference value :  5.44188e-04
 Reference value :  5.45188e-04
 Reference value :  5.45988e-04
 Reference value :  5.46988e-04
 Reference value :  5.47988e-04
 Reference value :  5.48988e-04
 Reference value :  5.50188e-04
 Reference value :  5.51188e-04
 Reference value :  5.51788e-04
 Reference value :  5.52388e-04
 Reference value :  5.53788e-04
 Reference value :  5.54588e-04
 Reference value :  5.55188e-04
 Reference value :  5.55988e-04
 Reference value :  5.56588e-04
 Reference value :  5.57388e-04
 Reference value :  5.58188e-04
 Reference value :  5.58988e-04
 Reference value :  5.59788e-04
 Reference value :  5.60588e-04
 Reference value :  5.61388e-04
 Reference value :  5.62388e-04
 Reference value :  5.63388e-04
 Reference value :  5.64188e-04
 Reference value :  5.64988e-04
 Reference value :  5.65788e-04
 Reference value :  5.66788e-04
 Reference value :  5.67588e-04
 Reference value :  5.68388e-04
 Reference value :  5.69188e-04
 Reference value :  5.69988e-04
 Reference value :  5.70788e-04
 Reference value :  5.71588e-04
 Reference value :  5.72388e-04
 Reference value :  5.73188e-04
 Reference value :  5.73988e-04
 Reference value :  5.74788e-04
 Reference value :  5.75588e-04
 Reference value :  5.76388e-04
 Reference value :  5.77388e-04
 Reference value :  5.78188e-04
 Reference value :  5.79188e-04
 Reference value :  5.80188e-04
 Reference value :  5.80988e-04
 Reference value :  5.82188e-04
 Reference value :  5.82988e-04
 Reference value :  5.83988e-04
 Reference value :  5.84788e-04
 Reference value :  5.85388e-04
 Reference value :  5.86188e-04
 Reference value :  5.86988e-04
 Reference value :  5.87788e-04
 Reference value :  5.88588e-04
 Reference value :  5.89188e-04
 Reference value :  5.89988e-04
 Reference value :  5.90788e-04
 Reference value :  5.91588e-04
 Reference value :  5.92388e-04
 Reference value :  5.93188e-04
 Reference value :  5.93788e-04
 Reference value :  5.94588e-04
 Reference value :  5.95388e-04
 Reference value :  5.96188e-04
 Reference value :  5.96788e-04
 Reference value :  5.97788e-04
 Reference value :  5.98588e-04
 Reference value :  5.99188e-04
 Reference value :  5.99788e-04
 Reference value :  6.00588e-04
 Reference value :  6.01388e-04
 Reference value :  6.02388e-04
 Reference value :  6.03188e-04
 Reference value :  6.04188e-04
 Reference value :  6.04788e-04
 Reference value :  6.05588e-04
 Reference value :  6.06388e-04
 Reference value :  6.07188e-04
 Reference value :  6.07988e-04
 Reference value :  6.08588e-04
 Reference value :  6.09388e-04
 Reference value :  6.10188e-04
 Reference value :  6.11188e-04
 Reference value :  6.11988e-04
 Reference value :  6.12788e-04
 Reference value :  6.13588e-04
 Reference value :  6.14588e-04
 Reference value :  6.15388e-04
 Reference value :  6.16188e-04
 Reference value :  6.16988e-04
 Reference value :  6.17788e-04
 Reference value :  6.18788e-04
 Reference value :  6.19388e-04
 Reference value :  6.20388e-04
 Reference value :  6.21188e-04
 Reference value :  6.22188e-04
 Reference value :  6.22988e-04
 Reference value :  6.23588e-04
 Reference value :  6.24388e-04
 Reference value :  6.25188e-04
 Reference value :  6.25988e-04
 Reference value :  6.26588e-04
 Reference value :  6.27588e-04
 Reference value :  6.28388e-04
 Reference value :  6.28988e-04
 Reference value :  6.29788e-04
 Reference value :  6.30588e-04
 Reference value :  6.31388e-04
 Reference value :  6.32388e-04
 Reference value :  6.33188e-04
 Reference value :  6.33988e-04
 Reference value :  6.34788e-04
 Reference value :  6.35788e-04
 Reference value :  6.36788e-04
 Reference value :  6.37588e-04
 Reference value :  6.38388e-04
 Reference value :  6.39188e-04
 Reference value :  6.39788e-04
 Reference value :  6.40388e-04
 Reference value :  6.41388e-04
 Reference value :  6.42188e-04
 Reference value :  6.43588e-04
 Reference value :  6.44188e-04
 Reference value :  6.44988e-04
 Reference value :  6.45788e-04
 Reference value :  6.46388e-04
 Reference value :  6.47188e-04
 Reference value :  6.47788e-04
 Reference value :  6.48788e-04
 Reference value :  6.49788e-04
 Reference value :  6.50588e-04
 Reference value :  6.51388e-04
 Reference value :  6.52188e-04
 Reference value :  6.52788e-04
 Reference value :  6.53388e-04
 Reference value :  6.54188e-04
 Reference value :  6.54988e-04
 Reference value :  6.55588e-04
 Reference value :  6.56588e-04
 Reference value :  6.57588e-04
 Reference value :  6.58588e-04
 Reference value :  6.59388e-04
 Reference value :  6.60188e-04
 Reference value :  6.61188e-04
 Reference value :  6.61788e-04
 Reference value :  6.62588e-04
 Reference value :  6.63588e-04
 Reference value :  6.64388e-04
 Reference value :  6.65388e-04
 Reference value :  6.66188e-04
 Reference value :  6.66788e-04
 Reference value :  6.67388e-04
 Reference value :  6.68188e-04
 Reference value :  6.69188e-04
 Reference value :  6.70388e-04
 Reference value :  6.71388e-04
 Reference value :  6.71988e-04
 Reference value :  6.72588e-04
 Reference value :  6.73188e-04
 Reference value :  6.73988e-04
 Reference value :  6.74788e-04
 Reference value :  6.75788e-04
 Reference value :  6.76588e-04
 Reference value :  6.77388e-04
 Reference value :  6.78188e-04
 Reference value :  6.79188e-04
 Reference value :  6.79788e-04
 Reference value :  6.80788e-04
 Reference value :  6.81588e-04
 Reference value :  6.82388e-04
 Reference value :  6.83188e-04
 Reference value :  6.83988e-04
 Reference value :  6.84788e-04
 Reference value :  6.85588e-04
 Reference value :  6.86188e-04
 Reference value :  6.86788e-04
 Reference value :  6.87388e-04
 Reference value :  6.88188e-04
 Reference value :  6.88988e-04
 Reference value :  6.89588e-04
 Reference value :  6.90388e-04
 Reference value :  6.91188e-04
 Reference value :  6.91788e-04
 Reference value :  6.92388e-04
 Reference value :  6.92988e-04
 Reference value :  6.93788e-04
 Reference value :  6.94588e-04
 Reference value :  6.95388e-04
 Reference value :  6.96388e-04
 Reference value :  6.97388e-04
 Reference value :  6.98188e-04
 Reference value :  6.98988e-04
 Reference value :  6.99988e-04
 Reference value :  7.00788e-04
 Reference value :  7.01588e-04
 Reference value :  7.02388e-04
 Reference value :  7.02988e-04
 Reference value :  7.03788e-04
 Reference value :  7.04588e-04
 Reference value :  7.05188e-04
 Reference value :  7.05988e-04
 Reference value :  7.06788e-04
 Reference value :  7.07588e-04
 Reference value :  7.08388e-04
 Reference value :  7.09388e-04
 Reference value :  7.10188e-04
 Reference value :  7.10988e-04
 Reference value :  7.11788e-04
 Reference value :  7.12788e-04
 Reference value :  7.13588e-04
 Reference value :  7.14388e-04
 Reference value :  7.15188e-04
 Reference value :  7.15988e-04
 Reference value :  7.16788e-04
 Reference value :  7.17588e-04
 Reference value :  7.18388e-04
 Reference value :  7.19188e-04
 Reference value :  7.19988e-04
 Reference value :  7.20988e-04
 Reference value :  7.21988e-04
 Reference value :  7.22788e-04
 Reference value :  7.23788e-04
 Reference value :  7.24788e-04
 Reference value :  7.25788e-04
 Reference value :  7.26588e-04
 Reference value :  7.27388e-04
 Reference value :  7.27988e-04
 Reference value :  7.28588e-04
 Reference value :  7.29388e-04
 Reference value :  7.29988e-04
 Reference value :  7.30788e-04
 Reference value :  7.31388e-04
 Reference value :  7.31988e-04
 Reference value :  7.32788e-04
 Reference value :  7.33588e-04
 Reference value :  7.34188e-04
 Reference value :  7.34988e-04
 Reference value :  7.35788e-04
 Reference value :  7.36588e-04
 Reference value :  7.37388e-04
 Reference value :  7.38188e-04
 Reference value :  7.39188e-04
 Reference value :  7.39988e-04
 Reference value :  7.40788e-04
 Reference value :  7.41388e-04
 Reference value :  7.42188e-04
 Reference value :  7.43188e-04
 Reference value :  7.43988e-04
 Reference value :  7.44988e-04
 Reference value :  7.45788e-04
 Reference value :  7.46588e-04
 Reference value :  7.47388e-04
 Reference value :  7.48388e-04
 Reference value :  7.49188e-04
 Reference value :  7.50188e-04
 Reference value :  7.50788e-04
 Reference value :  7.51388e-04
 Reference value :  7.52188e-04
 Reference value :  7.52988e-04
 Reference value :  7.53588e-04
 Reference value :  7.54188e-04
 Reference value :  7.54788e-04
 Reference value :  7.55388e-04
 Reference value :  7.55988e-04
 Reference value :  7.56788e-04
 Reference value :  7.57588e-04
 Reference value :  7.58588e-04
 Reference value :  7.59588e-04
 Reference value :  7.60388e-04
 Reference value :  7.61188e-04
 Reference value :  7.62388e-04
 Reference value :  7.63388e-04
 Reference value :  7.64188e-04
 Reference value :  7.65188e-04
 Reference value :  7.65988e-04
 Reference value :  7.66788e-04
 Reference value :  7.67788e-04
 Reference value :  7.68788e-04
 Reference value :  7.69588e-04
 Reference value :  7.70388e-04
 Reference value :  7.71388e-04
 Reference value :  7.72188e-04
 Reference value :  7.72788e-04
 Reference value :  7.73588e-04
 Reference value :  7.74388e-04
 Reference value :  7.74988e-04
 Reference value :  7.75988e-04
 Reference value :  7.76788e-04
 Reference value :  7.77588e-04
 Reference value :  7.78388e-04
 Reference value :  7.79188e-04
 Reference value :  7.79788e-04
 Reference value :  7.80588e-04
 Reference value :  7.81388e-04
 Reference value :  7.82388e-04
 Reference value :  7.83388e-04
 Reference value :  7.84188e-04
 Reference value :  7.85188e-04
 Reference value :  7.86188e-04
 Reference value :  7.87188e-04
 Reference value :  7.87988e-04
 Reference value :  7.88788e-04
 Reference value :  7.89588e-04
 Reference value :  7.90388e-04
 Reference value :  7.91188e-04
 Reference value :  7.91988e-04
 Reference value :  7.92788e-04
 Reference value :  7.93588e-04
 Reference value :  7.94388e-04
 Reference value :  7.95388e-04
 Reference value :  7.96188e-04
 Reference value :  7.96988e-04
 Reference value :  7.97788e-04
 Reference value :  7.98588e-04
 Reference value :  7.99388e-04
 Reference value :  8.00388e-04
 Reference value :  8.00988e-04
 Reference value :  8.01788e-04
 Reference value :  8.02588e-04
 Reference value :  8.03388e-04
 Reference value :  8.04188e-04
 Reference value :  8.04988e-04
 Reference value :  8.05788e-04
 Reference value :  8.06588e-04
 Reference value :  8.07188e-04
 Reference value :  8.07988e-04
 Reference value :  8.08788e-04
 Reference value :  8.09588e-04
 Reference value :  8.10588e-04
 Reference value :  8.11388e-04
 Reference value :  8.12188e-04
 Reference value :  8.13388e-04
 Reference value :  8.14588e-04
 Reference value :  8.15588e-04
 Reference value :  8.16188e-04
 Reference value :  8.16988e-04
 Reference value :  8.17988e-04
 Reference value :  8.18788e-04
 Reference value :  8.19588e-04
 Reference value :  8.20388e-04
 Reference value :  8.21188e-04
 Reference value :  8.21988e-04
 Reference value :  8.22788e-04
 Reference value :  8.23588e-04
 Reference value :  8.24588e-04
 Reference value :  8.25588e-04
 Reference value :  8.26588e-04
 Reference value :  8.27588e-04
 Reference value :  8.28388e-04
 Reference value :  8.29188e-04
 Reference value :  8.29988e-04
 Reference value :  8.30788e-04
 Reference value :  8.31388e-04
 Reference value :  8.32188e-04
 Reference value :  8.32788e-04
 Reference value :  8.33388e-04
 Reference value :  8.34188e-04
 Reference value :  8.34988e-04
 Reference value :  8.35988e-04
 Reference value :  8.36788e-04
 Reference value :  8.37588e-04
 Reference value :  8.38388e-04
 Reference value :  8.39188e-04
 Reference value :  8.39988e-04
 Reference value :  8.40788e-04
 Reference value :  8.41588e-04
 Reference value :  8.42588e-04
 Reference value :  8.43388e-04
 Reference value :  8.44188e-04
 Reference value :  8.45188e-04
 Reference value :  8.46188e-04
 Reference value :  8.47188e-04
 Reference value :  8.48188e-04
 Reference value :  8.49188e-04
 Reference value :  8.49988e-04
 Reference value :  8.50988e-04
 Reference value :  8.51788e-04
 Reference value :  8.52388e-04
 Reference value :  8.53188e-04
 Reference value :  8.53988e-04
 Reference value :  8.54788e-04
 Reference value :  8.55388e-04
 Reference value :  8.56188e-04
 Reference value :  8.56988e-04
 Reference value :  8.57788e-04
 Reference value :  8.58588e-04
 Reference value :  8.59588e-04
 Reference value :  8.60388e-04
 Reference value :  8.61188e-04
 Reference value :  8.61988e-04
 Reference value :  8.62588e-04
 Reference value :  8.63388e-04
 Reference value :  8.64188e-04
 Reference value :  8.65188e-04
 Reference value :  8.66388e-04
 Reference value :  8.67388e-04
 Reference value :  8.68388e-04
 Reference value :  8.69188e-04
 Reference value :  8.70188e-04
 Reference value :  8.70988e-04
 Reference value :  8.71788e-04
 Reference value :  8.72988e-04
 Reference value :  8.73988e-04
 Reference value :  8.74988e-04
 Reference value :  8.76188e-04
 Reference value :  8.76988e-04
 Reference value :  8.77788e-04
 Reference value :  8.78388e-04
 Reference value :  8.78988e-04
 Reference value :  8.79988e-04
 Reference value :  8.80588e-04
 Reference value :  8.81588e-04
 Reference value :  8.82388e-04
 Reference value :  8.83188e-04
 Reference value :  8.83988e-04
 Reference value :  8.84588e-04
 Reference value :  8.85388e-04
 Reference value :  8.86188e-04
 Reference value :  8.86988e-04
 Reference value :  8.87788e-04
 Reference value :  8.88788e-04
 Reference value :  8.89588e-04
 Reference value :  8.90588e-04
 Reference value :  8.91388e-04
 Reference value :  8.92188e-04
 Reference value :  8.92988e-04
 Reference value :  8.93788e-04
 Reference value :  8.94388e-04
 Reference value :  8.95388e-04
 Reference value :  8.96188e-04
 Reference value :  8.96988e-04
 Reference value :  8.97788e-04
 Reference value :  8.98788e-04
 Reference value :  8.99588e-04
 Reference value :  9.00588e-04
 Reference value :  9.01388e-04
 Reference value :  9.02188e-04
 Reference value :  9.03188e-04
 Reference value :  9.04188e-04
 Reference value :  9.05188e-04
 Reference value :  9.05788e-04
 Reference value :  9.06788e-04
 Reference value :  9.07588e-04
 Reference value :  9.08588e-04
 Reference value :  9.09388e-04
 Reference value :  9.10188e-04
 Reference value :  9.10988e-04
 Reference value :  9.11788e-04
 Reference value :  9.12788e-04
 Reference value :  9.13788e-04
 Reference value :  9.14788e-04
 Reference value :  9.15588e-04
 Reference value :  9.16388e-04
 Reference value :  9.17188e-04
 Reference value :  9.17788e-04
 Reference value :  9.18388e-04
 Reference value :  9.18988e-04
 Reference value :  9.19788e-04
 Reference value :  9.20588e-04
 Reference value :  9.21388e-04
 Reference value :  9.21988e-04
 Reference value :  9.22788e-04
 Reference value :  9.23588e-04
 Reference value :  9.24388e-04
 Reference value :  9.25188e-04
 Reference value :  9.25988e-04
 Reference value :  9.26988e-04
 Reference value :  9.27788e-04
 Reference value :  9.28588e-04
 Reference value :  9.29188e-04
 Reference value :  9.29788e-04
 Reference value :  9.30388e-04
 Reference value :  9.30988e-04
 Reference value :  9.31788e-04
 Reference value :  9.32588e-04
 Reference value :  9.33388e-04
 Reference value :  9.34188e-04
 Reference value :  9.34988e-04
 Reference value :  9.35788e-04
 Reference value :  9.36588e-04
 Reference value :  9.37188e-04
 Reference value :  9.37988e-04
 Reference value :  9.38788e-04
 Reference value :  9.39588e-04
 Reference value :  9.40188e-04
 Reference value :  9.40988e-04
 Reference value :  9.41588e-04
 Reference value :  9.42388e-04
 Reference value :  9.42988e-04
 Reference value :  9.43788e-04
 Reference value :  9.44588e-04
 Reference value :  9.45188e-04
 Reference value :  9.45988e-04
 Reference value :  9.46588e-04
 Reference value :  9.47388e-04
 Reference value :  9.48188e-04
 Reference value :  9.49188e-04
 Reference value :  9.50188e-04
 Reference value :  9.50988e-04
 Reference value :  9.51988e-04
 Reference value :  9.52988e-04
 Reference value :  9.53588e-04
 Reference value :  9.54788e-04
 Reference value :  9.55588e-04
 Reference value :  9.56388e-04
 Reference value :  9.57188e-04
 Reference value :  9.57988e-04
 Reference value :  9.58988e-04
 Reference value :  9.59988e-04
 Reference value :  9.60788e-04
 Reference value :  9.61588e-04
 Reference value :  9.62588e-04
 Reference value :  9.63388e-04
 Reference value :  9.64388e-04
 Reference value :  9.65188e-04
 Reference value :  9.65788e-04
 Reference value :  9.66788e-04
 Reference value :  9.67588e-04
 Reference value :  9.68188e-04
 Reference value :  9.68988e-04
 Reference value :  9.69588e-04
 Reference value :  9.70188e-04
 Reference value :  9.70788e-04
 Reference value :  9.71388e-04
 Reference value :  9.71988e-04
 Reference value :  9.72788e-04
 Reference value :  9.73388e-04
 Reference value :  9.74188e-04
 Reference value :  9.74788e-04
 Reference value :  9.75588e-04
 Reference value :  9.76388e-04
 Reference value :  9.77188e-04
 Reference value :  9.77788e-04
 Reference value :  9.78388e-04
 Reference value :  9.78988e-04
 Reference value :  9.80188e-04
 Reference value :  9.81188e-04
 Reference value :  9.82388e-04
 Reference value :  9.83188e-04
 Reference value :  9.83788e-04
 Reference value :  9.84588e-04
 Reference value :  9.85388e-04
 Reference value :  9.86188e-04
 Reference value :  9.86988e-04
 Reference value :  9.87588e-04
 Reference value :  9.88188e-04
 Reference value :  9.88788e-04
 Reference value :  9.89388e-04
 Reference value :  9.90188e-04
 Reference value :  9.90988e-04
 Reference value :  9.91588e-04
 Reference value :  9.92388e-04
 Reference value :  9.93188e-04
 Reference value :  9.93788e-04
 Reference value :  9.94388e-04
 Reference value :  9.95188e-04
 Reference value :  9.95788e-04
 Reference value :  9.96388e-04
 Reference value :  9.97188e-04
 Reference value :  9.97988e-04
 Reference value :  9.98788e-04
 Reference value :  9.99388e-04
 Reference value :  1.00000e-03
 Reference value :  1.00014e-03
 Reference value :  1.00090e-03
 Reference value :  1.00190e-03
 Reference value :  1.00250e-03
 Reference value :  1.00330e-03
 Reference value :  1.00410e-03
 Reference value :  1.00490e-03
 Reference value :  1.00570e-03
 Reference value :  1.00650e-03
 Reference value :  1.00710e-03
 Reference value :  1.00790e-03
 Reference value :  1.00870e-03
 Reference value :  1.00950e-03
 Reference value :  1.01030e-03
 Reference value :  1.01130e-03
 Reference value :  1.01210e-03
 Reference value :  1.01310e-03
 Reference value :  1.01410e-03
 Reference value :  1.01490e-03
 Reference value :  1.01570e-03
 Reference value :  1.01670e-03
 Reference value :  1.01750e-03
 Reference value :  1.01850e-03
 Reference value :  1.01930e-03
 Reference value :  1.02010e-03
 Reference value :  1.02090e-03
 Reference value :  1.02170e-03
 Reference value :  1.02230e-03
 Reference value :  1.02310e-03
 Reference value :  1.02410e-03
 Reference value :  1.02490e-03
 Reference value :  1.02570e-03
 Reference value :  1.02650e-03
 Reference value :  1.02750e-03
 Reference value :  1.02810e-03
 Reference value :  1.02890e-03
 Reference value :  1.02970e-03
 Reference value :  1.03070e-03
 Reference value :  1.03170e-03
 Reference value :  1.03250e-03
 Reference value :  1.03330e-03
 Reference value :  1.03410e-03
 Reference value :  1.03470e-03
 Reference value :  1.03550e-03
 Reference value :  1.03650e-03
 Reference value :  1.03730e-03
 Reference value :  1.03810e-03
 Reference value :  1.03910e-03
 Reference value :  1.03990e-03
 Reference value :  1.04070e-03
 Reference value :  1.04170e-03
 Reference value :  1.04230e-03
 Reference value :  1.04310e-03
 Reference value :  1.04390e-03
 Reference value :  1.04470e-03
 Reference value :  1.04550e-03
 Reference value :  1.04630e-03
 Reference value :  1.04690e-03
 Reference value :  1.04770e-03
 Reference value :  1.04830e-03
 Reference value :  1.04910e-03
 Reference value :  1.04970e-03
 Reference value :  1.05050e-03
 Reference value :  1.05130e-03
 Reference value :  1.05190e-03
 Reference value :  1.05250e-03
 Reference value :  1.05330e-03
 Reference value :  1.05430e-03
 Reference value :  1.05490e-03
 Reference value :  1.05550e-03
 Reference value :  1.05670e-03
 Reference value :  1.05750e-03
 Reference value :  1.05830e-03
 Reference value :  1.05910e-03
 Reference value :  1.06010e-03
 Reference value :  1.06090e-03
 Reference value :  1.06150e-03
 Reference value :  1.06250e-03
 Reference value :  1.06350e-03
 Reference value :  1.06430e-03
 Reference value :  1.06510e-03
 Reference value :  1.06590e-03
 Reference value :  1.06670e-03
 Reference value :  1.06730e-03
 Reference value :  1.06810e-03
 Reference value :  1.06890e-03
 Reference value :  1.06970e-03
 Reference value :  1.07050e-03
 Reference value :  1.07130e-03
 Reference value :  1.07210e-03
 Reference value :  1.07290e-03
 Reference value :  1.07350e-03
 Reference value :  1.07430e-03
 Reference value :  1.07510e-03
 Reference value :  1.07610e-03
 Reference value :  1.07690e-03
 Reference value :  1.07810e-03
 Reference value :  1.07910e-03
 Reference value :  1.07990e-03
 Reference value :  1.08070e-03
 Reference value :  1.08150e-03
 Reference value :  1.08210e-03
 Reference value :  1.08290e-03
 Reference value :  1.08350e-03
 Reference value :  1.08430e-03
 Reference value :  1.08490e-03
 Reference value :  1.08590e-03
 Reference value :  1.08670e-03
 Reference value :  1.08730e-03
 Reference value :  1.08810e-03
 Reference value :  1.08890e-03
 Reference value :  1.08970e-03
 Reference value :  1.09050e-03
 Reference value :  1.09150e-03
 Reference value :  1.09230e-03
 Reference value :  1.09290e-03
 Reference value :  1.09370e-03
 Reference value :  1.09430e-03
 Reference value :  1.09510e-03
 Reference value :  1.09570e-03
 Reference value :  1.09650e-03
 Reference value :  1.09730e-03
 Reference value :  1.09790e-03
 Reference value :  1.09850e-03
 Reference value :  1.09930e-03
 Reference value :  1.10010e-03
 Reference value :  1.10070e-03
 Reference value :  1.10150e-03
 Reference value :  1.10230e-03
 Reference value :  1.10310e-03
 Reference value :  1.10390e-03
 Reference value :  1.10470e-03
 Reference value :  1.10570e-03
 Reference value :  1.10630e-03
 Reference value :  1.10710e-03
 Reference value :  1.10790e-03
 Reference value :  1.10890e-03
 Reference value :  1.10950e-03
 Reference value :  1.11030e-03
 Reference value :  1.11130e-03
 Reference value :  1.11210e-03
 Reference value :  1.11290e-03
 Reference value :  1.11370e-03
 Reference value :  1.11470e-03
 Reference value :  1.11550e-03
 Reference value :  1.11670e-03
 Reference value :  1.11770e-03
 Reference value :  1.11850e-03
 Reference value :  1.11930e-03
 Reference value :  1.12030e-03
 Reference value :  1.12090e-03
 Reference value :  1.12170e-03
 Reference value :  1.12250e-03
 Reference value :  1.12330e-03
 Reference value :  1.12410e-03
 Reference value :  1.12490e-03
 Reference value :  1.12590e-03
 Reference value :  1.12710e-03
 Reference value :  1.12810e-03
 Reference value :  1.12890e-03
 Reference value :  1.13070e-03
 Reference value :  1.13190e-03
 Reference value :  1.13250e-03
 Reference value :  1.13330e-03
 Reference value :  1.13410e-03
 Reference value :  1.13490e-03
 Reference value :  1.13570e-03
 Reference value :  1.13650e-03
 Reference value :  1.13710e-03
 Reference value :  1.13810e-03
 Reference value :  1.13910e-03
 Reference value :  1.14010e-03
 Reference value :  1.14070e-03
 Reference value :  1.14170e-03
 Reference value :  1.14250e-03
 Reference value :  1.14330e-03
 Reference value :  1.14410e-03
 Reference value :  1.14490e-03
 Reference value :  1.15130e-03
 Reference value :  1.15210e-03
 Reference value :  1.15290e-03
 Reference value :  1.15350e-03
 Reference value :  1.16350e-03
 Reference value :  1.16430e-03
 Reference value :  1.16510e-03
 Reference value :  1.16570e-03
 Reference value :  1.16650e-03
 Reference value :  1.16710e-03
 Reference value :  1.16770e-03
 Reference value :  1.16830e-03
 Reference value :  1.16910e-03
 Reference value :  1.16990e-03
 Reference value :  1.17050e-03
 Reference value :  1.17130e-03
 Reference value :  1.17230e-03
 Reference value :  1.17310e-03
 Reference value :  1.17390e-03
 Reference value :  1.17470e-03
 Reference value :  1.17550e-03
 Reference value :  1.17630e-03
 Reference value :  1.17710e-03
 Reference value :  1.17790e-03
 Reference value :  1.17890e-03
 Reference value :  1.17970e-03
 Reference value :  1.18050e-03
 Reference value :  1.18130e-03
 Reference value :  1.18210e-03
 Reference value :  1.18290e-03
 Reference value :  1.18370e-03
 Reference value :  1.18450e-03
 Reference value :  1.18530e-03
 Reference value :  1.18610e-03
 Reference value :  1.18670e-03
 Reference value :  1.18770e-03
 Reference value :  1.18850e-03
 Reference value :  1.18930e-03
 Reference value :  1.19010e-03
 Reference value :  1.19090e-03
 Reference value :  1.19170e-03
 Reference value :  1.19270e-03
 Reference value :  1.19450e-03
 Reference value :  1.19590e-03
 Reference value :  1.19670e-03
 Reference value :  1.19750e-03
 Reference value :  1.19830e-03
 Reference value :  1.19910e-03
 Reference value :  1.19990e-03
 Reference value :  1.20070e-03
 Reference value :  1.20150e-03
 Reference value :  1.20230e-03
 Reference value :  1.20310e-03
 Reference value :  1.20390e-03
 Reference value :  1.20470e-03
 Reference value :  1.20550e-03
 Reference value :  1.20630e-03
 Reference value :  1.20710e-03
 Reference value :  1.20770e-03
 Reference value :  1.21030e-03
 Reference value :  1.21110e-03
 Reference value :  1.21170e-03
 Reference value :  1.21250e-03
 Reference value :  1.21350e-03
 Reference value :  1.21430e-03
 Reference value :  1.21510e-03
 Reference value :  1.21590e-03
 Reference value :  1.21670e-03
 Reference value :  1.21750e-03
 Reference value :  1.21830e-03
 Reference value :  1.21910e-03
 Reference value :  1.21990e-03
 Reference value :  1.22070e-03
 Reference value :  1.22150e-03
 Reference value :  1.22290e-03
 Reference value :  1.22350e-03
 Reference value :  1.22430e-03
 Reference value :  1.22510e-03
 Reference value :  1.22570e-03
 Reference value :  1.22650e-03
 Reference value :  1.22730e-03
 Reference value :  1.22830e-03
 Reference value :  1.22930e-03
 Reference value :  1.23030e-03
 Reference value :  1.23090e-03
 Reference value :  1.23170e-03
 Reference value :  1.23230e-03
 Reference value :  1.23310e-03
 Reference value :  1.23390e-03
 Reference value :  1.23470e-03
 Reference value :  1.23530e-03
 Reference value :  1.23610e-03
 Reference value :  1.23690e-03
 Reference value :  1.23770e-03
 Reference value :  1.23830e-03
 Reference value :  1.23910e-03
 Reference value :  1.23990e-03
 Reference value :  1.24050e-03
 Reference value :  1.24130e-03
 Reference value :  1.24230e-03
 Reference value :  1.24310e-03
 Reference value :  1.24370e-03
 Reference value :  1.24430e-03
 Reference value :  1.24490e-03
 Reference value :  1.24570e-03
 Reference value :  1.24650e-03
 Reference value :  1.24730e-03
 Reference value :  1.24790e-03
 Reference value :  1.24850e-03
 Reference value :  1.24950e-03
 Reference value :  1.25030e-03
 Reference value :  1.25110e-03
 Reference value :  1.25170e-03
 Reference value :  1.25230e-03
 Reference value :  1.25290e-03
 Reference value :  1.25370e-03
 Reference value :  1.25450e-03
 Reference value :  1.25550e-03
 Reference value :  1.25630e-03
 Reference value :  1.25770e-03
 Reference value :  1.25930e-03
 Reference value :  1.26010e-03
 Reference value :  1.26130e-03
 Reference value :  1.26190e-03
 Reference value :  1.26290e-03
 Reference value :  1.26350e-03
 Reference value :  1.26410e-03
 Reference value :  1.26470e-03
 Reference value :  1.26550e-03
 Reference value :  1.26610e-03
 Reference value :  1.26690e-03
 Reference value :  1.26770e-03
 Reference value :  1.26830e-03
 Reference value :  1.26910e-03
 Reference value :  1.26970e-03
 Reference value :  1.27050e-03
 Reference value :  1.27130e-03
 Reference value :  1.27230e-03
 Reference value :  1.27310e-03
 Reference value :  1.27410e-03
 Reference value :  1.27490e-03
 Reference value :  1.27570e-03
 Reference value :  1.27690e-03
 Reference value :  1.27790e-03
 Reference value :  1.27890e-03
 Reference value :  1.27970e-03
 Reference value :  1.28050e-03
 Reference value :  1.28130e-03
 Reference value :  1.28210e-03
 Reference value :  1.28270e-03
 Reference value :  1.28330e-03
 Reference value :  1.28430e-03
 Reference value :  1.28510e-03
 Reference value :  1.28590e-03
 Reference value :  1.28670e-03
 Reference value :  1.28770e-03
 Reference value :  1.28890e-03
 Reference value :  1.28970e-03
 Reference value :  1.29030e-03
 Reference value :  1.29130e-03
 Reference value :  1.29230e-03
 Reference value :  1.29310e-03
 Reference value :  1.29390e-03
 Reference value :  1.29470e-03
 Reference value :  1.29550e-03
 Reference value :  1.29650e-03
 Reference value :  1.29730e-03
 Reference value :  1.29810e-03
 Reference value :  1.29890e-03
 Reference value :  1.29970e-03
 Reference value :  1.30050e-03
 Reference value :  1.30130e-03
 Reference value :  1.30210e-03
 Reference value :  1.30270e-03
 Reference value :  1.30350e-03
 Reference value :  1.30410e-03
 Reference value :  1.30470e-03
 Reference value :  1.30550e-03
 Reference value :  1.30630e-03
 Reference value :  1.30690e-03
 Reference value :  1.30750e-03
 Reference value :  1.30830e-03
 Reference value :  1.30910e-03
 Reference value :  1.30990e-03
 Reference value :  1.31070e-03
 Reference value :  1.31150e-03
 Reference value :  1.31230e-03
 Reference value :  1.31330e-03
 Reference value :  1.31430e-03
 Reference value :  1.31510e-03
 Reference value :  1.31570e-03
 Reference value :  1.31630e-03
 Reference value :  1.31710e-03
 Reference value :  1.31790e-03
 Reference value :  1.31870e-03
 Reference value :  1.31950e-03
 Reference value :  1.32030e-03
 Reference value :  1.32110e-03
 Reference value :  1.32170e-03
 Reference value :  1.32230e-03
 Reference value :  1.32310e-03
 Reference value :  1.32470e-03
 Reference value :  1.32570e-03
 Reference value :  1.32630e-03
 Reference value :  1.32690e-03
 Reference value :  1.32750e-03
 Reference value :  1.32810e-03
 Reference value :  1.32890e-03
 Reference value :  1.32950e-03
 Reference value :  1.33030e-03
 Reference value :  1.33130e-03
 Reference value :  1.33230e-03
 Reference value :  1.33310e-03
 Reference value :  1.33390e-03
 Reference value :  1.33470e-03
 Reference value :  1.33570e-03
 Reference value :  1.33630e-03
 Reference value :  1.33710e-03
 Reference value :  1.33830e-03
 Reference value :  1.33910e-03
 Reference value :  1.33970e-03
 Reference value :  1.34050e-03
 Reference value :  1.34150e-03
 Reference value :  1.34250e-03
 Reference value :  1.34330e-03
 Reference value :  1.34410e-03
 Reference value :  1.34470e-03
 Reference value :  1.34550e-03
 Reference value :  1.34630e-03
 Reference value :  1.34690e-03
 Reference value :  1.34750e-03
 Reference value :  1.34890e-03
 Reference value :  1.34970e-03
 Reference value :  1.35030e-03
 Reference value :  1.35110e-03
 Reference value :  1.35190e-03
 Reference value :  1.35270e-03
 Reference value :  1.35370e-03
 Reference value :  1.35450e-03
 Reference value :  1.35530e-03
 Reference value :  1.35610e-03
 Reference value :  1.35690e-03
 Reference value :  1.35770e-03
 Reference value :  1.35850e-03
 Reference value :  1.35930e-03
 Reference value :  1.36010e-03
 Reference value :  1.36110e-03
 Reference value :  1.36190e-03
 Reference value :  1.36270e-03
 Reference value :  1.36370e-03
 Reference value :  1.36470e-03
 Reference value :  1.36550e-03
 Reference value :  1.36650e-03
 Reference value :  1.36730e-03
 Reference value :  1.36810e-03
 Reference value :  1.36930e-03
 Reference value :  1.37010e-03
 Reference value :  1.37070e-03
 Reference value :  1.37170e-03
 Reference value :  1.37250e-03
 Reference value :  1.37330e-03
 Reference value :  1.37390e-03
 Reference value :  1.37470e-03
 Reference value :  1.37550e-03
 Reference value :  1.37630e-03
 Reference value :  1.37710e-03
 Reference value :  1.37790e-03
 Reference value :  1.37870e-03
 Reference value :  1.37950e-03
 Reference value :  1.38030e-03
 Reference value :  1.38110e-03
 Reference value :  1.38190e-03
 Reference value :  1.38270e-03
 Reference value :  1.38330e-03
 Reference value :  1.38390e-03
 Reference value :  1.38450e-03
 Reference value :  1.38530e-03
 Reference value :  1.38590e-03
 Reference value :  1.38650e-03
 Reference value :  1.38710e-03
 Reference value :  1.38770e-03
 Reference value :  1.38830e-03
 Reference value :  1.38910e-03
 Reference value :  1.39010e-03
 Reference value :  1.39130e-03
 Reference value :  1.39210e-03
 Reference value :  1.39310e-03
 Reference value :  1.39390e-03
 Reference value :  1.39470e-03
 Reference value :  1.39550e-03
 Reference value :  1.39630e-03
 Reference value :  1.39710e-03
 Reference value :  1.39790e-03
 Reference value :  1.39870e-03
 Reference value :  1.39950e-03
 Reference value :  1.40050e-03
 Reference value :  1.40130e-03
 Reference value :  1.40210e-03
 Reference value :  1.40270e-03
 Reference value :  1.40350e-03
 Reference value :  1.40450e-03
 Reference value :  1.40530e-03
 Reference value :  1.40590e-03
 Reference value :  1.40670e-03
 Reference value :  1.40730e-03
 Reference value :  1.40810e-03
 Reference value :  1.40890e-03
 Reference value :  1.40970e-03
 Reference value :  1.41050e-03
 Reference value :  1.41130e-03
 Reference value :  1.41190e-03
 Reference value :  1.41250e-03
 Reference value :  1.41330e-03
 Reference value :  1.41410e-03
 Reference value :  1.41470e-03
 Reference value :  1.41550e-03
 Reference value :  1.41630e-03
 Reference value :  1.41690e-03
 Reference value :  1.41770e-03
 Reference value :  1.41870e-03
 Reference value :  1.41970e-03
 Reference value :  1.42050e-03
 Reference value :  1.42130e-03
 Reference value :  1.42190e-03
 Reference value :  1.42270e-03
 Reference value :  1.42350e-03
 Reference value :  1.42430e-03
 Reference value :  1.42510e-03
 Reference value :  1.42570e-03
 Reference value :  1.42630e-03
 Reference value :  1.42690e-03
 Reference value :  1.42770e-03
 Reference value :  1.42850e-03
 Reference value :  1.42910e-03
 Reference value :  1.43010e-03
 Reference value :  1.43090e-03
 Reference value :  1.43170e-03
 Reference value :  1.43250e-03
 Reference value :  1.43350e-03
 Reference value :  1.43450e-03
 Reference value :  1.43550e-03
 Reference value :  1.43650e-03
 Reference value :  1.43730e-03
 Reference value :  1.43810e-03
 Reference value :  1.43890e-03
 Reference value :  1.43950e-03
 Reference value :  1.44010e-03
 Reference value :  1.44070e-03
 Reference value :  1.44150e-03
 Reference value :  1.44230e-03
 Reference value :  1.44310e-03
 Reference value :  1.44370e-03
 Reference value :  1.44430e-03
 Reference value :  1.44510e-03
 Reference value :  1.44590e-03
 Reference value :  1.44670e-03
 Reference value :  1.44770e-03
 Reference value :  1.44850e-03
 Reference value :  1.44930e-03
 Reference value :  1.45010e-03
 Reference value :  1.45090e-03
 Reference value :  1.45170e-03
 Reference value :  1.45250e-03
 Reference value :  1.45330e-03
 Reference value :  1.45410e-03
 Reference value :  1.45470e-03
 Reference value :  1.45550e-03
 Reference value :  1.45610e-03
 Reference value :  1.45690e-03
 Reference value :  1.45770e-03
 Reference value :  1.45850e-03
 Reference value :  1.45930e-03
 Reference value :  1.46010e-03
 Reference value :  1.46090e-03
 Reference value :  1.46170e-03
 Reference value :  1.46250e-03
 Reference value :  1.46330e-03
 Reference value :  1.46410e-03
 Reference value :  1.46490e-03
 Reference value :  1.46570e-03
 Reference value :  1.46650e-03
 Reference value :  1.46730e-03
 Reference value :  1.46790e-03
 Reference value :  1.46870e-03
 Reference value :  1.46950e-03
 Reference value :  1.47050e-03
 Reference value :  1.47130e-03
 Reference value :  1.47230e-03
 Reference value :  1.47310e-03
 Reference value :  1.47370e-03
 Reference value :  1.47430e-03
 Reference value :  1.47510e-03
 Reference value :  1.47590e-03
 Reference value :  1.47670e-03
 Reference value :  1.47750e-03
 Reference value :  1.47830e-03
 Reference value :  1.47910e-03
 Reference value :  1.48010e-03
 Reference value :  1.48090e-03
 Reference value :  1.48190e-03
 Reference value :  1.48270e-03
 Reference value :  1.48350e-03
 Reference value :  1.48430e-03
 Reference value :  1.48510e-03
 Reference value :  1.48570e-03
 Reference value :  1.48650e-03
 Reference value :  1.48710e-03
 Reference value :  1.48790e-03
 Reference value :  1.48850e-03
 Reference value :  1.48910e-03
 Reference value :  1.48990e-03
 Reference value :  1.49070e-03
 Reference value :  1.49150e-03
 Reference value :  1.49210e-03
 Reference value :  1.49290e-03
 Reference value :  1.49370e-03
 Reference value :  1.49430e-03
 Reference value :  1.49490e-03
 Reference value :  1.50250e-03
 Reference value :  1.50330e-03
 Reference value :  1.50390e-03
 Reference value :  1.50830e-03
 Reference value :  1.51690e-03
 Reference value :  1.51750e-03
 Reference value :  1.51850e-03
 Reference value :  1.51930e-03
 Reference value :  1.52010e-03
 Reference value :  1.52090e-03
 Reference value :  1.52170e-03
 Reference value :  1.52250e-03
 Reference value :  1.52330e-03
 Reference value :  1.52410e-03
 Reference value :  1.52830e-03
 Reference value :  1.53170e-03
 Reference value :  1.53230e-03
 Reference value :  1.53310e-03
 Reference value :  1.53390e-03
 Reference value :  1.53470e-03
 Reference value :  1.53550e-03
 Reference value :  1.53630e-03
 Reference value :  1.53750e-03
 Reference value :  1.53830e-03
 Reference value :  1.53930e-03
 Reference value :  1.54010e-03
 Reference value :  1.54090e-03
 Reference value :  1.54170e-03
 Reference value :  1.54250e-03
 Reference value :  1.54330e-03
 Reference value :  1.54390e-03
 Reference value :  1.54490e-03
 Reference value :  1.54610e-03
 Reference value :  1.54690e-03
 Reference value :  1.54770e-03
 Reference value :  1.54830e-03
 Reference value :  1.54910e-03
 Reference value :  1.54970e-03
 Reference value :  1.55030e-03
 Reference value :  1.55110e-03
 Reference value :  1.55170e-03
 Reference value :  1.55270e-03
 Reference value :  1.55370e-03
 Reference value :  1.55450e-03
 Reference value :  1.55510e-03
 Reference value :  1.55570e-03
 Reference value :  1.55650e-03
 Reference value :  1.55730e-03
 Reference value :  1.55790e-03
 Reference value :  1.55870e-03
 Reference value :  1.55950e-03
 Reference value :  1.56010e-03
 Reference value :  1.56070e-03
 Reference value :  1.56150e-03
 Reference value :  1.56230e-03
 Reference value :  1.56330e-03
 Reference value :  1.56430e-03
 Reference value :  1.56550e-03
 Reference value :  1.56630e-03
 Reference value :  1.56690e-03
 Reference value :  1.56770e-03
 Reference value :  1.56850e-03
 Reference value :  1.56930e-03
 Reference value :  1.56990e-03
 Reference value :  1.57070e-03
 Reference value :  1.57170e-03
 Reference value :  1.57250e-03
 Reference value :  1.57350e-03
 Reference value :  1.57430e-03
 Reference value :  1.57490e-03
 Reference value :  1.57650e-03
 Reference value :  1.57730e-03
 Reference value :  1.57790e-03
 Reference value :  1.57870e-03
 Reference value :  1.57950e-03
 Reference value :  1.58030e-03
 Reference value :  1.58130e-03
 Reference value :  1.58210e-03
 Reference value :  1.58270e-03
 Reference value :  1.58350e-03
 Reference value :  1.58410e-03
 Reference value :  1.58470e-03
 Reference value :  1.58530e-03
 Reference value :  1.58590e-03
 Reference value :  1.58670e-03
 Reference value :  1.58750e-03
 Reference value :  1.58810e-03
 Reference value :  1.58870e-03
 Reference value :  1.58930e-03
 Reference value :  1.58990e-03
 Reference value :  1.59050e-03
 Reference value :  1.59110e-03
 Reference value :  1.59170e-03
 Reference value :  1.59250e-03
 Reference value :  1.59330e-03
 Reference value :  1.59470e-03
 Reference value :  1.59570e-03
 Reference value :  1.59650e-03
 Reference value :  1.59730e-03
 Reference value :  1.59790e-03
 Reference value :  1.59850e-03
 Reference value :  1.59910e-03
 Reference value :  1.60010e-03
 Reference value :  1.60090e-03
 Reference value :  1.60190e-03
 Reference value :  1.60270e-03
 Reference value :  1.60370e-03
 Reference value :  1.60450e-03
 Reference value :  1.60550e-03
 Reference value :  1.60630e-03
 Reference value :  1.60750e-03
 Reference value :  1.60830e-03
 Reference value :  1.60950e-03
 Reference value :  1.61050e-03
 Reference value :  1.61110e-03
 Reference value :  1.61190e-03
 Reference value :  1.61290e-03
 Reference value :  1.61370e-03
 Reference value :  1.61470e-03
 Reference value :  1.61570e-03
 Reference value :  1.61650e-03
 Reference value :  1.63090e-03
 Reference value :  1.63170e-03
 Reference value :  1.63250e-03
 Reference value :  1.63330e-03
 Reference value :  1.63410e-03
 Reference value :  1.63470e-03
 Reference value :  1.63550e-03
 Reference value :  1.63630e-03
 Reference value :  1.63710e-03
 Reference value :  1.63770e-03
 Reference value :  1.63830e-03
 Reference value :  1.63890e-03
 Reference value :  1.63990e-03
 Reference value :  1.64090e-03
 Reference value :  1.64170e-03
 Reference value :  1.64230e-03
 Reference value :  1.64290e-03
 Reference value :  1.64370e-03
 Reference value :  1.64470e-03
 Reference value :  1.64570e-03
 Reference value :  1.64630e-03
 Reference value :  1.64690e-03
 Reference value :  1.64750e-03
 Reference value :  1.64810e-03
 Reference value :  1.64870e-03
 Reference value :  1.64950e-03
 Reference value :  1.65030e-03
 Reference value :  1.65110e-03
 Reference value :  1.65190e-03
 Reference value :  1.65250e-03
 Reference value :  1.65330e-03
 Reference value :  1.65410e-03
 Reference value :  1.65470e-03
 Reference value :  1.65550e-03
 Reference value :  1.65630e-03
 Reference value :  1.65710e-03
 Reference value :  1.65790e-03
 Reference value :  1.65870e-03
 Reference value :  1.65950e-03
 Reference value :  1.66010e-03
 Reference value :  1.66090e-03
 Reference value :  1.66190e-03
 Reference value :  1.66270e-03
 Reference value :  1.66350e-03
 Reference value :  1.66430e-03
 Reference value :  1.66490e-03
 Reference value :  1.66590e-03
 Reference value :  1.66670e-03
 Reference value :  1.66750e-03
 Reference value :  1.66810e-03
 Reference value :  1.66870e-03
 Reference value :  1.66950e-03
 Reference value :  1.67030e-03
 Reference value :  1.67110e-03
 Reference value :  1.67170e-03
 Reference value :  1.67250e-03
 Reference value :  1.67330e-03
 Reference value :  1.67410e-03
 Reference value :  1.67490e-03
 Reference value :  1.67550e-03
 Reference value :  1.67610e-03
 Reference value :  1.67690e-03
 Reference value :  1.67790e-03
 Reference value :  1.67890e-03
 Reference value :  1.67970e-03
 Reference value :  1.68050e-03
 Reference value :  1.68170e-03
 Reference value :  1.68250e-03
 Reference value :  1.68330e-03
 Reference value :  1.68410e-03
 Reference value :  1.68490e-03
 Reference value :  1.68590e-03
 Reference value :  1.68670e-03
 Reference value :  1.68750e-03
 Reference value :  1.68850e-03
 Reference value :  1.68950e-03
 Reference value :  1.69050e-03
 Reference value :  1.69110e-03
 Reference value :  1.69210e-03
 Reference value :  1.69270e-03
 Reference value :  1.69350e-03
 Reference value :  1.69430e-03
 Reference value :  1.69530e-03
 Reference value :  1.69610e-03
 Reference value :  1.69690e-03
 Reference value :  1.69790e-03
 Reference value :  1.69890e-03
 Reference value :  1.69970e-03
 Reference value :  1.70050e-03
 Reference value :  1.70130e-03
 Reference value :  1.70210e-03
 Reference value :  1.70270e-03
 Reference value :  1.70350e-03
 Reference value :  1.70430e-03
 Reference value :  1.70510e-03
 Reference value :  1.70590e-03
 Reference value :  1.70690e-03
 Reference value :  1.70790e-03
 Reference value :  1.70870e-03
 Reference value :  1.70930e-03
 Reference value :  1.71010e-03
 Reference value :  1.71070e-03
 Reference value :  1.71150e-03
 Reference value :  1.71230e-03
 Reference value :  1.71330e-03
 Reference value :  1.71410e-03
 Reference value :  1.71490e-03
 Reference value :  1.71570e-03
 Reference value :  1.71670e-03
 Reference value :  1.71770e-03
 Reference value :  1.71850e-03
 Reference value :  1.71910e-03
 Reference value :  1.72010e-03
 Reference value :  1.72130e-03
 Reference value :  1.72230e-03
 Reference value :  1.72350e-03
 Reference value :  1.72470e-03
 Reference value :  1.72570e-03
 Reference value :  1.72650e-03
 Reference value :  1.72750e-03
 Reference value :  1.72830e-03
 Reference value :  1.72930e-03
 Reference value :  1.73030e-03
 Reference value :  1.73110e-03
 Reference value :  1.73190e-03
 Reference value :  1.73290e-03
 Reference value :  1.73390e-03
 Reference value :  1.73470e-03
 Reference value :  1.73570e-03
 Reference value :  1.73670e-03
 Reference value :  1.73770e-03
 Reference value :  1.73890e-03
 Reference value :  1.73970e-03
 Reference value :  1.74050e-03
 Reference value :  1.74150e-03
 Reference value :  1.74250e-03
 Reference value :  1.74350e-03
 Reference value :  1.74430e-03
 Reference value :  1.74510e-03
 Reference value :  1.74610e-03
 Reference value :  1.74690e-03
 Reference value :  1.74790e-03
 Reference value :  1.74890e-03
 Reference value :  1.74950e-03
 Reference value :  1.75030e-03
 Reference value :  1.75090e-03
 Reference value :  1.75170e-03
 Reference value :  1.75250e-03
 Reference value :  1.75330e-03
 Reference value :  1.75430e-03
 Reference value :  1.75510e-03
 Reference value :  1.75590e-03
 Reference value :  1.75690e-03
 Reference value :  1.75770e-03
 Reference value :  1.75830e-03
 Reference value :  1.75910e-03
 Reference value :  1.75970e-03
 Reference value :  1.76030e-03
 Reference value :  1.76110e-03
 Reference value :  1.76190e-03
 Reference value :  1.76270e-03
 Reference value :  1.76370e-03
 Reference value :  1.76470e-03
 Reference value :  1.76550e-03
 Reference value :  1.76670e-03
 Reference value :  1.76790e-03
 Reference value :  1.76890e-03
 Reference value :  1.76970e-03
 Reference value :  1.77070e-03
 Reference value :  1.77190e-03
 Reference value :  1.77290e-03
 Reference value :  1.77410e-03
 Reference value :  1.77510e-03
 Reference value :  1.77590e-03
 Reference value :  1.77670e-03
 Reference value :  1.77770e-03
 Reference value :  1.77850e-03
 Reference value :  1.77950e-03
 Reference value :  1.78030e-03
 Reference value :  1.78110e-03
 Reference value :  1.78190e-03
 Reference value :  1.78270e-03
 Reference value :  1.78350e-03
 Reference value :  1.78430e-03
 Reference value :  1.78510e-03
 Reference value :  1.78570e-03
 Reference value :  1.78650e-03
 Reference value :  1.78730e-03
 Reference value :  1.78830e-03
 Reference value :  1.78910e-03
 Reference value :  1.79010e-03
 Reference value :  1.79090e-03
 Reference value :  1.79170e-03
 Reference value :  1.79250e-03
 Reference value :  1.79310e-03
 Reference value :  1.79410e-03
 Reference value :  1.79490e-03
 Reference value :  1.79550e-03
 Reference value :  1.79610e-03
 Reference value :  1.79690e-03
 Reference value :  1.79770e-03
 Reference value :  1.79830e-03
 Reference value :  1.79910e-03
 Reference value :  1.79990e-03
 Reference value :  1.80050e-03
 Reference value :  1.80110e-03
 Reference value :  1.80190e-03
 Reference value :  1.80250e-03
 Reference value :  1.80310e-03
 Reference value :  1.80390e-03
 Reference value :  1.80470e-03
 Reference value :  1.80550e-03
 Reference value :  1.80610e-03
 Reference value :  1.80690e-03
 Reference value :  1.80770e-03
 Reference value :  1.80830e-03
 Reference value :  1.80930e-03
 Reference value :  1.81030e-03
 Reference value :  1.81130e-03
 Reference value :  1.81210e-03
 Reference value :  1.81290e-03
 Reference value :  1.81370e-03
 Reference value :  1.81450e-03
 Reference value :  1.81550e-03
 Reference value :  1.81630e-03
 Reference value :  1.81730e-03
 Reference value :  1.81810e-03
 Reference value :  1.81890e-03
 Reference value :  1.81970e-03
 Reference value :  1.82030e-03
 Reference value :  1.82090e-03
 Reference value :  1.82150e-03
 Reference value :  1.82250e-03
 Reference value :  1.82330e-03
 Reference value :  1.82390e-03
 Reference value :  1.82470e-03
 Reference value :  1.82550e-03
 Reference value :  1.82670e-03
 Reference value :  1.82770e-03
 Reference value :  1.82870e-03
 Reference value :  1.82950e-03
 Reference value :  1.83030e-03
 Reference value :  1.83090e-03
 Reference value :  1.83210e-03
 Reference value :  1.83290e-03
 Reference value :  1.83370e-03
 Reference value :  1.83450e-03
 Reference value :  1.83550e-03
 Reference value :  1.83630e-03
 Reference value :  1.83710e-03
 Reference value :  1.83790e-03
 Reference value :  1.83870e-03
 Reference value :  1.83930e-03
 Reference value :  1.84010e-03
 Reference value :  1.84070e-03
 Reference value :  1.84130e-03
 Reference value :  1.84190e-03
 Reference value :  1.84270e-03
 Reference value :  1.84350e-03
 Reference value :  1.84450e-03
 Reference value :  1.84530e-03
 Reference value :  1.84610e-03
 Reference value :  1.84690e-03
 Reference value :  1.84770e-03
 Reference value :  1.84870e-03
 Reference value :  1.84970e-03
 Reference value :  1.85050e-03
 Reference value :  1.85150e-03
 Reference value :  1.85250e-03
 Reference value :  1.85310e-03
 Reference value :  1.85370e-03
 Reference value :  1.85470e-03
 Reference value :  1.85550e-03
 Reference value :  1.85630e-03
 Reference value :  1.85710e-03
 Reference value :  1.85790e-03
 Reference value :  1.85870e-03
 Reference value :  1.85950e-03
 Reference value :  1.86010e-03
 Reference value :  1.86090e-03
 Reference value :  1.86150e-03
 Reference value :  1.86230e-03
 Reference value :  1.86310e-03
 Reference value :  1.86390e-03
 Reference value :  1.86470e-03
 Reference value :  1.86550e-03
 Reference value :  1.86630e-03
 Reference value :  1.86690e-03
 Reference value :  1.86770e-03
 Reference value :  1.86850e-03
 Reference value :  1.86930e-03
 Reference value :  1.87030e-03
 Reference value :  1.87110e-03
 Reference value :  1.87170e-03
 Reference value :  1.87270e-03
 Reference value :  1.87370e-03
 Reference value :  1.87470e-03
 Reference value :  1.87550e-03
 Reference value :  1.87630e-03
 Reference value :  1.87690e-03
 Reference value :  1.87770e-03
 Reference value :  1.87850e-03
 Reference value :  1.87930e-03
 Reference value :  1.88010e-03
 Reference value :  1.88090e-03
 Reference value :  1.88170e-03
 Reference value :  1.88290e-03
 Reference value :  1.88390e-03
 Reference value :  1.88470e-03
 Reference value :  1.88530e-03
 Reference value :  1.88610e-03
 Reference value :  1.88690e-03
 Reference value :  1.88750e-03
 Reference value :  1.88810e-03
 Reference value :  1.88870e-03
 Reference value :  1.88930e-03
 Reference value :  1.89010e-03
 Reference value :  1.89090e-03
 Reference value :  1.89170e-03
 Reference value :  1.89250e-03
 Reference value :  1.89330e-03
 Reference value :  1.89410e-03
 Reference value :  1.89470e-03
 Reference value :  1.89530e-03
 Reference value :  1.89610e-03
 Reference value :  1.89710e-03
 Reference value :  1.89830e-03
 Reference value :  1.89910e-03
 Reference value :  1.89990e-03
 Reference value :  1.90090e-03
 Reference value :  1.90190e-03
 Reference value :  1.90270e-03
 Reference value :  1.90330e-03
 Reference value :  1.90410e-03
 Reference value :  1.90490e-03
 Reference value :  1.90570e-03
 Reference value :  1.90650e-03
 Reference value :  1.90730e-03
 Reference value :  1.90790e-03
 Reference value :  1.90870e-03
 Reference value :  1.90950e-03
 Reference value :  1.91010e-03
 Reference value :  1.91090e-03
 Reference value :  1.91190e-03
 Reference value :  1.91270e-03
 Reference value :  1.91350e-03
 Reference value :  1.91430e-03
 Reference value :  1.91510e-03
 Reference value :  1.91610e-03
 Reference value :  1.91690e-03
 Reference value :  1.91770e-03
 Reference value :  1.91850e-03
 Reference value :  1.91930e-03
 Reference value :  1.92010e-03
 Reference value :  1.92090e-03
 Reference value :  1.92170e-03
 Reference value :  1.92270e-03
 Reference value :  1.92350e-03
 Reference value :  1.92430e-03
 Reference value :  1.92510e-03
 Reference value :  1.92590e-03
 Reference value :  1.92670e-03
 Reference value :  1.92750e-03
 Reference value :  1.92830e-03
 Reference value :  1.92890e-03
 Reference value :  1.92970e-03
 Reference value :  1.93070e-03
 Reference value :  1.93170e-03
 Reference value :  1.93250e-03
 Reference value :  1.93310e-03
 Reference value :  1.93410e-03
 Reference value :  1.93490e-03
 Reference value :  1.93570e-03
 Reference value :  1.93650e-03
 Reference value :  1.93730e-03
 Reference value :  1.93790e-03
 Reference value :  1.93870e-03
 Reference value :  1.93950e-03
 Reference value :  1.94030e-03
 Reference value :  1.94110e-03
 Reference value :  1.94190e-03
 Reference value :  1.94270e-03
 Reference value :  1.94350e-03
 Reference value :  1.94430e-03
 Reference value :  1.94510e-03
 Reference value :  1.94590e-03
 Reference value :  1.94650e-03
 Reference value :  1.94710e-03
 Reference value :  1.94790e-03
 Reference value :  1.94870e-03
 Reference value :  1.94930e-03
 Reference value :  1.94990e-03
 Reference value :  1.95050e-03
 Reference value :  1.95110e-03
 Reference value :  1.95170e-03
 Reference value :  1.95250e-03
 Reference value :  1.95310e-03
 Reference value :  1.95410e-03
 Reference value :  1.95470e-03
 Reference value :  1.95550e-03
 Reference value :  1.95630e-03
 Reference value :  1.95710e-03
 Reference value :  1.95790e-03
 Reference value :  1.95870e-03
 Reference value :  1.95950e-03
 Reference value :  1.96030e-03
 Reference value :  1.96110e-03
 Reference value :  1.96170e-03
 Reference value :  1.96230e-03
 Reference value :  1.96290e-03
 Reference value :  1.96370e-03
 Reference value :  1.96450e-03
 Reference value :  1.96510e-03
 Reference value :  1.96590e-03
 Reference value :  1.96670e-03
 Reference value :  1.96790e-03
 Reference value :  1.96910e-03
 Reference value :  1.96990e-03
 Reference value :  1.97090e-03
 Reference value :  1.97190e-03
 Reference value :  1.97270e-03
 Reference value :  1.97350e-03
 Reference value :  1.97430e-03
 Reference value :  1.97510e-03
 Reference value :  1.97610e-03
 Reference value :  1.97690e-03
 Reference value :  1.97790e-03
 Reference value :  1.97870e-03
 Reference value :  1.97950e-03
 Reference value :  1.98010e-03
 Reference value :  1.98090e-03
 Reference value :  1.98150e-03
 Reference value :  1.98230e-03
 Reference value :  1.98310e-03
 Reference value :  1.98390e-03
 Reference value :  1.98470e-03
 Reference value :  1.98550e-03
 Reference value :  1.98670e-03
 Reference value :  1.98750e-03
 Reference value :  1.98830e-03
 Reference value :  1.98890e-03
 Reference value :  1.98970e-03
 Reference value :  1.99030e-03
 Reference value :  1.99110e-03
 Reference value :  1.99190e-03
 Reference value :  1.99250e-03
 Reference value :  1.99310e-03
 Reference value :  1.99370e-03
 Reference value :  1.99450e-03
 Reference value :  1.99570e-03
 Reference value :  1.99650e-03
 Reference value :  1.99730e-03
 Reference value :  1.99810e-03
 Reference value :  1.99870e-03
 Reference value :  1.99930e-03
 Reference value :  2.00010e-03
 Reference value :  2.00110e-03
 Reference value :  2.00210e-03
 Reference value :  2.00290e-03
 Reference value :  2.00390e-03
 Reference value :  2.00470e-03
 Reference value :  2.00570e-03
 Reference value :  2.00650e-03
 Reference value :  2.00750e-03
 Reference value :  2.00850e-03
 Reference value :  2.00950e-03
 Reference value :  2.01030e-03
 Reference value :  2.01110e-03
 Reference value :  2.01210e-03
 Reference value :  2.01310e-03
 Reference value :  2.01390e-03
 Reference value :  2.01470e-03
 Reference value :  2.01550e-03
 Reference value :  2.01630e-03
 Reference value :  2.01690e-03
 Reference value :  2.01750e-03
 Reference value :  2.01830e-03
 Reference value :  2.01930e-03
 Reference value :  2.02030e-03
 Reference value :  2.02110e-03
 Reference value :  2.02170e-03
 Reference value :  2.02230e-03
 Reference value :  2.02310e-03
 Reference value :  2.02390e-03
 Reference value :  2.02470e-03
 Reference value :  2.02550e-03
 Reference value :  2.02650e-03
 Reference value :  2.02770e-03
 Reference value :  2.02870e-03
 Reference value :  2.02950e-03
 Reference value :  2.03030e-03
 Reference value :  2.03110e-03
 Reference value :  2.03230e-03
 Reference value :  2.03310e-03
 Reference value :  2.03390e-03
 Reference value :  2.03450e-03
 Reference value :  2.03510e-03
 Reference value :  2.03590e-03
 Reference value :  2.03650e-03
 Reference value :  2.03730e-03
 Reference value :  2.03810e-03
 Reference value :  2.03890e-03
 Reference value :  2.03950e-03
 Reference value :  2.04010e-03
 Reference value :  2.04090e-03
 Reference value :  2.04210e-03
 Reference value :  2.04350e-03
 Reference value :  2.04410e-03
 Reference value :  2.04490e-03
 Reference value :  2.04590e-03
 Reference value :  2.04670e-03
 Reference value :  2.04790e-03
 Reference value :  2.04890e-03
 Reference value :  2.04970e-03
 Reference value :  2.05050e-03
 Reference value :  2.05110e-03
 Reference value :  2.05190e-03
 Reference value :  2.05270e-03
 Reference value :  2.05350e-03
 Reference value :  2.05430e-03
 Reference value :  2.05510e-03
 Reference value :  2.05590e-03
 Reference value :  2.05670e-03
 Reference value :  2.05750e-03
 Reference value :  2.05830e-03
 Reference value :  2.05890e-03
 Reference value :  2.05990e-03
 Reference value :  2.06050e-03
 Reference value :  2.06130e-03
 Reference value :  2.06210e-03
 Reference value :  2.06270e-03
 Reference value :  2.06350e-03
 Reference value :  2.06450e-03
 Reference value :  2.06530e-03
 Reference value :  2.06610e-03
 Reference value :  2.06690e-03
 Reference value :  2.06770e-03
 Reference value :  2.06850e-03
 Reference value :  2.06930e-03
 Reference value :  2.07030e-03
 Reference value :  2.07090e-03
 Reference value :  2.07150e-03
 Reference value :  2.07210e-03
 Reference value :  2.07330e-03
 Reference value :  2.07390e-03
 Reference value :  2.07450e-03
 Reference value :  2.07530e-03
 Reference value :  2.07610e-03
 Reference value :  2.07710e-03
 Reference value :  2.07790e-03
 Reference value :  2.07870e-03
 Reference value :  2.07950e-03
 Reference value :  2.08050e-03
 Reference value :  2.08130e-03
 Reference value :  2.08210e-03
 Reference value :  2.08290e-03
 Reference value :  2.08370e-03
 Reference value :  2.08450e-03
 Reference value :  2.08530e-03
 Reference value :  2.08610e-03
 Reference value :  2.08670e-03
 Reference value :  2.08750e-03
 Reference value :  2.08830e-03
 Reference value :  2.08890e-03
 Reference value :  2.08970e-03
 Reference value :  2.09050e-03
 Reference value :  2.09110e-03
 Reference value :  2.09190e-03
 Reference value :  2.09270e-03
 Reference value :  2.09330e-03
 Reference value :  2.09390e-03
 Reference value :  2.09450e-03
 Reference value :  2.09510e-03
 Reference value :  2.09590e-03
 Reference value :  2.09650e-03
 Reference value :  2.09730e-03
 Reference value :  2.09810e-03
 Reference value :  2.09870e-03
 Reference value :  2.09950e-03
 Reference value :  2.10030e-03
 Reference value :  2.10110e-03
 Reference value :  2.10190e-03
 Reference value :  2.10270e-03
 Reference value :  2.10350e-03
 Reference value :  2.10430e-03
 Reference value :  2.10510e-03
 Reference value :  2.10590e-03
 Reference value :  2.10670e-03
 Reference value :  2.10750e-03
 Reference value :  2.10810e-03
 Reference value :  2.10890e-03
 Reference value :  2.10970e-03
 Reference value :  2.11030e-03
 Reference value :  2.11090e-03
 Reference value :  2.11150e-03
 Reference value :  2.11230e-03
 Reference value :  2.11290e-03
 Reference value :  2.11370e-03
 Reference value :  2.11450e-03
 Reference value :  2.11530e-03
 Reference value :  2.11610e-03
 Reference value :  2.11710e-03
 Reference value :  2.11790e-03
 Reference value :  2.11870e-03
 Reference value :  2.11950e-03
 Reference value :  2.12030e-03
 Reference value :  2.12110e-03
 Reference value :  2.12190e-03
 Reference value :  2.12270e-03
 Reference value :  2.12350e-03
 Reference value :  2.12410e-03
 Reference value :  2.12490e-03
 Reference value :  2.12550e-03
 Reference value :  2.12630e-03
 Reference value :  2.12710e-03
 Reference value :  2.12790e-03
 Reference value :  2.12850e-03
 Reference value :  2.12930e-03
 Reference value :  2.13010e-03
 Reference value :  2.13070e-03
 Reference value :  2.13150e-03
 Reference value :  2.13210e-03
 Reference value :  2.13270e-03
 Reference value :  2.13330e-03
 Reference value :  2.13410e-03
 Reference value :  2.13510e-03
 Reference value :  2.13590e-03
 Reference value :  2.13670e-03
 Reference value :  2.13750e-03
 Reference value :  2.13810e-03
 Reference value :  2.13890e-03
 Reference value :  2.13970e-03
 Reference value :  2.14030e-03
 Reference value :  2.14110e-03
 Reference value :  2.14190e-03
 Reference value :  2.14250e-03
 Reference value :  2.14330e-03
 Reference value :  2.14410e-03
 Reference value :  2.14490e-03
 Reference value :  2.14570e-03
 Reference value :  2.14630e-03
 Reference value :  2.14710e-03
 Reference value :  2.14790e-03
 Reference value :  2.14870e-03
 Reference value :  2.14950e-03
 Reference value :  2.15030e-03
 Reference value :  2.15110e-03
 Reference value :  2.15190e-03
 Reference value :  2.15270e-03
 Reference value :  2.15350e-03
 Reference value :  2.15430e-03
 Reference value :  2.15510e-03
 Reference value :  2.15590e-03
 Reference value :  2.15670e-03
 Reference value :  2.15750e-03
 Reference value :  2.15830e-03
 Reference value :  2.15910e-03
 Reference value :  2.15990e-03
 Reference value :  2.16090e-03
 Reference value :  2.16170e-03
 Reference value :  2.16250e-03
 Reference value :  2.16330e-03
 Reference value :  2.16430e-03
 Reference value :  2.16530e-03
 Reference value :  2.16610e-03
 Reference value :  2.16690e-03
 Reference value :  2.16770e-03
 Reference value :  2.16850e-03
 Reference value :  2.16930e-03
 Reference value :  2.17010e-03
 Reference value :  2.17090e-03
 Reference value :  2.17190e-03
 Reference value :  2.17270e-03
 Reference value :  2.17350e-03
 Reference value :  2.17430e-03
 Reference value :  2.17510e-03
 Reference value :  2.17590e-03
 Reference value :  2.17670e-03
 Reference value :  2.17750e-03
 Reference value :  2.17830e-03
 Reference value :  2.17910e-03
 Reference value :  2.17990e-03
 Reference value :  2.18070e-03
 Reference value :  2.18150e-03
 Reference value :  2.18230e-03
 Reference value :  2.18310e-03
 Reference value :  2.18390e-03
 Reference value :  2.18450e-03
 Reference value :  2.18530e-03
 Reference value :  2.18610e-03
 Reference value :  2.18690e-03
 Reference value :  2.18770e-03
 Reference value :  2.18830e-03
 Reference value :  2.18890e-03
 Reference value :  2.18950e-03
 Reference value :  2.19010e-03
 Reference value :  2.19090e-03
 Reference value :  2.19170e-03
 Reference value :  2.19250e-03
 Reference value :  2.19330e-03
 Reference value :  2.19410e-03
 Reference value :  2.19490e-03
 Reference value :  2.19570e-03
 Reference value :  2.19630e-03
 Reference value :  2.19690e-03
 Reference value :  2.19770e-03
 Reference value :  2.19830e-03
 Reference value :  2.19910e-03
 Reference value :  2.19970e-03
 Reference value :  2.20050e-03
 Reference value :  2.20110e-03
 Reference value :  2.20190e-03
 Reference value :  2.20270e-03
 Reference value :  2.20350e-03
 Reference value :  2.20410e-03
 Reference value :  2.20490e-03
 Reference value :  2.20550e-03
 Reference value :  2.20610e-03
 Reference value :  2.20690e-03
 Reference value :  2.20770e-03
 Reference value :  2.20850e-03
 Reference value :  2.20930e-03
 Reference value :  2.21010e-03
 Reference value :  2.21090e-03
 Reference value :  2.21170e-03
 Reference value :  2.21230e-03
 Reference value :  2.21310e-03
 Reference value :  2.21390e-03
 Reference value :  2.21470e-03
 Reference value :  2.21550e-03
 Reference value :  2.21630e-03
 Reference value :  2.21710e-03
 Reference value :  2.21790e-03
 Reference value :  2.21870e-03
 Reference value :  2.21950e-03
 Reference value :  2.22030e-03
 Reference value :  2.22110e-03
 Reference value :  2.22190e-03
 Reference value :  2.22290e-03
 Reference value :  2.22370e-03
 Reference value :  2.22450e-03
 Reference value :  2.22530e-03
 Reference value :  2.22610e-03
 Reference value :  2.22690e-03
 Reference value :  2.22770e-03
 Reference value :  2.22850e-03
 Reference value :  2.22930e-03
 Reference value :  2.23010e-03
 Reference value :  2.23090e-03
 Reference value :  2.23170e-03
 Reference value :  2.23250e-03
 Reference value :  2.23330e-03
 Reference value :  2.23410e-03
 Reference value :  2.23490e-03
 Reference value :  2.23570e-03
 Reference value :  2.23650e-03
 Reference value :  2.23730e-03
 Reference value :  2.23810e-03
 Reference value :  2.23890e-03
 Reference value :  2.23970e-03
 Reference value :  2.24050e-03
 Reference value :  2.24130e-03
 Reference value :  2.24230e-03
 Reference value :  2.24310e-03
 Reference value :  2.24390e-03
 Reference value :  2.24470e-03
 Reference value :  2.24550e-03
 Reference value :  2.24630e-03
 Reference value :  2.24710e-03
 Reference value :  2.24790e-03
 Reference value :  2.24870e-03
 Reference value :  2.24930e-03
 Reference value :  2.25010e-03
 Reference value :  2.25070e-03
 Reference value :  2.25130e-03
 Reference value :  2.25210e-03
 Reference value :  2.25270e-03
 Reference value :  2.25350e-03
 Reference value :  2.25410e-03
 Reference value :  2.25470e-03
 Reference value :  2.25550e-03
 Reference value :  2.25630e-03
 Reference value :  2.25710e-03
 Reference value :  2.25790e-03
 Reference value :  2.25870e-03
 Reference value :  2.25950e-03
 Reference value :  2.26030e-03
 Reference value :  2.26110e-03
 Reference value :  2.26190e-03
 Reference value :  2.26290e-03
 Reference value :  2.26370e-03
 Reference value :  2.26450e-03
 Reference value :  2.26530e-03
 Reference value :  2.26610e-03
 Reference value :  2.26710e-03
 Reference value :  2.26790e-03
 Reference value :  2.26890e-03
 Reference value :  2.26970e-03
 Reference value :  2.27050e-03
 Reference value :  2.27130e-03
 Reference value :  2.27210e-03
 Reference value :  2.27290e-03
 Reference value :  2.27370e-03
 Reference value :  2.27450e-03
 Reference value :  2.27530e-03
 Reference value :  2.27590e-03
 Reference value :  2.27670e-03
 Reference value :  2.27750e-03
 Reference value :  2.27850e-03
 Reference value :  2.27930e-03
 Reference value :  2.28010e-03
 Reference value :  2.28090e-03
 Reference value :  2.28170e-03
 Reference value :  2.28250e-03
 Reference value :  2.28330e-03
 Reference value :  2.28430e-03
 Reference value :  2.28510e-03
 Reference value :  2.28590e-03
 Reference value :  2.28690e-03
 Reference value :  2.28770e-03
 Reference value :  2.28850e-03
 Reference value :  2.28930e-03
 Reference value :  2.28990e-03
 Reference value :  2.29070e-03
 Reference value :  2.29150e-03
 Reference value :  2.29230e-03
 Reference value :  2.29330e-03
 Reference value :  2.29410e-03
 Reference value :  2.29490e-03
 Reference value :  2.29610e-03
 Reference value :  2.29690e-03
 Reference value :  2.29770e-03
 Reference value :  2.29850e-03
 Reference value :  2.29930e-03
 Reference value :  2.30010e-03
 Reference value :  2.30090e-03
 Reference value :  2.30170e-03
 Reference value :  2.30230e-03
 Reference value :  2.30330e-03
 Reference value :  2.30390e-03
 Reference value :  2.30470e-03
 Reference value :  2.30570e-03
 Reference value :  2.30650e-03
 Reference value :  2.30730e-03
 Reference value :  2.30810e-03
 Reference value :  2.30890e-03
 Reference value :  2.30990e-03
 Reference value :  2.31070e-03
 Reference value :  2.31170e-03
 Reference value :  2.31250e-03
 Reference value :  2.31310e-03
 Reference value :  2.31390e-03
 Reference value :  2.31470e-03
 Reference value :  2.31550e-03
 Reference value :  2.31630e-03
 Reference value :  2.31710e-03
 Reference value :  2.31790e-03
 Reference value :  2.31870e-03
 Reference value :  2.31930e-03
 Reference value :  2.32010e-03
 Reference value :  2.32090e-03
 Reference value :  2.32170e-03
 Reference value :  2.32250e-03
 Reference value :  2.32330e-03
 Reference value :  2.32410e-03
 Reference value :  2.32470e-03
 Reference value :  2.32550e-03
 Reference value :  2.32610e-03
 Reference value :  2.32690e-03
 Reference value :  2.32750e-03
 Reference value :  2.32850e-03
 Reference value :  2.32930e-03
 Reference value :  2.33050e-03
 Reference value :  2.33130e-03
 Reference value :  2.33210e-03
 Reference value :  2.33290e-03
 Reference value :  2.33370e-03
 Reference value :  2.33450e-03
 Reference value :  2.33530e-03
 Reference value :  2.33610e-03
 Reference value :  2.33710e-03
 Reference value :  2.33810e-03
 Reference value :  2.33910e-03
 Reference value :  2.34010e-03
 Reference value :  2.34130e-03
 Reference value :  2.34190e-03
 Reference value :  2.34270e-03
 Reference value :  2.34370e-03
 Reference value :  2.34470e-03
 Reference value :  2.34550e-03
 Reference value :  2.34630e-03
 Reference value :  2.34710e-03
 Reference value :  2.34790e-03
 Reference value :  2.34850e-03
 Reference value :  2.34930e-03
 Reference value :  2.35030e-03
 Reference value :  2.35130e-03
 Reference value :  2.35230e-03
 Reference value :  2.35310e-03
 Reference value :  2.35410e-03
 Reference value :  2.35510e-03
 Reference value :  2.35610e-03
 Reference value :  2.35670e-03
 Reference value :  2.35730e-03
 Reference value :  2.35830e-03
 Reference value :  2.35930e-03
 Reference value :  2.36030e-03
 Reference value :  2.36110e-03
 Reference value :  2.36170e-03
 Reference value :  2.36250e-03
 Reference value :  2.36330e-03
 Reference value :  2.36390e-03
 Reference value :  2.36490e-03
 Reference value :  2.36570e-03
 Reference value :  2.36670e-03
 Reference value :  2.36750e-03
 Reference value :  2.36830e-03
 Reference value :  2.36910e-03
 Reference value :  2.36990e-03
 Reference value :  2.37070e-03
 Reference value :  2.37150e-03
 Reference value :  2.37230e-03
 Reference value :  2.37290e-03
 Reference value :  2.37370e-03
 Reference value :  2.37450e-03
 Reference value :  2.37530e-03
 Reference value :  2.37610e-03
 Reference value :  2.37690e-03
 Reference value :  2.37770e-03
 Reference value :  2.37850e-03
 Reference value :  2.37910e-03
 Reference value :  2.37990e-03
 Reference value :  2.38070e-03
 Reference value :  2.38150e-03
 Reference value :  2.38210e-03
 Reference value :  2.38270e-03
 Reference value :  2.38350e-03
 Reference value :  2.38430e-03
 Reference value :  2.38530e-03
 Reference value :  2.38630e-03
 Reference value :  2.38730e-03
 Reference value :  2.38810e-03
 Reference value :  2.38890e-03
 Reference value :  2.38990e-03
 Reference value :  2.39070e-03
 Reference value :  2.39170e-03
 Reference value :  2.39250e-03
 Reference value :  2.39350e-03
 Reference value :  2.39410e-03
 Reference value :  2.39490e-03
 Reference value :  2.39570e-03
 Reference value :  2.39650e-03
 Reference value :  2.39730e-03
 Reference value :  2.39830e-03
 Reference value :  2.39910e-03
 Reference value :  2.39990e-03
 Reference value :  2.40050e-03
 Reference value :  2.40110e-03
 Reference value :  2.40190e-03
 Reference value :  2.40250e-03
 Reference value :  2.40330e-03
 Reference value :  2.40390e-03
 Reference value :  2.40470e-03
 Reference value :  2.40550e-03
 Reference value :  2.40650e-03
 Reference value :  2.40750e-03
 Reference value :  2.40830e-03
 Reference value :  2.40910e-03
 Reference value :  2.40990e-03
 Reference value :  2.41050e-03
 Reference value :  2.41130e-03
 Reference value :  2.41210e-03
 Reference value :  2.41270e-03
 Reference value :  2.41350e-03
 Reference value :  2.41450e-03
 Reference value :  2.41530e-03
 Reference value :  2.41590e-03
 Reference value :  2.41690e-03
 Reference value :  2.41750e-03
 Reference value :  2.41830e-03
 Reference value :  2.41910e-03
 Reference value :  2.41970e-03
 Reference value :  2.42050e-03
 Reference value :  2.42130e-03
 Reference value :  2.42210e-03
 Reference value :  2.42350e-03
 Reference value :  2.42550e-03
 Reference value :  2.42650e-03
 Reference value :  2.42750e-03
 Reference value :  2.42850e-03
 Reference value :  2.42950e-03
 Reference value :  2.43050e-03
 Reference value :  2.43150e-03
 Reference value :  2.43250e-03
 Reference value :  2.43330e-03
 Reference value :  2.43410e-03
 Reference value :  2.43490e-03
 Reference value :  2.43550e-03
 Reference value :  2.43630e-03
 Reference value :  2.43690e-03
 Reference value :  2.43770e-03
 Reference value :  2.43850e-03
 Reference value :  2.43970e-03
 Reference value :  2.44050e-03
 Reference value :  2.44130e-03
 Reference value :  2.44210e-03
 Reference value :  2.44290e-03
 Reference value :  2.44370e-03
 Reference value :  2.44450e-03
 Reference value :  2.44530e-03
 Reference value :  2.44590e-03
 Reference value :  2.44690e-03
 Reference value :  2.44770e-03
 Reference value :  2.44830e-03
 Reference value :  2.44910e-03
 Reference value :  2.45010e-03
 Reference value :  2.45090e-03
 Reference value :  2.45170e-03
 Reference value :  2.45230e-03
 Reference value :  2.45330e-03
 Reference value :  2.45410e-03
 Reference value :  2.45490e-03
 Reference value :  2.45570e-03
 Reference value :  2.45670e-03
 Reference value :  2.45750e-03
 Reference value :  2.45850e-03
 Reference value :  2.45930e-03
 Reference value :  2.46030e-03
 Reference value :  2.46110e-03
 Reference value :  2.46190e-03
 Reference value :  2.46270e-03
 Reference value :  2.46350e-03
 Reference value :  2.46430e-03
 Reference value :  2.46510e-03
 Reference value :  2.46590e-03
 Reference value :  2.46670e-03
 Reference value :  2.46730e-03
 Reference value :  2.46810e-03
 Reference value :  2.46870e-03
 Reference value :  2.46950e-03
 Reference value :  2.47050e-03
 Reference value :  2.47110e-03
 Reference value :  2.47170e-03
 Reference value :  2.47250e-03
 Reference value :  2.47310e-03
 Reference value :  2.47390e-03
 Reference value :  2.47450e-03
 Reference value :  2.47530e-03
 Reference value :  2.47610e-03
 Reference value :  2.47670e-03
 Reference value :  2.47750e-03
 Reference value :  2.47830e-03
 Reference value :  2.47910e-03
 Reference value :  2.47990e-03
 Reference value :  2.48070e-03
 Reference value :  2.48150e-03
 Reference value :  2.48230e-03
 Reference value :  2.48290e-03
 Reference value :  2.48370e-03
 Reference value :  2.48470e-03
 Reference value :  2.48550e-03
 Reference value :  2.48630e-03
 Reference value :  2.48730e-03
 Reference value :  2.48790e-03
 Reference value :  2.48910e-03
 Reference value :  2.49030e-03
 Reference value :  2.49110e-03
 Reference value :  2.49210e-03
 Reference value :  2.49310e-03
 Reference value :  2.49390e-03
 Reference value :  2.49470e-03
 Reference value :  2.49550e-03
 Reference value :  2.49630e-03
 Reference value :  2.49710e-03
 Reference value :  2.49790e-03
 Reference value :  2.49890e-03
 Reference value :  2.49950e-03
No. of Data Rows : 12576
t_vdd_s             =  7.98898e-04
t_ref_s             =  7.92887e-04
t_vdd_f             =  7.98898e-07
t_ref_f             =  8.89089e-07
t_vdd_g             =  7.98898e-10
t_ref_g             =  1.79262e-09
v_s                 =  1.13116e+00
v_f                 =  1.13116e+00
v_g                 =  1.13116e+00
v_n                 =  5.54953e-02
g_n                 =  3.59908e+00
isg                 =  -3.90256e-05
meas_t_start_s = -6.01130e-06
meas_t_start_f = 9.019140e-08
meas_t_start_g = 9.937249e-10
meas_t_abs_s = 7.928868e-04
meas_vref_s = 1.131156e+00
meas_vref_f = 1.131156e+00
meas_vref_g = 1.131156e+00
meas_vref_spread = 0.000000e+00
meas_vref_n = 5.549529e-02
meas_gn_n = 3.599076e+00
meas_isup_g = 3.902555e-05
ngspice-46 done

# ==== ngspice stderr ====

