# point: tt_mm_pnp_27c_3.30v
# record: 20260803-142259-544cc5e
# role: mismatch -- local-mismatch distribution, PNP array only (Q1 CTAT + Q2 PTAT), at the nominal process point
# config=pnp section=tt_mm temp=27C supply=3.30V seed=20260803 samples=300
# pdk: sky130A @ open_pdks c6d73a35f524070e85faff4a6a9eef49553ebc2b (/home/ubuntu/.volare/sky130A/libs.tech/combined/sky130.lib.spice)
# ngspice exit: 0
# run (UTC): 2026-08-03T14:22:59Z

# ==== .spiceinit (exact) ====
| * ngspice init settings for the sky130 PDK model libraries.
| *
| * The corner runner copies this file into its scratch run directory as
| * `.spiceinit` before invoking ngspice, so runs do not depend on whatever
| * happens to be in ~/.spiceinit. To drive ngspice by hand with the same
| * settings, copy this file to `.spiceinit` in your working directory.
| *
| * Derived from the PDK's own libs.tech/ngspice/spinit; kept in-repo so the
| * settings a record was produced under are versioned with the harness.
| 
| set ngbehavior=hsa     ; HSPICE-ish compatibility, required to read PDK libs
| set skywaterpdk        ; skip some checks for faster lib loading
| set ng_nomodcheck      ; do not check model parameters
| option noinit          ; do not dump operating point data into the log
| option klu             ; KLU direct linear solver

# ==== deck (exact input given to ngspice) ====
| * monte-carlo-untrimmed Monte Carlo deck (config=pnp) -- generated by sim/monte-carlo-untrimmed/run_mc_untrimmed.py, do not edit
| * point: tt_mm_pnp_27c_3.30v
| .option wnflag=1
| .temp 27
| .param vsup=3.3
| .lib "/home/ubuntu/.volare/sky130A/libs.tech/combined/sky130.lib.spice" tt_mm
| .param sw_mm_sky130_fd_pr__res_high_po=0
| .param sw_mm_sky130_fd_pr__res_generic_po_head=0
| .param sw_mm_vth0_sky130_fd_pr__nfet_g5v0d10v5=0
| .param sw_mm_vth0_sky130_fd_pr__pfet_g5v0d10v5=0
| ** sch_path: sim/output-voltage-tc/testbench/tb_vref_tc.sch
| **.subckt tb_vref_tc
| V1 VDD 0 'vsup'
| .save i(v1)
| XBG VREF GDRV VDD 0 bandgap_core
| **** begin user architecture code
| 
| 
| * DC-solver seed, not a forced solution: see the header note. Without it the
| * solver can settle on the core's degenerate zero-current state, which is
| * what issue #10's startup circuit exists to prevent in silicon.
| .nodeset v(vref)=1.2 v(gdrv)=2.2
| 
| 
| **** end user architecture code
| **.ends
| 
| * expanding   symbol:  design/bandgap_core.sym # of pins=4
| ** sym_path: design/bandgap_core.sym
| ** sch_path: design/bandgap_core.sch
| .subckt bandgap_core VOUT GDRV VDD VSS
| *.opin VOUT
| *.iopin GDRV
| *.iopin VDD
| *.iopin VSS
| **** begin user architecture code
| 
| 
| * ---- Kuijk core parameters (issue #8) ----
| * PNP emitter-area ratio N is built ONLY from paralleled unit devices:
| *   N = (n_pnp_ptat * 11.56 um2) / (n_pnp_ctat * 0.4624 um2)
| * Keep both counts equal to hold the pair's measured dVBE while lowering the
| * per-unit current and sigma(dVBE); raise n_pnp_ptat alone for more PTAT.
| .param n_pnp_ctat=8
| .param n_pnp_ptat=8
| * res_high_po unit segment: W = r_w um, L = r_lseg um (R ~ 380 + 325*L ohm)
| .param r_w=1
| .param r_lseg=5
| * segment counts. K = R2/R1 is set by the integer ratio n_r2/n_r1.
| .param n_r1=7
| .param n_r2=54
| * PMOS mirror multiplicities (unit device W=8u L=2u)
| .param m_out=2
| .param m_ampbias=2
| 
| 
| **** end user architecture code
| XMPOUT VOUT GDRV VDD VDD sky130_fd_pr__pfet_g5v0d10v5 L=2 W=8 nf=1 ad=2.32 as=2.32 pd=16.58 ps=16.58 nrd=0.03625 nrs=0.03625 sa=0 sb=0 sd=0 mult='m_out' m='m_out'
| XMPAMP TAIL GDRV VDD VDD sky130_fd_pr__pfet_g5v0d10v5 L=2 W=8 nf=1 ad=2.32 as=2.32 pd=16.58 ps=16.58 nrd=0.03625 nrs=0.03625 sa=0 sb=0 sd=0 mult='m_ampbias' m='m_ampbias'
| XAMP VB VA GDRV TAIL VDD VSS error_amp
| XR2A VA VOUT VSS sky130_fd_pr__res_high_po W='r_w' L='r_lseg*n_r2' mult=1 m=1
| XR2B VB VOUT VSS sky130_fd_pr__res_high_po W='r_w' L='r_lseg*n_r2' mult=1 m=1
| XQ1 VSS VSS VA sky130_fd_pr__pnp_05v5_W0p68L0p68 m='n_pnp_ctat' mult='n_pnp_ctat'
| XR1 VBQ VB VSS sky130_fd_pr__res_high_po W='r_w' L='r_lseg*n_r1' mult=1 m=1
| XQ2 VSS VSS VBQ sky130_fd_pr__pnp_05v5_W3p40L3p40 m='n_pnp_ptat' mult='n_pnp_ptat'
| .ends
| 
| 
| * expanding   symbol:  design/error_amp.sym # of pins=6
| ** sym_path: design/error_amp.sym
| ** sch_path: design/error_amp.sch
| .subckt error_amp VINP VINN AOUT ITAIL VDD VSS
| *.ipin VINP
| *.ipin VINN
| *.opin AOUT
| *.iopin ITAIL
| *.iopin VDD
| *.iopin VSS
| **** begin user architecture code
| 
| 
| * ---- error-amp device multiplicities (issue #9 sizing) ----
| * Unit geometry is fixed on the instances below; mult is the matching axis
| * (sigma(Vth) scales as 1/sqrt(W*L*mult) in the PDK's own model).
| * amp_m_in    : input-pair PMOS units   (W=20u L=10u each -> 3200 um^2 total)
| * amp_m_nmirr : NMOS load/mirror units  (W=8u  L=20u each ->  640 um^2 total)
| * amp_m_pmirr : PMOS mirror units       (W=6u  L=20u each ->  960 um^2 total)
| * amp_m_cc    : MOS-capacitor units     (W=30u L=20u each -> 9600 um^2 total)
| .param amp_m_in=16
| .param amp_m_nmirr=4
| .param amp_m_pmirr=8
| .param amp_m_cc=16
| 
| 
| **** end user architecture code
| XMP1 D1 VINP ITAIL VDD sky130_fd_pr__pfet_g5v0d10v5 L=10 W=20 nf=1 ad=5.8 as=5.8 pd=40.58 ps=40.58 nrd=0.0145 nrs=0.0145 sa=0 sb=0
| + sd=0 mult='amp_m_in' m='amp_m_in'
| XMP2 D2 VINN ITAIL VDD sky130_fd_pr__pfet_g5v0d10v5 L=10 W=20 nf=1 ad=5.8 as=5.8 pd=40.58 ps=40.58 nrd=0.0145 nrs=0.0145 sa=0 sb=0
| + sd=0 mult='amp_m_in' m='amp_m_in'
| XMN1 D1 D1 VSS VSS sky130_fd_pr__nfet_g5v0d10v5 L=20 W=8 nf=1 ad=2.32 as=2.32 pd=16.58 ps=16.58 nrd=0.03625 nrs=0.03625 sa=0 sb=0 sd=0
| + mult='amp_m_nmirr' m='amp_m_nmirr'
| XMN2 D2 D2 VSS VSS sky130_fd_pr__nfet_g5v0d10v5 L=20 W=8 nf=1 ad=2.32 as=2.32 pd=16.58 ps=16.58 nrd=0.03625 nrs=0.03625 sa=0 sb=0 sd=0
| + mult='amp_m_nmirr' m='amp_m_nmirr'
| XMN3 AOUT D1 VSS VSS sky130_fd_pr__nfet_g5v0d10v5 L=20 W=8 nf=1 ad=2.32 as=2.32 pd=16.58 ps=16.58 nrd=0.03625 nrs=0.03625 sa=0 sb=0
| + sd=0 mult='amp_m_nmirr' m='amp_m_nmirr'
| XMN4 PN D2 VSS VSS sky130_fd_pr__nfet_g5v0d10v5 L=20 W=8 nf=1 ad=2.32 as=2.32 pd=16.58 ps=16.58 nrd=0.03625 nrs=0.03625 sa=0 sb=0 sd=0
| + mult='amp_m_nmirr' m='amp_m_nmirr'
| XMP4 AOUT PN VDD VDD sky130_fd_pr__pfet_g5v0d10v5 L=20 W=6 nf=1 ad=1.74 as=1.74 pd=12.58 ps=12.58 nrd=0.0483333333333333 nrs=0.0483333333333333
| + sa=0 sb=0 sd=0 mult='amp_m_pmirr' m='amp_m_pmirr'
| XMP3 PN PN VDD VDD sky130_fd_pr__pfet_g5v0d10v5 L=20 W=6 nf=1 ad=1.74 as=1.74 pd=12.58 ps=12.58 nrd=0.0483333333333333 nrs=0.0483333333333333
| + sa=0 sb=0 sd=0 mult='amp_m_pmirr' m='amp_m_pmirr'
| XMCC VDD AOUT VDD VDD sky130_fd_pr__pfet_g5v0d10v5 L=20 W=30 nf=1 ad=8.7 as=8.7 pd=60.58 ps=60.58 nrd=0.00966666666666667 nrs=0.00966666666666667
| + sa=0 sb=0 sd=0 mult='amp_m_cc' m='amp_m_cc'
| .ends
| 
| .control
| setseed 20260803
| set width = 512
| set height = 100000
| let nruns = 300
| let run = 0
| dowhile run < nruns
|   reset
|   save all
|   op
|   let vout = v(vref)
|   let vgdrv = v(gdrv)
|   print vout vgdrv
|   let run = run + 1
| end
| quit
| .endc
| .end

# ==== ngspice stdout+stderr ====

Note: Compatibility modes selected: hs a


Circuit: * monte-carlo-untrimmed monte carlo deck (config=pnp) -- generated by sim/monte-carlo-untrimmed/run_mc_untrimmed.py, do not edit

option SCALE: Scale is set to 1e-06 for instance and model parameters
option SCALE: Scale is set to 1e-06 for instance and model parameters
option SCALE: Scale is set to 1e-06 for instance and model parameters
option SCALE: Scale is set to 1e-06 for instance and model parameters
Reset re-loads circuit * monte-carlo-untrimmed monte carlo deck (config=pnp) -- generated by sim/monte-carlo-untrimmed/run_mc_untrimmed.py, do not edit

Circuit: * monte-carlo-untrimmed monte carlo deck (config=pnp) -- generated by sim/monte-carlo-untrimmed/run_mc_untrimmed.py, do not edit

option SCALE: Scale is set to 1e-06 for instance and model parameters
option SCALE: Scale is set to 1e-06 for instance and model parameters
option SCALE: Scale is set to 1e-06 for instance and model parameters
option SCALE: Scale is set to 1e-06 for instance and model parameters
Doing analysis at TEMP = 27.000000 and TNOM = 27.000000

Using KLU as Direct Linear Solver
 Reference value :  0.00000e+00
No. of Data Rows : 1
vout = 1.197852e+00
vgdrv = 2.037194e+00
Reset re-loads circuit * monte-carlo-untrimmed monte carlo deck (config=pnp) -- generated by sim/monte-carlo-untrimmed/run_mc_untrimmed.py, do not edit

Circuit: * monte-carlo-untrimmed monte carlo deck (config=pnp) -- generated by sim/monte-carlo-untrimmed/run_mc_untrimmed.py, do not edit

option SCALE: Scale is set to 1e-06 for instance and model parameters
option SCALE: Scale is set to 1e-06 for instance and model parameters
option SCALE: Scale is set to 1e-06 for instance and model parameters
option SCALE: Scale is set to 1e-06 for instance and model parameters
Doing analysis at TEMP = 27.000000 and TNOM = 27.000000

Using KLU as Direct Linear Solver

No. of Data Rows : 1
vout = 1.200278e+00
vgdrv = 2.036578e+00
Reset re-loads circuit * monte-carlo-untrimmed monte carlo deck (config=pnp) -- generated by sim/monte-carlo-untrimmed/run_mc_untrimmed.py, do not edit

Circuit: * monte-carlo-untrimmed monte carlo deck (config=pnp) -- generated by sim/monte-carlo-untrimmed/run_mc_untrimmed.py, do not edit

option SCALE: Scale is set to 1e-06 for instance and model parameters
option SCALE: Scale is set to 1e-06 for instance and model parameters
option SCALE: Scale is set to 1e-06 for instance and model parameters
option SCALE: Scale is set to 1e-06 for instance and model parameters
Doing analysis at TEMP = 27.000000 and TNOM = 27.000000

Using KLU as Direct Linear Solver

No. of Data Rows : 1
vout = 1.200607e+00
vgdrv = 2.036485e+00
Reset re-loads circuit * monte-carlo-untrimmed monte carlo deck (config=pnp) -- generated by sim/monte-carlo-untrimmed/run_mc_untrimmed.py, do not edit

Circuit: * monte-carlo-untrimmed monte carlo deck (config=pnp) -- generated by sim/monte-carlo-untrimmed/run_mc_untrimmed.py, do not edit

option SCALE: Scale is set to 1e-06 for instance and model parameters
option SCALE: Scale is set to 1e-06 for instance and model parameters
option SCALE: Scale is set to 1e-06 for instance and model parameters
option SCALE: Scale is set to 1e-06 for instance and model parameters
Doing analysis at TEMP = 27.000000 and TNOM = 27.000000

Using KLU as Direct Linear Solver

No. of Data Rows : 1
vout = 1.199615e+00
vgdrv = 2.036751e+00
Reset re-loads circuit * monte-carlo-untrimmed monte carlo deck (config=pnp) -- generated by sim/monte-carlo-untrimmed/run_mc_untrimmed.py, do not edit

Circuit: * monte-carlo-untrimmed monte carlo deck (config=pnp) -- generated by sim/monte-carlo-untrimmed/run_mc_untrimmed.py, do not edit

option SCALE: Scale is set to 1e-06 for instance and model parameters
option SCALE: Scale is set to 1e-06 for instance and model parameters
option SCALE: Scale is set to 1e-06 for instance and model parameters
option SCALE: Scale is set to 1e-06 for instance and model parameters
Doing analysis at TEMP = 27.000000 and TNOM = 27.000000

Using KLU as Direct Linear Solver

No. of Data Rows : 1
vout = 1.199107e+00
vgdrv = 2.036875e+00
Reset re-loads circuit * monte-carlo-untrimmed monte carlo deck (config=pnp) -- generated by sim/monte-carlo-untrimmed/run_mc_untrimmed.py, do not edit

Circuit: * monte-carlo-untrimmed monte carlo deck (config=pnp) -- generated by sim/monte-carlo-untrimmed/run_mc_untrimmed.py, do not edit

option SCALE: Scale is set to 1e-06 for instance and model parameters
option SCALE: Scale is set to 1e-06 for instance and model parameters
option SCALE: Scale is set to 1e-06 for instance and model parameters
option SCALE: Scale is set to 1e-06 for instance and model parameters
Doing analysis at TEMP = 27.000000 and TNOM = 27.000000

Using KLU as Direct Linear Solver

No. of Data Rows : 1
vout = 1.202091e+00
vgdrv = 2.036115e+00
Reset re-loads circuit * monte-carlo-untrimmed monte carlo deck (config=pnp) -- generated by sim/monte-carlo-untrimmed/run_mc_untrimmed.py, do not edit

Circuit: * monte-carlo-untrimmed monte carlo deck (config=pnp) -- generated by sim/monte-carlo-untrimmed/run_mc_untrimmed.py, do not edit

option SCALE: Scale is set to 1e-06 for instance and model parameters
option SCALE: Scale is set to 1e-06 for instance and model parameters
option SCALE: Scale is set to 1e-06 for instance and model parameters
option SCALE: Scale is set to 1e-06 for instance and model parameters
Doing analysis at TEMP = 27.000000 and TNOM = 27.000000

Using KLU as Direct Linear Solver
 Reference value :  0.00000e+00
No. of Data Rows : 1
vout = 1.201599e+00
vgdrv = 2.036240e+00
Reset re-loads circuit * monte-carlo-untrimmed monte carlo deck (config=pnp) -- generated by sim/monte-carlo-untrimmed/run_mc_untrimmed.py, do not edit

Circuit: * monte-carlo-untrimmed monte carlo deck (config=pnp) -- generated by sim/monte-carlo-untrimmed/run_mc_untrimmed.py, do not edit

option SCALE: Scale is set to 1e-06 for instance and model parameters
option SCALE: Scale is set to 1e-06 for instance and model parameters
option SCALE: Scale is set to 1e-06 for instance and model parameters
option SCALE: Scale is set to 1e-06 for instance and model parameters
Doing analysis at TEMP = 27.000000 and TNOM = 27.000000

Using KLU as Direct Linear Solver

No. of Data Rows : 1
vout = 1.202354e+00
vgdrv = 2.036034e+00
Reset re-loads circuit * monte-carlo-untrimmed monte carlo deck (config=pnp) -- generated by sim/monte-carlo-untrimmed/run_mc_untrimmed.py, do not edit

Circuit: * monte-carlo-untrimmed monte carlo deck (config=pnp) -- generated by sim/monte-carlo-untrimmed/run_mc_untrimmed.py, do not edit

option SCALE: Scale is set to 1e-06 for instance and model parameters
option SCALE: Scale is set to 1e-06 for instance and model parameters
option SCALE: Scale is set to 1e-06 for instance and model parameters
option SCALE: Scale is set to 1e-06 for instance and model parameters
Doing analysis at TEMP = 27.000000 and TNOM = 27.000000

Using KLU as Direct Linear Solver

No. of Data Rows : 1
vout = 1.198187e+00
vgdrv = 2.037108e+00
Reset re-loads circuit * monte-carlo-untrimmed monte carlo deck (config=pnp) -- generated by sim/monte-carlo-untrimmed/run_mc_untrimmed.py, do not edit

Circuit: * monte-carlo-untrimmed monte carlo deck (config=pnp) -- generated by sim/monte-carlo-untrimmed/run_mc_untrimmed.py, do not edit

option SCALE: Scale is set to 1e-06 for instance and model parameters
option SCALE: Scale is set to 1e-06 for instance and model parameters
option SCALE: Scale is set to 1e-06 for instance and model parameters
option SCALE: Scale is set to 1e-06 for instance and model parameters
Doing analysis at TEMP = 27.000000 and TNOM = 27.000000

Using KLU as Direct Linear Solver

No. of Data Rows : 1
vout = 1.200135e+00
vgdrv = 2.036616e+00
Reset re-loads circuit * monte-carlo-untrimmed monte carlo deck (config=pnp) -- generated by sim/monte-carlo-untrimmed/run_mc_untrimmed.py, do not edit

Circuit: * monte-carlo-untrimmed monte carlo deck (config=pnp) -- generated by sim/monte-carlo-untrimmed/run_mc_untrimmed.py, do not edit

option SCALE: Scale is set to 1e-06 for instance and model parameters
option SCALE: Scale is set to 1e-06 for instance and model parameters
option SCALE: Scale is set to 1e-06 for instance and model parameters
option SCALE: Scale is set to 1e-06 for instance and model parameters
Doing analysis at TEMP = 27.000000 and TNOM = 27.000000

Using KLU as Direct Linear Solver

No. of Data Rows : 1
vout = 1.200301e+00
vgdrv = 2.036568e+00
Reset re-loads circuit * monte-carlo-untrimmed monte carlo deck (config=pnp) -- generated by sim/monte-carlo-untrimmed/run_mc_untrimmed.py, do not edit

Circuit: * monte-carlo-untrimmed monte carlo deck (config=pnp) -- generated by sim/monte-carlo-untrimmed/run_mc_untrimmed.py, do not edit

option SCALE: Scale is set to 1e-06 for instance and model parameters
option SCALE: Scale is set to 1e-06 for instance and model parameters
option SCALE: Scale is set to 1e-06 for instance and model parameters
option SCALE: Scale is set to 1e-06 for instance and model parameters
Doing analysis at TEMP = 27.000000 and TNOM = 27.000000

Using KLU as Direct Linear Solver

No. of Data Rows : 1
vout = 1.199609e+00
vgdrv = 2.036738e+00
Reset re-loads circuit * monte-carlo-untrimmed monte carlo deck (config=pnp) -- generated by sim/monte-carlo-untrimmed/run_mc_untrimmed.py, do not edit

Circuit: * monte-carlo-untrimmed monte carlo deck (config=pnp) -- generated by sim/monte-carlo-untrimmed/run_mc_untrimmed.py, do not edit

option SCALE: Scale is set to 1e-06 for instance and model parameters
option SCALE: Scale is set to 1e-06 for instance and model parameters
option SCALE: Scale is set to 1e-06 for instance and model parameters
option SCALE: Scale is set to 1e-06 for instance and model parameters
Doing analysis at TEMP = 27.000000 and TNOM = 27.000000

Using KLU as Direct Linear Solver
 Reference value :  0.00000e+00
No. of Data Rows : 1
vout = 1.201147e+00
vgdrv = 2.036348e+00
Reset re-loads circuit * monte-carlo-untrimmed monte carlo deck (config=pnp) -- generated by sim/monte-carlo-untrimmed/run_mc_untrimmed.py, do not edit

Circuit: * monte-carlo-untrimmed monte carlo deck (config=pnp) -- generated by sim/monte-carlo-untrimmed/run_mc_untrimmed.py, do not edit

option SCALE: Scale is set to 1e-06 for instance and model parameters
option SCALE: Scale is set to 1e-06 for instance and model parameters
option SCALE: Scale is set to 1e-06 for instance and model parameters
option SCALE: Scale is set to 1e-06 for instance and model parameters
Doing analysis at TEMP = 27.000000 and TNOM = 27.000000

Using KLU as Direct Linear Solver

No. of Data Rows : 1
vout = 1.200060e+00
vgdrv = 2.036644e+00
Reset re-loads circuit * monte-carlo-untrimmed monte carlo deck (config=pnp) -- generated by sim/monte-carlo-untrimmed/run_mc_untrimmed.py, do not edit

Circuit: * monte-carlo-untrimmed monte carlo deck (config=pnp) -- generated by sim/monte-carlo-untrimmed/run_mc_untrimmed.py, do not edit

option SCALE: Scale is set to 1e-06 for instance and model parameters
option SCALE: Scale is set to 1e-06 for instance and model parameters
option SCALE: Scale is set to 1e-06 for instance and model parameters
option SCALE: Scale is set to 1e-06 for instance and model parameters
Doing analysis at TEMP = 27.000000 and TNOM = 27.000000

Using KLU as Direct Linear Solver

No. of Data Rows : 1
vout = 1.199242e+00
vgdrv = 2.036846e+00
Reset re-loads circuit * monte-carlo-untrimmed monte carlo deck (config=pnp) -- generated by sim/monte-carlo-untrimmed/run_mc_untrimmed.py, do not edit

Circuit: * monte-carlo-untrimmed monte carlo deck (config=pnp) -- generated by sim/monte-carlo-untrimmed/run_mc_untrimmed.py, do not edit

option SCALE: Scale is set to 1e-06 for instance and model parameters
option SCALE: Scale is set to 1e-06 for instance and model parameters
option SCALE: Scale is set to 1e-06 for instance and model parameters
option SCALE: Scale is set to 1e-06 for instance and model parameters
Doing analysis at TEMP = 27.000000 and TNOM = 27.000000

Using KLU as Direct Linear Solver
 Reference value :  0.00000e+00
No. of Data Rows : 1
vout = 1.198600e+00
vgdrv = 2.037000e+00
Reset re-loads circuit * monte-carlo-untrimmed monte carlo deck (config=pnp) -- generated by sim/monte-carlo-untrimmed/run_mc_untrimmed.py, do not edit

Circuit: * monte-carlo-untrimmed monte carlo deck (config=pnp) -- generated by sim/monte-carlo-untrimmed/run_mc_untrimmed.py, do not edit

option SCALE: Scale is set to 1e-06 for instance and model parameters
option SCALE: Scale is set to 1e-06 for instance and model parameters
option SCALE: Scale is set to 1e-06 for instance and model parameters
option SCALE: Scale is set to 1e-06 for instance and model parameters
Doing analysis at TEMP = 27.000000 and TNOM = 27.000000

Using KLU as Direct Linear Solver
 Reference value :  0.00000e+00
No. of Data Rows : 1
vout = 1.201115e+00
vgdrv = 2.036354e+00
Reset re-loads circuit * monte-carlo-untrimmed monte carlo deck (config=pnp) -- generated by sim/monte-carlo-untrimmed/run_mc_untrimmed.py, do not edit

Circuit: * monte-carlo-untrimmed monte carlo deck (config=pnp) -- generated by sim/monte-carlo-untrimmed/run_mc_untrimmed.py, do not edit

option SCALE: Scale is set to 1e-06 for instance and model parameters
option SCALE: Scale is set to 1e-06 for instance and model parameters
option SCALE: Scale is set to 1e-06 for instance and model parameters
option SCALE: Scale is set to 1e-06 for instance and model parameters
Doing analysis at TEMP = 27.000000 and TNOM = 27.000000

Using KLU as Direct Linear Solver

No. of Data Rows : 1
vout = 1.200753e+00
vgdrv = 2.036446e+00
Reset re-loads circuit * monte-carlo-untrimmed monte carlo deck (config=pnp) -- generated by sim/monte-carlo-untrimmed/run_mc_untrimmed.py, do not edit

Circuit: * monte-carlo-untrimmed monte carlo deck (config=pnp) -- generated by sim/monte-carlo-untrimmed/run_mc_untrimmed.py, do not edit

option SCALE: Scale is set to 1e-06 for instance and model parameters
option SCALE: Scale is set to 1e-06 for instance and model parameters
option SCALE: Scale is set to 1e-06 for instance and model parameters
option SCALE: Scale is set to 1e-06 for instance and model parameters
Doing analysis at TEMP = 27.000000 and TNOM = 27.000000

Using KLU as Direct Linear Solver

No. of Data Rows : 1
vout = 1.199752e+00
vgdrv = 2.036720e+00
Reset re-loads circuit * monte-carlo-untrimmed monte carlo deck (config=pnp) -- generated by sim/monte-carlo-untrimmed/run_mc_untrimmed.py, do not edit

Circuit: * monte-carlo-untrimmed monte carlo deck (config=pnp) -- generated by sim/monte-carlo-untrimmed/run_mc_untrimmed.py, do not edit

option SCALE: Scale is set to 1e-06 for instance and model parameters
option SCALE: Scale is set to 1e-06 for instance and model parameters
option SCALE: Scale is set to 1e-06 for instance and model parameters
option SCALE: Scale is set to 1e-06 for instance and model parameters
Doing analysis at TEMP = 27.000000 and TNOM = 27.000000

Using KLU as Direct Linear Solver

No. of Data Rows : 1
vout = 1.201444e+00
vgdrv = 2.036279e+00
Reset re-loads circuit * monte-carlo-untrimmed monte carlo deck (config=pnp) -- generated by sim/monte-carlo-untrimmed/run_mc_untrimmed.py, do not edit

Circuit: * monte-carlo-untrimmed monte carlo deck (config=pnp) -- generated by sim/monte-carlo-untrimmed/run_mc_untrimmed.py, do not edit

option SCALE: Scale is set to 1e-06 for instance and model parameters
option SCALE: Scale is set to 1e-06 for instance and model parameters
option SCALE: Scale is set to 1e-06 for instance and model parameters
option SCALE: Scale is set to 1e-06 for instance and model parameters
Doing analysis at TEMP = 27.000000 and TNOM = 27.000000

Using KLU as Direct Linear Solver

No. of Data Rows : 1
vout = 1.201334e+00
vgdrv = 2.036306e+00
Reset re-loads circuit * monte-carlo-untrimmed monte carlo deck (config=pnp) -- generated by sim/monte-carlo-untrimmed/run_mc_untrimmed.py, do not edit

Circuit: * monte-carlo-untrimmed monte carlo deck (config=pnp) -- generated by sim/monte-carlo-untrimmed/run_mc_untrimmed.py, do not edit

option SCALE: Scale is set to 1e-06 for instance and model parameters
option SCALE: Scale is set to 1e-06 for instance and model parameters
option SCALE: Scale is set to 1e-06 for instance and model parameters
option SCALE: Scale is set to 1e-06 for instance and model parameters
Doing analysis at TEMP = 27.000000 and TNOM = 27.000000

Using KLU as Direct Linear Solver

No. of Data Rows : 1
vout = 1.202193e+00
vgdrv = 2.036093e+00
Reset re-loads circuit * monte-carlo-untrimmed monte carlo deck (config=pnp) -- generated by sim/monte-carlo-untrimmed/run_mc_untrimmed.py, do not edit

Circuit: * monte-carlo-untrimmed monte carlo deck (config=pnp) -- generated by sim/monte-carlo-untrimmed/run_mc_untrimmed.py, do not edit

option SCALE: Scale is set to 1e-06 for instance and model parameters
option SCALE: Scale is set to 1e-06 for instance and model parameters
option SCALE: Scale is set to 1e-06 for instance and model parameters
option SCALE: Scale is set to 1e-06 for instance and model parameters
Doing analysis at TEMP = 27.000000 and TNOM = 27.000000

Using KLU as Direct Linear Solver
 Reference value :  0.00000e+00
No. of Data Rows : 1
vout = 1.201285e+00
vgdrv = 2.036315e+00
Reset re-loads circuit * monte-carlo-untrimmed monte carlo deck (config=pnp) -- generated by sim/monte-carlo-untrimmed/run_mc_untrimmed.py, do not edit

Circuit: * monte-carlo-untrimmed monte carlo deck (config=pnp) -- generated by sim/monte-carlo-untrimmed/run_mc_untrimmed.py, do not edit

option SCALE: Scale is set to 1e-06 for instance and model parameters
option SCALE: Scale is set to 1e-06 for instance and model parameters
option SCALE: Scale is set to 1e-06 for instance and model parameters
option SCALE: Scale is set to 1e-06 for instance and model parameters
Doing analysis at TEMP = 27.000000 and TNOM = 27.000000

Using KLU as Direct Linear Solver

No. of Data Rows : 1
vout = 1.199501e+00
vgdrv = 2.036780e+00
Reset re-loads circuit * monte-carlo-untrimmed monte carlo deck (config=pnp) -- generated by sim/monte-carlo-untrimmed/run_mc_untrimmed.py, do not edit

Circuit: * monte-carlo-untrimmed monte carlo deck (config=pnp) -- generated by sim/monte-carlo-untrimmed/run_mc_untrimmed.py, do not edit

option SCALE: Scale is set to 1e-06 for instance and model parameters
option SCALE: Scale is set to 1e-06 for instance and model parameters
option SCALE: Scale is set to 1e-06 for instance and model parameters
option SCALE: Scale is set to 1e-06 for instance and model parameters
Doing analysis at TEMP = 27.000000 and TNOM = 27.000000

Using KLU as Direct Linear Solver

No. of Data Rows : 1
vout = 1.198718e+00
vgdrv = 2.036985e+00
Reset re-loads circuit * monte-carlo-untrimmed monte carlo deck (config=pnp) -- generated by sim/monte-carlo-untrimmed/run_mc_untrimmed.py, do not edit

Circuit: * monte-carlo-untrimmed monte carlo deck (config=pnp) -- generated by sim/monte-carlo-untrimmed/run_mc_untrimmed.py, do not edit

option SCALE: Scale is set to 1e-06 for instance and model parameters
option SCALE: Scale is set to 1e-06 for instance and model parameters
option SCALE: Scale is set to 1e-06 for instance and model parameters
option SCALE: Scale is set to 1e-06 for instance and model parameters
Doing analysis at TEMP = 27.000000 and TNOM = 27.000000

Using KLU as Direct Linear Solver

No. of Data Rows : 1
vout = 1.196498e+00
vgdrv = 2.037541e+00
Reset re-loads circuit * monte-carlo-untrimmed monte carlo deck (config=pnp) -- generated by sim/monte-carlo-untrimmed/run_mc_untrimmed.py, do not edit

Circuit: * monte-carlo-untrimmed monte carlo deck (config=pnp) -- generated by sim/monte-carlo-untrimmed/run_mc_untrimmed.py, do not edit

option SCALE: Scale is set to 1e-06 for instance and model parameters
option SCALE: Scale is set to 1e-06 for instance and model parameters
option SCALE: Scale is set to 1e-06 for instance and model parameters
option SCALE: Scale is set to 1e-06 for instance and model parameters
Doing analysis at TEMP = 27.000000 and TNOM = 27.000000

Using KLU as Direct Linear Solver

No. of Data Rows : 1
vout = 1.199061e+00
vgdrv = 2.036884e+00
Reset re-loads circuit * monte-carlo-untrimmed monte carlo deck (config=pnp) -- generated by sim/monte-carlo-untrimmed/run_mc_untrimmed.py, do not edit

Circuit: * monte-carlo-untrimmed monte carlo deck (config=pnp) -- generated by sim/monte-carlo-untrimmed/run_mc_untrimmed.py, do not edit

option SCALE: Scale is set to 1e-06 for instance and model parameters
option SCALE: Scale is set to 1e-06 for instance and model parameters
option SCALE: Scale is set to 1e-06 for instance and model parameters
option SCALE: Scale is set to 1e-06 for instance and model parameters
Doing analysis at TEMP = 27.000000 and TNOM = 27.000000

Using KLU as Direct Linear Solver
 Reference value :  0.00000e+00
No. of Data Rows : 1
vout = 1.201681e+00
vgdrv = 2.036216e+00
Reset re-loads circuit * monte-carlo-untrimmed monte carlo deck (config=pnp) -- generated by sim/monte-carlo-untrimmed/run_mc_untrimmed.py, do not edit

Circuit: * monte-carlo-untrimmed monte carlo deck (config=pnp) -- generated by sim/monte-carlo-untrimmed/run_mc_untrimmed.py, do not edit

option SCALE: Scale is set to 1e-06 for instance and model parameters
option SCALE: Scale is set to 1e-06 for instance and model parameters
option SCALE: Scale is set to 1e-06 for instance and model parameters
option SCALE: Scale is set to 1e-06 for instance and model parameters
Doing analysis at TEMP = 27.000000 and TNOM = 27.000000

Using KLU as Direct Linear Solver

No. of Data Rows : 1
vout = 1.199060e+00
vgdrv = 2.036891e+00
Reset re-loads circuit * monte-carlo-untrimmed monte carlo deck (config=pnp) -- generated by sim/monte-carlo-untrimmed/run_mc_untrimmed.py, do not edit

Circuit: * monte-carlo-untrimmed monte carlo deck (config=pnp) -- generated by sim/monte-carlo-untrimmed/run_mc_untrimmed.py, do not edit

option SCALE: Scale is set to 1e-06 for instance and model parameters
option SCALE: Scale is set to 1e-06 for instance and model parameters
option SCALE: Scale is set to 1e-06 for instance and model parameters
option SCALE: Scale is set to 1e-06 for instance and model parameters
Doing analysis at TEMP = 27.000000 and TNOM = 27.000000

Using KLU as Direct Linear Solver
 Reference value :  0.00000e+00
No. of Data Rows : 1
vout = 1.198886e+00
vgdrv = 2.036945e+00
Reset re-loads circuit * monte-carlo-untrimmed monte carlo deck (config=pnp) -- generated by sim/monte-carlo-untrimmed/run_mc_untrimmed.py, do not edit

Circuit: * monte-carlo-untrimmed monte carlo deck (config=pnp) -- generated by sim/monte-carlo-untrimmed/run_mc_untrimmed.py, do not edit

option SCALE: Scale is set to 1e-06 for instance and model parameters
option SCALE: Scale is set to 1e-06 for instance and model parameters
option SCALE: Scale is set to 1e-06 for instance and model parameters
option SCALE: Scale is set to 1e-06 for instance and model parameters
Doing analysis at TEMP = 27.000000 and TNOM = 27.000000

Using KLU as Direct Linear Solver

No. of Data Rows : 1
vout = 1.199189e+00
vgdrv = 2.036856e+00
Reset re-loads circuit * monte-carlo-untrimmed monte carlo deck (config=pnp) -- generated by sim/monte-carlo-untrimmed/run_mc_untrimmed.py, do not edit

Circuit: * monte-carlo-untrimmed monte carlo deck (config=pnp) -- generated by sim/monte-carlo-untrimmed/run_mc_untrimmed.py, do not edit

option SCALE: Scale is set to 1e-06 for instance and model parameters
option SCALE: Scale is set to 1e-06 for instance and model parameters
option SCALE: Scale is set to 1e-06 for instance and model parameters
option SCALE: Scale is set to 1e-06 for instance and model parameters
Doing analysis at TEMP = 27.000000 and TNOM = 27.000000

Using KLU as Direct Linear Solver

No. of Data Rows : 1
vout = 1.198982e+00
vgdrv = 2.036920e+00
Reset re-loads circuit * monte-carlo-untrimmed monte carlo deck (config=pnp) -- generated by sim/monte-carlo-untrimmed/run_mc_untrimmed.py, do not edit

Circuit: * monte-carlo-untrimmed monte carlo deck (config=pnp) -- generated by sim/monte-carlo-untrimmed/run_mc_untrimmed.py, do not edit

option SCALE: Scale is set to 1e-06 for instance and model parameters
option SCALE: Scale is set to 1e-06 for instance and model parameters
option SCALE: Scale is set to 1e-06 for instance and model parameters
option SCALE: Scale is set to 1e-06 for instance and model parameters
Doing analysis at TEMP = 27.000000 and TNOM = 27.000000

Using KLU as Direct Linear Solver

No. of Data Rows : 1
vout = 1.199082e+00
vgdrv = 2.036882e+00
Reset re-loads circuit * monte-carlo-untrimmed monte carlo deck (config=pnp) -- generated by sim/monte-carlo-untrimmed/run_mc_untrimmed.py, do not edit

Circuit: * monte-carlo-untrimmed monte carlo deck (config=pnp) -- generated by sim/monte-carlo-untrimmed/run_mc_untrimmed.py, do not edit

option SCALE: Scale is set to 1e-06 for instance and model parameters
option SCALE: Scale is set to 1e-06 for instance and model parameters
option SCALE: Scale is set to 1e-06 for instance and model parameters
option SCALE: Scale is set to 1e-06 for instance and model parameters
Doing analysis at TEMP = 27.000000 and TNOM = 27.000000

Using KLU as Direct Linear Solver

No. of Data Rows : 1
vout = 1.201551e+00
vgdrv = 2.036251e+00
Reset re-loads circuit * monte-carlo-untrimmed monte carlo deck (config=pnp) -- generated by sim/monte-carlo-untrimmed/run_mc_untrimmed.py, do not edit

Circuit: * monte-carlo-untrimmed monte carlo deck (config=pnp) -- generated by sim/monte-carlo-untrimmed/run_mc_untrimmed.py, do not edit

option SCALE: Scale is set to 1e-06 for instance and model parameters
option SCALE: Scale is set to 1e-06 for instance and model parameters
option SCALE: Scale is set to 1e-06 for instance and model parameters
option SCALE: Scale is set to 1e-06 for instance and model parameters
Doing analysis at TEMP = 27.000000 and TNOM = 27.000000

Using KLU as Direct Linear Solver

No. of Data Rows : 1
vout = 1.201244e+00
vgdrv = 2.036322e+00
Reset re-loads circuit * monte-carlo-untrimmed monte carlo deck (config=pnp) -- generated by sim/monte-carlo-untrimmed/run_mc_untrimmed.py, do not edit

Circuit: * monte-carlo-untrimmed monte carlo deck (config=pnp) -- generated by sim/monte-carlo-untrimmed/run_mc_untrimmed.py, do not edit

option SCALE: Scale is set to 1e-06 for instance and model parameters
option SCALE: Scale is set to 1e-06 for instance and model parameters
option SCALE: Scale is set to 1e-06 for instance and model parameters
option SCALE: Scale is set to 1e-06 for instance and model parameters
Doing analysis at TEMP = 27.000000 and TNOM = 27.000000

Using KLU as Direct Linear Solver
 Reference value :  0.00000e+00
No. of Data Rows : 1
vout = 1.199584e+00
vgdrv = 2.036765e+00
Reset re-loads circuit * monte-carlo-untrimmed monte carlo deck (config=pnp) -- generated by sim/monte-carlo-untrimmed/run_mc_untrimmed.py, do not edit

Circuit: * monte-carlo-untrimmed monte carlo deck (config=pnp) -- generated by sim/monte-carlo-untrimmed/run_mc_untrimmed.py, do not edit

option SCALE: Scale is set to 1e-06 for instance and model parameters
option SCALE: Scale is set to 1e-06 for instance and model parameters
option SCALE: Scale is set to 1e-06 for instance and model parameters
option SCALE: Scale is set to 1e-06 for instance and model parameters
Doing analysis at TEMP = 27.000000 and TNOM = 27.000000

Using KLU as Direct Linear Solver

No. of Data Rows : 1
vout = 1.198883e+00
vgdrv = 2.036937e+00
Reset re-loads circuit * monte-carlo-untrimmed monte carlo deck (config=pnp) -- generated by sim/monte-carlo-untrimmed/run_mc_untrimmed.py, do not edit

Circuit: * monte-carlo-untrimmed monte carlo deck (config=pnp) -- generated by sim/monte-carlo-untrimmed/run_mc_untrimmed.py, do not edit

option SCALE: Scale is set to 1e-06 for instance and model parameters
option SCALE: Scale is set to 1e-06 for instance and model parameters
option SCALE: Scale is set to 1e-06 for instance and model parameters
option SCALE: Scale is set to 1e-06 for instance and model parameters
Doing analysis at TEMP = 27.000000 and TNOM = 27.000000

Using KLU as Direct Linear Solver

No. of Data Rows : 1
vout = 1.201348e+00
vgdrv = 2.036311e+00
Reset re-loads circuit * monte-carlo-untrimmed monte carlo deck (config=pnp) -- generated by sim/monte-carlo-untrimmed/run_mc_untrimmed.py, do not edit

Circuit: * monte-carlo-untrimmed monte carlo deck (config=pnp) -- generated by sim/monte-carlo-untrimmed/run_mc_untrimmed.py, do not edit

option SCALE: Scale is set to 1e-06 for instance and model parameters
option SCALE: Scale is set to 1e-06 for instance and model parameters
option SCALE: Scale is set to 1e-06 for instance and model parameters
option SCALE: Scale is set to 1e-06 for instance and model parameters
Doing analysis at TEMP = 27.000000 and TNOM = 27.000000

Using KLU as Direct Linear Solver

No. of Data Rows : 1
vout = 1.201208e+00
vgdrv = 2.036337e+00
Reset re-loads circuit * monte-carlo-untrimmed monte carlo deck (config=pnp) -- generated by sim/monte-carlo-untrimmed/run_mc_untrimmed.py, do not edit

Circuit: * monte-carlo-untrimmed monte carlo deck (config=pnp) -- generated by sim/monte-carlo-untrimmed/run_mc_untrimmed.py, do not edit

option SCALE: Scale is set to 1e-06 for instance and model parameters
option SCALE: Scale is set to 1e-06 for instance and model parameters
option SCALE: Scale is set to 1e-06 for instance and model parameters
option SCALE: Scale is set to 1e-06 for instance and model parameters
Doing analysis at TEMP = 27.000000 and TNOM = 27.000000

Using KLU as Direct Linear Solver

No. of Data Rows : 1
vout = 1.199552e+00
vgdrv = 2.036761e+00
Reset re-loads circuit * monte-carlo-untrimmed monte carlo deck (config=pnp) -- generated by sim/monte-carlo-untrimmed/run_mc_untrimmed.py, do not edit

Circuit: * monte-carlo-untrimmed monte carlo deck (config=pnp) -- generated by sim/monte-carlo-untrimmed/run_mc_untrimmed.py, do not edit

option SCALE: Scale is set to 1e-06 for instance and model parameters
option SCALE: Scale is set to 1e-06 for instance and model parameters
option SCALE: Scale is set to 1e-06 for instance and model parameters
option SCALE: Scale is set to 1e-06 for instance and model parameters
Doing analysis at TEMP = 27.000000 and TNOM = 27.000000

Using KLU as Direct Linear Solver

No. of Data Rows : 1
vout = 1.198954e+00
vgdrv = 2.036918e+00
Reset re-loads circuit * monte-carlo-untrimmed monte carlo deck (config=pnp) -- generated by sim/monte-carlo-untrimmed/run_mc_untrimmed.py, do not edit

Circuit: * monte-carlo-untrimmed monte carlo deck (config=pnp) -- generated by sim/monte-carlo-untrimmed/run_mc_untrimmed.py, do not edit

option SCALE: Scale is set to 1e-06 for instance and model parameters
option SCALE: Scale is set to 1e-06 for instance and model parameters
option SCALE: Scale is set to 1e-06 for instance and model parameters
option SCALE: Scale is set to 1e-06 for instance and model parameters
Doing analysis at TEMP = 27.000000 and TNOM = 27.000000

Using KLU as Direct Linear Solver
 Reference value :  0.00000e+00
No. of Data Rows : 1
vout = 1.198936e+00
vgdrv = 2.036920e+00
Reset re-loads circuit * monte-carlo-untrimmed monte carlo deck (config=pnp) -- generated by sim/monte-carlo-untrimmed/run_mc_untrimmed.py, do not edit

Circuit: * monte-carlo-untrimmed monte carlo deck (config=pnp) -- generated by sim/monte-carlo-untrimmed/run_mc_untrimmed.py, do not edit

option SCALE: Scale is set to 1e-06 for instance and model parameters
option SCALE: Scale is set to 1e-06 for instance and model parameters
option SCALE: Scale is set to 1e-06 for instance and model parameters
option SCALE: Scale is set to 1e-06 for instance and model parameters
Doing analysis at TEMP = 27.000000 and TNOM = 27.000000

Using KLU as Direct Linear Solver

No. of Data Rows : 1
vout = 1.199567e+00
vgdrv = 2.036755e+00
Reset re-loads circuit * monte-carlo-untrimmed monte carlo deck (config=pnp) -- generated by sim/monte-carlo-untrimmed/run_mc_untrimmed.py, do not edit

Circuit: * monte-carlo-untrimmed monte carlo deck (config=pnp) -- generated by sim/monte-carlo-untrimmed/run_mc_untrimmed.py, do not edit

option SCALE: Scale is set to 1e-06 for instance and model parameters
option SCALE: Scale is set to 1e-06 for instance and model parameters
option SCALE: Scale is set to 1e-06 for instance and model parameters
option SCALE: Scale is set to 1e-06 for instance and model parameters
Doing analysis at TEMP = 27.000000 and TNOM = 27.000000

Using KLU as Direct Linear Solver

No. of Data Rows : 1
vout = 1.197743e+00
vgdrv = 2.037223e+00
Reset re-loads circuit * monte-carlo-untrimmed monte carlo deck (config=pnp) -- generated by sim/monte-carlo-untrimmed/run_mc_untrimmed.py, do not edit

Circuit: * monte-carlo-untrimmed monte carlo deck (config=pnp) -- generated by sim/monte-carlo-untrimmed/run_mc_untrimmed.py, do not edit

option SCALE: Scale is set to 1e-06 for instance and model parameters
option SCALE: Scale is set to 1e-06 for instance and model parameters
option SCALE: Scale is set to 1e-06 for instance and model parameters
option SCALE: Scale is set to 1e-06 for instance and model parameters
Doing analysis at TEMP = 27.000000 and TNOM = 27.000000

Using KLU as Direct Linear Solver
 Reference value :  0.00000e+00
No. of Data Rows : 1
vout = 1.200154e+00
vgdrv = 2.036613e+00
Reset re-loads circuit * monte-carlo-untrimmed monte carlo deck (config=pnp) -- generated by sim/monte-carlo-untrimmed/run_mc_untrimmed.py, do not edit

Circuit: * monte-carlo-untrimmed monte carlo deck (config=pnp) -- generated by sim/monte-carlo-untrimmed/run_mc_untrimmed.py, do not edit

option SCALE: Scale is set to 1e-06 for instance and model parameters
option SCALE: Scale is set to 1e-06 for instance and model parameters
option SCALE: Scale is set to 1e-06 for instance and model parameters
option SCALE: Scale is set to 1e-06 for instance and model parameters
Doing analysis at TEMP = 27.000000 and TNOM = 27.000000

Using KLU as Direct Linear Solver

No. of Data Rows : 1
vout = 1.199337e+00
vgdrv = 2.036817e+00
Reset re-loads circuit * monte-carlo-untrimmed monte carlo deck (config=pnp) -- generated by sim/monte-carlo-untrimmed/run_mc_untrimmed.py, do not edit

Circuit: * monte-carlo-untrimmed monte carlo deck (config=pnp) -- generated by sim/monte-carlo-untrimmed/run_mc_untrimmed.py, do not edit

option SCALE: Scale is set to 1e-06 for instance and model parameters
option SCALE: Scale is set to 1e-06 for instance and model parameters
option SCALE: Scale is set to 1e-06 for instance and model parameters
option SCALE: Scale is set to 1e-06 for instance and model parameters
Doing analysis at TEMP = 27.000000 and TNOM = 27.000000

Using KLU as Direct Linear Solver

No. of Data Rows : 1
vout = 1.201473e+00
vgdrv = 2.036268e+00
Reset re-loads circuit * monte-carlo-untrimmed monte carlo deck (config=pnp) -- generated by sim/monte-carlo-untrimmed/run_mc_untrimmed.py, do not edit

Circuit: * monte-carlo-untrimmed monte carlo deck (config=pnp) -- generated by sim/monte-carlo-untrimmed/run_mc_untrimmed.py, do not edit

option SCALE: Scale is set to 1e-06 for instance and model parameters
option SCALE: Scale is set to 1e-06 for instance and model parameters
option SCALE: Scale is set to 1e-06 for instance and model parameters
option SCALE: Scale is set to 1e-06 for instance and model parameters
Doing analysis at TEMP = 27.000000 and TNOM = 27.000000

Using KLU as Direct Linear Solver

No. of Data Rows : 1
vout = 1.198949e+00
vgdrv = 2.036909e+00
Reset re-loads circuit * monte-carlo-untrimmed monte carlo deck (config=pnp) -- generated by sim/monte-carlo-untrimmed/run_mc_untrimmed.py, do not edit

Circuit: * monte-carlo-untrimmed monte carlo deck (config=pnp) -- generated by sim/monte-carlo-untrimmed/run_mc_untrimmed.py, do not edit

option SCALE: Scale is set to 1e-06 for instance and model parameters
option SCALE: Scale is set to 1e-06 for instance and model parameters
option SCALE: Scale is set to 1e-06 for instance and model parameters
option SCALE: Scale is set to 1e-06 for instance and model parameters
Doing analysis at TEMP = 27.000000 and TNOM = 27.000000

Using KLU as Direct Linear Solver

No. of Data Rows : 1
vout = 1.201798e+00
vgdrv = 2.036195e+00
Reset re-loads circuit * monte-carlo-untrimmed monte carlo deck (config=pnp) -- generated by sim/monte-carlo-untrimmed/run_mc_untrimmed.py, do not edit

Circuit: * monte-carlo-untrimmed monte carlo deck (config=pnp) -- generated by sim/monte-carlo-untrimmed/run_mc_untrimmed.py, do not edit

option SCALE: Scale is set to 1e-06 for instance and model parameters
option SCALE: Scale is set to 1e-06 for instance and model parameters
option SCALE: Scale is set to 1e-06 for instance and model parameters
option SCALE: Scale is set to 1e-06 for instance and model parameters
Doing analysis at TEMP = 27.000000 and TNOM = 27.000000

Using KLU as Direct Linear Solver

No. of Data Rows : 1
vout = 1.200242e+00
vgdrv = 2.036579e+00
Reset re-loads circuit * monte-carlo-untrimmed monte carlo deck (config=pnp) -- generated by sim/monte-carlo-untrimmed/run_mc_untrimmed.py, do not edit

Circuit: * monte-carlo-untrimmed monte carlo deck (config=pnp) -- generated by sim/monte-carlo-untrimmed/run_mc_untrimmed.py, do not edit

option SCALE: Scale is set to 1e-06 for instance and model parameters
option SCALE: Scale is set to 1e-06 for instance and model parameters
option SCALE: Scale is set to 1e-06 for instance and model parameters
option SCALE: Scale is set to 1e-06 for instance and model parameters
Doing analysis at TEMP = 27.000000 and TNOM = 27.000000

Using KLU as Direct Linear Solver
 Reference value :  0.00000e+00
No. of Data Rows : 1
vout = 1.200597e+00
vgdrv = 2.036493e+00
Reset re-loads circuit * monte-carlo-untrimmed monte carlo deck (config=pnp) -- generated by sim/monte-carlo-untrimmed/run_mc_untrimmed.py, do not edit

Circuit: * monte-carlo-untrimmed monte carlo deck (config=pnp) -- generated by sim/monte-carlo-untrimmed/run_mc_untrimmed.py, do not edit

option SCALE: Scale is set to 1e-06 for instance and model parameters
option SCALE: Scale is set to 1e-06 for instance and model parameters
option SCALE: Scale is set to 1e-06 for instance and model parameters
option SCALE: Scale is set to 1e-06 for instance and model parameters
Doing analysis at TEMP = 27.000000 and TNOM = 27.000000

Using KLU as Direct Linear Solver

No. of Data Rows : 1
vout = 1.199369e+00
vgdrv = 2.036807e+00
Reset re-loads circuit * monte-carlo-untrimmed monte carlo deck (config=pnp) -- generated by sim/monte-carlo-untrimmed/run_mc_untrimmed.py, do not edit

Circuit: * monte-carlo-untrimmed monte carlo deck (config=pnp) -- generated by sim/monte-carlo-untrimmed/run_mc_untrimmed.py, do not edit

option SCALE: Scale is set to 1e-06 for instance and model parameters
option SCALE: Scale is set to 1e-06 for instance and model parameters
option SCALE: Scale is set to 1e-06 for instance and model parameters
option SCALE: Scale is set to 1e-06 for instance and model parameters
Doing analysis at TEMP = 27.000000 and TNOM = 27.000000

Using KLU as Direct Linear Solver

No. of Data Rows : 1
vout = 1.196633e+00
vgdrv = 2.037517e+00
Reset re-loads circuit * monte-carlo-untrimmed monte carlo deck (config=pnp) -- generated by sim/monte-carlo-untrimmed/run_mc_untrimmed.py, do not edit

Circuit: * monte-carlo-untrimmed monte carlo deck (config=pnp) -- generated by sim/monte-carlo-untrimmed/run_mc_untrimmed.py, do not edit

option SCALE: Scale is set to 1e-06 for instance and model parameters
option SCALE: Scale is set to 1e-06 for instance and model parameters
option SCALE: Scale is set to 1e-06 for instance and model parameters
option SCALE: Scale is set to 1e-06 for instance and model parameters
Doing analysis at TEMP = 27.000000 and TNOM = 27.000000

Using KLU as Direct Linear Solver

No. of Data Rows : 1
vout = 1.200083e+00
vgdrv = 2.036618e+00
Reset re-loads circuit * monte-carlo-untrimmed monte carlo deck (config=pnp) -- generated by sim/monte-carlo-untrimmed/run_mc_untrimmed.py, do not edit

Circuit: * monte-carlo-untrimmed monte carlo deck (config=pnp) -- generated by sim/monte-carlo-untrimmed/run_mc_untrimmed.py, do not edit

option SCALE: Scale is set to 1e-06 for instance and model parameters
option SCALE: Scale is set to 1e-06 for instance and model parameters
option SCALE: Scale is set to 1e-06 for instance and model parameters
option SCALE: Scale is set to 1e-06 for instance and model parameters
Doing analysis at TEMP = 27.000000 and TNOM = 27.000000

Using KLU as Direct Linear Solver

No. of Data Rows : 1
vout = 1.197422e+00
vgdrv = 2.037311e+00
Reset re-loads circuit * monte-carlo-untrimmed monte carlo deck (config=pnp) -- generated by sim/monte-carlo-untrimmed/run_mc_untrimmed.py, do not edit

Circuit: * monte-carlo-untrimmed monte carlo deck (config=pnp) -- generated by sim/monte-carlo-untrimmed/run_mc_untrimmed.py, do not edit

option SCALE: Scale is set to 1e-06 for instance and model parameters
option SCALE: Scale is set to 1e-06 for instance and model parameters
option SCALE: Scale is set to 1e-06 for instance and model parameters
option SCALE: Scale is set to 1e-06 for instance and model parameters
Doing analysis at TEMP = 27.000000 and TNOM = 27.000000

Using KLU as Direct Linear Solver

No. of Data Rows : 1
vout = 1.203289e+00
vgdrv = 2.035800e+00
Reset re-loads circuit * monte-carlo-untrimmed monte carlo deck (config=pnp) -- generated by sim/monte-carlo-untrimmed/run_mc_untrimmed.py, do not edit

Circuit: * monte-carlo-untrimmed monte carlo deck (config=pnp) -- generated by sim/monte-carlo-untrimmed/run_mc_untrimmed.py, do not edit

option SCALE: Scale is set to 1e-06 for instance and model parameters
option SCALE: Scale is set to 1e-06 for instance and model parameters
option SCALE: Scale is set to 1e-06 for instance and model parameters
option SCALE: Scale is set to 1e-06 for instance and model parameters
Doing analysis at TEMP = 27.000000 and TNOM = 27.000000

Using KLU as Direct Linear Solver
 Reference value :  0.00000e+00
No. of Data Rows : 1
vout = 1.198759e+00
vgdrv = 2.036972e+00
Reset re-loads circuit * monte-carlo-untrimmed monte carlo deck (config=pnp) -- generated by sim/monte-carlo-untrimmed/run_mc_untrimmed.py, do not edit

Circuit: * monte-carlo-untrimmed monte carlo deck (config=pnp) -- generated by sim/monte-carlo-untrimmed/run_mc_untrimmed.py, do not edit

option SCALE: Scale is set to 1e-06 for instance and model parameters
option SCALE: Scale is set to 1e-06 for instance and model parameters
option SCALE: Scale is set to 1e-06 for instance and model parameters
option SCALE: Scale is set to 1e-06 for instance and model parameters
Doing analysis at TEMP = 27.000000 and TNOM = 27.000000

Using KLU as Direct Linear Solver

No. of Data Rows : 1
vout = 1.198147e+00
vgdrv = 2.037127e+00
Reset re-loads circuit * monte-carlo-untrimmed monte carlo deck (config=pnp) -- generated by sim/monte-carlo-untrimmed/run_mc_untrimmed.py, do not edit

Circuit: * monte-carlo-untrimmed monte carlo deck (config=pnp) -- generated by sim/monte-carlo-untrimmed/run_mc_untrimmed.py, do not edit

option SCALE: Scale is set to 1e-06 for instance and model parameters
option SCALE: Scale is set to 1e-06 for instance and model parameters
option SCALE: Scale is set to 1e-06 for instance and model parameters
option SCALE: Scale is set to 1e-06 for instance and model parameters
Doing analysis at TEMP = 27.000000 and TNOM = 27.000000

Using KLU as Direct Linear Solver

No. of Data Rows : 1
vout = 1.200935e+00
vgdrv = 2.036406e+00
Reset re-loads circuit * monte-carlo-untrimmed monte carlo deck (config=pnp) -- generated by sim/monte-carlo-untrimmed/run_mc_untrimmed.py, do not edit

Circuit: * monte-carlo-untrimmed monte carlo deck (config=pnp) -- generated by sim/monte-carlo-untrimmed/run_mc_untrimmed.py, do not edit

option SCALE: Scale is set to 1e-06 for instance and model parameters
option SCALE: Scale is set to 1e-06 for instance and model parameters
option SCALE: Scale is set to 1e-06 for instance and model parameters
option SCALE: Scale is set to 1e-06 for instance and model parameters
Doing analysis at TEMP = 27.000000 and TNOM = 27.000000

Using KLU as Direct Linear Solver

No. of Data Rows : 1
vout = 1.201727e+00
vgdrv = 2.036205e+00
Reset re-loads circuit * monte-carlo-untrimmed monte carlo deck (config=pnp) -- generated by sim/monte-carlo-untrimmed/run_mc_untrimmed.py, do not edit

Circuit: * monte-carlo-untrimmed monte carlo deck (config=pnp) -- generated by sim/monte-carlo-untrimmed/run_mc_untrimmed.py, do not edit

option SCALE: Scale is set to 1e-06 for instance and model parameters
option SCALE: Scale is set to 1e-06 for instance and model parameters
option SCALE: Scale is set to 1e-06 for instance and model parameters
option SCALE: Scale is set to 1e-06 for instance and model parameters
Doing analysis at TEMP = 27.000000 and TNOM = 27.000000

Using KLU as Direct Linear Solver

No. of Data Rows : 1
vout = 1.202547e+00
vgdrv = 2.035996e+00
Reset re-loads circuit * monte-carlo-untrimmed monte carlo deck (config=pnp) -- generated by sim/monte-carlo-untrimmed/run_mc_untrimmed.py, do not edit

Circuit: * monte-carlo-untrimmed monte carlo deck (config=pnp) -- generated by sim/monte-carlo-untrimmed/run_mc_untrimmed.py, do not edit

option SCALE: Scale is set to 1e-06 for instance and model parameters
option SCALE: Scale is set to 1e-06 for instance and model parameters
option SCALE: Scale is set to 1e-06 for instance and model parameters
option SCALE: Scale is set to 1e-06 for instance and model parameters
Doing analysis at TEMP = 27.000000 and TNOM = 27.000000

Using KLU as Direct Linear Solver
 Reference value :  0.00000e+00
No. of Data Rows : 1
vout = 1.201216e+00
vgdrv = 2.036331e+00
Reset re-loads circuit * monte-carlo-untrimmed monte carlo deck (config=pnp) -- generated by sim/monte-carlo-untrimmed/run_mc_untrimmed.py, do not edit

Circuit: * monte-carlo-untrimmed monte carlo deck (config=pnp) -- generated by sim/monte-carlo-untrimmed/run_mc_untrimmed.py, do not edit

option SCALE: Scale is set to 1e-06 for instance and model parameters
option SCALE: Scale is set to 1e-06 for instance and model parameters
option SCALE: Scale is set to 1e-06 for instance and model parameters
option SCALE: Scale is set to 1e-06 for instance and model parameters
Doing analysis at TEMP = 27.000000 and TNOM = 27.000000

Using KLU as Direct Linear Solver

No. of Data Rows : 1
vout = 1.200203e+00
vgdrv = 2.036604e+00
Reset re-loads circuit * monte-carlo-untrimmed monte carlo deck (config=pnp) -- generated by sim/monte-carlo-untrimmed/run_mc_untrimmed.py, do not edit

Circuit: * monte-carlo-untrimmed monte carlo deck (config=pnp) -- generated by sim/monte-carlo-untrimmed/run_mc_untrimmed.py, do not edit

option SCALE: Scale is set to 1e-06 for instance and model parameters
option SCALE: Scale is set to 1e-06 for instance and model parameters
option SCALE: Scale is set to 1e-06 for instance and model parameters
option SCALE: Scale is set to 1e-06 for instance and model parameters
Doing analysis at TEMP = 27.000000 and TNOM = 27.000000

Using KLU as Direct Linear Solver

No. of Data Rows : 1
vout = 1.201330e+00
vgdrv = 2.036303e+00
Reset re-loads circuit * monte-carlo-untrimmed monte carlo deck (config=pnp) -- generated by sim/monte-carlo-untrimmed/run_mc_untrimmed.py, do not edit

Circuit: * monte-carlo-untrimmed monte carlo deck (config=pnp) -- generated by sim/monte-carlo-untrimmed/run_mc_untrimmed.py, do not edit

option SCALE: Scale is set to 1e-06 for instance and model parameters
option SCALE: Scale is set to 1e-06 for instance and model parameters
option SCALE: Scale is set to 1e-06 for instance and model parameters
option SCALE: Scale is set to 1e-06 for instance and model parameters
Doing analysis at TEMP = 27.000000 and TNOM = 27.000000

Using KLU as Direct Linear Solver

No. of Data Rows : 1
vout = 1.197970e+00
vgdrv = 2.037167e+00
Reset re-loads circuit * monte-carlo-untrimmed monte carlo deck (config=pnp) -- generated by sim/monte-carlo-untrimmed/run_mc_untrimmed.py, do not edit

Circuit: * monte-carlo-untrimmed monte carlo deck (config=pnp) -- generated by sim/monte-carlo-untrimmed/run_mc_untrimmed.py, do not edit

option SCALE: Scale is set to 1e-06 for instance and model parameters
option SCALE: Scale is set to 1e-06 for instance and model parameters
option SCALE: Scale is set to 1e-06 for instance and model parameters
option SCALE: Scale is set to 1e-06 for instance and model parameters
Doing analysis at TEMP = 27.000000 and TNOM = 27.000000

Using KLU as Direct Linear Solver
 Reference value :  0.00000e+00
No. of Data Rows : 1
vout = 1.202079e+00
vgdrv = 2.036124e+00
Reset re-loads circuit * monte-carlo-untrimmed monte carlo deck (config=pnp) -- generated by sim/monte-carlo-untrimmed/run_mc_untrimmed.py, do not edit

Circuit: * monte-carlo-untrimmed monte carlo deck (config=pnp) -- generated by sim/monte-carlo-untrimmed/run_mc_untrimmed.py, do not edit

option SCALE: Scale is set to 1e-06 for instance and model parameters
option SCALE: Scale is set to 1e-06 for instance and model parameters
option SCALE: Scale is set to 1e-06 for instance and model parameters
option SCALE: Scale is set to 1e-06 for instance and model parameters
Doing analysis at TEMP = 27.000000 and TNOM = 27.000000

Using KLU as Direct Linear Solver

No. of Data Rows : 1
vout = 1.200082e+00
vgdrv = 2.036621e+00
Reset re-loads circuit * monte-carlo-untrimmed monte carlo deck (config=pnp) -- generated by sim/monte-carlo-untrimmed/run_mc_untrimmed.py, do not edit

Circuit: * monte-carlo-untrimmed monte carlo deck (config=pnp) -- generated by sim/monte-carlo-untrimmed/run_mc_untrimmed.py, do not edit

option SCALE: Scale is set to 1e-06 for instance and model parameters
option SCALE: Scale is set to 1e-06 for instance and model parameters
option SCALE: Scale is set to 1e-06 for instance and model parameters
option SCALE: Scale is set to 1e-06 for instance and model parameters
Doing analysis at TEMP = 27.000000 and TNOM = 27.000000

Using KLU as Direct Linear Solver

No. of Data Rows : 1
vout = 1.198315e+00
vgdrv = 2.037076e+00
Reset re-loads circuit * monte-carlo-untrimmed monte carlo deck (config=pnp) -- generated by sim/monte-carlo-untrimmed/run_mc_untrimmed.py, do not edit

Circuit: * monte-carlo-untrimmed monte carlo deck (config=pnp) -- generated by sim/monte-carlo-untrimmed/run_mc_untrimmed.py, do not edit

option SCALE: Scale is set to 1e-06 for instance and model parameters
option SCALE: Scale is set to 1e-06 for instance and model parameters
option SCALE: Scale is set to 1e-06 for instance and model parameters
option SCALE: Scale is set to 1e-06 for instance and model parameters
Doing analysis at TEMP = 27.000000 and TNOM = 27.000000

Using KLU as Direct Linear Solver

No. of Data Rows : 1
vout = 1.201188e+00
vgdrv = 2.036335e+00
Reset re-loads circuit * monte-carlo-untrimmed monte carlo deck (config=pnp) -- generated by sim/monte-carlo-untrimmed/run_mc_untrimmed.py, do not edit

Circuit: * monte-carlo-untrimmed monte carlo deck (config=pnp) -- generated by sim/monte-carlo-untrimmed/run_mc_untrimmed.py, do not edit

option SCALE: Scale is set to 1e-06 for instance and model parameters
option SCALE: Scale is set to 1e-06 for instance and model parameters
option SCALE: Scale is set to 1e-06 for instance and model parameters
option SCALE: Scale is set to 1e-06 for instance and model parameters
Doing analysis at TEMP = 27.000000 and TNOM = 27.000000

Using KLU as Direct Linear Solver
 Reference value :  0.00000e+00
No. of Data Rows : 1
vout = 1.200212e+00
vgdrv = 2.036599e+00
Reset re-loads circuit * monte-carlo-untrimmed monte carlo deck (config=pnp) -- generated by sim/monte-carlo-untrimmed/run_mc_untrimmed.py, do not edit

Circuit: * monte-carlo-untrimmed monte carlo deck (config=pnp) -- generated by sim/monte-carlo-untrimmed/run_mc_untrimmed.py, do not edit

option SCALE: Scale is set to 1e-06 for instance and model parameters
option SCALE: Scale is set to 1e-06 for instance and model parameters
option SCALE: Scale is set to 1e-06 for instance and model parameters
option SCALE: Scale is set to 1e-06 for instance and model parameters
Doing analysis at TEMP = 27.000000 and TNOM = 27.000000

Using KLU as Direct Linear Solver

No. of Data Rows : 1
vout = 1.200045e+00
vgdrv = 2.036635e+00
Reset re-loads circuit * monte-carlo-untrimmed monte carlo deck (config=pnp) -- generated by sim/monte-carlo-untrimmed/run_mc_untrimmed.py, do not edit

Circuit: * monte-carlo-untrimmed monte carlo deck (config=pnp) -- generated by sim/monte-carlo-untrimmed/run_mc_untrimmed.py, do not edit

option SCALE: Scale is set to 1e-06 for instance and model parameters
option SCALE: Scale is set to 1e-06 for instance and model parameters
option SCALE: Scale is set to 1e-06 for instance and model parameters
option SCALE: Scale is set to 1e-06 for instance and model parameters
Doing analysis at TEMP = 27.000000 and TNOM = 27.000000

Using KLU as Direct Linear Solver

No. of Data Rows : 1
vout = 1.201062e+00
vgdrv = 2.036376e+00
Reset re-loads circuit * monte-carlo-untrimmed monte carlo deck (config=pnp) -- generated by sim/monte-carlo-untrimmed/run_mc_untrimmed.py, do not edit

Circuit: * monte-carlo-untrimmed monte carlo deck (config=pnp) -- generated by sim/monte-carlo-untrimmed/run_mc_untrimmed.py, do not edit

option SCALE: Scale is set to 1e-06 for instance and model parameters
option SCALE: Scale is set to 1e-06 for instance and model parameters
option SCALE: Scale is set to 1e-06 for instance and model parameters
option SCALE: Scale is set to 1e-06 for instance and model parameters
Doing analysis at TEMP = 27.000000 and TNOM = 27.000000

Using KLU as Direct Linear Solver

No. of Data Rows : 1
vout = 1.199906e+00
vgdrv = 2.036663e+00
Reset re-loads circuit * monte-carlo-untrimmed monte carlo deck (config=pnp) -- generated by sim/monte-carlo-untrimmed/run_mc_untrimmed.py, do not edit

Circuit: * monte-carlo-untrimmed monte carlo deck (config=pnp) -- generated by sim/monte-carlo-untrimmed/run_mc_untrimmed.py, do not edit

option SCALE: Scale is set to 1e-06 for instance and model parameters
option SCALE: Scale is set to 1e-06 for instance and model parameters
option SCALE: Scale is set to 1e-06 for instance and model parameters
option SCALE: Scale is set to 1e-06 for instance and model parameters
Doing analysis at TEMP = 27.000000 and TNOM = 27.000000

Using KLU as Direct Linear Solver

No. of Data Rows : 1
vout = 1.199078e+00
vgdrv = 2.036889e+00
Reset re-loads circuit * monte-carlo-untrimmed monte carlo deck (config=pnp) -- generated by sim/monte-carlo-untrimmed/run_mc_untrimmed.py, do not edit

Circuit: * monte-carlo-untrimmed monte carlo deck (config=pnp) -- generated by sim/monte-carlo-untrimmed/run_mc_untrimmed.py, do not edit

option SCALE: Scale is set to 1e-06 for instance and model parameters
option SCALE: Scale is set to 1e-06 for instance and model parameters
option SCALE: Scale is set to 1e-06 for instance and model parameters
option SCALE: Scale is set to 1e-06 for instance and model parameters
Doing analysis at TEMP = 27.000000 and TNOM = 27.000000

Using KLU as Direct Linear Solver

No. of Data Rows : 1
vout = 1.201573e+00
vgdrv = 2.036247e+00
Reset re-loads circuit * monte-carlo-untrimmed monte carlo deck (config=pnp) -- generated by sim/monte-carlo-untrimmed/run_mc_untrimmed.py, do not edit

Circuit: * monte-carlo-untrimmed monte carlo deck (config=pnp) -- generated by sim/monte-carlo-untrimmed/run_mc_untrimmed.py, do not edit

option SCALE: Scale is set to 1e-06 for instance and model parameters
option SCALE: Scale is set to 1e-06 for instance and model parameters
option SCALE: Scale is set to 1e-06 for instance and model parameters
option SCALE: Scale is set to 1e-06 for instance and model parameters
Doing analysis at TEMP = 27.000000 and TNOM = 27.000000

Using KLU as Direct Linear Solver
 Reference value :  0.00000e+00
No. of Data Rows : 1
vout = 1.199856e+00
vgdrv = 2.036690e+00
Reset re-loads circuit * monte-carlo-untrimmed monte carlo deck (config=pnp) -- generated by sim/monte-carlo-untrimmed/run_mc_untrimmed.py, do not edit

Circuit: * monte-carlo-untrimmed monte carlo deck (config=pnp) -- generated by sim/monte-carlo-untrimmed/run_mc_untrimmed.py, do not edit

option SCALE: Scale is set to 1e-06 for instance and model parameters
option SCALE: Scale is set to 1e-06 for instance and model parameters
option SCALE: Scale is set to 1e-06 for instance and model parameters
option SCALE: Scale is set to 1e-06 for instance and model parameters
Doing analysis at TEMP = 27.000000 and TNOM = 27.000000

Using KLU as Direct Linear Solver

No. of Data Rows : 1
vout = 1.200054e+00
vgdrv = 2.036630e+00
Reset re-loads circuit * monte-carlo-untrimmed monte carlo deck (config=pnp) -- generated by sim/monte-carlo-untrimmed/run_mc_untrimmed.py, do not edit

Circuit: * monte-carlo-untrimmed monte carlo deck (config=pnp) -- generated by sim/monte-carlo-untrimmed/run_mc_untrimmed.py, do not edit

option SCALE: Scale is set to 1e-06 for instance and model parameters
option SCALE: Scale is set to 1e-06 for instance and model parameters
option SCALE: Scale is set to 1e-06 for instance and model parameters
option SCALE: Scale is set to 1e-06 for instance and model parameters
Doing analysis at TEMP = 27.000000 and TNOM = 27.000000

Using KLU as Direct Linear Solver

No. of Data Rows : 1
vout = 1.201007e+00
vgdrv = 2.036386e+00
Reset re-loads circuit * monte-carlo-untrimmed monte carlo deck (config=pnp) -- generated by sim/monte-carlo-untrimmed/run_mc_untrimmed.py, do not edit

Circuit: * monte-carlo-untrimmed monte carlo deck (config=pnp) -- generated by sim/monte-carlo-untrimmed/run_mc_untrimmed.py, do not edit

option SCALE: Scale is set to 1e-06 for instance and model parameters
option SCALE: Scale is set to 1e-06 for instance and model parameters
option SCALE: Scale is set to 1e-06 for instance and model parameters
option SCALE: Scale is set to 1e-06 for instance and model parameters
Doing analysis at TEMP = 27.000000 and TNOM = 27.000000

Using KLU as Direct Linear Solver

No. of Data Rows : 1
vout = 1.201357e+00
vgdrv = 2.036315e+00
Reset re-loads circuit * monte-carlo-untrimmed monte carlo deck (config=pnp) -- generated by sim/monte-carlo-untrimmed/run_mc_untrimmed.py, do not edit

Circuit: * monte-carlo-untrimmed monte carlo deck (config=pnp) -- generated by sim/monte-carlo-untrimmed/run_mc_untrimmed.py, do not edit

option SCALE: Scale is set to 1e-06 for instance and model parameters
option SCALE: Scale is set to 1e-06 for instance and model parameters
option SCALE: Scale is set to 1e-06 for instance and model parameters
option SCALE: Scale is set to 1e-06 for instance and model parameters
Doing analysis at TEMP = 27.000000 and TNOM = 27.000000

Using KLU as Direct Linear Solver
 Reference value :  0.00000e+00
No. of Data Rows : 1
vout = 1.200762e+00
vgdrv = 2.036458e+00
Reset re-loads circuit * monte-carlo-untrimmed monte carlo deck (config=pnp) -- generated by sim/monte-carlo-untrimmed/run_mc_untrimmed.py, do not edit

Circuit: * monte-carlo-untrimmed monte carlo deck (config=pnp) -- generated by sim/monte-carlo-untrimmed/run_mc_untrimmed.py, do not edit

option SCALE: Scale is set to 1e-06 for instance and model parameters
option SCALE: Scale is set to 1e-06 for instance and model parameters
option SCALE: Scale is set to 1e-06 for instance and model parameters
option SCALE: Scale is set to 1e-06 for instance and model parameters
Doing analysis at TEMP = 27.000000 and TNOM = 27.000000

Using KLU as Direct Linear Solver

No. of Data Rows : 1
vout = 1.199732e+00
vgdrv = 2.036728e+00
Reset re-loads circuit * monte-carlo-untrimmed monte carlo deck (config=pnp) -- generated by sim/monte-carlo-untrimmed/run_mc_untrimmed.py, do not edit

Circuit: * monte-carlo-untrimmed monte carlo deck (config=pnp) -- generated by sim/monte-carlo-untrimmed/run_mc_untrimmed.py, do not edit

option SCALE: Scale is set to 1e-06 for instance and model parameters
option SCALE: Scale is set to 1e-06 for instance and model parameters
option SCALE: Scale is set to 1e-06 for instance and model parameters
option SCALE: Scale is set to 1e-06 for instance and model parameters
Doing analysis at TEMP = 27.000000 and TNOM = 27.000000

Using KLU as Direct Linear Solver

No. of Data Rows : 1
vout = 1.200290e+00
vgdrv = 2.036586e+00
Reset re-loads circuit * monte-carlo-untrimmed monte carlo deck (config=pnp) -- generated by sim/monte-carlo-untrimmed/run_mc_untrimmed.py, do not edit

Circuit: * monte-carlo-untrimmed monte carlo deck (config=pnp) -- generated by sim/monte-carlo-untrimmed/run_mc_untrimmed.py, do not edit

option SCALE: Scale is set to 1e-06 for instance and model parameters
option SCALE: Scale is set to 1e-06 for instance and model parameters
option SCALE: Scale is set to 1e-06 for instance and model parameters
option SCALE: Scale is set to 1e-06 for instance and model parameters
Doing analysis at TEMP = 27.000000 and TNOM = 27.000000

Using KLU as Direct Linear Solver

No. of Data Rows : 1
vout = 1.198378e+00
vgdrv = 2.037076e+00
Reset re-loads circuit * monte-carlo-untrimmed monte carlo deck (config=pnp) -- generated by sim/monte-carlo-untrimmed/run_mc_untrimmed.py, do not edit

Circuit: * monte-carlo-untrimmed monte carlo deck (config=pnp) -- generated by sim/monte-carlo-untrimmed/run_mc_untrimmed.py, do not edit

option SCALE: Scale is set to 1e-06 for instance and model parameters
option SCALE: Scale is set to 1e-06 for instance and model parameters
option SCALE: Scale is set to 1e-06 for instance and model parameters
option SCALE: Scale is set to 1e-06 for instance and model parameters
Doing analysis at TEMP = 27.000000 and TNOM = 27.000000

Using KLU as Direct Linear Solver

No. of Data Rows : 1
vout = 1.200882e+00
vgdrv = 2.036421e+00
Reset re-loads circuit * monte-carlo-untrimmed monte carlo deck (config=pnp) -- generated by sim/monte-carlo-untrimmed/run_mc_untrimmed.py, do not edit

Circuit: * monte-carlo-untrimmed monte carlo deck (config=pnp) -- generated by sim/monte-carlo-untrimmed/run_mc_untrimmed.py, do not edit

option SCALE: Scale is set to 1e-06 for instance and model parameters
option SCALE: Scale is set to 1e-06 for instance and model parameters
option SCALE: Scale is set to 1e-06 for instance and model parameters
option SCALE: Scale is set to 1e-06 for instance and model parameters
Doing analysis at TEMP = 27.000000 and TNOM = 27.000000

Using KLU as Direct Linear Solver

No. of Data Rows : 1
vout = 1.199460e+00
vgdrv = 2.036799e+00
Reset re-loads circuit * monte-carlo-untrimmed monte carlo deck (config=pnp) -- generated by sim/monte-carlo-untrimmed/run_mc_untrimmed.py, do not edit

Circuit: * monte-carlo-untrimmed monte carlo deck (config=pnp) -- generated by sim/monte-carlo-untrimmed/run_mc_untrimmed.py, do not edit

option SCALE: Scale is set to 1e-06 for instance and model parameters
option SCALE: Scale is set to 1e-06 for instance and model parameters
option SCALE: Scale is set to 1e-06 for instance and model parameters
option SCALE: Scale is set to 1e-06 for instance and model parameters
Doing analysis at TEMP = 27.000000 and TNOM = 27.000000

Using KLU as Direct Linear Solver
 Reference value :  0.00000e+00
No. of Data Rows : 1
vout = 1.201207e+00
vgdrv = 2.036343e+00
Reset re-loads circuit * monte-carlo-untrimmed monte carlo deck (config=pnp) -- generated by sim/monte-carlo-untrimmed/run_mc_untrimmed.py, do not edit

Circuit: * monte-carlo-untrimmed monte carlo deck (config=pnp) -- generated by sim/monte-carlo-untrimmed/run_mc_untrimmed.py, do not edit

option SCALE: Scale is set to 1e-06 for instance and model parameters
option SCALE: Scale is set to 1e-06 for instance and model parameters
option SCALE: Scale is set to 1e-06 for instance and model parameters
option SCALE: Scale is set to 1e-06 for instance and model parameters
Doing analysis at TEMP = 27.000000 and TNOM = 27.000000

Using KLU as Direct Linear Solver

No. of Data Rows : 1
vout = 1.199857e+00
vgdrv = 2.036681e+00
Reset re-loads circuit * monte-carlo-untrimmed monte carlo deck (config=pnp) -- generated by sim/monte-carlo-untrimmed/run_mc_untrimmed.py, do not edit

Circuit: * monte-carlo-untrimmed monte carlo deck (config=pnp) -- generated by sim/monte-carlo-untrimmed/run_mc_untrimmed.py, do not edit

option SCALE: Scale is set to 1e-06 for instance and model parameters
option SCALE: Scale is set to 1e-06 for instance and model parameters
option SCALE: Scale is set to 1e-06 for instance and model parameters
option SCALE: Scale is set to 1e-06 for instance and model parameters
Doing analysis at TEMP = 27.000000 and TNOM = 27.000000

Using KLU as Direct Linear Solver

No. of Data Rows : 1
vout = 1.199335e+00
vgdrv = 2.036821e+00
Reset re-loads circuit * monte-carlo-untrimmed monte carlo deck (config=pnp) -- generated by sim/monte-carlo-untrimmed/run_mc_untrimmed.py, do not edit

Circuit: * monte-carlo-untrimmed monte carlo deck (config=pnp) -- generated by sim/monte-carlo-untrimmed/run_mc_untrimmed.py, do not edit

option SCALE: Scale is set to 1e-06 for instance and model parameters
option SCALE: Scale is set to 1e-06 for instance and model parameters
option SCALE: Scale is set to 1e-06 for instance and model parameters
option SCALE: Scale is set to 1e-06 for instance and model parameters
Doing analysis at TEMP = 27.000000 and TNOM = 27.000000

Using KLU as Direct Linear Solver

No. of Data Rows : 1
vout = 1.199874e+00
vgdrv = 2.036680e+00
Reset re-loads circuit * monte-carlo-untrimmed monte carlo deck (config=pnp) -- generated by sim/monte-carlo-untrimmed/run_mc_untrimmed.py, do not edit

Circuit: * monte-carlo-untrimmed monte carlo deck (config=pnp) -- generated by sim/monte-carlo-untrimmed/run_mc_untrimmed.py, do not edit

option SCALE: Scale is set to 1e-06 for instance and model parameters
option SCALE: Scale is set to 1e-06 for instance and model parameters
option SCALE: Scale is set to 1e-06 for instance and model parameters
option SCALE: Scale is set to 1e-06 for instance and model parameters
Doing analysis at TEMP = 27.000000 and TNOM = 27.000000

Using KLU as Direct Linear Solver

No. of Data Rows : 1
vout = 1.198269e+00
vgdrv = 2.037080e+00
Reset re-loads circuit * monte-carlo-untrimmed monte carlo deck (config=pnp) -- generated by sim/monte-carlo-untrimmed/run_mc_untrimmed.py, do not edit

Circuit: * monte-carlo-untrimmed monte carlo deck (config=pnp) -- generated by sim/monte-carlo-untrimmed/run_mc_untrimmed.py, do not edit

option SCALE: Scale is set to 1e-06 for instance and model parameters
option SCALE: Scale is set to 1e-06 for instance and model parameters
option SCALE: Scale is set to 1e-06 for instance and model parameters
option SCALE: Scale is set to 1e-06 for instance and model parameters
Doing analysis at TEMP = 27.000000 and TNOM = 27.000000

Using KLU as Direct Linear Solver

No. of Data Rows : 1
vout = 1.197212e+00
vgdrv = 2.037357e+00
Reset re-loads circuit * monte-carlo-untrimmed monte carlo deck (config=pnp) -- generated by sim/monte-carlo-untrimmed/run_mc_untrimmed.py, do not edit

Circuit: * monte-carlo-untrimmed monte carlo deck (config=pnp) -- generated by sim/monte-carlo-untrimmed/run_mc_untrimmed.py, do not edit

option SCALE: Scale is set to 1e-06 for instance and model parameters
option SCALE: Scale is set to 1e-06 for instance and model parameters
option SCALE: Scale is set to 1e-06 for instance and model parameters
option SCALE: Scale is set to 1e-06 for instance and model parameters
Doing analysis at TEMP = 27.000000 and TNOM = 27.000000

Using KLU as Direct Linear Solver
 Reference value :  0.00000e+00
No. of Data Rows : 1
vout = 1.198151e+00
vgdrv = 2.037128e+00
Reset re-loads circuit * monte-carlo-untrimmed monte carlo deck (config=pnp) -- generated by sim/monte-carlo-untrimmed/run_mc_untrimmed.py, do not edit

Circuit: * monte-carlo-untrimmed monte carlo deck (config=pnp) -- generated by sim/monte-carlo-untrimmed/run_mc_untrimmed.py, do not edit

option SCALE: Scale is set to 1e-06 for instance and model parameters
option SCALE: Scale is set to 1e-06 for instance and model parameters
option SCALE: Scale is set to 1e-06 for instance and model parameters
option SCALE: Scale is set to 1e-06 for instance and model parameters
Doing analysis at TEMP = 27.000000 and TNOM = 27.000000

Using KLU as Direct Linear Solver

No. of Data Rows : 1
vout = 1.197681e+00
vgdrv = 2.037241e+00
Reset re-loads circuit * monte-carlo-untrimmed monte carlo deck (config=pnp) -- generated by sim/monte-carlo-untrimmed/run_mc_untrimmed.py, do not edit

Circuit: * monte-carlo-untrimmed monte carlo deck (config=pnp) -- generated by sim/monte-carlo-untrimmed/run_mc_untrimmed.py, do not edit

option SCALE: Scale is set to 1e-06 for instance and model parameters
option SCALE: Scale is set to 1e-06 for instance and model parameters
option SCALE: Scale is set to 1e-06 for instance and model parameters
option SCALE: Scale is set to 1e-06 for instance and model parameters
Doing analysis at TEMP = 27.000000 and TNOM = 27.000000

Using KLU as Direct Linear Solver

No. of Data Rows : 1
vout = 1.198611e+00
vgdrv = 2.037006e+00
Reset re-loads circuit * monte-carlo-untrimmed monte carlo deck (config=pnp) -- generated by sim/monte-carlo-untrimmed/run_mc_untrimmed.py, do not edit

Circuit: * monte-carlo-untrimmed monte carlo deck (config=pnp) -- generated by sim/monte-carlo-untrimmed/run_mc_untrimmed.py, do not edit

option SCALE: Scale is set to 1e-06 for instance and model parameters
option SCALE: Scale is set to 1e-06 for instance and model parameters
option SCALE: Scale is set to 1e-06 for instance and model parameters
option SCALE: Scale is set to 1e-06 for instance and model parameters
Doing analysis at TEMP = 27.000000 and TNOM = 27.000000

Using KLU as Direct Linear Solver

No. of Data Rows : 1
vout = 1.198239e+00
vgdrv = 2.037092e+00
Reset re-loads circuit * monte-carlo-untrimmed monte carlo deck (config=pnp) -- generated by sim/monte-carlo-untrimmed/run_mc_untrimmed.py, do not edit

Circuit: * monte-carlo-untrimmed monte carlo deck (config=pnp) -- generated by sim/monte-carlo-untrimmed/run_mc_untrimmed.py, do not edit

option SCALE: Scale is set to 1e-06 for instance and model parameters
option SCALE: Scale is set to 1e-06 for instance and model parameters
option SCALE: Scale is set to 1e-06 for instance and model parameters
option SCALE: Scale is set to 1e-06 for instance and model parameters
Doing analysis at TEMP = 27.000000 and TNOM = 27.000000

Using KLU as Direct Linear Solver
 Reference value :  0.00000e+00
No. of Data Rows : 1
vout = 1.198343e+00
vgdrv = 2.037068e+00
Reset re-loads circuit * monte-carlo-untrimmed monte carlo deck (config=pnp) -- generated by sim/monte-carlo-untrimmed/run_mc_untrimmed.py, do not edit

Circuit: * monte-carlo-untrimmed monte carlo deck (config=pnp) -- generated by sim/monte-carlo-untrimmed/run_mc_untrimmed.py, do not edit

option SCALE: Scale is set to 1e-06 for instance and model parameters
option SCALE: Scale is set to 1e-06 for instance and model parameters
option SCALE: Scale is set to 1e-06 for instance and model parameters
option SCALE: Scale is set to 1e-06 for instance and model parameters
Doing analysis at TEMP = 27.000000 and TNOM = 27.000000

Using KLU as Direct Linear Solver

No. of Data Rows : 1
vout = 1.199287e+00
vgdrv = 2.036833e+00
Reset re-loads circuit * monte-carlo-untrimmed monte carlo deck (config=pnp) -- generated by sim/monte-carlo-untrimmed/run_mc_untrimmed.py, do not edit

Circuit: * monte-carlo-untrimmed monte carlo deck (config=pnp) -- generated by sim/monte-carlo-untrimmed/run_mc_untrimmed.py, do not edit

option SCALE: Scale is set to 1e-06 for instance and model parameters
option SCALE: Scale is set to 1e-06 for instance and model parameters
option SCALE: Scale is set to 1e-06 for instance and model parameters
option SCALE: Scale is set to 1e-06 for instance and model parameters
Doing analysis at TEMP = 27.000000 and TNOM = 27.000000

Using KLU as Direct Linear Solver
 Reference value :  0.00000e+00
No. of Data Rows : 1
vout = 1.198576e+00
vgdrv = 2.037018e+00
Reset re-loads circuit * monte-carlo-untrimmed monte carlo deck (config=pnp) -- generated by sim/monte-carlo-untrimmed/run_mc_untrimmed.py, do not edit

Circuit: * monte-carlo-untrimmed monte carlo deck (config=pnp) -- generated by sim/monte-carlo-untrimmed/run_mc_untrimmed.py, do not edit

option SCALE: Scale is set to 1e-06 for instance and model parameters
option SCALE: Scale is set to 1e-06 for instance and model parameters
option SCALE: Scale is set to 1e-06 for instance and model parameters
option SCALE: Scale is set to 1e-06 for instance and model parameters
Doing analysis at TEMP = 27.000000 and TNOM = 27.000000

Using KLU as Direct Linear Solver
 Reference value :  0.00000e+00
No. of Data Rows : 1
vout = 1.200002e+00
vgdrv = 2.036655e+00
Reset re-loads circuit * monte-carlo-untrimmed monte carlo deck (config=pnp) -- generated by sim/monte-carlo-untrimmed/run_mc_untrimmed.py, do not edit

Circuit: * monte-carlo-untrimmed monte carlo deck (config=pnp) -- generated by sim/monte-carlo-untrimmed/run_mc_untrimmed.py, do not edit

option SCALE: Scale is set to 1e-06 for instance and model parameters
option SCALE: Scale is set to 1e-06 for instance and model parameters
option SCALE: Scale is set to 1e-06 for instance and model parameters
option SCALE: Scale is set to 1e-06 for instance and model parameters
Doing analysis at TEMP = 27.000000 and TNOM = 27.000000

Using KLU as Direct Linear Solver

No. of Data Rows : 1
vout = 1.199418e+00
vgdrv = 2.036810e+00
Reset re-loads circuit * monte-carlo-untrimmed monte carlo deck (config=pnp) -- generated by sim/monte-carlo-untrimmed/run_mc_untrimmed.py, do not edit

Circuit: * monte-carlo-untrimmed monte carlo deck (config=pnp) -- generated by sim/monte-carlo-untrimmed/run_mc_untrimmed.py, do not edit

option SCALE: Scale is set to 1e-06 for instance and model parameters
option SCALE: Scale is set to 1e-06 for instance and model parameters
option SCALE: Scale is set to 1e-06 for instance and model parameters
option SCALE: Scale is set to 1e-06 for instance and model parameters
Doing analysis at TEMP = 27.000000 and TNOM = 27.000000

Using KLU as Direct Linear Solver
 Reference value :  0.00000e+00
No. of Data Rows : 1
vout = 1.199711e+00
vgdrv = 2.036726e+00
Reset re-loads circuit * monte-carlo-untrimmed monte carlo deck (config=pnp) -- generated by sim/monte-carlo-untrimmed/run_mc_untrimmed.py, do not edit

Circuit: * monte-carlo-untrimmed monte carlo deck (config=pnp) -- generated by sim/monte-carlo-untrimmed/run_mc_untrimmed.py, do not edit

option SCALE: Scale is set to 1e-06 for instance and model parameters
option SCALE: Scale is set to 1e-06 for instance and model parameters
option SCALE: Scale is set to 1e-06 for instance and model parameters
option SCALE: Scale is set to 1e-06 for instance and model parameters
Doing analysis at TEMP = 27.000000 and TNOM = 27.000000

Using KLU as Direct Linear Solver

No. of Data Rows : 1
vout = 1.200461e+00
vgdrv = 2.036520e+00
Reset re-loads circuit * monte-carlo-untrimmed monte carlo deck (config=pnp) -- generated by sim/monte-carlo-untrimmed/run_mc_untrimmed.py, do not edit

Circuit: * monte-carlo-untrimmed monte carlo deck (config=pnp) -- generated by sim/monte-carlo-untrimmed/run_mc_untrimmed.py, do not edit

option SCALE: Scale is set to 1e-06 for instance and model parameters
option SCALE: Scale is set to 1e-06 for instance and model parameters
option SCALE: Scale is set to 1e-06 for instance and model parameters
option SCALE: Scale is set to 1e-06 for instance and model parameters
Doing analysis at TEMP = 27.000000 and TNOM = 27.000000

Using KLU as Direct Linear Solver

No. of Data Rows : 1
vout = 1.199810e+00
vgdrv = 2.036692e+00
Reset re-loads circuit * monte-carlo-untrimmed monte carlo deck (config=pnp) -- generated by sim/monte-carlo-untrimmed/run_mc_untrimmed.py, do not edit

Circuit: * monte-carlo-untrimmed monte carlo deck (config=pnp) -- generated by sim/monte-carlo-untrimmed/run_mc_untrimmed.py, do not edit

option SCALE: Scale is set to 1e-06 for instance and model parameters
option SCALE: Scale is set to 1e-06 for instance and model parameters
option SCALE: Scale is set to 1e-06 for instance and model parameters
option SCALE: Scale is set to 1e-06 for instance and model parameters
Doing analysis at TEMP = 27.000000 and TNOM = 27.000000

Using KLU as Direct Linear Solver
 Reference value :  0.00000e+00
No. of Data Rows : 1
vout = 1.200318e+00
vgdrv = 2.036557e+00
Reset re-loads circuit * monte-carlo-untrimmed monte carlo deck (config=pnp) -- generated by sim/monte-carlo-untrimmed/run_mc_untrimmed.py, do not edit

Circuit: * monte-carlo-untrimmed monte carlo deck (config=pnp) -- generated by sim/monte-carlo-untrimmed/run_mc_untrimmed.py, do not edit

option SCALE: Scale is set to 1e-06 for instance and model parameters
option SCALE: Scale is set to 1e-06 for instance and model parameters
option SCALE: Scale is set to 1e-06 for instance and model parameters
option SCALE: Scale is set to 1e-06 for instance and model parameters
Doing analysis at TEMP = 27.000000 and TNOM = 27.000000

Using KLU as Direct Linear Solver

No. of Data Rows : 1
vout = 1.200104e+00
vgdrv = 2.036626e+00
Reset re-loads circuit * monte-carlo-untrimmed monte carlo deck (config=pnp) -- generated by sim/monte-carlo-untrimmed/run_mc_untrimmed.py, do not edit

Circuit: * monte-carlo-untrimmed monte carlo deck (config=pnp) -- generated by sim/monte-carlo-untrimmed/run_mc_untrimmed.py, do not edit

option SCALE: Scale is set to 1e-06 for instance and model parameters
option SCALE: Scale is set to 1e-06 for instance and model parameters
option SCALE: Scale is set to 1e-06 for instance and model parameters
option SCALE: Scale is set to 1e-06 for instance and model parameters
Doing analysis at TEMP = 27.000000 and TNOM = 27.000000

Using KLU as Direct Linear Solver

No. of Data Rows : 1
vout = 1.200032e+00
vgdrv = 2.036642e+00
Reset re-loads circuit * monte-carlo-untrimmed monte carlo deck (config=pnp) -- generated by sim/monte-carlo-untrimmed/run_mc_untrimmed.py, do not edit

Circuit: * monte-carlo-untrimmed monte carlo deck (config=pnp) -- generated by sim/monte-carlo-untrimmed/run_mc_untrimmed.py, do not edit

option SCALE: Scale is set to 1e-06 for instance and model parameters
option SCALE: Scale is set to 1e-06 for instance and model parameters
option SCALE: Scale is set to 1e-06 for instance and model parameters
option SCALE: Scale is set to 1e-06 for instance and model parameters
Doing analysis at TEMP = 27.000000 and TNOM = 27.000000

Using KLU as Direct Linear Solver

No. of Data Rows : 1
vout = 1.199645e+00
vgdrv = 2.036743e+00
Reset re-loads circuit * monte-carlo-untrimmed monte carlo deck (config=pnp) -- generated by sim/monte-carlo-untrimmed/run_mc_untrimmed.py, do not edit

Circuit: * monte-carlo-untrimmed monte carlo deck (config=pnp) -- generated by sim/monte-carlo-untrimmed/run_mc_untrimmed.py, do not edit

option SCALE: Scale is set to 1e-06 for instance and model parameters
option SCALE: Scale is set to 1e-06 for instance and model parameters
option SCALE: Scale is set to 1e-06 for instance and model parameters
option SCALE: Scale is set to 1e-06 for instance and model parameters
Doing analysis at TEMP = 27.000000 and TNOM = 27.000000

Using KLU as Direct Linear Solver

No. of Data Rows : 1
vout = 1.198548e+00
vgdrv = 2.037023e+00
Reset re-loads circuit * monte-carlo-untrimmed monte carlo deck (config=pnp) -- generated by sim/monte-carlo-untrimmed/run_mc_untrimmed.py, do not edit

Circuit: * monte-carlo-untrimmed monte carlo deck (config=pnp) -- generated by sim/monte-carlo-untrimmed/run_mc_untrimmed.py, do not edit

option SCALE: Scale is set to 1e-06 for instance and model parameters
option SCALE: Scale is set to 1e-06 for instance and model parameters
option SCALE: Scale is set to 1e-06 for instance and model parameters
option SCALE: Scale is set to 1e-06 for instance and model parameters
Doing analysis at TEMP = 27.000000 and TNOM = 27.000000

Using KLU as Direct Linear Solver
 Reference value :  0.00000e+00
No. of Data Rows : 1
vout = 1.198924e+00
vgdrv = 2.036928e+00
Reset re-loads circuit * monte-carlo-untrimmed monte carlo deck (config=pnp) -- generated by sim/monte-carlo-untrimmed/run_mc_untrimmed.py, do not edit

Circuit: * monte-carlo-untrimmed monte carlo deck (config=pnp) -- generated by sim/monte-carlo-untrimmed/run_mc_untrimmed.py, do not edit

option SCALE: Scale is set to 1e-06 for instance and model parameters
option SCALE: Scale is set to 1e-06 for instance and model parameters
option SCALE: Scale is set to 1e-06 for instance and model parameters
option SCALE: Scale is set to 1e-06 for instance and model parameters
Doing analysis at TEMP = 27.000000 and TNOM = 27.000000

Using KLU as Direct Linear Solver

No. of Data Rows : 1
vout = 1.201731e+00
vgdrv = 2.036208e+00
Reset re-loads circuit * monte-carlo-untrimmed monte carlo deck (config=pnp) -- generated by sim/monte-carlo-untrimmed/run_mc_untrimmed.py, do not edit

Circuit: * monte-carlo-untrimmed monte carlo deck (config=pnp) -- generated by sim/monte-carlo-untrimmed/run_mc_untrimmed.py, do not edit

option SCALE: Scale is set to 1e-06 for instance and model parameters
option SCALE: Scale is set to 1e-06 for instance and model parameters
option SCALE: Scale is set to 1e-06 for instance and model parameters
option SCALE: Scale is set to 1e-06 for instance and model parameters
Doing analysis at TEMP = 27.000000 and TNOM = 27.000000

Using KLU as Direct Linear Solver

No. of Data Rows : 1
vout = 1.198131e+00
vgdrv = 2.037141e+00
Reset re-loads circuit * monte-carlo-untrimmed monte carlo deck (config=pnp) -- generated by sim/monte-carlo-untrimmed/run_mc_untrimmed.py, do not edit

Circuit: * monte-carlo-untrimmed monte carlo deck (config=pnp) -- generated by sim/monte-carlo-untrimmed/run_mc_untrimmed.py, do not edit

option SCALE: Scale is set to 1e-06 for instance and model parameters
option SCALE: Scale is set to 1e-06 for instance and model parameters
option SCALE: Scale is set to 1e-06 for instance and model parameters
option SCALE: Scale is set to 1e-06 for instance and model parameters
Doing analysis at TEMP = 27.000000 and TNOM = 27.000000

Using KLU as Direct Linear Solver

No. of Data Rows : 1
vout = 1.200970e+00
vgdrv = 2.036395e+00
Reset re-loads circuit * monte-carlo-untrimmed monte carlo deck (config=pnp) -- generated by sim/monte-carlo-untrimmed/run_mc_untrimmed.py, do not edit

Circuit: * monte-carlo-untrimmed monte carlo deck (config=pnp) -- generated by sim/monte-carlo-untrimmed/run_mc_untrimmed.py, do not edit

option SCALE: Scale is set to 1e-06 for instance and model parameters
option SCALE: Scale is set to 1e-06 for instance and model parameters
option SCALE: Scale is set to 1e-06 for instance and model parameters
option SCALE: Scale is set to 1e-06 for instance and model parameters
Doing analysis at TEMP = 27.000000 and TNOM = 27.000000

Using KLU as Direct Linear Solver

No. of Data Rows : 1
vout = 1.198584e+00
vgdrv = 2.037004e+00
Reset re-loads circuit * monte-carlo-untrimmed monte carlo deck (config=pnp) -- generated by sim/monte-carlo-untrimmed/run_mc_untrimmed.py, do not edit

Circuit: * monte-carlo-untrimmed monte carlo deck (config=pnp) -- generated by sim/monte-carlo-untrimmed/run_mc_untrimmed.py, do not edit

option SCALE: Scale is set to 1e-06 for instance and model parameters
option SCALE: Scale is set to 1e-06 for instance and model parameters
option SCALE: Scale is set to 1e-06 for instance and model parameters
option SCALE: Scale is set to 1e-06 for instance and model parameters
Doing analysis at TEMP = 27.000000 and TNOM = 27.000000

Using KLU as Direct Linear Solver

No. of Data Rows : 1
vout = 1.197662e+00
vgdrv = 2.037255e+00
Reset re-loads circuit * monte-carlo-untrimmed monte carlo deck (config=pnp) -- generated by sim/monte-carlo-untrimmed/run_mc_untrimmed.py, do not edit

Circuit: * monte-carlo-untrimmed monte carlo deck (config=pnp) -- generated by sim/monte-carlo-untrimmed/run_mc_untrimmed.py, do not edit

option SCALE: Scale is set to 1e-06 for instance and model parameters
option SCALE: Scale is set to 1e-06 for instance and model parameters
option SCALE: Scale is set to 1e-06 for instance and model parameters
option SCALE: Scale is set to 1e-06 for instance and model parameters
Doing analysis at TEMP = 27.000000 and TNOM = 27.000000

Using KLU as Direct Linear Solver
 Reference value :  0.00000e+00
No. of Data Rows : 1
vout = 1.202008e+00
vgdrv = 2.036144e+00
Reset re-loads circuit * monte-carlo-untrimmed monte carlo deck (config=pnp) -- generated by sim/monte-carlo-untrimmed/run_mc_untrimmed.py, do not edit

Circuit: * monte-carlo-untrimmed monte carlo deck (config=pnp) -- generated by sim/monte-carlo-untrimmed/run_mc_untrimmed.py, do not edit

option SCALE: Scale is set to 1e-06 for instance and model parameters
option SCALE: Scale is set to 1e-06 for instance and model parameters
option SCALE: Scale is set to 1e-06 for instance and model parameters
option SCALE: Scale is set to 1e-06 for instance and model parameters
Doing analysis at TEMP = 27.000000 and TNOM = 27.000000

Using KLU as Direct Linear Solver

No. of Data Rows : 1
vout = 1.201679e+00
vgdrv = 2.036212e+00
Reset re-loads circuit * monte-carlo-untrimmed monte carlo deck (config=pnp) -- generated by sim/monte-carlo-untrimmed/run_mc_untrimmed.py, do not edit

Circuit: * monte-carlo-untrimmed monte carlo deck (config=pnp) -- generated by sim/monte-carlo-untrimmed/run_mc_untrimmed.py, do not edit

option SCALE: Scale is set to 1e-06 for instance and model parameters
option SCALE: Scale is set to 1e-06 for instance and model parameters
option SCALE: Scale is set to 1e-06 for instance and model parameters
option SCALE: Scale is set to 1e-06 for instance and model parameters
Doing analysis at TEMP = 27.000000 and TNOM = 27.000000

Using KLU as Direct Linear Solver

No. of Data Rows : 1
vout = 1.199436e+00
vgdrv = 2.036796e+00
Reset re-loads circuit * monte-carlo-untrimmed monte carlo deck (config=pnp) -- generated by sim/monte-carlo-untrimmed/run_mc_untrimmed.py, do not edit

Circuit: * monte-carlo-untrimmed monte carlo deck (config=pnp) -- generated by sim/monte-carlo-untrimmed/run_mc_untrimmed.py, do not edit

option SCALE: Scale is set to 1e-06 for instance and model parameters
option SCALE: Scale is set to 1e-06 for instance and model parameters
option SCALE: Scale is set to 1e-06 for instance and model parameters
option SCALE: Scale is set to 1e-06 for instance and model parameters
Doing analysis at TEMP = 27.000000 and TNOM = 27.000000

Using KLU as Direct Linear Solver

No. of Data Rows : 1
vout = 1.203327e+00
vgdrv = 2.035802e+00
Reset re-loads circuit * monte-carlo-untrimmed monte carlo deck (config=pnp) -- generated by sim/monte-carlo-untrimmed/run_mc_untrimmed.py, do not edit

Circuit: * monte-carlo-untrimmed monte carlo deck (config=pnp) -- generated by sim/monte-carlo-untrimmed/run_mc_untrimmed.py, do not edit

option SCALE: Scale is set to 1e-06 for instance and model parameters
option SCALE: Scale is set to 1e-06 for instance and model parameters
option SCALE: Scale is set to 1e-06 for instance and model parameters
option SCALE: Scale is set to 1e-06 for instance and model parameters
Doing analysis at TEMP = 27.000000 and TNOM = 27.000000

Using KLU as Direct Linear Solver

No. of Data Rows : 1
vout = 1.199017e+00
vgdrv = 2.036891e+00
Reset re-loads circuit * monte-carlo-untrimmed monte carlo deck (config=pnp) -- generated by sim/monte-carlo-untrimmed/run_mc_untrimmed.py, do not edit

Circuit: * monte-carlo-untrimmed monte carlo deck (config=pnp) -- generated by sim/monte-carlo-untrimmed/run_mc_untrimmed.py, do not edit

option SCALE: Scale is set to 1e-06 for instance and model parameters
option SCALE: Scale is set to 1e-06 for instance and model parameters
option SCALE: Scale is set to 1e-06 for instance and model parameters
option SCALE: Scale is set to 1e-06 for instance and model parameters
Doing analysis at TEMP = 27.000000 and TNOM = 27.000000

Using KLU as Direct Linear Solver

No. of Data Rows : 1
vout = 1.198702e+00
vgdrv = 2.036979e+00
Reset re-loads circuit * monte-carlo-untrimmed monte carlo deck (config=pnp) -- generated by sim/monte-carlo-untrimmed/run_mc_untrimmed.py, do not edit

Circuit: * monte-carlo-untrimmed monte carlo deck (config=pnp) -- generated by sim/monte-carlo-untrimmed/run_mc_untrimmed.py, do not edit

option SCALE: Scale is set to 1e-06 for instance and model parameters
option SCALE: Scale is set to 1e-06 for instance and model parameters
option SCALE: Scale is set to 1e-06 for instance and model parameters
option SCALE: Scale is set to 1e-06 for instance and model parameters
Doing analysis at TEMP = 27.000000 and TNOM = 27.000000

Using KLU as Direct Linear Solver
 Reference value :  0.00000e+00
No. of Data Rows : 1
vout = 1.202599e+00
vgdrv = 2.035983e+00
Reset re-loads circuit * monte-carlo-untrimmed monte carlo deck (config=pnp) -- generated by sim/monte-carlo-untrimmed/run_mc_untrimmed.py, do not edit

Circuit: * monte-carlo-untrimmed monte carlo deck (config=pnp) -- generated by sim/monte-carlo-untrimmed/run_mc_untrimmed.py, do not edit

option SCALE: Scale is set to 1e-06 for instance and model parameters
option SCALE: Scale is set to 1e-06 for instance and model parameters
option SCALE: Scale is set to 1e-06 for instance and model parameters
option SCALE: Scale is set to 1e-06 for instance and model parameters
Doing analysis at TEMP = 27.000000 and TNOM = 27.000000

Using KLU as Direct Linear Solver

No. of Data Rows : 1
vout = 1.201688e+00
vgdrv = 2.036208e+00
Reset re-loads circuit * monte-carlo-untrimmed monte carlo deck (config=pnp) -- generated by sim/monte-carlo-untrimmed/run_mc_untrimmed.py, do not edit

Circuit: * monte-carlo-untrimmed monte carlo deck (config=pnp) -- generated by sim/monte-carlo-untrimmed/run_mc_untrimmed.py, do not edit

option SCALE: Scale is set to 1e-06 for instance and model parameters
option SCALE: Scale is set to 1e-06 for instance and model parameters
option SCALE: Scale is set to 1e-06 for instance and model parameters
option SCALE: Scale is set to 1e-06 for instance and model parameters
Doing analysis at TEMP = 27.000000 and TNOM = 27.000000

Using KLU as Direct Linear Solver

No. of Data Rows : 1
vout = 1.199482e+00
vgdrv = 2.036790e+00
Reset re-loads circuit * monte-carlo-untrimmed monte carlo deck (config=pnp) -- generated by sim/monte-carlo-untrimmed/run_mc_untrimmed.py, do not edit

Circuit: * monte-carlo-untrimmed monte carlo deck (config=pnp) -- generated by sim/monte-carlo-untrimmed/run_mc_untrimmed.py, do not edit

option SCALE: Scale is set to 1e-06 for instance and model parameters
option SCALE: Scale is set to 1e-06 for instance and model parameters
option SCALE: Scale is set to 1e-06 for instance and model parameters
option SCALE: Scale is set to 1e-06 for instance and model parameters
Doing analysis at TEMP = 27.000000 and TNOM = 27.000000

Using KLU as Direct Linear Solver

No. of Data Rows : 1
vout = 1.199028e+00
vgdrv = 2.036905e+00
Reset re-loads circuit * monte-carlo-untrimmed monte carlo deck (config=pnp) -- generated by sim/monte-carlo-untrimmed/run_mc_untrimmed.py, do not edit

Circuit: * monte-carlo-untrimmed monte carlo deck (config=pnp) -- generated by sim/monte-carlo-untrimmed/run_mc_untrimmed.py, do not edit

option SCALE: Scale is set to 1e-06 for instance and model parameters
option SCALE: Scale is set to 1e-06 for instance and model parameters
option SCALE: Scale is set to 1e-06 for instance and model parameters
option SCALE: Scale is set to 1e-06 for instance and model parameters
Doing analysis at TEMP = 27.000000 and TNOM = 27.000000

Using KLU as Direct Linear Solver
 Reference value :  0.00000e+00
No. of Data Rows : 1
vout = 1.202297e+00
vgdrv = 2.036051e+00
Reset re-loads circuit * monte-carlo-untrimmed monte carlo deck (config=pnp) -- generated by sim/monte-carlo-untrimmed/run_mc_untrimmed.py, do not edit

Circuit: * monte-carlo-untrimmed monte carlo deck (config=pnp) -- generated by sim/monte-carlo-untrimmed/run_mc_untrimmed.py, do not edit

option SCALE: Scale is set to 1e-06 for instance and model parameters
option SCALE: Scale is set to 1e-06 for instance and model parameters
option SCALE: Scale is set to 1e-06 for instance and model parameters
option SCALE: Scale is set to 1e-06 for instance and model parameters
Doing analysis at TEMP = 27.000000 and TNOM = 27.000000

Using KLU as Direct Linear Solver
 Reference value :  0.00000e+00
No. of Data Rows : 1
vout = 1.200713e+00
vgdrv = 2.036476e+00
Reset re-loads circuit * monte-carlo-untrimmed monte carlo deck (config=pnp) -- generated by sim/monte-carlo-untrimmed/run_mc_untrimmed.py, do not edit

Circuit: * monte-carlo-untrimmed monte carlo deck (config=pnp) -- generated by sim/monte-carlo-untrimmed/run_mc_untrimmed.py, do not edit

option SCALE: Scale is set to 1e-06 for instance and model parameters
option SCALE: Scale is set to 1e-06 for instance and model parameters
option SCALE: Scale is set to 1e-06 for instance and model parameters
option SCALE: Scale is set to 1e-06 for instance and model parameters
Doing analysis at TEMP = 27.000000 and TNOM = 27.000000

Using KLU as Direct Linear Solver

No. of Data Rows : 1
vout = 1.201314e+00
vgdrv = 2.036317e+00
Reset re-loads circuit * monte-carlo-untrimmed monte carlo deck (config=pnp) -- generated by sim/monte-carlo-untrimmed/run_mc_untrimmed.py, do not edit

Circuit: * monte-carlo-untrimmed monte carlo deck (config=pnp) -- generated by sim/monte-carlo-untrimmed/run_mc_untrimmed.py, do not edit

option SCALE: Scale is set to 1e-06 for instance and model parameters
option SCALE: Scale is set to 1e-06 for instance and model parameters
option SCALE: Scale is set to 1e-06 for instance and model parameters
option SCALE: Scale is set to 1e-06 for instance and model parameters
Doing analysis at TEMP = 27.000000 and TNOM = 27.000000

Using KLU as Direct Linear Solver

No. of Data Rows : 1
vout = 1.201238e+00
vgdrv = 2.036332e+00
Reset re-loads circuit * monte-carlo-untrimmed monte carlo deck (config=pnp) -- generated by sim/monte-carlo-untrimmed/run_mc_untrimmed.py, do not edit

Circuit: * monte-carlo-untrimmed monte carlo deck (config=pnp) -- generated by sim/monte-carlo-untrimmed/run_mc_untrimmed.py, do not edit

option SCALE: Scale is set to 1e-06 for instance and model parameters
option SCALE: Scale is set to 1e-06 for instance and model parameters
option SCALE: Scale is set to 1e-06 for instance and model parameters
option SCALE: Scale is set to 1e-06 for instance and model parameters
Doing analysis at TEMP = 27.000000 and TNOM = 27.000000

Using KLU as Direct Linear Solver

No. of Data Rows : 1
vout = 1.201472e+00
vgdrv = 2.036277e+00
Reset re-loads circuit * monte-carlo-untrimmed monte carlo deck (config=pnp) -- generated by sim/monte-carlo-untrimmed/run_mc_untrimmed.py, do not edit

Circuit: * monte-carlo-untrimmed monte carlo deck (config=pnp) -- generated by sim/monte-carlo-untrimmed/run_mc_untrimmed.py, do not edit

option SCALE: Scale is set to 1e-06 for instance and model parameters
option SCALE: Scale is set to 1e-06 for instance and model parameters
option SCALE: Scale is set to 1e-06 for instance and model parameters
option SCALE: Scale is set to 1e-06 for instance and model parameters
Doing analysis at TEMP = 27.000000 and TNOM = 27.000000

Using KLU as Direct Linear Solver

No. of Data Rows : 1
vout = 1.201189e+00
vgdrv = 2.036347e+00
Reset re-loads circuit * monte-carlo-untrimmed monte carlo deck (config=pnp) -- generated by sim/monte-carlo-untrimmed/run_mc_untrimmed.py, do not edit

Circuit: * monte-carlo-untrimmed monte carlo deck (config=pnp) -- generated by sim/monte-carlo-untrimmed/run_mc_untrimmed.py, do not edit

option SCALE: Scale is set to 1e-06 for instance and model parameters
option SCALE: Scale is set to 1e-06 for instance and model parameters
option SCALE: Scale is set to 1e-06 for instance and model parameters
option SCALE: Scale is set to 1e-06 for instance and model parameters
Doing analysis at TEMP = 27.000000 and TNOM = 27.000000

Using KLU as Direct Linear Solver

No. of Data Rows : 1
vout = 1.198378e+00
vgdrv = 2.037078e+00
Reset re-loads circuit * monte-carlo-untrimmed monte carlo deck (config=pnp) -- generated by sim/monte-carlo-untrimmed/run_mc_untrimmed.py, do not edit

Circuit: * monte-carlo-untrimmed monte carlo deck (config=pnp) -- generated by sim/monte-carlo-untrimmed/run_mc_untrimmed.py, do not edit

option SCALE: Scale is set to 1e-06 for instance and model parameters
option SCALE: Scale is set to 1e-06 for instance and model parameters
option SCALE: Scale is set to 1e-06 for instance and model parameters
option SCALE: Scale is set to 1e-06 for instance and model parameters
Doing analysis at TEMP = 27.000000 and TNOM = 27.000000

Using KLU as Direct Linear Solver
 Reference value :  0.00000e+00
No. of Data Rows : 1
vout = 1.201354e+00
vgdrv = 2.036311e+00
Reset re-loads circuit * monte-carlo-untrimmed monte carlo deck (config=pnp) -- generated by sim/monte-carlo-untrimmed/run_mc_untrimmed.py, do not edit

Circuit: * monte-carlo-untrimmed monte carlo deck (config=pnp) -- generated by sim/monte-carlo-untrimmed/run_mc_untrimmed.py, do not edit

option SCALE: Scale is set to 1e-06 for instance and model parameters
option SCALE: Scale is set to 1e-06 for instance and model parameters
option SCALE: Scale is set to 1e-06 for instance and model parameters
option SCALE: Scale is set to 1e-06 for instance and model parameters
Doing analysis at TEMP = 27.000000 and TNOM = 27.000000

Using KLU as Direct Linear Solver

No. of Data Rows : 1
vout = 1.198815e+00
vgdrv = 2.036950e+00
Reset re-loads circuit * monte-carlo-untrimmed monte carlo deck (config=pnp) -- generated by sim/monte-carlo-untrimmed/run_mc_untrimmed.py, do not edit

Circuit: * monte-carlo-untrimmed monte carlo deck (config=pnp) -- generated by sim/monte-carlo-untrimmed/run_mc_untrimmed.py, do not edit

option SCALE: Scale is set to 1e-06 for instance and model parameters
option SCALE: Scale is set to 1e-06 for instance and model parameters
option SCALE: Scale is set to 1e-06 for instance and model parameters
option SCALE: Scale is set to 1e-06 for instance and model parameters
Doing analysis at TEMP = 27.000000 and TNOM = 27.000000

Using KLU as Direct Linear Solver

No. of Data Rows : 1
vout = 1.197596e+00
vgdrv = 2.037260e+00
Reset re-loads circuit * monte-carlo-untrimmed monte carlo deck (config=pnp) -- generated by sim/monte-carlo-untrimmed/run_mc_untrimmed.py, do not edit

Circuit: * monte-carlo-untrimmed monte carlo deck (config=pnp) -- generated by sim/monte-carlo-untrimmed/run_mc_untrimmed.py, do not edit

option SCALE: Scale is set to 1e-06 for instance and model parameters
option SCALE: Scale is set to 1e-06 for instance and model parameters
option SCALE: Scale is set to 1e-06 for instance and model parameters
option SCALE: Scale is set to 1e-06 for instance and model parameters
Doing analysis at TEMP = 27.000000 and TNOM = 27.000000

Using KLU as Direct Linear Solver

No. of Data Rows : 1
vout = 1.201866e+00
vgdrv = 2.036166e+00
Reset re-loads circuit * monte-carlo-untrimmed monte carlo deck (config=pnp) -- generated by sim/monte-carlo-untrimmed/run_mc_untrimmed.py, do not edit

Circuit: * monte-carlo-untrimmed monte carlo deck (config=pnp) -- generated by sim/monte-carlo-untrimmed/run_mc_untrimmed.py, do not edit

option SCALE: Scale is set to 1e-06 for instance and model parameters
option SCALE: Scale is set to 1e-06 for instance and model parameters
option SCALE: Scale is set to 1e-06 for instance and model parameters
option SCALE: Scale is set to 1e-06 for instance and model parameters
Doing analysis at TEMP = 27.000000 and TNOM = 27.000000

Using KLU as Direct Linear Solver

No. of Data Rows : 1
vout = 1.198699e+00
vgdrv = 2.036989e+00
Reset re-loads circuit * monte-carlo-untrimmed monte carlo deck (config=pnp) -- generated by sim/monte-carlo-untrimmed/run_mc_untrimmed.py, do not edit

Circuit: * monte-carlo-untrimmed monte carlo deck (config=pnp) -- generated by sim/monte-carlo-untrimmed/run_mc_untrimmed.py, do not edit

option SCALE: Scale is set to 1e-06 for instance and model parameters
option SCALE: Scale is set to 1e-06 for instance and model parameters
option SCALE: Scale is set to 1e-06 for instance and model parameters
option SCALE: Scale is set to 1e-06 for instance and model parameters
Doing analysis at TEMP = 27.000000 and TNOM = 27.000000

Using KLU as Direct Linear Solver

No. of Data Rows : 1
vout = 1.200748e+00
vgdrv = 2.036450e+00
Reset re-loads circuit * monte-carlo-untrimmed monte carlo deck (config=pnp) -- generated by sim/monte-carlo-untrimmed/run_mc_untrimmed.py, do not edit

Circuit: * monte-carlo-untrimmed monte carlo deck (config=pnp) -- generated by sim/monte-carlo-untrimmed/run_mc_untrimmed.py, do not edit

option SCALE: Scale is set to 1e-06 for instance and model parameters
option SCALE: Scale is set to 1e-06 for instance and model parameters
option SCALE: Scale is set to 1e-06 for instance and model parameters
option SCALE: Scale is set to 1e-06 for instance and model parameters
Doing analysis at TEMP = 27.000000 and TNOM = 27.000000

Using KLU as Direct Linear Solver
 Reference value :  0.00000e+00
No. of Data Rows : 1
vout = 1.201908e+00
vgdrv = 2.036166e+00
Reset re-loads circuit * monte-carlo-untrimmed monte carlo deck (config=pnp) -- generated by sim/monte-carlo-untrimmed/run_mc_untrimmed.py, do not edit

Circuit: * monte-carlo-untrimmed monte carlo deck (config=pnp) -- generated by sim/monte-carlo-untrimmed/run_mc_untrimmed.py, do not edit

option SCALE: Scale is set to 1e-06 for instance and model parameters
option SCALE: Scale is set to 1e-06 for instance and model parameters
option SCALE: Scale is set to 1e-06 for instance and model parameters
option SCALE: Scale is set to 1e-06 for instance and model parameters
Doing analysis at TEMP = 27.000000 and TNOM = 27.000000

Using KLU as Direct Linear Solver

No. of Data Rows : 1
vout = 1.201163e+00
vgdrv = 2.036348e+00
Reset re-loads circuit * monte-carlo-untrimmed monte carlo deck (config=pnp) -- generated by sim/monte-carlo-untrimmed/run_mc_untrimmed.py, do not edit

Circuit: * monte-carlo-untrimmed monte carlo deck (config=pnp) -- generated by sim/monte-carlo-untrimmed/run_mc_untrimmed.py, do not edit

option SCALE: Scale is set to 1e-06 for instance and model parameters
option SCALE: Scale is set to 1e-06 for instance and model parameters
option SCALE: Scale is set to 1e-06 for instance and model parameters
option SCALE: Scale is set to 1e-06 for instance and model parameters
Doing analysis at TEMP = 27.000000 and TNOM = 27.000000

Using KLU as Direct Linear Solver

No. of Data Rows : 1
vout = 1.200580e+00
vgdrv = 2.036503e+00
Reset re-loads circuit * monte-carlo-untrimmed monte carlo deck (config=pnp) -- generated by sim/monte-carlo-untrimmed/run_mc_untrimmed.py, do not edit

Circuit: * monte-carlo-untrimmed monte carlo deck (config=pnp) -- generated by sim/monte-carlo-untrimmed/run_mc_untrimmed.py, do not edit

option SCALE: Scale is set to 1e-06 for instance and model parameters
option SCALE: Scale is set to 1e-06 for instance and model parameters
option SCALE: Scale is set to 1e-06 for instance and model parameters
option SCALE: Scale is set to 1e-06 for instance and model parameters
Doing analysis at TEMP = 27.000000 and TNOM = 27.000000

Using KLU as Direct Linear Solver

No. of Data Rows : 1
vout = 1.198454e+00
vgdrv = 2.037045e+00
Reset re-loads circuit * monte-carlo-untrimmed monte carlo deck (config=pnp) -- generated by sim/monte-carlo-untrimmed/run_mc_untrimmed.py, do not edit

Circuit: * monte-carlo-untrimmed monte carlo deck (config=pnp) -- generated by sim/monte-carlo-untrimmed/run_mc_untrimmed.py, do not edit

option SCALE: Scale is set to 1e-06 for instance and model parameters
option SCALE: Scale is set to 1e-06 for instance and model parameters
option SCALE: Scale is set to 1e-06 for instance and model parameters
option SCALE: Scale is set to 1e-06 for instance and model parameters
Doing analysis at TEMP = 27.000000 and TNOM = 27.000000

Using KLU as Direct Linear Solver
 Reference value :  0.00000e+00
No. of Data Rows : 1
vout = 1.199997e+00
vgdrv = 2.036654e+00
Reset re-loads circuit * monte-carlo-untrimmed monte carlo deck (config=pnp) -- generated by sim/monte-carlo-untrimmed/run_mc_untrimmed.py, do not edit

Circuit: * monte-carlo-untrimmed monte carlo deck (config=pnp) -- generated by sim/monte-carlo-untrimmed/run_mc_untrimmed.py, do not edit

option SCALE: Scale is set to 1e-06 for instance and model parameters
option SCALE: Scale is set to 1e-06 for instance and model parameters
option SCALE: Scale is set to 1e-06 for instance and model parameters
option SCALE: Scale is set to 1e-06 for instance and model parameters
Doing analysis at TEMP = 27.000000 and TNOM = 27.000000

Using KLU as Direct Linear Solver

No. of Data Rows : 1
vout = 1.200876e+00
vgdrv = 2.036432e+00
Reset re-loads circuit * monte-carlo-untrimmed monte carlo deck (config=pnp) -- generated by sim/monte-carlo-untrimmed/run_mc_untrimmed.py, do not edit

Circuit: * monte-carlo-untrimmed monte carlo deck (config=pnp) -- generated by sim/monte-carlo-untrimmed/run_mc_untrimmed.py, do not edit

option SCALE: Scale is set to 1e-06 for instance and model parameters
option SCALE: Scale is set to 1e-06 for instance and model parameters
option SCALE: Scale is set to 1e-06 for instance and model parameters
option SCALE: Scale is set to 1e-06 for instance and model parameters
Doing analysis at TEMP = 27.000000 and TNOM = 27.000000

Using KLU as Direct Linear Solver

No. of Data Rows : 1
vout = 1.199924e+00
vgdrv = 2.036675e+00
Reset re-loads circuit * monte-carlo-untrimmed monte carlo deck (config=pnp) -- generated by sim/monte-carlo-untrimmed/run_mc_untrimmed.py, do not edit

Circuit: * monte-carlo-untrimmed monte carlo deck (config=pnp) -- generated by sim/monte-carlo-untrimmed/run_mc_untrimmed.py, do not edit

option SCALE: Scale is set to 1e-06 for instance and model parameters
option SCALE: Scale is set to 1e-06 for instance and model parameters
option SCALE: Scale is set to 1e-06 for instance and model parameters
option SCALE: Scale is set to 1e-06 for instance and model parameters
Doing analysis at TEMP = 27.000000 and TNOM = 27.000000

Using KLU as Direct Linear Solver

No. of Data Rows : 1
vout = 1.201370e+00
vgdrv = 2.036294e+00
Reset re-loads circuit * monte-carlo-untrimmed monte carlo deck (config=pnp) -- generated by sim/monte-carlo-untrimmed/run_mc_untrimmed.py, do not edit

Circuit: * monte-carlo-untrimmed monte carlo deck (config=pnp) -- generated by sim/monte-carlo-untrimmed/run_mc_untrimmed.py, do not edit

option SCALE: Scale is set to 1e-06 for instance and model parameters
option SCALE: Scale is set to 1e-06 for instance and model parameters
option SCALE: Scale is set to 1e-06 for instance and model parameters
option SCALE: Scale is set to 1e-06 for instance and model parameters
Doing analysis at TEMP = 27.000000 and TNOM = 27.000000

Using KLU as Direct Linear Solver

No. of Data Rows : 1
vout = 1.199921e+00
vgdrv = 2.036671e+00
Reset re-loads circuit * monte-carlo-untrimmed monte carlo deck (config=pnp) -- generated by sim/monte-carlo-untrimmed/run_mc_untrimmed.py, do not edit

Circuit: * monte-carlo-untrimmed monte carlo deck (config=pnp) -- generated by sim/monte-carlo-untrimmed/run_mc_untrimmed.py, do not edit

option SCALE: Scale is set to 1e-06 for instance and model parameters
option SCALE: Scale is set to 1e-06 for instance and model parameters
option SCALE: Scale is set to 1e-06 for instance and model parameters
option SCALE: Scale is set to 1e-06 for instance and model parameters
Doing analysis at TEMP = 27.000000 and TNOM = 27.000000

Using KLU as Direct Linear Solver
 Reference value :  0.00000e+00
No. of Data Rows : 1
vout = 1.200851e+00
vgdrv = 2.036436e+00
Reset re-loads circuit * monte-carlo-untrimmed monte carlo deck (config=pnp) -- generated by sim/monte-carlo-untrimmed/run_mc_untrimmed.py, do not edit

Circuit: * monte-carlo-untrimmed monte carlo deck (config=pnp) -- generated by sim/monte-carlo-untrimmed/run_mc_untrimmed.py, do not edit

option SCALE: Scale is set to 1e-06 for instance and model parameters
option SCALE: Scale is set to 1e-06 for instance and model parameters
option SCALE: Scale is set to 1e-06 for instance and model parameters
option SCALE: Scale is set to 1e-06 for instance and model parameters
Doing analysis at TEMP = 27.000000 and TNOM = 27.000000

Using KLU as Direct Linear Solver

No. of Data Rows : 1
vout = 1.198675e+00
vgdrv = 2.036986e+00
Reset re-loads circuit * monte-carlo-untrimmed monte carlo deck (config=pnp) -- generated by sim/monte-carlo-untrimmed/run_mc_untrimmed.py, do not edit

Circuit: * monte-carlo-untrimmed monte carlo deck (config=pnp) -- generated by sim/monte-carlo-untrimmed/run_mc_untrimmed.py, do not edit

option SCALE: Scale is set to 1e-06 for instance and model parameters
option SCALE: Scale is set to 1e-06 for instance and model parameters
option SCALE: Scale is set to 1e-06 for instance and model parameters
option SCALE: Scale is set to 1e-06 for instance and model parameters
Doing analysis at TEMP = 27.000000 and TNOM = 27.000000

Using KLU as Direct Linear Solver

No. of Data Rows : 1
vout = 1.201229e+00
vgdrv = 2.036333e+00
Reset re-loads circuit * monte-carlo-untrimmed monte carlo deck (config=pnp) -- generated by sim/monte-carlo-untrimmed/run_mc_untrimmed.py, do not edit

Circuit: * monte-carlo-untrimmed monte carlo deck (config=pnp) -- generated by sim/monte-carlo-untrimmed/run_mc_untrimmed.py, do not edit

option SCALE: Scale is set to 1e-06 for instance and model parameters
option SCALE: Scale is set to 1e-06 for instance and model parameters
option SCALE: Scale is set to 1e-06 for instance and model parameters
option SCALE: Scale is set to 1e-06 for instance and model parameters
Doing analysis at TEMP = 27.000000 and TNOM = 27.000000

Using KLU as Direct Linear Solver
 Reference value :  0.00000e+00
No. of Data Rows : 1
vout = 1.199239e+00
vgdrv = 2.036847e+00
Reset re-loads circuit * monte-carlo-untrimmed monte carlo deck (config=pnp) -- generated by sim/monte-carlo-untrimmed/run_mc_untrimmed.py, do not edit

Circuit: * monte-carlo-untrimmed monte carlo deck (config=pnp) -- generated by sim/monte-carlo-untrimmed/run_mc_untrimmed.py, do not edit

option SCALE: Scale is set to 1e-06 for instance and model parameters
option SCALE: Scale is set to 1e-06 for instance and model parameters
option SCALE: Scale is set to 1e-06 for instance and model parameters
option SCALE: Scale is set to 1e-06 for instance and model parameters
Doing analysis at TEMP = 27.000000 and TNOM = 27.000000

Using KLU as Direct Linear Solver

No. of Data Rows : 1
vout = 1.202141e+00
vgdrv = 2.036108e+00
Reset re-loads circuit * monte-carlo-untrimmed monte carlo deck (config=pnp) -- generated by sim/monte-carlo-untrimmed/run_mc_untrimmed.py, do not edit

Circuit: * monte-carlo-untrimmed monte carlo deck (config=pnp) -- generated by sim/monte-carlo-untrimmed/run_mc_untrimmed.py, do not edit

option SCALE: Scale is set to 1e-06 for instance and model parameters
option SCALE: Scale is set to 1e-06 for instance and model parameters
option SCALE: Scale is set to 1e-06 for instance and model parameters
option SCALE: Scale is set to 1e-06 for instance and model parameters
Doing analysis at TEMP = 27.000000 and TNOM = 27.000000

Using KLU as Direct Linear Solver

No. of Data Rows : 1
vout = 1.200688e+00
vgdrv = 2.036467e+00
Reset re-loads circuit * monte-carlo-untrimmed monte carlo deck (config=pnp) -- generated by sim/monte-carlo-untrimmed/run_mc_untrimmed.py, do not edit

Circuit: * monte-carlo-untrimmed monte carlo deck (config=pnp) -- generated by sim/monte-carlo-untrimmed/run_mc_untrimmed.py, do not edit

option SCALE: Scale is set to 1e-06 for instance and model parameters
option SCALE: Scale is set to 1e-06 for instance and model parameters
option SCALE: Scale is set to 1e-06 for instance and model parameters
option SCALE: Scale is set to 1e-06 for instance and model parameters
Doing analysis at TEMP = 27.000000 and TNOM = 27.000000

Using KLU as Direct Linear Solver
 Reference value :  0.00000e+00
No. of Data Rows : 1
vout = 1.202908e+00
vgdrv = 2.035905e+00
Reset re-loads circuit * monte-carlo-untrimmed monte carlo deck (config=pnp) -- generated by sim/monte-carlo-untrimmed/run_mc_untrimmed.py, do not edit

Circuit: * monte-carlo-untrimmed monte carlo deck (config=pnp) -- generated by sim/monte-carlo-untrimmed/run_mc_untrimmed.py, do not edit

option SCALE: Scale is set to 1e-06 for instance and model parameters
option SCALE: Scale is set to 1e-06 for instance and model parameters
option SCALE: Scale is set to 1e-06 for instance and model parameters
option SCALE: Scale is set to 1e-06 for instance and model parameters
Doing analysis at TEMP = 27.000000 and TNOM = 27.000000

Using KLU as Direct Linear Solver

No. of Data Rows : 1
vout = 1.199355e+00
vgdrv = 2.036819e+00
Reset re-loads circuit * monte-carlo-untrimmed monte carlo deck (config=pnp) -- generated by sim/monte-carlo-untrimmed/run_mc_untrimmed.py, do not edit

Circuit: * monte-carlo-untrimmed monte carlo deck (config=pnp) -- generated by sim/monte-carlo-untrimmed/run_mc_untrimmed.py, do not edit

option SCALE: Scale is set to 1e-06 for instance and model parameters
option SCALE: Scale is set to 1e-06 for instance and model parameters
option SCALE: Scale is set to 1e-06 for instance and model parameters
option SCALE: Scale is set to 1e-06 for instance and model parameters
Doing analysis at TEMP = 27.000000 and TNOM = 27.000000

Using KLU as Direct Linear Solver

No. of Data Rows : 1
vout = 1.199450e+00
vgdrv = 2.036789e+00
Reset re-loads circuit * monte-carlo-untrimmed monte carlo deck (config=pnp) -- generated by sim/monte-carlo-untrimmed/run_mc_untrimmed.py, do not edit

Circuit: * monte-carlo-untrimmed monte carlo deck (config=pnp) -- generated by sim/monte-carlo-untrimmed/run_mc_untrimmed.py, do not edit

option SCALE: Scale is set to 1e-06 for instance and model parameters
option SCALE: Scale is set to 1e-06 for instance and model parameters
option SCALE: Scale is set to 1e-06 for instance and model parameters
option SCALE: Scale is set to 1e-06 for instance and model parameters
Doing analysis at TEMP = 27.000000 and TNOM = 27.000000

Using KLU as Direct Linear Solver
 Reference value :  0.00000e+00
No. of Data Rows : 1
vout = 1.198065e+00
vgdrv = 2.037146e+00
Reset re-loads circuit * monte-carlo-untrimmed monte carlo deck (config=pnp) -- generated by sim/monte-carlo-untrimmed/run_mc_untrimmed.py, do not edit

Circuit: * monte-carlo-untrimmed monte carlo deck (config=pnp) -- generated by sim/monte-carlo-untrimmed/run_mc_untrimmed.py, do not edit

option SCALE: Scale is set to 1e-06 for instance and model parameters
option SCALE: Scale is set to 1e-06 for instance and model parameters
option SCALE: Scale is set to 1e-06 for instance and model parameters
option SCALE: Scale is set to 1e-06 for instance and model parameters
Doing analysis at TEMP = 27.000000 and TNOM = 27.000000

Using KLU as Direct Linear Solver

No. of Data Rows : 1
vout = 1.200388e+00
vgdrv = 2.036552e+00
Reset re-loads circuit * monte-carlo-untrimmed monte carlo deck (config=pnp) -- generated by sim/monte-carlo-untrimmed/run_mc_untrimmed.py, do not edit

Circuit: * monte-carlo-untrimmed monte carlo deck (config=pnp) -- generated by sim/monte-carlo-untrimmed/run_mc_untrimmed.py, do not edit

option SCALE: Scale is set to 1e-06 for instance and model parameters
option SCALE: Scale is set to 1e-06 for instance and model parameters
option SCALE: Scale is set to 1e-06 for instance and model parameters
option SCALE: Scale is set to 1e-06 for instance and model parameters
Doing analysis at TEMP = 27.000000 and TNOM = 27.000000

Using KLU as Direct Linear Solver

No. of Data Rows : 1
vout = 1.202053e+00
vgdrv = 2.036119e+00
Reset re-loads circuit * monte-carlo-untrimmed monte carlo deck (config=pnp) -- generated by sim/monte-carlo-untrimmed/run_mc_untrimmed.py, do not edit

Circuit: * monte-carlo-untrimmed monte carlo deck (config=pnp) -- generated by sim/monte-carlo-untrimmed/run_mc_untrimmed.py, do not edit

option SCALE: Scale is set to 1e-06 for instance and model parameters
option SCALE: Scale is set to 1e-06 for instance and model parameters
option SCALE: Scale is set to 1e-06 for instance and model parameters
option SCALE: Scale is set to 1e-06 for instance and model parameters
Doing analysis at TEMP = 27.000000 and TNOM = 27.000000

Using KLU as Direct Linear Solver

No. of Data Rows : 1
vout = 1.201177e+00
vgdrv = 2.036336e+00
Reset re-loads circuit * monte-carlo-untrimmed monte carlo deck (config=pnp) -- generated by sim/monte-carlo-untrimmed/run_mc_untrimmed.py, do not edit

Circuit: * monte-carlo-untrimmed monte carlo deck (config=pnp) -- generated by sim/monte-carlo-untrimmed/run_mc_untrimmed.py, do not edit

option SCALE: Scale is set to 1e-06 for instance and model parameters
option SCALE: Scale is set to 1e-06 for instance and model parameters
option SCALE: Scale is set to 1e-06 for instance and model parameters
option SCALE: Scale is set to 1e-06 for instance and model parameters
Doing analysis at TEMP = 27.000000 and TNOM = 27.000000

Using KLU as Direct Linear Solver

No. of Data Rows : 1
vout = 1.200766e+00
vgdrv = 2.036457e+00
Reset re-loads circuit * monte-carlo-untrimmed monte carlo deck (config=pnp) -- generated by sim/monte-carlo-untrimmed/run_mc_untrimmed.py, do not edit

Circuit: * monte-carlo-untrimmed monte carlo deck (config=pnp) -- generated by sim/monte-carlo-untrimmed/run_mc_untrimmed.py, do not edit

option SCALE: Scale is set to 1e-06 for instance and model parameters
option SCALE: Scale is set to 1e-06 for instance and model parameters
option SCALE: Scale is set to 1e-06 for instance and model parameters
option SCALE: Scale is set to 1e-06 for instance and model parameters
Doing analysis at TEMP = 27.000000 and TNOM = 27.000000

Using KLU as Direct Linear Solver
 Reference value :  0.00000e+00
No. of Data Rows : 1
vout = 1.200100e+00
vgdrv = 2.036632e+00
Reset re-loads circuit * monte-carlo-untrimmed monte carlo deck (config=pnp) -- generated by sim/monte-carlo-untrimmed/run_mc_untrimmed.py, do not edit

Circuit: * monte-carlo-untrimmed monte carlo deck (config=pnp) -- generated by sim/monte-carlo-untrimmed/run_mc_untrimmed.py, do not edit

option SCALE: Scale is set to 1e-06 for instance and model parameters
option SCALE: Scale is set to 1e-06 for instance and model parameters
option SCALE: Scale is set to 1e-06 for instance and model parameters
option SCALE: Scale is set to 1e-06 for instance and model parameters
Doing analysis at TEMP = 27.000000 and TNOM = 27.000000

Using KLU as Direct Linear Solver

No. of Data Rows : 1
vout = 1.202788e+00
vgdrv = 2.035927e+00
Reset re-loads circuit * monte-carlo-untrimmed monte carlo deck (config=pnp) -- generated by sim/monte-carlo-untrimmed/run_mc_untrimmed.py, do not edit

Circuit: * monte-carlo-untrimmed monte carlo deck (config=pnp) -- generated by sim/monte-carlo-untrimmed/run_mc_untrimmed.py, do not edit

option SCALE: Scale is set to 1e-06 for instance and model parameters
option SCALE: Scale is set to 1e-06 for instance and model parameters
option SCALE: Scale is set to 1e-06 for instance and model parameters
option SCALE: Scale is set to 1e-06 for instance and model parameters
Doing analysis at TEMP = 27.000000 and TNOM = 27.000000

Using KLU as Direct Linear Solver

No. of Data Rows : 1
vout = 1.198026e+00
vgdrv = 2.037151e+00
Reset re-loads circuit * monte-carlo-untrimmed monte carlo deck (config=pnp) -- generated by sim/monte-carlo-untrimmed/run_mc_untrimmed.py, do not edit

Circuit: * monte-carlo-untrimmed monte carlo deck (config=pnp) -- generated by sim/monte-carlo-untrimmed/run_mc_untrimmed.py, do not edit

option SCALE: Scale is set to 1e-06 for instance and model parameters
option SCALE: Scale is set to 1e-06 for instance and model parameters
option SCALE: Scale is set to 1e-06 for instance and model parameters
option SCALE: Scale is set to 1e-06 for instance and model parameters
Doing analysis at TEMP = 27.000000 and TNOM = 27.000000

Using KLU as Direct Linear Solver

No. of Data Rows : 1
vout = 1.199809e+00
vgdrv = 2.036691e+00
Reset re-loads circuit * monte-carlo-untrimmed monte carlo deck (config=pnp) -- generated by sim/monte-carlo-untrimmed/run_mc_untrimmed.py, do not edit

Circuit: * monte-carlo-untrimmed monte carlo deck (config=pnp) -- generated by sim/monte-carlo-untrimmed/run_mc_untrimmed.py, do not edit

option SCALE: Scale is set to 1e-06 for instance and model parameters
option SCALE: Scale is set to 1e-06 for instance and model parameters
option SCALE: Scale is set to 1e-06 for instance and model parameters
option SCALE: Scale is set to 1e-06 for instance and model parameters
Doing analysis at TEMP = 27.000000 and TNOM = 27.000000

Using KLU as Direct Linear Solver

No. of Data Rows : 1
vout = 1.198310e+00
vgdrv = 2.037082e+00
Reset re-loads circuit * monte-carlo-untrimmed monte carlo deck (config=pnp) -- generated by sim/monte-carlo-untrimmed/run_mc_untrimmed.py, do not edit

Circuit: * monte-carlo-untrimmed monte carlo deck (config=pnp) -- generated by sim/monte-carlo-untrimmed/run_mc_untrimmed.py, do not edit

option SCALE: Scale is set to 1e-06 for instance and model parameters
option SCALE: Scale is set to 1e-06 for instance and model parameters
option SCALE: Scale is set to 1e-06 for instance and model parameters
option SCALE: Scale is set to 1e-06 for instance and model parameters
Doing analysis at TEMP = 27.000000 and TNOM = 27.000000

Using KLU as Direct Linear Solver

No. of Data Rows : 1
vout = 1.196183e+00
vgdrv = 2.037627e+00
Reset re-loads circuit * monte-carlo-untrimmed monte carlo deck (config=pnp) -- generated by sim/monte-carlo-untrimmed/run_mc_untrimmed.py, do not edit

Circuit: * monte-carlo-untrimmed monte carlo deck (config=pnp) -- generated by sim/monte-carlo-untrimmed/run_mc_untrimmed.py, do not edit

option SCALE: Scale is set to 1e-06 for instance and model parameters
option SCALE: Scale is set to 1e-06 for instance and model parameters
option SCALE: Scale is set to 1e-06 for instance and model parameters
option SCALE: Scale is set to 1e-06 for instance and model parameters
Doing analysis at TEMP = 27.000000 and TNOM = 27.000000

Using KLU as Direct Linear Solver
 Reference value :  0.00000e+00
No. of Data Rows : 1
vout = 1.196715e+00
vgdrv = 2.037492e+00
Reset re-loads circuit * monte-carlo-untrimmed monte carlo deck (config=pnp) -- generated by sim/monte-carlo-untrimmed/run_mc_untrimmed.py, do not edit

Circuit: * monte-carlo-untrimmed monte carlo deck (config=pnp) -- generated by sim/monte-carlo-untrimmed/run_mc_untrimmed.py, do not edit

option SCALE: Scale is set to 1e-06 for instance and model parameters
option SCALE: Scale is set to 1e-06 for instance and model parameters
option SCALE: Scale is set to 1e-06 for instance and model parameters
option SCALE: Scale is set to 1e-06 for instance and model parameters
Doing analysis at TEMP = 27.000000 and TNOM = 27.000000

Using KLU as Direct Linear Solver

No. of Data Rows : 1
vout = 1.199394e+00
vgdrv = 2.036814e+00
Reset re-loads circuit * monte-carlo-untrimmed monte carlo deck (config=pnp) -- generated by sim/monte-carlo-untrimmed/run_mc_untrimmed.py, do not edit

Circuit: * monte-carlo-untrimmed monte carlo deck (config=pnp) -- generated by sim/monte-carlo-untrimmed/run_mc_untrimmed.py, do not edit

option SCALE: Scale is set to 1e-06 for instance and model parameters
option SCALE: Scale is set to 1e-06 for instance and model parameters
option SCALE: Scale is set to 1e-06 for instance and model parameters
option SCALE: Scale is set to 1e-06 for instance and model parameters
Doing analysis at TEMP = 27.000000 and TNOM = 27.000000

Using KLU as Direct Linear Solver

No. of Data Rows : 1
vout = 1.199438e+00
vgdrv = 2.036787e+00
Reset re-loads circuit * monte-carlo-untrimmed monte carlo deck (config=pnp) -- generated by sim/monte-carlo-untrimmed/run_mc_untrimmed.py, do not edit

Circuit: * monte-carlo-untrimmed monte carlo deck (config=pnp) -- generated by sim/monte-carlo-untrimmed/run_mc_untrimmed.py, do not edit

option SCALE: Scale is set to 1e-06 for instance and model parameters
option SCALE: Scale is set to 1e-06 for instance and model parameters
option SCALE: Scale is set to 1e-06 for instance and model parameters
option SCALE: Scale is set to 1e-06 for instance and model parameters
Doing analysis at TEMP = 27.000000 and TNOM = 27.000000

Using KLU as Direct Linear Solver

No. of Data Rows : 1
vout = 1.200360e+00
vgdrv = 2.036567e+00
Reset re-loads circuit * monte-carlo-untrimmed monte carlo deck (config=pnp) -- generated by sim/monte-carlo-untrimmed/run_mc_untrimmed.py, do not edit

Circuit: * monte-carlo-untrimmed monte carlo deck (config=pnp) -- generated by sim/monte-carlo-untrimmed/run_mc_untrimmed.py, do not edit

option SCALE: Scale is set to 1e-06 for instance and model parameters
option SCALE: Scale is set to 1e-06 for instance and model parameters
option SCALE: Scale is set to 1e-06 for instance and model parameters
option SCALE: Scale is set to 1e-06 for instance and model parameters
Doing analysis at TEMP = 27.000000 and TNOM = 27.000000

Using KLU as Direct Linear Solver

No. of Data Rows : 1
vout = 1.199987e+00
vgdrv = 2.036648e+00
Reset re-loads circuit * monte-carlo-untrimmed monte carlo deck (config=pnp) -- generated by sim/monte-carlo-untrimmed/run_mc_untrimmed.py, do not edit

Circuit: * monte-carlo-untrimmed monte carlo deck (config=pnp) -- generated by sim/monte-carlo-untrimmed/run_mc_untrimmed.py, do not edit

option SCALE: Scale is set to 1e-06 for instance and model parameters
option SCALE: Scale is set to 1e-06 for instance and model parameters
option SCALE: Scale is set to 1e-06 for instance and model parameters
option SCALE: Scale is set to 1e-06 for instance and model parameters
Doing analysis at TEMP = 27.000000 and TNOM = 27.000000

Using KLU as Direct Linear Solver

No. of Data Rows : 1
vout = 1.200632e+00
vgdrv = 2.036487e+00
Reset re-loads circuit * monte-carlo-untrimmed monte carlo deck (config=pnp) -- generated by sim/monte-carlo-untrimmed/run_mc_untrimmed.py, do not edit

Circuit: * monte-carlo-untrimmed monte carlo deck (config=pnp) -- generated by sim/monte-carlo-untrimmed/run_mc_untrimmed.py, do not edit

option SCALE: Scale is set to 1e-06 for instance and model parameters
option SCALE: Scale is set to 1e-06 for instance and model parameters
option SCALE: Scale is set to 1e-06 for instance and model parameters
option SCALE: Scale is set to 1e-06 for instance and model parameters
Doing analysis at TEMP = 27.000000 and TNOM = 27.000000

Using KLU as Direct Linear Solver
 Reference value :  0.00000e+00
No. of Data Rows : 1
vout = 1.198884e+00
vgdrv = 2.036933e+00
Reset re-loads circuit * monte-carlo-untrimmed monte carlo deck (config=pnp) -- generated by sim/monte-carlo-untrimmed/run_mc_untrimmed.py, do not edit

Circuit: * monte-carlo-untrimmed monte carlo deck (config=pnp) -- generated by sim/monte-carlo-untrimmed/run_mc_untrimmed.py, do not edit

option SCALE: Scale is set to 1e-06 for instance and model parameters
option SCALE: Scale is set to 1e-06 for instance and model parameters
option SCALE: Scale is set to 1e-06 for instance and model parameters
option SCALE: Scale is set to 1e-06 for instance and model parameters
Doing analysis at TEMP = 27.000000 and TNOM = 27.000000

Using KLU as Direct Linear Solver

No. of Data Rows : 1
vout = 1.202125e+00
vgdrv = 2.036110e+00
Reset re-loads circuit * monte-carlo-untrimmed monte carlo deck (config=pnp) -- generated by sim/monte-carlo-untrimmed/run_mc_untrimmed.py, do not edit

Circuit: * monte-carlo-untrimmed monte carlo deck (config=pnp) -- generated by sim/monte-carlo-untrimmed/run_mc_untrimmed.py, do not edit

option SCALE: Scale is set to 1e-06 for instance and model parameters
option SCALE: Scale is set to 1e-06 for instance and model parameters
option SCALE: Scale is set to 1e-06 for instance and model parameters
option SCALE: Scale is set to 1e-06 for instance and model parameters
Doing analysis at TEMP = 27.000000 and TNOM = 27.000000

Using KLU as Direct Linear Solver

No. of Data Rows : 1
vout = 1.200113e+00
vgdrv = 2.036617e+00
Reset re-loads circuit * monte-carlo-untrimmed monte carlo deck (config=pnp) -- generated by sim/monte-carlo-untrimmed/run_mc_untrimmed.py, do not edit

Circuit: * monte-carlo-untrimmed monte carlo deck (config=pnp) -- generated by sim/monte-carlo-untrimmed/run_mc_untrimmed.py, do not edit

option SCALE: Scale is set to 1e-06 for instance and model parameters
option SCALE: Scale is set to 1e-06 for instance and model parameters
option SCALE: Scale is set to 1e-06 for instance and model parameters
option SCALE: Scale is set to 1e-06 for instance and model parameters
Doing analysis at TEMP = 27.000000 and TNOM = 27.000000

Using KLU as Direct Linear Solver

No. of Data Rows : 1
vout = 1.200849e+00
vgdrv = 2.036423e+00
Reset re-loads circuit * monte-carlo-untrimmed monte carlo deck (config=pnp) -- generated by sim/monte-carlo-untrimmed/run_mc_untrimmed.py, do not edit

Circuit: * monte-carlo-untrimmed monte carlo deck (config=pnp) -- generated by sim/monte-carlo-untrimmed/run_mc_untrimmed.py, do not edit

option SCALE: Scale is set to 1e-06 for instance and model parameters
option SCALE: Scale is set to 1e-06 for instance and model parameters
option SCALE: Scale is set to 1e-06 for instance and model parameters
option SCALE: Scale is set to 1e-06 for instance and model parameters
Doing analysis at TEMP = 27.000000 and TNOM = 27.000000

Using KLU as Direct Linear Solver

No. of Data Rows : 1
vout = 1.200055e+00
vgdrv = 2.036635e+00
Reset re-loads circuit * monte-carlo-untrimmed monte carlo deck (config=pnp) -- generated by sim/monte-carlo-untrimmed/run_mc_untrimmed.py, do not edit

Circuit: * monte-carlo-untrimmed monte carlo deck (config=pnp) -- generated by sim/monte-carlo-untrimmed/run_mc_untrimmed.py, do not edit

option SCALE: Scale is set to 1e-06 for instance and model parameters
option SCALE: Scale is set to 1e-06 for instance and model parameters
option SCALE: Scale is set to 1e-06 for instance and model parameters
option SCALE: Scale is set to 1e-06 for instance and model parameters
Doing analysis at TEMP = 27.000000 and TNOM = 27.000000

Using KLU as Direct Linear Solver

No. of Data Rows : 1
vout = 1.201631e+00
vgdrv = 2.036232e+00
Reset re-loads circuit * monte-carlo-untrimmed monte carlo deck (config=pnp) -- generated by sim/monte-carlo-untrimmed/run_mc_untrimmed.py, do not edit

Circuit: * monte-carlo-untrimmed monte carlo deck (config=pnp) -- generated by sim/monte-carlo-untrimmed/run_mc_untrimmed.py, do not edit

option SCALE: Scale is set to 1e-06 for instance and model parameters
option SCALE: Scale is set to 1e-06 for instance and model parameters
option SCALE: Scale is set to 1e-06 for instance and model parameters
option SCALE: Scale is set to 1e-06 for instance and model parameters
Doing analysis at TEMP = 27.000000 and TNOM = 27.000000

Using KLU as Direct Linear Solver
 Reference value :  0.00000e+00
No. of Data Rows : 1
vout = 1.200999e+00
vgdrv = 2.036396e+00
Reset re-loads circuit * monte-carlo-untrimmed monte carlo deck (config=pnp) -- generated by sim/monte-carlo-untrimmed/run_mc_untrimmed.py, do not edit

Circuit: * monte-carlo-untrimmed monte carlo deck (config=pnp) -- generated by sim/monte-carlo-untrimmed/run_mc_untrimmed.py, do not edit

option SCALE: Scale is set to 1e-06 for instance and model parameters
option SCALE: Scale is set to 1e-06 for instance and model parameters
option SCALE: Scale is set to 1e-06 for instance and model parameters
option SCALE: Scale is set to 1e-06 for instance and model parameters
Doing analysis at TEMP = 27.000000 and TNOM = 27.000000

Using KLU as Direct Linear Solver

No. of Data Rows : 1
vout = 1.200403e+00
vgdrv = 2.036539e+00
Reset re-loads circuit * monte-carlo-untrimmed monte carlo deck (config=pnp) -- generated by sim/monte-carlo-untrimmed/run_mc_untrimmed.py, do not edit

Circuit: * monte-carlo-untrimmed monte carlo deck (config=pnp) -- generated by sim/monte-carlo-untrimmed/run_mc_untrimmed.py, do not edit

option SCALE: Scale is set to 1e-06 for instance and model parameters
option SCALE: Scale is set to 1e-06 for instance and model parameters
option SCALE: Scale is set to 1e-06 for instance and model parameters
option SCALE: Scale is set to 1e-06 for instance and model parameters
Doing analysis at TEMP = 27.000000 and TNOM = 27.000000

Using KLU as Direct Linear Solver

No. of Data Rows : 1
vout = 1.204123e+00
vgdrv = 2.035589e+00
Reset re-loads circuit * monte-carlo-untrimmed monte carlo deck (config=pnp) -- generated by sim/monte-carlo-untrimmed/run_mc_untrimmed.py, do not edit

Circuit: * monte-carlo-untrimmed monte carlo deck (config=pnp) -- generated by sim/monte-carlo-untrimmed/run_mc_untrimmed.py, do not edit

option SCALE: Scale is set to 1e-06 for instance and model parameters
option SCALE: Scale is set to 1e-06 for instance and model parameters
option SCALE: Scale is set to 1e-06 for instance and model parameters
option SCALE: Scale is set to 1e-06 for instance and model parameters
Doing analysis at TEMP = 27.000000 and TNOM = 27.000000

Using KLU as Direct Linear Solver

No. of Data Rows : 1
vout = 1.200086e+00
vgdrv = 2.036625e+00
Reset re-loads circuit * monte-carlo-untrimmed monte carlo deck (config=pnp) -- generated by sim/monte-carlo-untrimmed/run_mc_untrimmed.py, do not edit

Circuit: * monte-carlo-untrimmed monte carlo deck (config=pnp) -- generated by sim/monte-carlo-untrimmed/run_mc_untrimmed.py, do not edit

option SCALE: Scale is set to 1e-06 for instance and model parameters
option SCALE: Scale is set to 1e-06 for instance and model parameters
option SCALE: Scale is set to 1e-06 for instance and model parameters
option SCALE: Scale is set to 1e-06 for instance and model parameters
Doing analysis at TEMP = 27.000000 and TNOM = 27.000000

Using KLU as Direct Linear Solver

No. of Data Rows : 1
vout = 1.202442e+00
vgdrv = 2.036025e+00
Reset re-loads circuit * monte-carlo-untrimmed monte carlo deck (config=pnp) -- generated by sim/monte-carlo-untrimmed/run_mc_untrimmed.py, do not edit

Circuit: * monte-carlo-untrimmed monte carlo deck (config=pnp) -- generated by sim/monte-carlo-untrimmed/run_mc_untrimmed.py, do not edit

option SCALE: Scale is set to 1e-06 for instance and model parameters
option SCALE: Scale is set to 1e-06 for instance and model parameters
option SCALE: Scale is set to 1e-06 for instance and model parameters
option SCALE: Scale is set to 1e-06 for instance and model parameters
Doing analysis at TEMP = 27.000000 and TNOM = 27.000000

Using KLU as Direct Linear Solver
 Reference value :  0.00000e+00
No. of Data Rows : 1
vout = 1.199060e+00
vgdrv = 2.036890e+00
Reset re-loads circuit * monte-carlo-untrimmed monte carlo deck (config=pnp) -- generated by sim/monte-carlo-untrimmed/run_mc_untrimmed.py, do not edit

Circuit: * monte-carlo-untrimmed monte carlo deck (config=pnp) -- generated by sim/monte-carlo-untrimmed/run_mc_untrimmed.py, do not edit

option SCALE: Scale is set to 1e-06 for instance and model parameters
option SCALE: Scale is set to 1e-06 for instance and model parameters
option SCALE: Scale is set to 1e-06 for instance and model parameters
option SCALE: Scale is set to 1e-06 for instance and model parameters
Doing analysis at TEMP = 27.000000 and TNOM = 27.000000

Using KLU as Direct Linear Solver

No. of Data Rows : 1
vout = 1.200459e+00
vgdrv = 2.036528e+00
Reset re-loads circuit * monte-carlo-untrimmed monte carlo deck (config=pnp) -- generated by sim/monte-carlo-untrimmed/run_mc_untrimmed.py, do not edit

Circuit: * monte-carlo-untrimmed monte carlo deck (config=pnp) -- generated by sim/monte-carlo-untrimmed/run_mc_untrimmed.py, do not edit

option SCALE: Scale is set to 1e-06 for instance and model parameters
option SCALE: Scale is set to 1e-06 for instance and model parameters
option SCALE: Scale is set to 1e-06 for instance and model parameters
option SCALE: Scale is set to 1e-06 for instance and model parameters
Doing analysis at TEMP = 27.000000 and TNOM = 27.000000

Using KLU as Direct Linear Solver

No. of Data Rows : 1
vout = 1.198040e+00
vgdrv = 2.037148e+00
Reset re-loads circuit * monte-carlo-untrimmed monte carlo deck (config=pnp) -- generated by sim/monte-carlo-untrimmed/run_mc_untrimmed.py, do not edit

Circuit: * monte-carlo-untrimmed monte carlo deck (config=pnp) -- generated by sim/monte-carlo-untrimmed/run_mc_untrimmed.py, do not edit

option SCALE: Scale is set to 1e-06 for instance and model parameters
option SCALE: Scale is set to 1e-06 for instance and model parameters
option SCALE: Scale is set to 1e-06 for instance and model parameters
option SCALE: Scale is set to 1e-06 for instance and model parameters
Doing analysis at TEMP = 27.000000 and TNOM = 27.000000

Using KLU as Direct Linear Solver

No. of Data Rows : 1
vout = 1.199342e+00
vgdrv = 2.036815e+00
Reset re-loads circuit * monte-carlo-untrimmed monte carlo deck (config=pnp) -- generated by sim/monte-carlo-untrimmed/run_mc_untrimmed.py, do not edit

Circuit: * monte-carlo-untrimmed monte carlo deck (config=pnp) -- generated by sim/monte-carlo-untrimmed/run_mc_untrimmed.py, do not edit

option SCALE: Scale is set to 1e-06 for instance and model parameters
option SCALE: Scale is set to 1e-06 for instance and model parameters
option SCALE: Scale is set to 1e-06 for instance and model parameters
option SCALE: Scale is set to 1e-06 for instance and model parameters
Doing analysis at TEMP = 27.000000 and TNOM = 27.000000

Using KLU as Direct Linear Solver

No. of Data Rows : 1
vout = 1.198671e+00
vgdrv = 2.036985e+00
Reset re-loads circuit * monte-carlo-untrimmed monte carlo deck (config=pnp) -- generated by sim/monte-carlo-untrimmed/run_mc_untrimmed.py, do not edit

Circuit: * monte-carlo-untrimmed monte carlo deck (config=pnp) -- generated by sim/monte-carlo-untrimmed/run_mc_untrimmed.py, do not edit

option SCALE: Scale is set to 1e-06 for instance and model parameters
option SCALE: Scale is set to 1e-06 for instance and model parameters
option SCALE: Scale is set to 1e-06 for instance and model parameters
option SCALE: Scale is set to 1e-06 for instance and model parameters
Doing analysis at TEMP = 27.000000 and TNOM = 27.000000

Using KLU as Direct Linear Solver
 Reference value :  0.00000e+00
No. of Data Rows : 1
vout = 1.199463e+00
vgdrv = 2.036805e+00
Reset re-loads circuit * monte-carlo-untrimmed monte carlo deck (config=pnp) -- generated by sim/monte-carlo-untrimmed/run_mc_untrimmed.py, do not edit

Circuit: * monte-carlo-untrimmed monte carlo deck (config=pnp) -- generated by sim/monte-carlo-untrimmed/run_mc_untrimmed.py, do not edit

option SCALE: Scale is set to 1e-06 for instance and model parameters
option SCALE: Scale is set to 1e-06 for instance and model parameters
option SCALE: Scale is set to 1e-06 for instance and model parameters
option SCALE: Scale is set to 1e-06 for instance and model parameters
Doing analysis at TEMP = 27.000000 and TNOM = 27.000000

Using KLU as Direct Linear Solver

No. of Data Rows : 1
vout = 1.200439e+00
vgdrv = 2.036539e+00
Reset re-loads circuit * monte-carlo-untrimmed monte carlo deck (config=pnp) -- generated by sim/monte-carlo-untrimmed/run_mc_untrimmed.py, do not edit

Circuit: * monte-carlo-untrimmed monte carlo deck (config=pnp) -- generated by sim/monte-carlo-untrimmed/run_mc_untrimmed.py, do not edit

option SCALE: Scale is set to 1e-06 for instance and model parameters
option SCALE: Scale is set to 1e-06 for instance and model parameters
option SCALE: Scale is set to 1e-06 for instance and model parameters
option SCALE: Scale is set to 1e-06 for instance and model parameters
Doing analysis at TEMP = 27.000000 and TNOM = 27.000000

Using KLU as Direct Linear Solver

No. of Data Rows : 1
vout = 1.198730e+00
vgdrv = 2.036978e+00
Reset re-loads circuit * monte-carlo-untrimmed monte carlo deck (config=pnp) -- generated by sim/monte-carlo-untrimmed/run_mc_untrimmed.py, do not edit

Circuit: * monte-carlo-untrimmed monte carlo deck (config=pnp) -- generated by sim/monte-carlo-untrimmed/run_mc_untrimmed.py, do not edit

option SCALE: Scale is set to 1e-06 for instance and model parameters
option SCALE: Scale is set to 1e-06 for instance and model parameters
option SCALE: Scale is set to 1e-06 for instance and model parameters
option SCALE: Scale is set to 1e-06 for instance and model parameters
Doing analysis at TEMP = 27.000000 and TNOM = 27.000000

Using KLU as Direct Linear Solver

No. of Data Rows : 1
vout = 1.201567e+00
vgdrv = 2.036252e+00
Reset re-loads circuit * monte-carlo-untrimmed monte carlo deck (config=pnp) -- generated by sim/monte-carlo-untrimmed/run_mc_untrimmed.py, do not edit

Circuit: * monte-carlo-untrimmed monte carlo deck (config=pnp) -- generated by sim/monte-carlo-untrimmed/run_mc_untrimmed.py, do not edit

option SCALE: Scale is set to 1e-06 for instance and model parameters
option SCALE: Scale is set to 1e-06 for instance and model parameters
option SCALE: Scale is set to 1e-06 for instance and model parameters
option SCALE: Scale is set to 1e-06 for instance and model parameters
Doing analysis at TEMP = 27.000000 and TNOM = 27.000000

Using KLU as Direct Linear Solver

No. of Data Rows : 1
vout = 1.198330e+00
vgdrv = 2.037066e+00
Reset re-loads circuit * monte-carlo-untrimmed monte carlo deck (config=pnp) -- generated by sim/monte-carlo-untrimmed/run_mc_untrimmed.py, do not edit

Circuit: * monte-carlo-untrimmed monte carlo deck (config=pnp) -- generated by sim/monte-carlo-untrimmed/run_mc_untrimmed.py, do not edit

option SCALE: Scale is set to 1e-06 for instance and model parameters
option SCALE: Scale is set to 1e-06 for instance and model parameters
option SCALE: Scale is set to 1e-06 for instance and model parameters
option SCALE: Scale is set to 1e-06 for instance and model parameters
Doing analysis at TEMP = 27.000000 and TNOM = 27.000000

Using KLU as Direct Linear Solver
 Reference value :  0.00000e+00
No. of Data Rows : 1
vout = 1.201380e+00
vgdrv = 2.036299e+00
Reset re-loads circuit * monte-carlo-untrimmed monte carlo deck (config=pnp) -- generated by sim/monte-carlo-untrimmed/run_mc_untrimmed.py, do not edit

Circuit: * monte-carlo-untrimmed monte carlo deck (config=pnp) -- generated by sim/monte-carlo-untrimmed/run_mc_untrimmed.py, do not edit

option SCALE: Scale is set to 1e-06 for instance and model parameters
option SCALE: Scale is set to 1e-06 for instance and model parameters
option SCALE: Scale is set to 1e-06 for instance and model parameters
option SCALE: Scale is set to 1e-06 for instance and model parameters
Doing analysis at TEMP = 27.000000 and TNOM = 27.000000

Using KLU as Direct Linear Solver

No. of Data Rows : 1
vout = 1.199501e+00
vgdrv = 2.036784e+00
Reset re-loads circuit * monte-carlo-untrimmed monte carlo deck (config=pnp) -- generated by sim/monte-carlo-untrimmed/run_mc_untrimmed.py, do not edit

Circuit: * monte-carlo-untrimmed monte carlo deck (config=pnp) -- generated by sim/monte-carlo-untrimmed/run_mc_untrimmed.py, do not edit

option SCALE: Scale is set to 1e-06 for instance and model parameters
option SCALE: Scale is set to 1e-06 for instance and model parameters
option SCALE: Scale is set to 1e-06 for instance and model parameters
option SCALE: Scale is set to 1e-06 for instance and model parameters
Doing analysis at TEMP = 27.000000 and TNOM = 27.000000

Using KLU as Direct Linear Solver

No. of Data Rows : 1
vout = 1.200683e+00
vgdrv = 2.036475e+00
Reset re-loads circuit * monte-carlo-untrimmed monte carlo deck (config=pnp) -- generated by sim/monte-carlo-untrimmed/run_mc_untrimmed.py, do not edit

Circuit: * monte-carlo-untrimmed monte carlo deck (config=pnp) -- generated by sim/monte-carlo-untrimmed/run_mc_untrimmed.py, do not edit

option SCALE: Scale is set to 1e-06 for instance and model parameters
option SCALE: Scale is set to 1e-06 for instance and model parameters
option SCALE: Scale is set to 1e-06 for instance and model parameters
option SCALE: Scale is set to 1e-06 for instance and model parameters
Doing analysis at TEMP = 27.000000 and TNOM = 27.000000

Using KLU as Direct Linear Solver

No. of Data Rows : 1
vout = 1.199174e+00
vgdrv = 2.036858e+00
Reset re-loads circuit * monte-carlo-untrimmed monte carlo deck (config=pnp) -- generated by sim/monte-carlo-untrimmed/run_mc_untrimmed.py, do not edit

Circuit: * monte-carlo-untrimmed monte carlo deck (config=pnp) -- generated by sim/monte-carlo-untrimmed/run_mc_untrimmed.py, do not edit

option SCALE: Scale is set to 1e-06 for instance and model parameters
option SCALE: Scale is set to 1e-06 for instance and model parameters
option SCALE: Scale is set to 1e-06 for instance and model parameters
option SCALE: Scale is set to 1e-06 for instance and model parameters
Doing analysis at TEMP = 27.000000 and TNOM = 27.000000

Using KLU as Direct Linear Solver

No. of Data Rows : 1
vout = 1.201410e+00
vgdrv = 2.036290e+00
Reset re-loads circuit * monte-carlo-untrimmed monte carlo deck (config=pnp) -- generated by sim/monte-carlo-untrimmed/run_mc_untrimmed.py, do not edit

Circuit: * monte-carlo-untrimmed monte carlo deck (config=pnp) -- generated by sim/monte-carlo-untrimmed/run_mc_untrimmed.py, do not edit

option SCALE: Scale is set to 1e-06 for instance and model parameters
option SCALE: Scale is set to 1e-06 for instance and model parameters
option SCALE: Scale is set to 1e-06 for instance and model parameters
option SCALE: Scale is set to 1e-06 for instance and model parameters
Doing analysis at TEMP = 27.000000 and TNOM = 27.000000

Using KLU as Direct Linear Solver
 Reference value :  0.00000e+00
No. of Data Rows : 1
vout = 1.200893e+00
vgdrv = 2.036421e+00
Reset re-loads circuit * monte-carlo-untrimmed monte carlo deck (config=pnp) -- generated by sim/monte-carlo-untrimmed/run_mc_untrimmed.py, do not edit

Circuit: * monte-carlo-untrimmed monte carlo deck (config=pnp) -- generated by sim/monte-carlo-untrimmed/run_mc_untrimmed.py, do not edit

option SCALE: Scale is set to 1e-06 for instance and model parameters
option SCALE: Scale is set to 1e-06 for instance and model parameters
option SCALE: Scale is set to 1e-06 for instance and model parameters
option SCALE: Scale is set to 1e-06 for instance and model parameters
Doing analysis at TEMP = 27.000000 and TNOM = 27.000000

Using KLU as Direct Linear Solver

No. of Data Rows : 1
vout = 1.198470e+00
vgdrv = 2.037050e+00
Reset re-loads circuit * monte-carlo-untrimmed monte carlo deck (config=pnp) -- generated by sim/monte-carlo-untrimmed/run_mc_untrimmed.py, do not edit

Circuit: * monte-carlo-untrimmed monte carlo deck (config=pnp) -- generated by sim/monte-carlo-untrimmed/run_mc_untrimmed.py, do not edit

option SCALE: Scale is set to 1e-06 for instance and model parameters
option SCALE: Scale is set to 1e-06 for instance and model parameters
option SCALE: Scale is set to 1e-06 for instance and model parameters
option SCALE: Scale is set to 1e-06 for instance and model parameters
Doing analysis at TEMP = 27.000000 and TNOM = 27.000000

Using KLU as Direct Linear Solver

No. of Data Rows : 1
vout = 1.199882e+00
vgdrv = 2.036679e+00
Reset re-loads circuit * monte-carlo-untrimmed monte carlo deck (config=pnp) -- generated by sim/monte-carlo-untrimmed/run_mc_untrimmed.py, do not edit

Circuit: * monte-carlo-untrimmed monte carlo deck (config=pnp) -- generated by sim/monte-carlo-untrimmed/run_mc_untrimmed.py, do not edit

option SCALE: Scale is set to 1e-06 for instance and model parameters
option SCALE: Scale is set to 1e-06 for instance and model parameters
option SCALE: Scale is set to 1e-06 for instance and model parameters
option SCALE: Scale is set to 1e-06 for instance and model parameters
Doing analysis at TEMP = 27.000000 and TNOM = 27.000000

Using KLU as Direct Linear Solver
 Reference value :  0.00000e+00
No. of Data Rows : 1
vout = 1.200836e+00
vgdrv = 2.036438e+00
Reset re-loads circuit * monte-carlo-untrimmed monte carlo deck (config=pnp) -- generated by sim/monte-carlo-untrimmed/run_mc_untrimmed.py, do not edit

Circuit: * monte-carlo-untrimmed monte carlo deck (config=pnp) -- generated by sim/monte-carlo-untrimmed/run_mc_untrimmed.py, do not edit

option SCALE: Scale is set to 1e-06 for instance and model parameters
option SCALE: Scale is set to 1e-06 for instance and model parameters
option SCALE: Scale is set to 1e-06 for instance and model parameters
option SCALE: Scale is set to 1e-06 for instance and model parameters
Doing analysis at TEMP = 27.000000 and TNOM = 27.000000

Using KLU as Direct Linear Solver

No. of Data Rows : 1
vout = 1.201550e+00
vgdrv = 2.036267e+00
Reset re-loads circuit * monte-carlo-untrimmed monte carlo deck (config=pnp) -- generated by sim/monte-carlo-untrimmed/run_mc_untrimmed.py, do not edit

Circuit: * monte-carlo-untrimmed monte carlo deck (config=pnp) -- generated by sim/monte-carlo-untrimmed/run_mc_untrimmed.py, do not edit

option SCALE: Scale is set to 1e-06 for instance and model parameters
option SCALE: Scale is set to 1e-06 for instance and model parameters
option SCALE: Scale is set to 1e-06 for instance and model parameters
option SCALE: Scale is set to 1e-06 for instance and model parameters
Doing analysis at TEMP = 27.000000 and TNOM = 27.000000

Using KLU as Direct Linear Solver

No. of Data Rows : 1
vout = 1.196934e+00
vgdrv = 2.037447e+00
Reset re-loads circuit * monte-carlo-untrimmed monte carlo deck (config=pnp) -- generated by sim/monte-carlo-untrimmed/run_mc_untrimmed.py, do not edit

Circuit: * monte-carlo-untrimmed monte carlo deck (config=pnp) -- generated by sim/monte-carlo-untrimmed/run_mc_untrimmed.py, do not edit

option SCALE: Scale is set to 1e-06 for instance and model parameters
option SCALE: Scale is set to 1e-06 for instance and model parameters
option SCALE: Scale is set to 1e-06 for instance and model parameters
option SCALE: Scale is set to 1e-06 for instance and model parameters
Doing analysis at TEMP = 27.000000 and TNOM = 27.000000

Using KLU as Direct Linear Solver

No. of Data Rows : 1
vout = 1.199721e+00
vgdrv = 2.036729e+00
Reset re-loads circuit * monte-carlo-untrimmed monte carlo deck (config=pnp) -- generated by sim/monte-carlo-untrimmed/run_mc_untrimmed.py, do not edit

Circuit: * monte-carlo-untrimmed monte carlo deck (config=pnp) -- generated by sim/monte-carlo-untrimmed/run_mc_untrimmed.py, do not edit

option SCALE: Scale is set to 1e-06 for instance and model parameters
option SCALE: Scale is set to 1e-06 for instance and model parameters
option SCALE: Scale is set to 1e-06 for instance and model parameters
option SCALE: Scale is set to 1e-06 for instance and model parameters
Doing analysis at TEMP = 27.000000 and TNOM = 27.000000

Using KLU as Direct Linear Solver

No. of Data Rows : 1
vout = 1.197851e+00
vgdrv = 2.037193e+00
Reset re-loads circuit * monte-carlo-untrimmed monte carlo deck (config=pnp) -- generated by sim/monte-carlo-untrimmed/run_mc_untrimmed.py, do not edit

Circuit: * monte-carlo-untrimmed monte carlo deck (config=pnp) -- generated by sim/monte-carlo-untrimmed/run_mc_untrimmed.py, do not edit

option SCALE: Scale is set to 1e-06 for instance and model parameters
option SCALE: Scale is set to 1e-06 for instance and model parameters
option SCALE: Scale is set to 1e-06 for instance and model parameters
option SCALE: Scale is set to 1e-06 for instance and model parameters
Doing analysis at TEMP = 27.000000 and TNOM = 27.000000

Using KLU as Direct Linear Solver
 Reference value :  0.00000e+00
No. of Data Rows : 1
vout = 1.199093e+00
vgdrv = 2.036877e+00
Reset re-loads circuit * monte-carlo-untrimmed monte carlo deck (config=pnp) -- generated by sim/monte-carlo-untrimmed/run_mc_untrimmed.py, do not edit

Circuit: * monte-carlo-untrimmed monte carlo deck (config=pnp) -- generated by sim/monte-carlo-untrimmed/run_mc_untrimmed.py, do not edit

option SCALE: Scale is set to 1e-06 for instance and model parameters
option SCALE: Scale is set to 1e-06 for instance and model parameters
option SCALE: Scale is set to 1e-06 for instance and model parameters
option SCALE: Scale is set to 1e-06 for instance and model parameters
Doing analysis at TEMP = 27.000000 and TNOM = 27.000000

Using KLU as Direct Linear Solver

No. of Data Rows : 1
vout = 1.200964e+00
vgdrv = 2.036397e+00
Reset re-loads circuit * monte-carlo-untrimmed monte carlo deck (config=pnp) -- generated by sim/monte-carlo-untrimmed/run_mc_untrimmed.py, do not edit

Circuit: * monte-carlo-untrimmed monte carlo deck (config=pnp) -- generated by sim/monte-carlo-untrimmed/run_mc_untrimmed.py, do not edit

option SCALE: Scale is set to 1e-06 for instance and model parameters
option SCALE: Scale is set to 1e-06 for instance and model parameters
option SCALE: Scale is set to 1e-06 for instance and model parameters
option SCALE: Scale is set to 1e-06 for instance and model parameters
Doing analysis at TEMP = 27.000000 and TNOM = 27.000000

Using KLU as Direct Linear Solver

No. of Data Rows : 1
vout = 1.198986e+00
vgdrv = 2.036909e+00
Reset re-loads circuit * monte-carlo-untrimmed monte carlo deck (config=pnp) -- generated by sim/monte-carlo-untrimmed/run_mc_untrimmed.py, do not edit

Circuit: * monte-carlo-untrimmed monte carlo deck (config=pnp) -- generated by sim/monte-carlo-untrimmed/run_mc_untrimmed.py, do not edit

option SCALE: Scale is set to 1e-06 for instance and model parameters
option SCALE: Scale is set to 1e-06 for instance and model parameters
option SCALE: Scale is set to 1e-06 for instance and model parameters
option SCALE: Scale is set to 1e-06 for instance and model parameters
Doing analysis at TEMP = 27.000000 and TNOM = 27.000000

Using KLU as Direct Linear Solver
 Reference value :  0.00000e+00
No. of Data Rows : 1
vout = 1.200299e+00
vgdrv = 2.036573e+00
Reset re-loads circuit * monte-carlo-untrimmed monte carlo deck (config=pnp) -- generated by sim/monte-carlo-untrimmed/run_mc_untrimmed.py, do not edit

Circuit: * monte-carlo-untrimmed monte carlo deck (config=pnp) -- generated by sim/monte-carlo-untrimmed/run_mc_untrimmed.py, do not edit

option SCALE: Scale is set to 1e-06 for instance and model parameters
option SCALE: Scale is set to 1e-06 for instance and model parameters
option SCALE: Scale is set to 1e-06 for instance and model parameters
option SCALE: Scale is set to 1e-06 for instance and model parameters
Doing analysis at TEMP = 27.000000 and TNOM = 27.000000

Using KLU as Direct Linear Solver

No. of Data Rows : 1
vout = 1.200806e+00
vgdrv = 2.036442e+00
Reset re-loads circuit * monte-carlo-untrimmed monte carlo deck (config=pnp) -- generated by sim/monte-carlo-untrimmed/run_mc_untrimmed.py, do not edit

Circuit: * monte-carlo-untrimmed monte carlo deck (config=pnp) -- generated by sim/monte-carlo-untrimmed/run_mc_untrimmed.py, do not edit

option SCALE: Scale is set to 1e-06 for instance and model parameters
option SCALE: Scale is set to 1e-06 for instance and model parameters
option SCALE: Scale is set to 1e-06 for instance and model parameters
option SCALE: Scale is set to 1e-06 for instance and model parameters
Doing analysis at TEMP = 27.000000 and TNOM = 27.000000

Using KLU as Direct Linear Solver

No. of Data Rows : 1
vout = 1.198322e+00
vgdrv = 2.037077e+00
Reset re-loads circuit * monte-carlo-untrimmed monte carlo deck (config=pnp) -- generated by sim/monte-carlo-untrimmed/run_mc_untrimmed.py, do not edit

Circuit: * monte-carlo-untrimmed monte carlo deck (config=pnp) -- generated by sim/monte-carlo-untrimmed/run_mc_untrimmed.py, do not edit

option SCALE: Scale is set to 1e-06 for instance and model parameters
option SCALE: Scale is set to 1e-06 for instance and model parameters
option SCALE: Scale is set to 1e-06 for instance and model parameters
option SCALE: Scale is set to 1e-06 for instance and model parameters
Doing analysis at TEMP = 27.000000 and TNOM = 27.000000

Using KLU as Direct Linear Solver

No. of Data Rows : 1
vout = 1.201421e+00
vgdrv = 2.036286e+00
Reset re-loads circuit * monte-carlo-untrimmed monte carlo deck (config=pnp) -- generated by sim/monte-carlo-untrimmed/run_mc_untrimmed.py, do not edit

Circuit: * monte-carlo-untrimmed monte carlo deck (config=pnp) -- generated by sim/monte-carlo-untrimmed/run_mc_untrimmed.py, do not edit

option SCALE: Scale is set to 1e-06 for instance and model parameters
option SCALE: Scale is set to 1e-06 for instance and model parameters
option SCALE: Scale is set to 1e-06 for instance and model parameters
option SCALE: Scale is set to 1e-06 for instance and model parameters
Doing analysis at TEMP = 27.000000 and TNOM = 27.000000

Using KLU as Direct Linear Solver

No. of Data Rows : 1
vout = 1.201651e+00
vgdrv = 2.036234e+00
Reset re-loads circuit * monte-carlo-untrimmed monte carlo deck (config=pnp) -- generated by sim/monte-carlo-untrimmed/run_mc_untrimmed.py, do not edit

Circuit: * monte-carlo-untrimmed monte carlo deck (config=pnp) -- generated by sim/monte-carlo-untrimmed/run_mc_untrimmed.py, do not edit

option SCALE: Scale is set to 1e-06 for instance and model parameters
option SCALE: Scale is set to 1e-06 for instance and model parameters
option SCALE: Scale is set to 1e-06 for instance and model parameters
option SCALE: Scale is set to 1e-06 for instance and model parameters
Doing analysis at TEMP = 27.000000 and TNOM = 27.000000

Using KLU as Direct Linear Solver
 Reference value :  0.00000e+00
No. of Data Rows : 1
vout = 1.198637e+00
vgdrv = 2.037001e+00
Reset re-loads circuit * monte-carlo-untrimmed monte carlo deck (config=pnp) -- generated by sim/monte-carlo-untrimmed/run_mc_untrimmed.py, do not edit

Circuit: * monte-carlo-untrimmed monte carlo deck (config=pnp) -- generated by sim/monte-carlo-untrimmed/run_mc_untrimmed.py, do not edit

option SCALE: Scale is set to 1e-06 for instance and model parameters
option SCALE: Scale is set to 1e-06 for instance and model parameters
option SCALE: Scale is set to 1e-06 for instance and model parameters
option SCALE: Scale is set to 1e-06 for instance and model parameters
Doing analysis at TEMP = 27.000000 and TNOM = 27.000000

Using KLU as Direct Linear Solver

No. of Data Rows : 1
vout = 1.199942e+00
vgdrv = 2.036665e+00
Reset re-loads circuit * monte-carlo-untrimmed monte carlo deck (config=pnp) -- generated by sim/monte-carlo-untrimmed/run_mc_untrimmed.py, do not edit

Circuit: * monte-carlo-untrimmed monte carlo deck (config=pnp) -- generated by sim/monte-carlo-untrimmed/run_mc_untrimmed.py, do not edit

option SCALE: Scale is set to 1e-06 for instance and model parameters
option SCALE: Scale is set to 1e-06 for instance and model parameters
option SCALE: Scale is set to 1e-06 for instance and model parameters
option SCALE: Scale is set to 1e-06 for instance and model parameters
Doing analysis at TEMP = 27.000000 and TNOM = 27.000000

Using KLU as Direct Linear Solver

No. of Data Rows : 1
vout = 1.199917e+00
vgdrv = 2.036665e+00
Reset re-loads circuit * monte-carlo-untrimmed monte carlo deck (config=pnp) -- generated by sim/monte-carlo-untrimmed/run_mc_untrimmed.py, do not edit

Circuit: * monte-carlo-untrimmed monte carlo deck (config=pnp) -- generated by sim/monte-carlo-untrimmed/run_mc_untrimmed.py, do not edit

option SCALE: Scale is set to 1e-06 for instance and model parameters
option SCALE: Scale is set to 1e-06 for instance and model parameters
option SCALE: Scale is set to 1e-06 for instance and model parameters
option SCALE: Scale is set to 1e-06 for instance and model parameters
Doing analysis at TEMP = 27.000000 and TNOM = 27.000000

Using KLU as Direct Linear Solver
 Reference value :  0.00000e+00
No. of Data Rows : 1
vout = 1.197402e+00
vgdrv = 2.037322e+00
Reset re-loads circuit * monte-carlo-untrimmed monte carlo deck (config=pnp) -- generated by sim/monte-carlo-untrimmed/run_mc_untrimmed.py, do not edit

Circuit: * monte-carlo-untrimmed monte carlo deck (config=pnp) -- generated by sim/monte-carlo-untrimmed/run_mc_untrimmed.py, do not edit

option SCALE: Scale is set to 1e-06 for instance and model parameters
option SCALE: Scale is set to 1e-06 for instance and model parameters
option SCALE: Scale is set to 1e-06 for instance and model parameters
option SCALE: Scale is set to 1e-06 for instance and model parameters
Doing analysis at TEMP = 27.000000 and TNOM = 27.000000

Using KLU as Direct Linear Solver

No. of Data Rows : 1
vout = 1.200878e+00
vgdrv = 2.036427e+00
Reset re-loads circuit * monte-carlo-untrimmed monte carlo deck (config=pnp) -- generated by sim/monte-carlo-untrimmed/run_mc_untrimmed.py, do not edit

Circuit: * monte-carlo-untrimmed monte carlo deck (config=pnp) -- generated by sim/monte-carlo-untrimmed/run_mc_untrimmed.py, do not edit

option SCALE: Scale is set to 1e-06 for instance and model parameters
option SCALE: Scale is set to 1e-06 for instance and model parameters
option SCALE: Scale is set to 1e-06 for instance and model parameters
option SCALE: Scale is set to 1e-06 for instance and model parameters
Doing analysis at TEMP = 27.000000 and TNOM = 27.000000

Using KLU as Direct Linear Solver

No. of Data Rows : 1
vout = 1.199528e+00
vgdrv = 2.036772e+00
Reset re-loads circuit * monte-carlo-untrimmed monte carlo deck (config=pnp) -- generated by sim/monte-carlo-untrimmed/run_mc_untrimmed.py, do not edit

Circuit: * monte-carlo-untrimmed monte carlo deck (config=pnp) -- generated by sim/monte-carlo-untrimmed/run_mc_untrimmed.py, do not edit

option SCALE: Scale is set to 1e-06 for instance and model parameters
option SCALE: Scale is set to 1e-06 for instance and model parameters
option SCALE: Scale is set to 1e-06 for instance and model parameters
option SCALE: Scale is set to 1e-06 for instance and model parameters
Doing analysis at TEMP = 27.000000 and TNOM = 27.000000

Using KLU as Direct Linear Solver

No. of Data Rows : 1
vout = 1.201707e+00
vgdrv = 2.036213e+00
Reset re-loads circuit * monte-carlo-untrimmed monte carlo deck (config=pnp) -- generated by sim/monte-carlo-untrimmed/run_mc_untrimmed.py, do not edit

Circuit: * monte-carlo-untrimmed monte carlo deck (config=pnp) -- generated by sim/monte-carlo-untrimmed/run_mc_untrimmed.py, do not edit

option SCALE: Scale is set to 1e-06 for instance and model parameters
option SCALE: Scale is set to 1e-06 for instance and model parameters
option SCALE: Scale is set to 1e-06 for instance and model parameters
option SCALE: Scale is set to 1e-06 for instance and model parameters
Doing analysis at TEMP = 27.000000 and TNOM = 27.000000

Using KLU as Direct Linear Solver

No. of Data Rows : 1
vout = 1.198911e+00
vgdrv = 2.036934e+00
Reset re-loads circuit * monte-carlo-untrimmed monte carlo deck (config=pnp) -- generated by sim/monte-carlo-untrimmed/run_mc_untrimmed.py, do not edit

Circuit: * monte-carlo-untrimmed monte carlo deck (config=pnp) -- generated by sim/monte-carlo-untrimmed/run_mc_untrimmed.py, do not edit

option SCALE: Scale is set to 1e-06 for instance and model parameters
option SCALE: Scale is set to 1e-06 for instance and model parameters
option SCALE: Scale is set to 1e-06 for instance and model parameters
option SCALE: Scale is set to 1e-06 for instance and model parameters
Doing analysis at TEMP = 27.000000 and TNOM = 27.000000

Using KLU as Direct Linear Solver
 Reference value :  0.00000e+00
No. of Data Rows : 1
vout = 1.198887e+00
vgdrv = 2.036939e+00
Reset re-loads circuit * monte-carlo-untrimmed monte carlo deck (config=pnp) -- generated by sim/monte-carlo-untrimmed/run_mc_untrimmed.py, do not edit

Circuit: * monte-carlo-untrimmed monte carlo deck (config=pnp) -- generated by sim/monte-carlo-untrimmed/run_mc_untrimmed.py, do not edit

option SCALE: Scale is set to 1e-06 for instance and model parameters
option SCALE: Scale is set to 1e-06 for instance and model parameters
option SCALE: Scale is set to 1e-06 for instance and model parameters
option SCALE: Scale is set to 1e-06 for instance and model parameters
Doing analysis at TEMP = 27.000000 and TNOM = 27.000000

Using KLU as Direct Linear Solver

No. of Data Rows : 1
vout = 1.199124e+00
vgdrv = 2.036873e+00
Reset re-loads circuit * monte-carlo-untrimmed monte carlo deck (config=pnp) -- generated by sim/monte-carlo-untrimmed/run_mc_untrimmed.py, do not edit

Circuit: * monte-carlo-untrimmed monte carlo deck (config=pnp) -- generated by sim/monte-carlo-untrimmed/run_mc_untrimmed.py, do not edit

option SCALE: Scale is set to 1e-06 for instance and model parameters
option SCALE: Scale is set to 1e-06 for instance and model parameters
option SCALE: Scale is set to 1e-06 for instance and model parameters
option SCALE: Scale is set to 1e-06 for instance and model parameters
Doing analysis at TEMP = 27.000000 and TNOM = 27.000000

Using KLU as Direct Linear Solver

No. of Data Rows : 1
vout = 1.198915e+00
vgdrv = 2.036925e+00
Reset re-loads circuit * monte-carlo-untrimmed monte carlo deck (config=pnp) -- generated by sim/monte-carlo-untrimmed/run_mc_untrimmed.py, do not edit

Circuit: * monte-carlo-untrimmed monte carlo deck (config=pnp) -- generated by sim/monte-carlo-untrimmed/run_mc_untrimmed.py, do not edit

option SCALE: Scale is set to 1e-06 for instance and model parameters
option SCALE: Scale is set to 1e-06 for instance and model parameters
option SCALE: Scale is set to 1e-06 for instance and model parameters
option SCALE: Scale is set to 1e-06 for instance and model parameters
Doing analysis at TEMP = 27.000000 and TNOM = 27.000000

Using KLU as Direct Linear Solver

No. of Data Rows : 1
vout = 1.200535e+00
vgdrv = 2.036500e+00
Reset re-loads circuit * monte-carlo-untrimmed monte carlo deck (config=pnp) -- generated by sim/monte-carlo-untrimmed/run_mc_untrimmed.py, do not edit

Circuit: * monte-carlo-untrimmed monte carlo deck (config=pnp) -- generated by sim/monte-carlo-untrimmed/run_mc_untrimmed.py, do not edit

option SCALE: Scale is set to 1e-06 for instance and model parameters
option SCALE: Scale is set to 1e-06 for instance and model parameters
option SCALE: Scale is set to 1e-06 for instance and model parameters
option SCALE: Scale is set to 1e-06 for instance and model parameters
Doing analysis at TEMP = 27.000000 and TNOM = 27.000000

Using KLU as Direct Linear Solver

No. of Data Rows : 1
vout = 1.200010e+00
vgdrv = 2.036648e+00
Reset re-loads circuit * monte-carlo-untrimmed monte carlo deck (config=pnp) -- generated by sim/monte-carlo-untrimmed/run_mc_untrimmed.py, do not edit

Circuit: * monte-carlo-untrimmed monte carlo deck (config=pnp) -- generated by sim/monte-carlo-untrimmed/run_mc_untrimmed.py, do not edit

option SCALE: Scale is set to 1e-06 for instance and model parameters
option SCALE: Scale is set to 1e-06 for instance and model parameters
option SCALE: Scale is set to 1e-06 for instance and model parameters
option SCALE: Scale is set to 1e-06 for instance and model parameters
Doing analysis at TEMP = 27.000000 and TNOM = 27.000000

Using KLU as Direct Linear Solver
 Reference value :  0.00000e+00
No. of Data Rows : 1
vout = 1.201729e+00
vgdrv = 2.036202e+00
Reset re-loads circuit * monte-carlo-untrimmed monte carlo deck (config=pnp) -- generated by sim/monte-carlo-untrimmed/run_mc_untrimmed.py, do not edit

Circuit: * monte-carlo-untrimmed monte carlo deck (config=pnp) -- generated by sim/monte-carlo-untrimmed/run_mc_untrimmed.py, do not edit

option SCALE: Scale is set to 1e-06 for instance and model parameters
option SCALE: Scale is set to 1e-06 for instance and model parameters
option SCALE: Scale is set to 1e-06 for instance and model parameters
option SCALE: Scale is set to 1e-06 for instance and model parameters
Doing analysis at TEMP = 27.000000 and TNOM = 27.000000

Using KLU as Direct Linear Solver

No. of Data Rows : 1
vout = 1.201674e+00
vgdrv = 2.036232e+00
Reset re-loads circuit * monte-carlo-untrimmed monte carlo deck (config=pnp) -- generated by sim/monte-carlo-untrimmed/run_mc_untrimmed.py, do not edit

Circuit: * monte-carlo-untrimmed monte carlo deck (config=pnp) -- generated by sim/monte-carlo-untrimmed/run_mc_untrimmed.py, do not edit

option SCALE: Scale is set to 1e-06 for instance and model parameters
option SCALE: Scale is set to 1e-06 for instance and model parameters
option SCALE: Scale is set to 1e-06 for instance and model parameters
option SCALE: Scale is set to 1e-06 for instance and model parameters
Doing analysis at TEMP = 27.000000 and TNOM = 27.000000

Using KLU as Direct Linear Solver

No. of Data Rows : 1
vout = 1.200525e+00
vgdrv = 2.036515e+00
Reset re-loads circuit * monte-carlo-untrimmed monte carlo deck (config=pnp) -- generated by sim/monte-carlo-untrimmed/run_mc_untrimmed.py, do not edit

Circuit: * monte-carlo-untrimmed monte carlo deck (config=pnp) -- generated by sim/monte-carlo-untrimmed/run_mc_untrimmed.py, do not edit

option SCALE: Scale is set to 1e-06 for instance and model parameters
option SCALE: Scale is set to 1e-06 for instance and model parameters
option SCALE: Scale is set to 1e-06 for instance and model parameters
option SCALE: Scale is set to 1e-06 for instance and model parameters
Doing analysis at TEMP = 27.000000 and TNOM = 27.000000

Using KLU as Direct Linear Solver

No. of Data Rows : 1
vout = 1.201219e+00
vgdrv = 2.036341e+00
Reset re-loads circuit * monte-carlo-untrimmed monte carlo deck (config=pnp) -- generated by sim/monte-carlo-untrimmed/run_mc_untrimmed.py, do not edit

Circuit: * monte-carlo-untrimmed monte carlo deck (config=pnp) -- generated by sim/monte-carlo-untrimmed/run_mc_untrimmed.py, do not edit

option SCALE: Scale is set to 1e-06 for instance and model parameters
option SCALE: Scale is set to 1e-06 for instance and model parameters
option SCALE: Scale is set to 1e-06 for instance and model parameters
option SCALE: Scale is set to 1e-06 for instance and model parameters
Doing analysis at TEMP = 27.000000 and TNOM = 27.000000

Using KLU as Direct Linear Solver

No. of Data Rows : 1
vout = 1.197440e+00
vgdrv = 2.037299e+00
Reset re-loads circuit * monte-carlo-untrimmed monte carlo deck (config=pnp) -- generated by sim/monte-carlo-untrimmed/run_mc_untrimmed.py, do not edit

Circuit: * monte-carlo-untrimmed monte carlo deck (config=pnp) -- generated by sim/monte-carlo-untrimmed/run_mc_untrimmed.py, do not edit

option SCALE: Scale is set to 1e-06 for instance and model parameters
option SCALE: Scale is set to 1e-06 for instance and model parameters
option SCALE: Scale is set to 1e-06 for instance and model parameters
option SCALE: Scale is set to 1e-06 for instance and model parameters
Doing analysis at TEMP = 27.000000 and TNOM = 27.000000

Using KLU as Direct Linear Solver
 Reference value :  0.00000e+00
No. of Data Rows : 1
vout = 1.200372e+00
vgdrv = 2.036564e+00
Reset re-loads circuit * monte-carlo-untrimmed monte carlo deck (config=pnp) -- generated by sim/monte-carlo-untrimmed/run_mc_untrimmed.py, do not edit

Circuit: * monte-carlo-untrimmed monte carlo deck (config=pnp) -- generated by sim/monte-carlo-untrimmed/run_mc_untrimmed.py, do not edit

option SCALE: Scale is set to 1e-06 for instance and model parameters
option SCALE: Scale is set to 1e-06 for instance and model parameters
option SCALE: Scale is set to 1e-06 for instance and model parameters
option SCALE: Scale is set to 1e-06 for instance and model parameters
Doing analysis at TEMP = 27.000000 and TNOM = 27.000000

Using KLU as Direct Linear Solver

No. of Data Rows : 1
vout = 1.199238e+00
vgdrv = 2.036844e+00
Reset re-loads circuit * monte-carlo-untrimmed monte carlo deck (config=pnp) -- generated by sim/monte-carlo-untrimmed/run_mc_untrimmed.py, do not edit

Circuit: * monte-carlo-untrimmed monte carlo deck (config=pnp) -- generated by sim/monte-carlo-untrimmed/run_mc_untrimmed.py, do not edit

option SCALE: Scale is set to 1e-06 for instance and model parameters
option SCALE: Scale is set to 1e-06 for instance and model parameters
option SCALE: Scale is set to 1e-06 for instance and model parameters
option SCALE: Scale is set to 1e-06 for instance and model parameters
Doing analysis at TEMP = 27.000000 and TNOM = 27.000000

Using KLU as Direct Linear Solver

No. of Data Rows : 1
vout = 1.200696e+00
vgdrv = 2.036477e+00
Reset re-loads circuit * monte-carlo-untrimmed monte carlo deck (config=pnp) -- generated by sim/monte-carlo-untrimmed/run_mc_untrimmed.py, do not edit

Circuit: * monte-carlo-untrimmed monte carlo deck (config=pnp) -- generated by sim/monte-carlo-untrimmed/run_mc_untrimmed.py, do not edit

option SCALE: Scale is set to 1e-06 for instance and model parameters
option SCALE: Scale is set to 1e-06 for instance and model parameters
option SCALE: Scale is set to 1e-06 for instance and model parameters
option SCALE: Scale is set to 1e-06 for instance and model parameters
Doing analysis at TEMP = 27.000000 and TNOM = 27.000000

Using KLU as Direct Linear Solver

No. of Data Rows : 1
vout = 1.203068e+00
vgdrv = 2.035869e+00
Reset re-loads circuit * monte-carlo-untrimmed monte carlo deck (config=pnp) -- generated by sim/monte-carlo-untrimmed/run_mc_untrimmed.py, do not edit

Circuit: * monte-carlo-untrimmed monte carlo deck (config=pnp) -- generated by sim/monte-carlo-untrimmed/run_mc_untrimmed.py, do not edit

option SCALE: Scale is set to 1e-06 for instance and model parameters
option SCALE: Scale is set to 1e-06 for instance and model parameters
option SCALE: Scale is set to 1e-06 for instance and model parameters
option SCALE: Scale is set to 1e-06 for instance and model parameters
Doing analysis at TEMP = 27.000000 and TNOM = 27.000000

Using KLU as Direct Linear Solver

No. of Data Rows : 1
vout = 1.199705e+00
vgdrv = 2.036730e+00
Reset re-loads circuit * monte-carlo-untrimmed monte carlo deck (config=pnp) -- generated by sim/monte-carlo-untrimmed/run_mc_untrimmed.py, do not edit

Circuit: * monte-carlo-untrimmed monte carlo deck (config=pnp) -- generated by sim/monte-carlo-untrimmed/run_mc_untrimmed.py, do not edit

option SCALE: Scale is set to 1e-06 for instance and model parameters
option SCALE: Scale is set to 1e-06 for instance and model parameters
option SCALE: Scale is set to 1e-06 for instance and model parameters
option SCALE: Scale is set to 1e-06 for instance and model parameters
Doing analysis at TEMP = 27.000000 and TNOM = 27.000000

Using KLU as Direct Linear Solver
 Reference value :  0.00000e+00
No. of Data Rows : 1
vout = 1.197836e+00
vgdrv = 2.037210e+00
Reset re-loads circuit * monte-carlo-untrimmed monte carlo deck (config=pnp) -- generated by sim/monte-carlo-untrimmed/run_mc_untrimmed.py, do not edit

Circuit: * monte-carlo-untrimmed monte carlo deck (config=pnp) -- generated by sim/monte-carlo-untrimmed/run_mc_untrimmed.py, do not edit

option SCALE: Scale is set to 1e-06 for instance and model parameters
option SCALE: Scale is set to 1e-06 for instance and model parameters
option SCALE: Scale is set to 1e-06 for instance and model parameters
option SCALE: Scale is set to 1e-06 for instance and model parameters
Doing analysis at TEMP = 27.000000 and TNOM = 27.000000

Using KLU as Direct Linear Solver

No. of Data Rows : 1
vout = 1.201897e+00
vgdrv = 2.036156e+00
Reset re-loads circuit * monte-carlo-untrimmed monte carlo deck (config=pnp) -- generated by sim/monte-carlo-untrimmed/run_mc_untrimmed.py, do not edit

Circuit: * monte-carlo-untrimmed monte carlo deck (config=pnp) -- generated by sim/monte-carlo-untrimmed/run_mc_untrimmed.py, do not edit

option SCALE: Scale is set to 1e-06 for instance and model parameters
option SCALE: Scale is set to 1e-06 for instance and model parameters
option SCALE: Scale is set to 1e-06 for instance and model parameters
option SCALE: Scale is set to 1e-06 for instance and model parameters
Doing analysis at TEMP = 27.000000 and TNOM = 27.000000

Using KLU as Direct Linear Solver

No. of Data Rows : 1
vout = 1.199843e+00
vgdrv = 2.036689e+00
Reset re-loads circuit * monte-carlo-untrimmed monte carlo deck (config=pnp) -- generated by sim/monte-carlo-untrimmed/run_mc_untrimmed.py, do not edit

Circuit: * monte-carlo-untrimmed monte carlo deck (config=pnp) -- generated by sim/monte-carlo-untrimmed/run_mc_untrimmed.py, do not edit

option SCALE: Scale is set to 1e-06 for instance and model parameters
option SCALE: Scale is set to 1e-06 for instance and model parameters
option SCALE: Scale is set to 1e-06 for instance and model parameters
option SCALE: Scale is set to 1e-06 for instance and model parameters
Doing analysis at TEMP = 27.000000 and TNOM = 27.000000

Using KLU as Direct Linear Solver

No. of Data Rows : 1
vout = 1.199812e+00
vgdrv = 2.036704e+00
Reset re-loads circuit * monte-carlo-untrimmed monte carlo deck (config=pnp) -- generated by sim/monte-carlo-untrimmed/run_mc_untrimmed.py, do not edit

Circuit: * monte-carlo-untrimmed monte carlo deck (config=pnp) -- generated by sim/monte-carlo-untrimmed/run_mc_untrimmed.py, do not edit

option SCALE: Scale is set to 1e-06 for instance and model parameters
option SCALE: Scale is set to 1e-06 for instance and model parameters
option SCALE: Scale is set to 1e-06 for instance and model parameters
option SCALE: Scale is set to 1e-06 for instance and model parameters
Doing analysis at TEMP = 27.000000 and TNOM = 27.000000

Using KLU as Direct Linear Solver

No. of Data Rows : 1
vout = 1.200701e+00
vgdrv = 2.036460e+00
Reset re-loads circuit * monte-carlo-untrimmed monte carlo deck (config=pnp) -- generated by sim/monte-carlo-untrimmed/run_mc_untrimmed.py, do not edit

Circuit: * monte-carlo-untrimmed monte carlo deck (config=pnp) -- generated by sim/monte-carlo-untrimmed/run_mc_untrimmed.py, do not edit

option SCALE: Scale is set to 1e-06 for instance and model parameters
option SCALE: Scale is set to 1e-06 for instance and model parameters
option SCALE: Scale is set to 1e-06 for instance and model parameters
option SCALE: Scale is set to 1e-06 for instance and model parameters
Doing analysis at TEMP = 27.000000 and TNOM = 27.000000

Using KLU as Direct Linear Solver
 Reference value :  0.00000e+00
No. of Data Rows : 1
vout = 1.199114e+00
vgdrv = 2.036879e+00
Reset re-loads circuit * monte-carlo-untrimmed monte carlo deck (config=pnp) -- generated by sim/monte-carlo-untrimmed/run_mc_untrimmed.py, do not edit

Circuit: * monte-carlo-untrimmed monte carlo deck (config=pnp) -- generated by sim/monte-carlo-untrimmed/run_mc_untrimmed.py, do not edit

option SCALE: Scale is set to 1e-06 for instance and model parameters
option SCALE: Scale is set to 1e-06 for instance and model parameters
option SCALE: Scale is set to 1e-06 for instance and model parameters
option SCALE: Scale is set to 1e-06 for instance and model parameters
Doing analysis at TEMP = 27.000000 and TNOM = 27.000000

Using KLU as Direct Linear Solver

No. of Data Rows : 1
vout = 1.198504e+00
vgdrv = 2.037036e+00
Reset re-loads circuit * monte-carlo-untrimmed monte carlo deck (config=pnp) -- generated by sim/monte-carlo-untrimmed/run_mc_untrimmed.py, do not edit

Circuit: * monte-carlo-untrimmed monte carlo deck (config=pnp) -- generated by sim/monte-carlo-untrimmed/run_mc_untrimmed.py, do not edit

option SCALE: Scale is set to 1e-06 for instance and model parameters
option SCALE: Scale is set to 1e-06 for instance and model parameters
option SCALE: Scale is set to 1e-06 for instance and model parameters
option SCALE: Scale is set to 1e-06 for instance and model parameters
Doing analysis at TEMP = 27.000000 and TNOM = 27.000000

Using KLU as Direct Linear Solver

No. of Data Rows : 1
vout = 1.199641e+00
vgdrv = 2.036742e+00
Reset re-loads circuit * monte-carlo-untrimmed monte carlo deck (config=pnp) -- generated by sim/monte-carlo-untrimmed/run_mc_untrimmed.py, do not edit

Circuit: * monte-carlo-untrimmed monte carlo deck (config=pnp) -- generated by sim/monte-carlo-untrimmed/run_mc_untrimmed.py, do not edit

option SCALE: Scale is set to 1e-06 for instance and model parameters
option SCALE: Scale is set to 1e-06 for instance and model parameters
option SCALE: Scale is set to 1e-06 for instance and model parameters
option SCALE: Scale is set to 1e-06 for instance and model parameters
Doing analysis at TEMP = 27.000000 and TNOM = 27.000000

Using KLU as Direct Linear Solver

No. of Data Rows : 1
vout = 1.199664e+00
vgdrv = 2.036737e+00
Reset re-loads circuit * monte-carlo-untrimmed monte carlo deck (config=pnp) -- generated by sim/monte-carlo-untrimmed/run_mc_untrimmed.py, do not edit

Circuit: * monte-carlo-untrimmed monte carlo deck (config=pnp) -- generated by sim/monte-carlo-untrimmed/run_mc_untrimmed.py, do not edit

option SCALE: Scale is set to 1e-06 for instance and model parameters
option SCALE: Scale is set to 1e-06 for instance and model parameters
option SCALE: Scale is set to 1e-06 for instance and model parameters
option SCALE: Scale is set to 1e-06 for instance and model parameters
Doing analysis at TEMP = 27.000000 and TNOM = 27.000000

Using KLU as Direct Linear Solver

No. of Data Rows : 1
vout = 1.202721e+00
vgdrv = 2.035946e+00
Reset re-loads circuit * monte-carlo-untrimmed monte carlo deck (config=pnp) -- generated by sim/monte-carlo-untrimmed/run_mc_untrimmed.py, do not edit

Circuit: * monte-carlo-untrimmed monte carlo deck (config=pnp) -- generated by sim/monte-carlo-untrimmed/run_mc_untrimmed.py, do not edit

option SCALE: Scale is set to 1e-06 for instance and model parameters
option SCALE: Scale is set to 1e-06 for instance and model parameters
option SCALE: Scale is set to 1e-06 for instance and model parameters
option SCALE: Scale is set to 1e-06 for instance and model parameters
Doing analysis at TEMP = 27.000000 and TNOM = 27.000000

Using KLU as Direct Linear Solver
 Reference value :  0.00000e+00
No. of Data Rows : 1
vout = 1.199601e+00
vgdrv = 2.036760e+00
Reset re-loads circuit * monte-carlo-untrimmed monte carlo deck (config=pnp) -- generated by sim/monte-carlo-untrimmed/run_mc_untrimmed.py, do not edit

Circuit: * monte-carlo-untrimmed monte carlo deck (config=pnp) -- generated by sim/monte-carlo-untrimmed/run_mc_untrimmed.py, do not edit

option SCALE: Scale is set to 1e-06 for instance and model parameters
option SCALE: Scale is set to 1e-06 for instance and model parameters
option SCALE: Scale is set to 1e-06 for instance and model parameters
option SCALE: Scale is set to 1e-06 for instance and model parameters
Doing analysis at TEMP = 27.000000 and TNOM = 27.000000

Using KLU as Direct Linear Solver
 Reference value :  0.00000e+00
No. of Data Rows : 1
vout = 1.201680e+00
vgdrv = 2.036215e+00
Reset re-loads circuit * monte-carlo-untrimmed monte carlo deck (config=pnp) -- generated by sim/monte-carlo-untrimmed/run_mc_untrimmed.py, do not edit

Circuit: * monte-carlo-untrimmed monte carlo deck (config=pnp) -- generated by sim/monte-carlo-untrimmed/run_mc_untrimmed.py, do not edit

option SCALE: Scale is set to 1e-06 for instance and model parameters
option SCALE: Scale is set to 1e-06 for instance and model parameters
option SCALE: Scale is set to 1e-06 for instance and model parameters
option SCALE: Scale is set to 1e-06 for instance and model parameters
Doing analysis at TEMP = 27.000000 and TNOM = 27.000000

Using KLU as Direct Linear Solver

No. of Data Rows : 1
vout = 1.198150e+00
vgdrv = 2.037125e+00
Reset re-loads circuit * monte-carlo-untrimmed monte carlo deck (config=pnp) -- generated by sim/monte-carlo-untrimmed/run_mc_untrimmed.py, do not edit

Circuit: * monte-carlo-untrimmed monte carlo deck (config=pnp) -- generated by sim/monte-carlo-untrimmed/run_mc_untrimmed.py, do not edit

option SCALE: Scale is set to 1e-06 for instance and model parameters
option SCALE: Scale is set to 1e-06 for instance and model parameters
option SCALE: Scale is set to 1e-06 for instance and model parameters
option SCALE: Scale is set to 1e-06 for instance and model parameters
Doing analysis at TEMP = 27.000000 and TNOM = 27.000000

Using KLU as Direct Linear Solver

No. of Data Rows : 1
vout = 1.200986e+00
vgdrv = 2.036397e+00
Reset re-loads circuit * monte-carlo-untrimmed monte carlo deck (config=pnp) -- generated by sim/monte-carlo-untrimmed/run_mc_untrimmed.py, do not edit

Circuit: * monte-carlo-untrimmed monte carlo deck (config=pnp) -- generated by sim/monte-carlo-untrimmed/run_mc_untrimmed.py, do not edit

option SCALE: Scale is set to 1e-06 for instance and model parameters
option SCALE: Scale is set to 1e-06 for instance and model parameters
option SCALE: Scale is set to 1e-06 for instance and model parameters
option SCALE: Scale is set to 1e-06 for instance and model parameters
Doing analysis at TEMP = 27.000000 and TNOM = 27.000000

Using KLU as Direct Linear Solver

No. of Data Rows : 1
vout = 1.199265e+00
vgdrv = 2.036844e+00
Reset re-loads circuit * monte-carlo-untrimmed monte carlo deck (config=pnp) -- generated by sim/monte-carlo-untrimmed/run_mc_untrimmed.py, do not edit

Circuit: * monte-carlo-untrimmed monte carlo deck (config=pnp) -- generated by sim/monte-carlo-untrimmed/run_mc_untrimmed.py, do not edit

option SCALE: Scale is set to 1e-06 for instance and model parameters
option SCALE: Scale is set to 1e-06 for instance and model parameters
option SCALE: Scale is set to 1e-06 for instance and model parameters
option SCALE: Scale is set to 1e-06 for instance and model parameters
Doing analysis at TEMP = 27.000000 and TNOM = 27.000000

Using KLU as Direct Linear Solver

No. of Data Rows : 1
vout = 1.199360e+00
vgdrv = 2.036812e+00
Reset re-loads circuit * monte-carlo-untrimmed monte carlo deck (config=pnp) -- generated by sim/monte-carlo-untrimmed/run_mc_untrimmed.py, do not edit

Circuit: * monte-carlo-untrimmed monte carlo deck (config=pnp) -- generated by sim/monte-carlo-untrimmed/run_mc_untrimmed.py, do not edit

option SCALE: Scale is set to 1e-06 for instance and model parameters
option SCALE: Scale is set to 1e-06 for instance and model parameters
option SCALE: Scale is set to 1e-06 for instance and model parameters
option SCALE: Scale is set to 1e-06 for instance and model parameters
Doing analysis at TEMP = 27.000000 and TNOM = 27.000000

Using KLU as Direct Linear Solver
 Reference value :  0.00000e+00
No. of Data Rows : 1
vout = 1.199058e+00
vgdrv = 2.036891e+00
Reset re-loads circuit * monte-carlo-untrimmed monte carlo deck (config=pnp) -- generated by sim/monte-carlo-untrimmed/run_mc_untrimmed.py, do not edit

Circuit: * monte-carlo-untrimmed monte carlo deck (config=pnp) -- generated by sim/monte-carlo-untrimmed/run_mc_untrimmed.py, do not edit

option SCALE: Scale is set to 1e-06 for instance and model parameters
option SCALE: Scale is set to 1e-06 for instance and model parameters
option SCALE: Scale is set to 1e-06 for instance and model parameters
option SCALE: Scale is set to 1e-06 for instance and model parameters
Doing analysis at TEMP = 27.000000 and TNOM = 27.000000

Using KLU as Direct Linear Solver

No. of Data Rows : 1
vout = 1.201364e+00
vgdrv = 2.036303e+00
Reset re-loads circuit * monte-carlo-untrimmed monte carlo deck (config=pnp) -- generated by sim/monte-carlo-untrimmed/run_mc_untrimmed.py, do not edit

Circuit: * monte-carlo-untrimmed monte carlo deck (config=pnp) -- generated by sim/monte-carlo-untrimmed/run_mc_untrimmed.py, do not edit

option SCALE: Scale is set to 1e-06 for instance and model parameters
option SCALE: Scale is set to 1e-06 for instance and model parameters
option SCALE: Scale is set to 1e-06 for instance and model parameters
option SCALE: Scale is set to 1e-06 for instance and model parameters
Doing analysis at TEMP = 27.000000 and TNOM = 27.000000

Using KLU as Direct Linear Solver

No. of Data Rows : 1
vout = 1.198105e+00
vgdrv = 2.037131e+00
Reset re-loads circuit * monte-carlo-untrimmed monte carlo deck (config=pnp) -- generated by sim/monte-carlo-untrimmed/run_mc_untrimmed.py, do not edit

Circuit: * monte-carlo-untrimmed monte carlo deck (config=pnp) -- generated by sim/monte-carlo-untrimmed/run_mc_untrimmed.py, do not edit

option SCALE: Scale is set to 1e-06 for instance and model parameters
option SCALE: Scale is set to 1e-06 for instance and model parameters
option SCALE: Scale is set to 1e-06 for instance and model parameters
option SCALE: Scale is set to 1e-06 for instance and model parameters
Doing analysis at TEMP = 27.000000 and TNOM = 27.000000

Using KLU as Direct Linear Solver

No. of Data Rows : 1
vout = 1.202355e+00
vgdrv = 2.036044e+00
Reset re-loads circuit * monte-carlo-untrimmed monte carlo deck (config=pnp) -- generated by sim/monte-carlo-untrimmed/run_mc_untrimmed.py, do not edit

Circuit: * monte-carlo-untrimmed monte carlo deck (config=pnp) -- generated by sim/monte-carlo-untrimmed/run_mc_untrimmed.py, do not edit

option SCALE: Scale is set to 1e-06 for instance and model parameters
option SCALE: Scale is set to 1e-06 for instance and model parameters
option SCALE: Scale is set to 1e-06 for instance and model parameters
option SCALE: Scale is set to 1e-06 for instance and model parameters
Doing analysis at TEMP = 27.000000 and TNOM = 27.000000

Using KLU as Direct Linear Solver

No. of Data Rows : 1
vout = 1.199116e+00
vgdrv = 2.036869e+00
Reset re-loads circuit * monte-carlo-untrimmed monte carlo deck (config=pnp) -- generated by sim/monte-carlo-untrimmed/run_mc_untrimmed.py, do not edit

Circuit: * monte-carlo-untrimmed monte carlo deck (config=pnp) -- generated by sim/monte-carlo-untrimmed/run_mc_untrimmed.py, do not edit

option SCALE: Scale is set to 1e-06 for instance and model parameters
option SCALE: Scale is set to 1e-06 for instance and model parameters
option SCALE: Scale is set to 1e-06 for instance and model parameters
option SCALE: Scale is set to 1e-06 for instance and model parameters
Doing analysis at TEMP = 27.000000 and TNOM = 27.000000

Using KLU as Direct Linear Solver
 Reference value :  0.00000e+00
No. of Data Rows : 1
vout = 1.198614e+00
vgdrv = 2.037008e+00
Reset re-loads circuit * monte-carlo-untrimmed monte carlo deck (config=pnp) -- generated by sim/monte-carlo-untrimmed/run_mc_untrimmed.py, do not edit

Circuit: * monte-carlo-untrimmed monte carlo deck (config=pnp) -- generated by sim/monte-carlo-untrimmed/run_mc_untrimmed.py, do not edit

option SCALE: Scale is set to 1e-06 for instance and model parameters
option SCALE: Scale is set to 1e-06 for instance and model parameters
option SCALE: Scale is set to 1e-06 for instance and model parameters
option SCALE: Scale is set to 1e-06 for instance and model parameters
Doing analysis at TEMP = 27.000000 and TNOM = 27.000000

Using KLU as Direct Linear Solver

No. of Data Rows : 1
vout = 1.199159e+00
vgdrv = 2.036867e+00
Reset re-loads circuit * monte-carlo-untrimmed monte carlo deck (config=pnp) -- generated by sim/monte-carlo-untrimmed/run_mc_untrimmed.py, do not edit

Circuit: * monte-carlo-untrimmed monte carlo deck (config=pnp) -- generated by sim/monte-carlo-untrimmed/run_mc_untrimmed.py, do not edit

option SCALE: Scale is set to 1e-06 for instance and model parameters
option SCALE: Scale is set to 1e-06 for instance and model parameters
option SCALE: Scale is set to 1e-06 for instance and model parameters
option SCALE: Scale is set to 1e-06 for instance and model parameters
Doing analysis at TEMP = 27.000000 and TNOM = 27.000000

Using KLU as Direct Linear Solver

No. of Data Rows : 1
vout = 1.198440e+00
vgdrv = 2.037055e+00
Reset re-loads circuit * monte-carlo-untrimmed monte carlo deck (config=pnp) -- generated by sim/monte-carlo-untrimmed/run_mc_untrimmed.py, do not edit

Circuit: * monte-carlo-untrimmed monte carlo deck (config=pnp) -- generated by sim/monte-carlo-untrimmed/run_mc_untrimmed.py, do not edit

option SCALE: Scale is set to 1e-06 for instance and model parameters
option SCALE: Scale is set to 1e-06 for instance and model parameters
option SCALE: Scale is set to 1e-06 for instance and model parameters
option SCALE: Scale is set to 1e-06 for instance and model parameters
Doing analysis at TEMP = 27.000000 and TNOM = 27.000000

Using KLU as Direct Linear Solver

No. of Data Rows : 1
vout = 1.200152e+00
vgdrv = 2.036605e+00
Reset re-loads circuit * monte-carlo-untrimmed monte carlo deck (config=pnp) -- generated by sim/monte-carlo-untrimmed/run_mc_untrimmed.py, do not edit

Circuit: * monte-carlo-untrimmed monte carlo deck (config=pnp) -- generated by sim/monte-carlo-untrimmed/run_mc_untrimmed.py, do not edit

option SCALE: Scale is set to 1e-06 for instance and model parameters
option SCALE: Scale is set to 1e-06 for instance and model parameters
option SCALE: Scale is set to 1e-06 for instance and model parameters
option SCALE: Scale is set to 1e-06 for instance and model parameters
Doing analysis at TEMP = 27.000000 and TNOM = 27.000000

Using KLU as Direct Linear Solver

No. of Data Rows : 1
vout = 1.200732e+00
vgdrv = 2.036444e+00
Reset re-loads circuit * monte-carlo-untrimmed monte carlo deck (config=pnp) -- generated by sim/monte-carlo-untrimmed/run_mc_untrimmed.py, do not edit

Circuit: * monte-carlo-untrimmed monte carlo deck (config=pnp) -- generated by sim/monte-carlo-untrimmed/run_mc_untrimmed.py, do not edit

option SCALE: Scale is set to 1e-06 for instance and model parameters
option SCALE: Scale is set to 1e-06 for instance and model parameters
option SCALE: Scale is set to 1e-06 for instance and model parameters
option SCALE: Scale is set to 1e-06 for instance and model parameters
Doing analysis at TEMP = 27.000000 and TNOM = 27.000000

Using KLU as Direct Linear Solver
 Reference value :  0.00000e+00
No. of Data Rows : 1
vout = 1.199931e+00
vgdrv = 2.036659e+00
Reset re-loads circuit * monte-carlo-untrimmed monte carlo deck (config=pnp) -- generated by sim/monte-carlo-untrimmed/run_mc_untrimmed.py, do not edit

Circuit: * monte-carlo-untrimmed monte carlo deck (config=pnp) -- generated by sim/monte-carlo-untrimmed/run_mc_untrimmed.py, do not edit

option SCALE: Scale is set to 1e-06 for instance and model parameters
option SCALE: Scale is set to 1e-06 for instance and model parameters
option SCALE: Scale is set to 1e-06 for instance and model parameters
option SCALE: Scale is set to 1e-06 for instance and model parameters
Doing analysis at TEMP = 27.000000 and TNOM = 27.000000

Using KLU as Direct Linear Solver

No. of Data Rows : 1
vout = 1.196423e+00
vgdrv = 2.037570e+00
Reset re-loads circuit * monte-carlo-untrimmed monte carlo deck (config=pnp) -- generated by sim/monte-carlo-untrimmed/run_mc_untrimmed.py, do not edit

Circuit: * monte-carlo-untrimmed monte carlo deck (config=pnp) -- generated by sim/monte-carlo-untrimmed/run_mc_untrimmed.py, do not edit

option SCALE: Scale is set to 1e-06 for instance and model parameters
option SCALE: Scale is set to 1e-06 for instance and model parameters
option SCALE: Scale is set to 1e-06 for instance and model parameters
option SCALE: Scale is set to 1e-06 for instance and model parameters
Doing analysis at TEMP = 27.000000 and TNOM = 27.000000

Using KLU as Direct Linear Solver

No. of Data Rows : 1
vout = 1.197909e+00
vgdrv = 2.037179e+00
Reset re-loads circuit * monte-carlo-untrimmed monte carlo deck (config=pnp) -- generated by sim/monte-carlo-untrimmed/run_mc_untrimmed.py, do not edit

Circuit: * monte-carlo-untrimmed monte carlo deck (config=pnp) -- generated by sim/monte-carlo-untrimmed/run_mc_untrimmed.py, do not edit

option SCALE: Scale is set to 1e-06 for instance and model parameters
option SCALE: Scale is set to 1e-06 for instance and model parameters
option SCALE: Scale is set to 1e-06 for instance and model parameters
option SCALE: Scale is set to 1e-06 for instance and model parameters
Doing analysis at TEMP = 27.000000 and TNOM = 27.000000

Using KLU as Direct Linear Solver

No. of Data Rows : 1
vout = 1.201426e+00
vgdrv = 2.036280e+00
Reset re-loads circuit * monte-carlo-untrimmed monte carlo deck (config=pnp) -- generated by sim/monte-carlo-untrimmed/run_mc_untrimmed.py, do not edit

Circuit: * monte-carlo-untrimmed monte carlo deck (config=pnp) -- generated by sim/monte-carlo-untrimmed/run_mc_untrimmed.py, do not edit

option SCALE: Scale is set to 1e-06 for instance and model parameters
option SCALE: Scale is set to 1e-06 for instance and model parameters
option SCALE: Scale is set to 1e-06 for instance and model parameters
option SCALE: Scale is set to 1e-06 for instance and model parameters
Doing analysis at TEMP = 27.000000 and TNOM = 27.000000

Using KLU as Direct Linear Solver

No. of Data Rows : 1
vout = 1.199679e+00
vgdrv = 2.036730e+00
Reset re-loads circuit * monte-carlo-untrimmed monte carlo deck (config=pnp) -- generated by sim/monte-carlo-untrimmed/run_mc_untrimmed.py, do not edit

Circuit: * monte-carlo-untrimmed monte carlo deck (config=pnp) -- generated by sim/monte-carlo-untrimmed/run_mc_untrimmed.py, do not edit

option SCALE: Scale is set to 1e-06 for instance and model parameters
option SCALE: Scale is set to 1e-06 for instance and model parameters
option SCALE: Scale is set to 1e-06 for instance and model parameters
option SCALE: Scale is set to 1e-06 for instance and model parameters
Doing analysis at TEMP = 27.000000 and TNOM = 27.000000

Using KLU as Direct Linear Solver
 Reference value :  0.00000e+00
No. of Data Rows : 1
vout = 1.202170e+00
vgdrv = 2.036087e+00
Reset re-loads circuit * monte-carlo-untrimmed monte carlo deck (config=pnp) -- generated by sim/monte-carlo-untrimmed/run_mc_untrimmed.py, do not edit

Circuit: * monte-carlo-untrimmed monte carlo deck (config=pnp) -- generated by sim/monte-carlo-untrimmed/run_mc_untrimmed.py, do not edit

option SCALE: Scale is set to 1e-06 for instance and model parameters
option SCALE: Scale is set to 1e-06 for instance and model parameters
option SCALE: Scale is set to 1e-06 for instance and model parameters
option SCALE: Scale is set to 1e-06 for instance and model parameters
Doing analysis at TEMP = 27.000000 and TNOM = 27.000000

Using KLU as Direct Linear Solver

No. of Data Rows : 1
vout = 1.198952e+00
vgdrv = 2.036921e+00
Reset re-loads circuit * monte-carlo-untrimmed monte carlo deck (config=pnp) -- generated by sim/monte-carlo-untrimmed/run_mc_untrimmed.py, do not edit

Circuit: * monte-carlo-untrimmed monte carlo deck (config=pnp) -- generated by sim/monte-carlo-untrimmed/run_mc_untrimmed.py, do not edit

option SCALE: Scale is set to 1e-06 for instance and model parameters
option SCALE: Scale is set to 1e-06 for instance and model parameters
option SCALE: Scale is set to 1e-06 for instance and model parameters
option SCALE: Scale is set to 1e-06 for instance and model parameters
Doing analysis at TEMP = 27.000000 and TNOM = 27.000000

Using KLU as Direct Linear Solver

No. of Data Rows : 1
vout = 1.199351e+00
vgdrv = 2.036812e+00
Reset re-loads circuit * monte-carlo-untrimmed monte carlo deck (config=pnp) -- generated by sim/monte-carlo-untrimmed/run_mc_untrimmed.py, do not edit

Circuit: * monte-carlo-untrimmed monte carlo deck (config=pnp) -- generated by sim/monte-carlo-untrimmed/run_mc_untrimmed.py, do not edit

option SCALE: Scale is set to 1e-06 for instance and model parameters
option SCALE: Scale is set to 1e-06 for instance and model parameters
option SCALE: Scale is set to 1e-06 for instance and model parameters
option SCALE: Scale is set to 1e-06 for instance and model parameters
Doing analysis at TEMP = 27.000000 and TNOM = 27.000000

Using KLU as Direct Linear Solver

No. of Data Rows : 1
vout = 1.199336e+00
vgdrv = 2.036813e+00
Reset re-loads circuit * monte-carlo-untrimmed monte carlo deck (config=pnp) -- generated by sim/monte-carlo-untrimmed/run_mc_untrimmed.py, do not edit

Circuit: * monte-carlo-untrimmed monte carlo deck (config=pnp) -- generated by sim/monte-carlo-untrimmed/run_mc_untrimmed.py, do not edit

option SCALE: Scale is set to 1e-06 for instance and model parameters
option SCALE: Scale is set to 1e-06 for instance and model parameters
option SCALE: Scale is set to 1e-06 for instance and model parameters
option SCALE: Scale is set to 1e-06 for instance and model parameters
Doing analysis at TEMP = 27.000000 and TNOM = 27.000000

Using KLU as Direct Linear Solver

No. of Data Rows : 1
vout = 1.200155e+00
vgdrv = 2.036604e+00
Reset re-loads circuit * monte-carlo-untrimmed monte carlo deck (config=pnp) -- generated by sim/monte-carlo-untrimmed/run_mc_untrimmed.py, do not edit

Circuit: * monte-carlo-untrimmed monte carlo deck (config=pnp) -- generated by sim/monte-carlo-untrimmed/run_mc_untrimmed.py, do not edit

option SCALE: Scale is set to 1e-06 for instance and model parameters
option SCALE: Scale is set to 1e-06 for instance and model parameters
option SCALE: Scale is set to 1e-06 for instance and model parameters
option SCALE: Scale is set to 1e-06 for instance and model parameters
Doing analysis at TEMP = 27.000000 and TNOM = 27.000000

Using KLU as Direct Linear Solver
 Reference value :  0.00000e+00
No. of Data Rows : 1
vout = 1.198510e+00
vgdrv = 2.037031e+00
Reset re-loads circuit * monte-carlo-untrimmed monte carlo deck (config=pnp) -- generated by sim/monte-carlo-untrimmed/run_mc_untrimmed.py, do not edit

Circuit: * monte-carlo-untrimmed monte carlo deck (config=pnp) -- generated by sim/monte-carlo-untrimmed/run_mc_untrimmed.py, do not edit

option SCALE: Scale is set to 1e-06 for instance and model parameters
option SCALE: Scale is set to 1e-06 for instance and model parameters
option SCALE: Scale is set to 1e-06 for instance and model parameters
option SCALE: Scale is set to 1e-06 for instance and model parameters
Doing analysis at TEMP = 27.000000 and TNOM = 27.000000

Using KLU as Direct Linear Solver
 Reference value :  0.00000e+00
No. of Data Rows : 1
vout = 1.197701e+00
vgdrv = 2.037242e+00
Reset re-loads circuit * monte-carlo-untrimmed monte carlo deck (config=pnp) -- generated by sim/monte-carlo-untrimmed/run_mc_untrimmed.py, do not edit

Circuit: * monte-carlo-untrimmed monte carlo deck (config=pnp) -- generated by sim/monte-carlo-untrimmed/run_mc_untrimmed.py, do not edit

option SCALE: Scale is set to 1e-06 for instance and model parameters
option SCALE: Scale is set to 1e-06 for instance and model parameters
option SCALE: Scale is set to 1e-06 for instance and model parameters
option SCALE: Scale is set to 1e-06 for instance and model parameters
Doing analysis at TEMP = 27.000000 and TNOM = 27.000000

Using KLU as Direct Linear Solver

No. of Data Rows : 1
vout = 1.200251e+00
vgdrv = 2.036580e+00
Reset re-loads circuit * monte-carlo-untrimmed monte carlo deck (config=pnp) -- generated by sim/monte-carlo-untrimmed/run_mc_untrimmed.py, do not edit

Circuit: * monte-carlo-untrimmed monte carlo deck (config=pnp) -- generated by sim/monte-carlo-untrimmed/run_mc_untrimmed.py, do not edit

option SCALE: Scale is set to 1e-06 for instance and model parameters
option SCALE: Scale is set to 1e-06 for instance and model parameters
option SCALE: Scale is set to 1e-06 for instance and model parameters
option SCALE: Scale is set to 1e-06 for instance and model parameters
Doing analysis at TEMP = 27.000000 and TNOM = 27.000000

Using KLU as Direct Linear Solver

No. of Data Rows : 1
vout = 1.200323e+00
vgdrv = 2.036567e+00
Reset re-loads circuit * monte-carlo-untrimmed monte carlo deck (config=pnp) -- generated by sim/monte-carlo-untrimmed/run_mc_untrimmed.py, do not edit

Circuit: * monte-carlo-untrimmed monte carlo deck (config=pnp) -- generated by sim/monte-carlo-untrimmed/run_mc_untrimmed.py, do not edit

option SCALE: Scale is set to 1e-06 for instance and model parameters
option SCALE: Scale is set to 1e-06 for instance and model parameters
option SCALE: Scale is set to 1e-06 for instance and model parameters
option SCALE: Scale is set to 1e-06 for instance and model parameters
Doing analysis at TEMP = 27.000000 and TNOM = 27.000000

Using KLU as Direct Linear Solver

No. of Data Rows : 1
vout = 1.199588e+00
vgdrv = 2.036762e+00
Reset re-loads circuit * monte-carlo-untrimmed monte carlo deck (config=pnp) -- generated by sim/monte-carlo-untrimmed/run_mc_untrimmed.py, do not edit

Circuit: * monte-carlo-untrimmed monte carlo deck (config=pnp) -- generated by sim/monte-carlo-untrimmed/run_mc_untrimmed.py, do not edit

option SCALE: Scale is set to 1e-06 for instance and model parameters
option SCALE: Scale is set to 1e-06 for instance and model parameters
option SCALE: Scale is set to 1e-06 for instance and model parameters
option SCALE: Scale is set to 1e-06 for instance and model parameters
Doing analysis at TEMP = 27.000000 and TNOM = 27.000000

Using KLU as Direct Linear Solver

No. of Data Rows : 1
vout = 1.198742e+00
vgdrv = 2.036965e+00
Reset re-loads circuit * monte-carlo-untrimmed monte carlo deck (config=pnp) -- generated by sim/monte-carlo-untrimmed/run_mc_untrimmed.py, do not edit

Circuit: * monte-carlo-untrimmed monte carlo deck (config=pnp) -- generated by sim/monte-carlo-untrimmed/run_mc_untrimmed.py, do not edit

option SCALE: Scale is set to 1e-06 for instance and model parameters
option SCALE: Scale is set to 1e-06 for instance and model parameters
option SCALE: Scale is set to 1e-06 for instance and model parameters
option SCALE: Scale is set to 1e-06 for instance and model parameters
Doing analysis at TEMP = 27.000000 and TNOM = 27.000000

Using KLU as Direct Linear Solver
 Reference value :  0.00000e+00
No. of Data Rows : 1
vout = 1.201473e+00
vgdrv = 2.036277e+00
Reset re-loads circuit * monte-carlo-untrimmed monte carlo deck (config=pnp) -- generated by sim/monte-carlo-untrimmed/run_mc_untrimmed.py, do not edit

Circuit: * monte-carlo-untrimmed monte carlo deck (config=pnp) -- generated by sim/monte-carlo-untrimmed/run_mc_untrimmed.py, do not edit

option SCALE: Scale is set to 1e-06 for instance and model parameters
option SCALE: Scale is set to 1e-06 for instance and model parameters
option SCALE: Scale is set to 1e-06 for instance and model parameters
option SCALE: Scale is set to 1e-06 for instance and model parameters
Doing analysis at TEMP = 27.000000 and TNOM = 27.000000

Using KLU as Direct Linear Solver

No. of Data Rows : 1
vout = 1.201659e+00
vgdrv = 2.036222e+00
Reset re-loads circuit * monte-carlo-untrimmed monte carlo deck (config=pnp) -- generated by sim/monte-carlo-untrimmed/run_mc_untrimmed.py, do not edit

Circuit: * monte-carlo-untrimmed monte carlo deck (config=pnp) -- generated by sim/monte-carlo-untrimmed/run_mc_untrimmed.py, do not edit

option SCALE: Scale is set to 1e-06 for instance and model parameters
option SCALE: Scale is set to 1e-06 for instance and model parameters
option SCALE: Scale is set to 1e-06 for instance and model parameters
option SCALE: Scale is set to 1e-06 for instance and model parameters
Doing analysis at TEMP = 27.000000 and TNOM = 27.000000

Using KLU as Direct Linear Solver

No. of Data Rows : 1
vout = 1.198824e+00
vgdrv = 2.036953e+00
Reset re-loads circuit * monte-carlo-untrimmed monte carlo deck (config=pnp) -- generated by sim/monte-carlo-untrimmed/run_mc_untrimmed.py, do not edit

Circuit: * monte-carlo-untrimmed monte carlo deck (config=pnp) -- generated by sim/monte-carlo-untrimmed/run_mc_untrimmed.py, do not edit

option SCALE: Scale is set to 1e-06 for instance and model parameters
option SCALE: Scale is set to 1e-06 for instance and model parameters
option SCALE: Scale is set to 1e-06 for instance and model parameters
option SCALE: Scale is set to 1e-06 for instance and model parameters
Doing analysis at TEMP = 27.000000 and TNOM = 27.000000

Using KLU as Direct Linear Solver

No. of Data Rows : 1
vout = 1.198888e+00
vgdrv = 2.036936e+00
Reset re-loads circuit * monte-carlo-untrimmed monte carlo deck (config=pnp) -- generated by sim/monte-carlo-untrimmed/run_mc_untrimmed.py, do not edit

Circuit: * monte-carlo-untrimmed monte carlo deck (config=pnp) -- generated by sim/monte-carlo-untrimmed/run_mc_untrimmed.py, do not edit

option SCALE: Scale is set to 1e-06 for instance and model parameters
option SCALE: Scale is set to 1e-06 for instance and model parameters
option SCALE: Scale is set to 1e-06 for instance and model parameters
option SCALE: Scale is set to 1e-06 for instance and model parameters
Doing analysis at TEMP = 27.000000 and TNOM = 27.000000

Using KLU as Direct Linear Solver

No. of Data Rows : 1
vout = 1.199113e+00
vgdrv = 2.036879e+00
Reset re-loads circuit * monte-carlo-untrimmed monte carlo deck (config=pnp) -- generated by sim/monte-carlo-untrimmed/run_mc_untrimmed.py, do not edit

Circuit: * monte-carlo-untrimmed monte carlo deck (config=pnp) -- generated by sim/monte-carlo-untrimmed/run_mc_untrimmed.py, do not edit

option SCALE: Scale is set to 1e-06 for instance and model parameters
option SCALE: Scale is set to 1e-06 for instance and model parameters
option SCALE: Scale is set to 1e-06 for instance and model parameters
option SCALE: Scale is set to 1e-06 for instance and model parameters
Doing analysis at TEMP = 27.000000 and TNOM = 27.000000

Using KLU as Direct Linear Solver
 Reference value :  0.00000e+00
No. of Data Rows : 1
vout = 1.200818e+00
vgdrv = 2.036446e+00
Reset re-loads circuit * monte-carlo-untrimmed monte carlo deck (config=pnp) -- generated by sim/monte-carlo-untrimmed/run_mc_untrimmed.py, do not edit

Circuit: * monte-carlo-untrimmed monte carlo deck (config=pnp) -- generated by sim/monte-carlo-untrimmed/run_mc_untrimmed.py, do not edit

option SCALE: Scale is set to 1e-06 for instance and model parameters
option SCALE: Scale is set to 1e-06 for instance and model parameters
option SCALE: Scale is set to 1e-06 for instance and model parameters
option SCALE: Scale is set to 1e-06 for instance and model parameters
Doing analysis at TEMP = 27.000000 and TNOM = 27.000000

Using KLU as Direct Linear Solver

No. of Data Rows : 1
vout = 1.200043e+00
vgdrv = 2.036632e+00
Reset re-loads circuit * monte-carlo-untrimmed monte carlo deck (config=pnp) -- generated by sim/monte-carlo-untrimmed/run_mc_untrimmed.py, do not edit

Circuit: * monte-carlo-untrimmed monte carlo deck (config=pnp) -- generated by sim/monte-carlo-untrimmed/run_mc_untrimmed.py, do not edit

option SCALE: Scale is set to 1e-06 for instance and model parameters
option SCALE: Scale is set to 1e-06 for instance and model parameters
option SCALE: Scale is set to 1e-06 for instance and model parameters
option SCALE: Scale is set to 1e-06 for instance and model parameters
Doing analysis at TEMP = 27.000000 and TNOM = 27.000000

Using KLU as Direct Linear Solver

No. of Data Rows : 1
vout = 1.199181e+00
vgdrv = 2.036863e+00
Reset re-loads circuit * monte-carlo-untrimmed monte carlo deck (config=pnp) -- generated by sim/monte-carlo-untrimmed/run_mc_untrimmed.py, do not edit

Circuit: * monte-carlo-untrimmed monte carlo deck (config=pnp) -- generated by sim/monte-carlo-untrimmed/run_mc_untrimmed.py, do not edit

option SCALE: Scale is set to 1e-06 for instance and model parameters
option SCALE: Scale is set to 1e-06 for instance and model parameters
option SCALE: Scale is set to 1e-06 for instance and model parameters
option SCALE: Scale is set to 1e-06 for instance and model parameters
Doing analysis at TEMP = 27.000000 and TNOM = 27.000000

Using KLU as Direct Linear Solver

No. of Data Rows : 1
vout = 1.198720e+00
vgdrv = 2.036970e+00
Reset re-loads circuit * monte-carlo-untrimmed monte carlo deck (config=pnp) -- generated by sim/monte-carlo-untrimmed/run_mc_untrimmed.py, do not edit

Circuit: * monte-carlo-untrimmed monte carlo deck (config=pnp) -- generated by sim/monte-carlo-untrimmed/run_mc_untrimmed.py, do not edit

option SCALE: Scale is set to 1e-06 for instance and model parameters
option SCALE: Scale is set to 1e-06 for instance and model parameters
option SCALE: Scale is set to 1e-06 for instance and model parameters
option SCALE: Scale is set to 1e-06 for instance and model parameters
Doing analysis at TEMP = 27.000000 and TNOM = 27.000000

Using KLU as Direct Linear Solver

No. of Data Rows : 1
vout = 1.197809e+00
vgdrv = 2.037222e+00
Reset re-loads circuit * monte-carlo-untrimmed monte carlo deck (config=pnp) -- generated by sim/monte-carlo-untrimmed/run_mc_untrimmed.py, do not edit

Circuit: * monte-carlo-untrimmed monte carlo deck (config=pnp) -- generated by sim/monte-carlo-untrimmed/run_mc_untrimmed.py, do not edit

option SCALE: Scale is set to 1e-06 for instance and model parameters
option SCALE: Scale is set to 1e-06 for instance and model parameters
option SCALE: Scale is set to 1e-06 for instance and model parameters
option SCALE: Scale is set to 1e-06 for instance and model parameters
Doing analysis at TEMP = 27.000000 and TNOM = 27.000000

Using KLU as Direct Linear Solver
 Reference value :  0.00000e+00
No. of Data Rows : 1
vout = 1.200222e+00
vgdrv = 2.036598e+00
Reset re-loads circuit * monte-carlo-untrimmed monte carlo deck (config=pnp) -- generated by sim/monte-carlo-untrimmed/run_mc_untrimmed.py, do not edit

Circuit: * monte-carlo-untrimmed monte carlo deck (config=pnp) -- generated by sim/monte-carlo-untrimmed/run_mc_untrimmed.py, do not edit

option SCALE: Scale is set to 1e-06 for instance and model parameters
option SCALE: Scale is set to 1e-06 for instance and model parameters
option SCALE: Scale is set to 1e-06 for instance and model parameters
option SCALE: Scale is set to 1e-06 for instance and model parameters
Doing analysis at TEMP = 27.000000 and TNOM = 27.000000

Using KLU as Direct Linear Solver

No. of Data Rows : 1
vout = 1.201276e+00
vgdrv = 2.036311e+00
Reset re-loads circuit * monte-carlo-untrimmed monte carlo deck (config=pnp) -- generated by sim/monte-carlo-untrimmed/run_mc_untrimmed.py, do not edit

Circuit: * monte-carlo-untrimmed monte carlo deck (config=pnp) -- generated by sim/monte-carlo-untrimmed/run_mc_untrimmed.py, do not edit

option SCALE: Scale is set to 1e-06 for instance and model parameters
option SCALE: Scale is set to 1e-06 for instance and model parameters
option SCALE: Scale is set to 1e-06 for instance and model parameters
option SCALE: Scale is set to 1e-06 for instance and model parameters
Doing analysis at TEMP = 27.000000 and TNOM = 27.000000

Using KLU as Direct Linear Solver

No. of Data Rows : 1
vout = 1.199669e+00
vgdrv = 2.036740e+00
Reset re-loads circuit * monte-carlo-untrimmed monte carlo deck (config=pnp) -- generated by sim/monte-carlo-untrimmed/run_mc_untrimmed.py, do not edit

Circuit: * monte-carlo-untrimmed monte carlo deck (config=pnp) -- generated by sim/monte-carlo-untrimmed/run_mc_untrimmed.py, do not edit

option SCALE: Scale is set to 1e-06 for instance and model parameters
option SCALE: Scale is set to 1e-06 for instance and model parameters
option SCALE: Scale is set to 1e-06 for instance and model parameters
option SCALE: Scale is set to 1e-06 for instance and model parameters
Doing analysis at TEMP = 27.000000 and TNOM = 27.000000

Using KLU as Direct Linear Solver

No. of Data Rows : 1
vout = 1.197515e+00
vgdrv = 2.037290e+00
Reset re-loads circuit * monte-carlo-untrimmed monte carlo deck (config=pnp) -- generated by sim/monte-carlo-untrimmed/run_mc_untrimmed.py, do not edit

Circuit: * monte-carlo-untrimmed monte carlo deck (config=pnp) -- generated by sim/monte-carlo-untrimmed/run_mc_untrimmed.py, do not edit

option SCALE: Scale is set to 1e-06 for instance and model parameters
option SCALE: Scale is set to 1e-06 for instance and model parameters
option SCALE: Scale is set to 1e-06 for instance and model parameters
option SCALE: Scale is set to 1e-06 for instance and model parameters
Doing analysis at TEMP = 27.000000 and TNOM = 27.000000

Using KLU as Direct Linear Solver

No. of Data Rows : 1
vout = 1.199066e+00
vgdrv = 2.036886e+00
Reset re-loads circuit * monte-carlo-untrimmed monte carlo deck (config=pnp) -- generated by sim/monte-carlo-untrimmed/run_mc_untrimmed.py, do not edit

Circuit: * monte-carlo-untrimmed monte carlo deck (config=pnp) -- generated by sim/monte-carlo-untrimmed/run_mc_untrimmed.py, do not edit

option SCALE: Scale is set to 1e-06 for instance and model parameters
option SCALE: Scale is set to 1e-06 for instance and model parameters
option SCALE: Scale is set to 1e-06 for instance and model parameters
option SCALE: Scale is set to 1e-06 for instance and model parameters
Doing analysis at TEMP = 27.000000 and TNOM = 27.000000

Using KLU as Direct Linear Solver
 Reference value :  0.00000e+00
No. of Data Rows : 1
vout = 1.197976e+00
vgdrv = 2.037169e+00
Reset re-loads circuit * monte-carlo-untrimmed monte carlo deck (config=pnp) -- generated by sim/monte-carlo-untrimmed/run_mc_untrimmed.py, do not edit

Circuit: * monte-carlo-untrimmed monte carlo deck (config=pnp) -- generated by sim/monte-carlo-untrimmed/run_mc_untrimmed.py, do not edit

option SCALE: Scale is set to 1e-06 for instance and model parameters
option SCALE: Scale is set to 1e-06 for instance and model parameters
option SCALE: Scale is set to 1e-06 for instance and model parameters
option SCALE: Scale is set to 1e-06 for instance and model parameters
Doing analysis at TEMP = 27.000000 and TNOM = 27.000000

Using KLU as Direct Linear Solver

No. of Data Rows : 1
vout = 1.201409e+00
vgdrv = 2.036292e+00
Reset re-loads circuit * monte-carlo-untrimmed monte carlo deck (config=pnp) -- generated by sim/monte-carlo-untrimmed/run_mc_untrimmed.py, do not edit

Circuit: * monte-carlo-untrimmed monte carlo deck (config=pnp) -- generated by sim/monte-carlo-untrimmed/run_mc_untrimmed.py, do not edit

option SCALE: Scale is set to 1e-06 for instance and model parameters
option SCALE: Scale is set to 1e-06 for instance and model parameters
option SCALE: Scale is set to 1e-06 for instance and model parameters
option SCALE: Scale is set to 1e-06 for instance and model parameters
Doing analysis at TEMP = 27.000000 and TNOM = 27.000000

Using KLU as Direct Linear Solver

No. of Data Rows : 1
vout = 1.201153e+00
vgdrv = 2.036365e+00
Reset re-loads circuit * monte-carlo-untrimmed monte carlo deck (config=pnp) -- generated by sim/monte-carlo-untrimmed/run_mc_untrimmed.py, do not edit

Circuit: * monte-carlo-untrimmed monte carlo deck (config=pnp) -- generated by sim/monte-carlo-untrimmed/run_mc_untrimmed.py, do not edit

option SCALE: Scale is set to 1e-06 for instance and model parameters
option SCALE: Scale is set to 1e-06 for instance and model parameters
option SCALE: Scale is set to 1e-06 for instance and model parameters
option SCALE: Scale is set to 1e-06 for instance and model parameters
Doing analysis at TEMP = 27.000000 and TNOM = 27.000000

Using KLU as Direct Linear Solver
 Reference value :  0.00000e+00
No. of Data Rows : 1
vout = 1.198981e+00
vgdrv = 2.036910e+00
Reset re-loads circuit * monte-carlo-untrimmed monte carlo deck (config=pnp) -- generated by sim/monte-carlo-untrimmed/run_mc_untrimmed.py, do not edit

Circuit: * monte-carlo-untrimmed monte carlo deck (config=pnp) -- generated by sim/monte-carlo-untrimmed/run_mc_untrimmed.py, do not edit

option SCALE: Scale is set to 1e-06 for instance and model parameters
option SCALE: Scale is set to 1e-06 for instance and model parameters
option SCALE: Scale is set to 1e-06 for instance and model parameters
option SCALE: Scale is set to 1e-06 for instance and model parameters
Doing analysis at TEMP = 27.000000 and TNOM = 27.000000

Using KLU as Direct Linear Solver

No. of Data Rows : 1
vout = 1.201820e+00
vgdrv = 2.036181e+00
Reset re-loads circuit * monte-carlo-untrimmed monte carlo deck (config=pnp) -- generated by sim/monte-carlo-untrimmed/run_mc_untrimmed.py, do not edit

Circuit: * monte-carlo-untrimmed monte carlo deck (config=pnp) -- generated by sim/monte-carlo-untrimmed/run_mc_untrimmed.py, do not edit

option SCALE: Scale is set to 1e-06 for instance and model parameters
option SCALE: Scale is set to 1e-06 for instance and model parameters
option SCALE: Scale is set to 1e-06 for instance and model parameters
option SCALE: Scale is set to 1e-06 for instance and model parameters
Doing analysis at TEMP = 27.000000 and TNOM = 27.000000

Using KLU as Direct Linear Solver
 Reference value :  0.00000e+00
No. of Data Rows : 1
vout = 1.199023e+00
vgdrv = 2.036903e+00
ngspice-46 done
