# point: tt_mm_mos_27c_3.30v
# record: 20260803-142259-544cc5e
# role: mismatch -- local-mismatch distribution, amp/mirror MOS only (error_amp diff pair + mirrors + XMPOUT/XMPAMP), at the nominal process point
# config=mos section=tt_mm temp=27C supply=3.30V seed=20260803 samples=300
# pdk: sky130A @ open_pdks c6d73a35f524070e85faff4a6a9eef49553ebc2b (/home/ubuntu/.volare/sky130A/libs.tech/combined/sky130.lib.spice)
# ngspice exit: 0
# run (UTC): 2026-08-03T14:22:59Z

# ==== .spiceinit (exact) ====
| * ngspice init settings for the sky130 PDK model libraries.
| *
| * The corner runner copies this file into its scratch run directory as
| * `.spiceinit` before invoking ngspice, so runs do not depend on whatever
| * happens to be in ~/.spiceinit. To drive ngspice by hand with the same
| * settings, copy this file to `.spiceinit` in your working directory.
| *
| * Derived from the PDK's own libs.tech/ngspice/spinit; kept in-repo so the
| * settings a record was produced under are versioned with the harness.
| 
| set ngbehavior=hsa     ; HSPICE-ish compatibility, required to read PDK libs
| set skywaterpdk        ; skip some checks for faster lib loading
| set ng_nomodcheck      ; do not check model parameters
| option noinit          ; do not dump operating point data into the log
| option klu             ; KLU direct linear solver

# ==== deck (exact input given to ngspice) ====
| * monte-carlo-untrimmed Monte Carlo deck (config=mos) -- generated by sim/monte-carlo-untrimmed/run_mc_untrimmed.py, do not edit
| * point: tt_mm_mos_27c_3.30v
| .option wnflag=1
| .temp 27
| .param vsup=3.3
| .lib "/home/ubuntu/.volare/sky130A/libs.tech/combined/sky130.lib.spice" tt_mm
| .param sw_mm_sky130_fd_pr__pnp_05v5_W0p68L0p68_is=0
| .param sw_mm_sky130_fd_pr__pnp_05v5_W0p68L0p68_bf=0
| .param sw_mm_sky130_fd_pr__res_high_po=0
| .param sw_mm_sky130_fd_pr__res_generic_po_head=0
| ** sch_path: sim/output-voltage-tc/testbench/tb_vref_tc.sch
| **.subckt tb_vref_tc
| V1 VDD 0 'vsup'
| .save i(v1)
| XBG VREF GDRV VDD 0 bandgap_core
| **** begin user architecture code
| 
| 
| * DC-solver seed, not a forced solution: see the header note. Without it the
| * solver can settle on the core's degenerate zero-current state, which is
| * what issue #10's startup circuit exists to prevent in silicon.
| .nodeset v(vref)=1.2 v(gdrv)=2.2
| 
| 
| **** end user architecture code
| **.ends
| 
| * expanding   symbol:  design/bandgap_core.sym # of pins=4
| ** sym_path: design/bandgap_core.sym
| ** sch_path: design/bandgap_core.sch
| .subckt bandgap_core VOUT GDRV VDD VSS
| *.opin VOUT
| *.iopin GDRV
| *.iopin VDD
| *.iopin VSS
| **** begin user architecture code
| 
| 
| * ---- Kuijk core parameters (issue #8) ----
| * PNP emitter-area ratio N is built ONLY from paralleled unit devices:
| *   N = (n_pnp_ptat * 11.56 um2) / (n_pnp_ctat * 0.4624 um2)
| * Keep both counts equal to hold the pair's measured dVBE while lowering the
| * per-unit current and sigma(dVBE); raise n_pnp_ptat alone for more PTAT.
| .param n_pnp_ctat=8
| .param n_pnp_ptat=8
| * res_high_po unit segment: W = r_w um, L = r_lseg um (R ~ 380 + 325*L ohm)
| .param r_w=1
| .param r_lseg=5
| * segment counts. K = R2/R1 is set by the integer ratio n_r2/n_r1.
| .param n_r1=7
| .param n_r2=54
| * PMOS mirror multiplicities (unit device W=8u L=2u)
| .param m_out=2
| .param m_ampbias=2
| 
| 
| **** end user architecture code
| XMPOUT VOUT GDRV VDD VDD sky130_fd_pr__pfet_g5v0d10v5 L=2 W=8 nf=1 ad=2.32 as=2.32 pd=16.58 ps=16.58 nrd=0.03625 nrs=0.03625 sa=0 sb=0 sd=0 mult='m_out' m='m_out'
| XMPAMP TAIL GDRV VDD VDD sky130_fd_pr__pfet_g5v0d10v5 L=2 W=8 nf=1 ad=2.32 as=2.32 pd=16.58 ps=16.58 nrd=0.03625 nrs=0.03625 sa=0 sb=0 sd=0 mult='m_ampbias' m='m_ampbias'
| XAMP VB VA GDRV TAIL VDD VSS error_amp
| XR2A VA VOUT VSS sky130_fd_pr__res_high_po W='r_w' L='r_lseg*n_r2' mult=1 m=1
| XR2B VB VOUT VSS sky130_fd_pr__res_high_po W='r_w' L='r_lseg*n_r2' mult=1 m=1
| XQ1 VSS VSS VA sky130_fd_pr__pnp_05v5_W0p68L0p68 m='n_pnp_ctat' mult='n_pnp_ctat'
| XR1 VBQ VB VSS sky130_fd_pr__res_high_po W='r_w' L='r_lseg*n_r1' mult=1 m=1
| XQ2 VSS VSS VBQ sky130_fd_pr__pnp_05v5_W3p40L3p40 m='n_pnp_ptat' mult='n_pnp_ptat'
| .ends
| 
| 
| * expanding   symbol:  design/error_amp.sym # of pins=6
| ** sym_path: design/error_amp.sym
| ** sch_path: design/error_amp.sch
| .subckt error_amp VINP VINN AOUT ITAIL VDD VSS
| *.ipin VINP
| *.ipin VINN
| *.opin AOUT
| *.iopin ITAIL
| *.iopin VDD
| *.iopin VSS
| **** begin user architecture code
| 
| 
| * ---- error-amp device multiplicities (issue #9 sizing) ----
| * Unit geometry is fixed on the instances below; mult is the matching axis
| * (sigma(Vth) scales as 1/sqrt(W*L*mult) in the PDK's own model).
| * amp_m_in    : input-pair PMOS units   (W=20u L=10u each -> 3200 um^2 total)
| * amp_m_nmirr : NMOS load/mirror units  (W=8u  L=20u each ->  640 um^2 total)
| * amp_m_pmirr : PMOS mirror units       (W=6u  L=20u each ->  960 um^2 total)
| * amp_m_cc    : MOS-capacitor units     (W=30u L=20u each -> 9600 um^2 total)
| .param amp_m_in=16
| .param amp_m_nmirr=4
| .param amp_m_pmirr=8
| .param amp_m_cc=16
| 
| 
| **** end user architecture code
| XMP1 D1 VINP ITAIL VDD sky130_fd_pr__pfet_g5v0d10v5 L=10 W=20 nf=1 ad=5.8 as=5.8 pd=40.58 ps=40.58 nrd=0.0145 nrs=0.0145 sa=0 sb=0
| + sd=0 mult='amp_m_in' m='amp_m_in'
| XMP2 D2 VINN ITAIL VDD sky130_fd_pr__pfet_g5v0d10v5 L=10 W=20 nf=1 ad=5.8 as=5.8 pd=40.58 ps=40.58 nrd=0.0145 nrs=0.0145 sa=0 sb=0
| + sd=0 mult='amp_m_in' m='amp_m_in'
| XMN1 D1 D1 VSS VSS sky130_fd_pr__nfet_g5v0d10v5 L=20 W=8 nf=1 ad=2.32 as=2.32 pd=16.58 ps=16.58 nrd=0.03625 nrs=0.03625 sa=0 sb=0 sd=0
| + mult='amp_m_nmirr' m='amp_m_nmirr'
| XMN2 D2 D2 VSS VSS sky130_fd_pr__nfet_g5v0d10v5 L=20 W=8 nf=1 ad=2.32 as=2.32 pd=16.58 ps=16.58 nrd=0.03625 nrs=0.03625 sa=0 sb=0 sd=0
| + mult='amp_m_nmirr' m='amp_m_nmirr'
| XMN3 AOUT D1 VSS VSS sky130_fd_pr__nfet_g5v0d10v5 L=20 W=8 nf=1 ad=2.32 as=2.32 pd=16.58 ps=16.58 nrd=0.03625 nrs=0.03625 sa=0 sb=0
| + sd=0 mult='amp_m_nmirr' m='amp_m_nmirr'
| XMN4 PN D2 VSS VSS sky130_fd_pr__nfet_g5v0d10v5 L=20 W=8 nf=1 ad=2.32 as=2.32 pd=16.58 ps=16.58 nrd=0.03625 nrs=0.03625 sa=0 sb=0 sd=0
| + mult='amp_m_nmirr' m='amp_m_nmirr'
| XMP4 AOUT PN VDD VDD sky130_fd_pr__pfet_g5v0d10v5 L=20 W=6 nf=1 ad=1.74 as=1.74 pd=12.58 ps=12.58 nrd=0.0483333333333333 nrs=0.0483333333333333
| + sa=0 sb=0 sd=0 mult='amp_m_pmirr' m='amp_m_pmirr'
| XMP3 PN PN VDD VDD sky130_fd_pr__pfet_g5v0d10v5 L=20 W=6 nf=1 ad=1.74 as=1.74 pd=12.58 ps=12.58 nrd=0.0483333333333333 nrs=0.0483333333333333
| + sa=0 sb=0 sd=0 mult='amp_m_pmirr' m='amp_m_pmirr'
| XMCC VDD AOUT VDD VDD sky130_fd_pr__pfet_g5v0d10v5 L=20 W=30 nf=1 ad=8.7 as=8.7 pd=60.58 ps=60.58 nrd=0.00966666666666667 nrs=0.00966666666666667
| + sa=0 sb=0 sd=0 mult='amp_m_cc' m='amp_m_cc'
| .ends
| 
| .control
| setseed 20260803
| set width = 512
| set height = 100000
| let nruns = 300
| let run = 0
| dowhile run < nruns
|   reset
|   save all
|   op
|   let vout = v(vref)
|   let vgdrv = v(gdrv)
|   print vout vgdrv
|   let run = run + 1
| end
| quit
| .endc
| .end

# ==== ngspice stdout+stderr ====

Note: Compatibility modes selected: hs a


Circuit: * monte-carlo-untrimmed monte carlo deck (config=mos) -- generated by sim/monte-carlo-untrimmed/run_mc_untrimmed.py, do not edit

option SCALE: Scale is set to 1e-06 for instance and model parameters
option SCALE: Scale is set to 1e-06 for instance and model parameters
option SCALE: Scale is set to 1e-06 for instance and model parameters
option SCALE: Scale is set to 1e-06 for instance and model parameters
Reset re-loads circuit * monte-carlo-untrimmed monte carlo deck (config=mos) -- generated by sim/monte-carlo-untrimmed/run_mc_untrimmed.py, do not edit

Circuit: * monte-carlo-untrimmed monte carlo deck (config=mos) -- generated by sim/monte-carlo-untrimmed/run_mc_untrimmed.py, do not edit

option SCALE: Scale is set to 1e-06 for instance and model parameters
option SCALE: Scale is set to 1e-06 for instance and model parameters
option SCALE: Scale is set to 1e-06 for instance and model parameters
option SCALE: Scale is set to 1e-06 for instance and model parameters
Doing analysis at TEMP = 27.000000 and TNOM = 27.000000

Using KLU as Direct Linear Solver
 Reference value :  0.00000e+00
No. of Data Rows : 1
vout = 1.203159e+00
vgdrv = 2.035298e+00
Reset re-loads circuit * monte-carlo-untrimmed monte carlo deck (config=mos) -- generated by sim/monte-carlo-untrimmed/run_mc_untrimmed.py, do not edit

Circuit: * monte-carlo-untrimmed monte carlo deck (config=mos) -- generated by sim/monte-carlo-untrimmed/run_mc_untrimmed.py, do not edit

option SCALE: Scale is set to 1e-06 for instance and model parameters
option SCALE: Scale is set to 1e-06 for instance and model parameters
option SCALE: Scale is set to 1e-06 for instance and model parameters
option SCALE: Scale is set to 1e-06 for instance and model parameters
Doing analysis at TEMP = 27.000000 and TNOM = 27.000000

Using KLU as Direct Linear Solver

No. of Data Rows : 1
vout = 1.201796e+00
vgdrv = 2.034231e+00
Reset re-loads circuit * monte-carlo-untrimmed monte carlo deck (config=mos) -- generated by sim/monte-carlo-untrimmed/run_mc_untrimmed.py, do not edit

Circuit: * monte-carlo-untrimmed monte carlo deck (config=mos) -- generated by sim/monte-carlo-untrimmed/run_mc_untrimmed.py, do not edit

option SCALE: Scale is set to 1e-06 for instance and model parameters
option SCALE: Scale is set to 1e-06 for instance and model parameters
option SCALE: Scale is set to 1e-06 for instance and model parameters
option SCALE: Scale is set to 1e-06 for instance and model parameters
Doing analysis at TEMP = 27.000000 and TNOM = 27.000000

Using KLU as Direct Linear Solver

No. of Data Rows : 1
vout = 1.191110e+00
vgdrv = 2.037623e+00
Reset re-loads circuit * monte-carlo-untrimmed monte carlo deck (config=mos) -- generated by sim/monte-carlo-untrimmed/run_mc_untrimmed.py, do not edit

Circuit: * monte-carlo-untrimmed monte carlo deck (config=mos) -- generated by sim/monte-carlo-untrimmed/run_mc_untrimmed.py, do not edit

option SCALE: Scale is set to 1e-06 for instance and model parameters
option SCALE: Scale is set to 1e-06 for instance and model parameters
option SCALE: Scale is set to 1e-06 for instance and model parameters
option SCALE: Scale is set to 1e-06 for instance and model parameters
Doing analysis at TEMP = 27.000000 and TNOM = 27.000000

Using KLU as Direct Linear Solver

No. of Data Rows : 1
vout = 1.203199e+00
vgdrv = 2.038420e+00
Reset re-loads circuit * monte-carlo-untrimmed monte carlo deck (config=mos) -- generated by sim/monte-carlo-untrimmed/run_mc_untrimmed.py, do not edit

Circuit: * monte-carlo-untrimmed monte carlo deck (config=mos) -- generated by sim/monte-carlo-untrimmed/run_mc_untrimmed.py, do not edit

option SCALE: Scale is set to 1e-06 for instance and model parameters
option SCALE: Scale is set to 1e-06 for instance and model parameters
option SCALE: Scale is set to 1e-06 for instance and model parameters
option SCALE: Scale is set to 1e-06 for instance and model parameters
Doing analysis at TEMP = 27.000000 and TNOM = 27.000000

Using KLU as Direct Linear Solver

No. of Data Rows : 1
vout = 1.199582e+00
vgdrv = 2.039709e+00
Reset re-loads circuit * monte-carlo-untrimmed monte carlo deck (config=mos) -- generated by sim/monte-carlo-untrimmed/run_mc_untrimmed.py, do not edit

Circuit: * monte-carlo-untrimmed monte carlo deck (config=mos) -- generated by sim/monte-carlo-untrimmed/run_mc_untrimmed.py, do not edit

option SCALE: Scale is set to 1e-06 for instance and model parameters
option SCALE: Scale is set to 1e-06 for instance and model parameters
option SCALE: Scale is set to 1e-06 for instance and model parameters
option SCALE: Scale is set to 1e-06 for instance and model parameters
Doing analysis at TEMP = 27.000000 and TNOM = 27.000000

Using KLU as Direct Linear Solver

No. of Data Rows : 1
vout = 1.192030e+00
vgdrv = 2.034371e+00
Reset re-loads circuit * monte-carlo-untrimmed monte carlo deck (config=mos) -- generated by sim/monte-carlo-untrimmed/run_mc_untrimmed.py, do not edit

Circuit: * monte-carlo-untrimmed monte carlo deck (config=mos) -- generated by sim/monte-carlo-untrimmed/run_mc_untrimmed.py, do not edit

option SCALE: Scale is set to 1e-06 for instance and model parameters
option SCALE: Scale is set to 1e-06 for instance and model parameters
option SCALE: Scale is set to 1e-06 for instance and model parameters
option SCALE: Scale is set to 1e-06 for instance and model parameters
Doing analysis at TEMP = 27.000000 and TNOM = 27.000000

Using KLU as Direct Linear Solver
 Reference value :  0.00000e+00
No. of Data Rows : 1
vout = 1.201020e+00
vgdrv = 2.039146e+00
Reset re-loads circuit * monte-carlo-untrimmed monte carlo deck (config=mos) -- generated by sim/monte-carlo-untrimmed/run_mc_untrimmed.py, do not edit

Circuit: * monte-carlo-untrimmed monte carlo deck (config=mos) -- generated by sim/monte-carlo-untrimmed/run_mc_untrimmed.py, do not edit

option SCALE: Scale is set to 1e-06 for instance and model parameters
option SCALE: Scale is set to 1e-06 for instance and model parameters
option SCALE: Scale is set to 1e-06 for instance and model parameters
option SCALE: Scale is set to 1e-06 for instance and model parameters
Doing analysis at TEMP = 27.000000 and TNOM = 27.000000

Using KLU as Direct Linear Solver

No. of Data Rows : 1
vout = 1.197526e+00
vgdrv = 2.037555e+00
Reset re-loads circuit * monte-carlo-untrimmed monte carlo deck (config=mos) -- generated by sim/monte-carlo-untrimmed/run_mc_untrimmed.py, do not edit

Circuit: * monte-carlo-untrimmed monte carlo deck (config=mos) -- generated by sim/monte-carlo-untrimmed/run_mc_untrimmed.py, do not edit

option SCALE: Scale is set to 1e-06 for instance and model parameters
option SCALE: Scale is set to 1e-06 for instance and model parameters
option SCALE: Scale is set to 1e-06 for instance and model parameters
option SCALE: Scale is set to 1e-06 for instance and model parameters
Doing analysis at TEMP = 27.000000 and TNOM = 27.000000

Using KLU as Direct Linear Solver

No. of Data Rows : 1
vout = 1.202219e+00
vgdrv = 2.031250e+00
Reset re-loads circuit * monte-carlo-untrimmed monte carlo deck (config=mos) -- generated by sim/monte-carlo-untrimmed/run_mc_untrimmed.py, do not edit

Circuit: * monte-carlo-untrimmed monte carlo deck (config=mos) -- generated by sim/monte-carlo-untrimmed/run_mc_untrimmed.py, do not edit

option SCALE: Scale is set to 1e-06 for instance and model parameters
option SCALE: Scale is set to 1e-06 for instance and model parameters
option SCALE: Scale is set to 1e-06 for instance and model parameters
option SCALE: Scale is set to 1e-06 for instance and model parameters
Doing analysis at TEMP = 27.000000 and TNOM = 27.000000

Using KLU as Direct Linear Solver

No. of Data Rows : 1
vout = 1.198107e+00
vgdrv = 2.036714e+00
Reset re-loads circuit * monte-carlo-untrimmed monte carlo deck (config=mos) -- generated by sim/monte-carlo-untrimmed/run_mc_untrimmed.py, do not edit

Circuit: * monte-carlo-untrimmed monte carlo deck (config=mos) -- generated by sim/monte-carlo-untrimmed/run_mc_untrimmed.py, do not edit

option SCALE: Scale is set to 1e-06 for instance and model parameters
option SCALE: Scale is set to 1e-06 for instance and model parameters
option SCALE: Scale is set to 1e-06 for instance and model parameters
option SCALE: Scale is set to 1e-06 for instance and model parameters
Doing analysis at TEMP = 27.000000 and TNOM = 27.000000

Using KLU as Direct Linear Solver

No. of Data Rows : 1
vout = 1.199862e+00
vgdrv = 2.037064e+00
Reset re-loads circuit * monte-carlo-untrimmed monte carlo deck (config=mos) -- generated by sim/monte-carlo-untrimmed/run_mc_untrimmed.py, do not edit

Circuit: * monte-carlo-untrimmed monte carlo deck (config=mos) -- generated by sim/monte-carlo-untrimmed/run_mc_untrimmed.py, do not edit

option SCALE: Scale is set to 1e-06 for instance and model parameters
option SCALE: Scale is set to 1e-06 for instance and model parameters
option SCALE: Scale is set to 1e-06 for instance and model parameters
option SCALE: Scale is set to 1e-06 for instance and model parameters
Doing analysis at TEMP = 27.000000 and TNOM = 27.000000

Using KLU as Direct Linear Solver

No. of Data Rows : 1
vout = 1.202272e+00
vgdrv = 2.039287e+00
Reset re-loads circuit * monte-carlo-untrimmed monte carlo deck (config=mos) -- generated by sim/monte-carlo-untrimmed/run_mc_untrimmed.py, do not edit

Circuit: * monte-carlo-untrimmed monte carlo deck (config=mos) -- generated by sim/monte-carlo-untrimmed/run_mc_untrimmed.py, do not edit

option SCALE: Scale is set to 1e-06 for instance and model parameters
option SCALE: Scale is set to 1e-06 for instance and model parameters
option SCALE: Scale is set to 1e-06 for instance and model parameters
option SCALE: Scale is set to 1e-06 for instance and model parameters
Doing analysis at TEMP = 27.000000 and TNOM = 27.000000

Using KLU as Direct Linear Solver
 Reference value :  0.00000e+00
No. of Data Rows : 1
vout = 1.201585e+00
vgdrv = 2.038750e+00
Reset re-loads circuit * monte-carlo-untrimmed monte carlo deck (config=mos) -- generated by sim/monte-carlo-untrimmed/run_mc_untrimmed.py, do not edit

Circuit: * monte-carlo-untrimmed monte carlo deck (config=mos) -- generated by sim/monte-carlo-untrimmed/run_mc_untrimmed.py, do not edit

option SCALE: Scale is set to 1e-06 for instance and model parameters
option SCALE: Scale is set to 1e-06 for instance and model parameters
option SCALE: Scale is set to 1e-06 for instance and model parameters
option SCALE: Scale is set to 1e-06 for instance and model parameters
Doing analysis at TEMP = 27.000000 and TNOM = 27.000000

Using KLU as Direct Linear Solver

No. of Data Rows : 1
vout = 1.196112e+00
vgdrv = 2.038586e+00
Reset re-loads circuit * monte-carlo-untrimmed monte carlo deck (config=mos) -- generated by sim/monte-carlo-untrimmed/run_mc_untrimmed.py, do not edit

Circuit: * monte-carlo-untrimmed monte carlo deck (config=mos) -- generated by sim/monte-carlo-untrimmed/run_mc_untrimmed.py, do not edit

option SCALE: Scale is set to 1e-06 for instance and model parameters
option SCALE: Scale is set to 1e-06 for instance and model parameters
option SCALE: Scale is set to 1e-06 for instance and model parameters
option SCALE: Scale is set to 1e-06 for instance and model parameters
Doing analysis at TEMP = 27.000000 and TNOM = 27.000000

Using KLU as Direct Linear Solver

No. of Data Rows : 1
vout = 1.197700e+00
vgdrv = 2.039250e+00
Reset re-loads circuit * monte-carlo-untrimmed monte carlo deck (config=mos) -- generated by sim/monte-carlo-untrimmed/run_mc_untrimmed.py, do not edit

Circuit: * monte-carlo-untrimmed monte carlo deck (config=mos) -- generated by sim/monte-carlo-untrimmed/run_mc_untrimmed.py, do not edit

option SCALE: Scale is set to 1e-06 for instance and model parameters
option SCALE: Scale is set to 1e-06 for instance and model parameters
option SCALE: Scale is set to 1e-06 for instance and model parameters
option SCALE: Scale is set to 1e-06 for instance and model parameters
Doing analysis at TEMP = 27.000000 and TNOM = 27.000000

Using KLU as Direct Linear Solver

No. of Data Rows : 1
vout = 1.204243e+00
vgdrv = 2.036637e+00
Reset re-loads circuit * monte-carlo-untrimmed monte carlo deck (config=mos) -- generated by sim/monte-carlo-untrimmed/run_mc_untrimmed.py, do not edit

Circuit: * monte-carlo-untrimmed monte carlo deck (config=mos) -- generated by sim/monte-carlo-untrimmed/run_mc_untrimmed.py, do not edit

option SCALE: Scale is set to 1e-06 for instance and model parameters
option SCALE: Scale is set to 1e-06 for instance and model parameters
option SCALE: Scale is set to 1e-06 for instance and model parameters
option SCALE: Scale is set to 1e-06 for instance and model parameters
Doing analysis at TEMP = 27.000000 and TNOM = 27.000000

Using KLU as Direct Linear Solver

No. of Data Rows : 1
vout = 1.202422e+00
vgdrv = 2.040309e+00
Reset re-loads circuit * monte-carlo-untrimmed monte carlo deck (config=mos) -- generated by sim/monte-carlo-untrimmed/run_mc_untrimmed.py, do not edit

Circuit: * monte-carlo-untrimmed monte carlo deck (config=mos) -- generated by sim/monte-carlo-untrimmed/run_mc_untrimmed.py, do not edit

option SCALE: Scale is set to 1e-06 for instance and model parameters
option SCALE: Scale is set to 1e-06 for instance and model parameters
option SCALE: Scale is set to 1e-06 for instance and model parameters
option SCALE: Scale is set to 1e-06 for instance and model parameters
Doing analysis at TEMP = 27.000000 and TNOM = 27.000000

Using KLU as Direct Linear Solver

No. of Data Rows : 1
vout = 1.197776e+00
vgdrv = 2.038608e+00
Reset re-loads circuit * monte-carlo-untrimmed monte carlo deck (config=mos) -- generated by sim/monte-carlo-untrimmed/run_mc_untrimmed.py, do not edit

Circuit: * monte-carlo-untrimmed monte carlo deck (config=mos) -- generated by sim/monte-carlo-untrimmed/run_mc_untrimmed.py, do not edit

option SCALE: Scale is set to 1e-06 for instance and model parameters
option SCALE: Scale is set to 1e-06 for instance and model parameters
option SCALE: Scale is set to 1e-06 for instance and model parameters
option SCALE: Scale is set to 1e-06 for instance and model parameters
Doing analysis at TEMP = 27.000000 and TNOM = 27.000000

Using KLU as Direct Linear Solver
 Reference value :  0.00000e+00
No. of Data Rows : 1
vout = 1.198216e+00
vgdrv = 2.035759e+00
Reset re-loads circuit * monte-carlo-untrimmed monte carlo deck (config=mos) -- generated by sim/monte-carlo-untrimmed/run_mc_untrimmed.py, do not edit

Circuit: * monte-carlo-untrimmed monte carlo deck (config=mos) -- generated by sim/monte-carlo-untrimmed/run_mc_untrimmed.py, do not edit

option SCALE: Scale is set to 1e-06 for instance and model parameters
option SCALE: Scale is set to 1e-06 for instance and model parameters
option SCALE: Scale is set to 1e-06 for instance and model parameters
option SCALE: Scale is set to 1e-06 for instance and model parameters
Doing analysis at TEMP = 27.000000 and TNOM = 27.000000

Using KLU as Direct Linear Solver

No. of Data Rows : 1
vout = 1.197871e+00
vgdrv = 2.038815e+00
Reset re-loads circuit * monte-carlo-untrimmed monte carlo deck (config=mos) -- generated by sim/monte-carlo-untrimmed/run_mc_untrimmed.py, do not edit

Circuit: * monte-carlo-untrimmed monte carlo deck (config=mos) -- generated by sim/monte-carlo-untrimmed/run_mc_untrimmed.py, do not edit

option SCALE: Scale is set to 1e-06 for instance and model parameters
option SCALE: Scale is set to 1e-06 for instance and model parameters
option SCALE: Scale is set to 1e-06 for instance and model parameters
option SCALE: Scale is set to 1e-06 for instance and model parameters
Doing analysis at TEMP = 27.000000 and TNOM = 27.000000

Using KLU as Direct Linear Solver

No. of Data Rows : 1
vout = 1.200983e+00
vgdrv = 2.034731e+00
Reset re-loads circuit * monte-carlo-untrimmed monte carlo deck (config=mos) -- generated by sim/monte-carlo-untrimmed/run_mc_untrimmed.py, do not edit

Circuit: * monte-carlo-untrimmed monte carlo deck (config=mos) -- generated by sim/monte-carlo-untrimmed/run_mc_untrimmed.py, do not edit

option SCALE: Scale is set to 1e-06 for instance and model parameters
option SCALE: Scale is set to 1e-06 for instance and model parameters
option SCALE: Scale is set to 1e-06 for instance and model parameters
option SCALE: Scale is set to 1e-06 for instance and model parameters
Doing analysis at TEMP = 27.000000 and TNOM = 27.000000

Using KLU as Direct Linear Solver

No. of Data Rows : 1
vout = 1.200084e+00
vgdrv = 2.034723e+00
Reset re-loads circuit * monte-carlo-untrimmed monte carlo deck (config=mos) -- generated by sim/monte-carlo-untrimmed/run_mc_untrimmed.py, do not edit

Circuit: * monte-carlo-untrimmed monte carlo deck (config=mos) -- generated by sim/monte-carlo-untrimmed/run_mc_untrimmed.py, do not edit

option SCALE: Scale is set to 1e-06 for instance and model parameters
option SCALE: Scale is set to 1e-06 for instance and model parameters
option SCALE: Scale is set to 1e-06 for instance and model parameters
option SCALE: Scale is set to 1e-06 for instance and model parameters
Doing analysis at TEMP = 27.000000 and TNOM = 27.000000

Using KLU as Direct Linear Solver

No. of Data Rows : 1
vout = 1.206878e+00
vgdrv = 2.035556e+00
Reset re-loads circuit * monte-carlo-untrimmed monte carlo deck (config=mos) -- generated by sim/monte-carlo-untrimmed/run_mc_untrimmed.py, do not edit

Circuit: * monte-carlo-untrimmed monte carlo deck (config=mos) -- generated by sim/monte-carlo-untrimmed/run_mc_untrimmed.py, do not edit

option SCALE: Scale is set to 1e-06 for instance and model parameters
option SCALE: Scale is set to 1e-06 for instance and model parameters
option SCALE: Scale is set to 1e-06 for instance and model parameters
option SCALE: Scale is set to 1e-06 for instance and model parameters
Doing analysis at TEMP = 27.000000 and TNOM = 27.000000

Using KLU as Direct Linear Solver

No. of Data Rows : 1
vout = 1.201439e+00
vgdrv = 2.035274e+00
Reset re-loads circuit * monte-carlo-untrimmed monte carlo deck (config=mos) -- generated by sim/monte-carlo-untrimmed/run_mc_untrimmed.py, do not edit

Circuit: * monte-carlo-untrimmed monte carlo deck (config=mos) -- generated by sim/monte-carlo-untrimmed/run_mc_untrimmed.py, do not edit

option SCALE: Scale is set to 1e-06 for instance and model parameters
option SCALE: Scale is set to 1e-06 for instance and model parameters
option SCALE: Scale is set to 1e-06 for instance and model parameters
option SCALE: Scale is set to 1e-06 for instance and model parameters
Doing analysis at TEMP = 27.000000 and TNOM = 27.000000

Using KLU as Direct Linear Solver
 Reference value :  0.00000e+00
No. of Data Rows : 1
vout = 1.197770e+00
vgdrv = 2.034469e+00
Reset re-loads circuit * monte-carlo-untrimmed monte carlo deck (config=mos) -- generated by sim/monte-carlo-untrimmed/run_mc_untrimmed.py, do not edit

Circuit: * monte-carlo-untrimmed monte carlo deck (config=mos) -- generated by sim/monte-carlo-untrimmed/run_mc_untrimmed.py, do not edit

option SCALE: Scale is set to 1e-06 for instance and model parameters
option SCALE: Scale is set to 1e-06 for instance and model parameters
option SCALE: Scale is set to 1e-06 for instance and model parameters
option SCALE: Scale is set to 1e-06 for instance and model parameters
Doing analysis at TEMP = 27.000000 and TNOM = 27.000000

Using KLU as Direct Linear Solver

No. of Data Rows : 1
vout = 1.203987e+00
vgdrv = 2.034431e+00
Reset re-loads circuit * monte-carlo-untrimmed monte carlo deck (config=mos) -- generated by sim/monte-carlo-untrimmed/run_mc_untrimmed.py, do not edit

Circuit: * monte-carlo-untrimmed monte carlo deck (config=mos) -- generated by sim/monte-carlo-untrimmed/run_mc_untrimmed.py, do not edit

option SCALE: Scale is set to 1e-06 for instance and model parameters
option SCALE: Scale is set to 1e-06 for instance and model parameters
option SCALE: Scale is set to 1e-06 for instance and model parameters
option SCALE: Scale is set to 1e-06 for instance and model parameters
Doing analysis at TEMP = 27.000000 and TNOM = 27.000000

Using KLU as Direct Linear Solver

No. of Data Rows : 1
vout = 1.204593e+00
vgdrv = 2.035330e+00
Reset re-loads circuit * monte-carlo-untrimmed monte carlo deck (config=mos) -- generated by sim/monte-carlo-untrimmed/run_mc_untrimmed.py, do not edit

Circuit: * monte-carlo-untrimmed monte carlo deck (config=mos) -- generated by sim/monte-carlo-untrimmed/run_mc_untrimmed.py, do not edit

option SCALE: Scale is set to 1e-06 for instance and model parameters
option SCALE: Scale is set to 1e-06 for instance and model parameters
option SCALE: Scale is set to 1e-06 for instance and model parameters
option SCALE: Scale is set to 1e-06 for instance and model parameters
Doing analysis at TEMP = 27.000000 and TNOM = 27.000000

Using KLU as Direct Linear Solver

No. of Data Rows : 1
vout = 1.197442e+00
vgdrv = 2.038060e+00
Reset re-loads circuit * monte-carlo-untrimmed monte carlo deck (config=mos) -- generated by sim/monte-carlo-untrimmed/run_mc_untrimmed.py, do not edit

Circuit: * monte-carlo-untrimmed monte carlo deck (config=mos) -- generated by sim/monte-carlo-untrimmed/run_mc_untrimmed.py, do not edit

option SCALE: Scale is set to 1e-06 for instance and model parameters
option SCALE: Scale is set to 1e-06 for instance and model parameters
option SCALE: Scale is set to 1e-06 for instance and model parameters
option SCALE: Scale is set to 1e-06 for instance and model parameters
Doing analysis at TEMP = 27.000000 and TNOM = 27.000000

Using KLU as Direct Linear Solver

No. of Data Rows : 1
vout = 1.201007e+00
vgdrv = 2.032510e+00
Reset re-loads circuit * monte-carlo-untrimmed monte carlo deck (config=mos) -- generated by sim/monte-carlo-untrimmed/run_mc_untrimmed.py, do not edit

Circuit: * monte-carlo-untrimmed monte carlo deck (config=mos) -- generated by sim/monte-carlo-untrimmed/run_mc_untrimmed.py, do not edit

option SCALE: Scale is set to 1e-06 for instance and model parameters
option SCALE: Scale is set to 1e-06 for instance and model parameters
option SCALE: Scale is set to 1e-06 for instance and model parameters
option SCALE: Scale is set to 1e-06 for instance and model parameters
Doing analysis at TEMP = 27.000000 and TNOM = 27.000000

Using KLU as Direct Linear Solver

No. of Data Rows : 1
vout = 1.196410e+00
vgdrv = 2.038460e+00
Reset re-loads circuit * monte-carlo-untrimmed monte carlo deck (config=mos) -- generated by sim/monte-carlo-untrimmed/run_mc_untrimmed.py, do not edit

Circuit: * monte-carlo-untrimmed monte carlo deck (config=mos) -- generated by sim/monte-carlo-untrimmed/run_mc_untrimmed.py, do not edit

option SCALE: Scale is set to 1e-06 for instance and model parameters
option SCALE: Scale is set to 1e-06 for instance and model parameters
option SCALE: Scale is set to 1e-06 for instance and model parameters
option SCALE: Scale is set to 1e-06 for instance and model parameters
Doing analysis at TEMP = 27.000000 and TNOM = 27.000000

Using KLU as Direct Linear Solver
 Reference value :  0.00000e+00
No. of Data Rows : 1
vout = 1.194566e+00
vgdrv = 2.040072e+00
Reset re-loads circuit * monte-carlo-untrimmed monte carlo deck (config=mos) -- generated by sim/monte-carlo-untrimmed/run_mc_untrimmed.py, do not edit

Circuit: * monte-carlo-untrimmed monte carlo deck (config=mos) -- generated by sim/monte-carlo-untrimmed/run_mc_untrimmed.py, do not edit

option SCALE: Scale is set to 1e-06 for instance and model parameters
option SCALE: Scale is set to 1e-06 for instance and model parameters
option SCALE: Scale is set to 1e-06 for instance and model parameters
option SCALE: Scale is set to 1e-06 for instance and model parameters
Doing analysis at TEMP = 27.000000 and TNOM = 27.000000

Using KLU as Direct Linear Solver

No. of Data Rows : 1
vout = 1.199486e+00
vgdrv = 2.037156e+00
Reset re-loads circuit * monte-carlo-untrimmed monte carlo deck (config=mos) -- generated by sim/monte-carlo-untrimmed/run_mc_untrimmed.py, do not edit

Circuit: * monte-carlo-untrimmed monte carlo deck (config=mos) -- generated by sim/monte-carlo-untrimmed/run_mc_untrimmed.py, do not edit

option SCALE: Scale is set to 1e-06 for instance and model parameters
option SCALE: Scale is set to 1e-06 for instance and model parameters
option SCALE: Scale is set to 1e-06 for instance and model parameters
option SCALE: Scale is set to 1e-06 for instance and model parameters
Doing analysis at TEMP = 27.000000 and TNOM = 27.000000

Using KLU as Direct Linear Solver

No. of Data Rows : 1
vout = 1.197439e+00
vgdrv = 2.039475e+00
Reset re-loads circuit * monte-carlo-untrimmed monte carlo deck (config=mos) -- generated by sim/monte-carlo-untrimmed/run_mc_untrimmed.py, do not edit

Circuit: * monte-carlo-untrimmed monte carlo deck (config=mos) -- generated by sim/monte-carlo-untrimmed/run_mc_untrimmed.py, do not edit

option SCALE: Scale is set to 1e-06 for instance and model parameters
option SCALE: Scale is set to 1e-06 for instance and model parameters
option SCALE: Scale is set to 1e-06 for instance and model parameters
option SCALE: Scale is set to 1e-06 for instance and model parameters
Doing analysis at TEMP = 27.000000 and TNOM = 27.000000

Using KLU as Direct Linear Solver

No. of Data Rows : 1
vout = 1.202999e+00
vgdrv = 2.033476e+00
Reset re-loads circuit * monte-carlo-untrimmed monte carlo deck (config=mos) -- generated by sim/monte-carlo-untrimmed/run_mc_untrimmed.py, do not edit

Circuit: * monte-carlo-untrimmed monte carlo deck (config=mos) -- generated by sim/monte-carlo-untrimmed/run_mc_untrimmed.py, do not edit

option SCALE: Scale is set to 1e-06 for instance and model parameters
option SCALE: Scale is set to 1e-06 for instance and model parameters
option SCALE: Scale is set to 1e-06 for instance and model parameters
option SCALE: Scale is set to 1e-06 for instance and model parameters
Doing analysis at TEMP = 27.000000 and TNOM = 27.000000

Using KLU as Direct Linear Solver

No. of Data Rows : 1
vout = 1.204621e+00
vgdrv = 2.037793e+00
Reset re-loads circuit * monte-carlo-untrimmed monte carlo deck (config=mos) -- generated by sim/monte-carlo-untrimmed/run_mc_untrimmed.py, do not edit

Circuit: * monte-carlo-untrimmed monte carlo deck (config=mos) -- generated by sim/monte-carlo-untrimmed/run_mc_untrimmed.py, do not edit

option SCALE: Scale is set to 1e-06 for instance and model parameters
option SCALE: Scale is set to 1e-06 for instance and model parameters
option SCALE: Scale is set to 1e-06 for instance and model parameters
option SCALE: Scale is set to 1e-06 for instance and model parameters
Doing analysis at TEMP = 27.000000 and TNOM = 27.000000

Using KLU as Direct Linear Solver

No. of Data Rows : 1
vout = 1.198011e+00
vgdrv = 2.037275e+00
Reset re-loads circuit * monte-carlo-untrimmed monte carlo deck (config=mos) -- generated by sim/monte-carlo-untrimmed/run_mc_untrimmed.py, do not edit

Circuit: * monte-carlo-untrimmed monte carlo deck (config=mos) -- generated by sim/monte-carlo-untrimmed/run_mc_untrimmed.py, do not edit

option SCALE: Scale is set to 1e-06 for instance and model parameters
option SCALE: Scale is set to 1e-06 for instance and model parameters
option SCALE: Scale is set to 1e-06 for instance and model parameters
option SCALE: Scale is set to 1e-06 for instance and model parameters
Doing analysis at TEMP = 27.000000 and TNOM = 27.000000

Using KLU as Direct Linear Solver
 Reference value :  0.00000e+00
No. of Data Rows : 1
vout = 1.202073e+00
vgdrv = 2.037237e+00
Reset re-loads circuit * monte-carlo-untrimmed monte carlo deck (config=mos) -- generated by sim/monte-carlo-untrimmed/run_mc_untrimmed.py, do not edit

Circuit: * monte-carlo-untrimmed monte carlo deck (config=mos) -- generated by sim/monte-carlo-untrimmed/run_mc_untrimmed.py, do not edit

option SCALE: Scale is set to 1e-06 for instance and model parameters
option SCALE: Scale is set to 1e-06 for instance and model parameters
option SCALE: Scale is set to 1e-06 for instance and model parameters
option SCALE: Scale is set to 1e-06 for instance and model parameters
Doing analysis at TEMP = 27.000000 and TNOM = 27.000000

Using KLU as Direct Linear Solver

No. of Data Rows : 1
vout = 1.196395e+00
vgdrv = 2.036849e+00
Reset re-loads circuit * monte-carlo-untrimmed monte carlo deck (config=mos) -- generated by sim/monte-carlo-untrimmed/run_mc_untrimmed.py, do not edit

Circuit: * monte-carlo-untrimmed monte carlo deck (config=mos) -- generated by sim/monte-carlo-untrimmed/run_mc_untrimmed.py, do not edit

option SCALE: Scale is set to 1e-06 for instance and model parameters
option SCALE: Scale is set to 1e-06 for instance and model parameters
option SCALE: Scale is set to 1e-06 for instance and model parameters
option SCALE: Scale is set to 1e-06 for instance and model parameters
Doing analysis at TEMP = 27.000000 and TNOM = 27.000000

Using KLU as Direct Linear Solver

No. of Data Rows : 1
vout = 1.199921e+00
vgdrv = 2.037750e+00
Reset re-loads circuit * monte-carlo-untrimmed monte carlo deck (config=mos) -- generated by sim/monte-carlo-untrimmed/run_mc_untrimmed.py, do not edit

Circuit: * monte-carlo-untrimmed monte carlo deck (config=mos) -- generated by sim/monte-carlo-untrimmed/run_mc_untrimmed.py, do not edit

option SCALE: Scale is set to 1e-06 for instance and model parameters
option SCALE: Scale is set to 1e-06 for instance and model parameters
option SCALE: Scale is set to 1e-06 for instance and model parameters
option SCALE: Scale is set to 1e-06 for instance and model parameters
Doing analysis at TEMP = 27.000000 and TNOM = 27.000000

Using KLU as Direct Linear Solver

No. of Data Rows : 1
vout = 1.206142e+00
vgdrv = 2.034394e+00
Reset re-loads circuit * monte-carlo-untrimmed monte carlo deck (config=mos) -- generated by sim/monte-carlo-untrimmed/run_mc_untrimmed.py, do not edit

Circuit: * monte-carlo-untrimmed monte carlo deck (config=mos) -- generated by sim/monte-carlo-untrimmed/run_mc_untrimmed.py, do not edit

option SCALE: Scale is set to 1e-06 for instance and model parameters
option SCALE: Scale is set to 1e-06 for instance and model parameters
option SCALE: Scale is set to 1e-06 for instance and model parameters
option SCALE: Scale is set to 1e-06 for instance and model parameters
Doing analysis at TEMP = 27.000000 and TNOM = 27.000000

Using KLU as Direct Linear Solver

No. of Data Rows : 1
vout = 1.205256e+00
vgdrv = 2.035336e+00
Reset re-loads circuit * monte-carlo-untrimmed monte carlo deck (config=mos) -- generated by sim/monte-carlo-untrimmed/run_mc_untrimmed.py, do not edit

Circuit: * monte-carlo-untrimmed monte carlo deck (config=mos) -- generated by sim/monte-carlo-untrimmed/run_mc_untrimmed.py, do not edit

option SCALE: Scale is set to 1e-06 for instance and model parameters
option SCALE: Scale is set to 1e-06 for instance and model parameters
option SCALE: Scale is set to 1e-06 for instance and model parameters
option SCALE: Scale is set to 1e-06 for instance and model parameters
Doing analysis at TEMP = 27.000000 and TNOM = 27.000000

Using KLU as Direct Linear Solver

No. of Data Rows : 1
vout = 1.197779e+00
vgdrv = 2.041395e+00
Reset re-loads circuit * monte-carlo-untrimmed monte carlo deck (config=mos) -- generated by sim/monte-carlo-untrimmed/run_mc_untrimmed.py, do not edit

Circuit: * monte-carlo-untrimmed monte carlo deck (config=mos) -- generated by sim/monte-carlo-untrimmed/run_mc_untrimmed.py, do not edit

option SCALE: Scale is set to 1e-06 for instance and model parameters
option SCALE: Scale is set to 1e-06 for instance and model parameters
option SCALE: Scale is set to 1e-06 for instance and model parameters
option SCALE: Scale is set to 1e-06 for instance and model parameters
Doing analysis at TEMP = 27.000000 and TNOM = 27.000000

Using KLU as Direct Linear Solver
 Reference value :  0.00000e+00
No. of Data Rows : 1
vout = 1.199765e+00
vgdrv = 2.034255e+00
Reset re-loads circuit * monte-carlo-untrimmed monte carlo deck (config=mos) -- generated by sim/monte-carlo-untrimmed/run_mc_untrimmed.py, do not edit

Circuit: * monte-carlo-untrimmed monte carlo deck (config=mos) -- generated by sim/monte-carlo-untrimmed/run_mc_untrimmed.py, do not edit

option SCALE: Scale is set to 1e-06 for instance and model parameters
option SCALE: Scale is set to 1e-06 for instance and model parameters
option SCALE: Scale is set to 1e-06 for instance and model parameters
option SCALE: Scale is set to 1e-06 for instance and model parameters
Doing analysis at TEMP = 27.000000 and TNOM = 27.000000

Using KLU as Direct Linear Solver

No. of Data Rows : 1
vout = 1.210061e+00
vgdrv = 2.030891e+00
Reset re-loads circuit * monte-carlo-untrimmed monte carlo deck (config=mos) -- generated by sim/monte-carlo-untrimmed/run_mc_untrimmed.py, do not edit

Circuit: * monte-carlo-untrimmed monte carlo deck (config=mos) -- generated by sim/monte-carlo-untrimmed/run_mc_untrimmed.py, do not edit

option SCALE: Scale is set to 1e-06 for instance and model parameters
option SCALE: Scale is set to 1e-06 for instance and model parameters
option SCALE: Scale is set to 1e-06 for instance and model parameters
option SCALE: Scale is set to 1e-06 for instance and model parameters
Doing analysis at TEMP = 27.000000 and TNOM = 27.000000

Using KLU as Direct Linear Solver

No. of Data Rows : 1
vout = 1.195719e+00
vgdrv = 2.037765e+00
Reset re-loads circuit * monte-carlo-untrimmed monte carlo deck (config=mos) -- generated by sim/monte-carlo-untrimmed/run_mc_untrimmed.py, do not edit

Circuit: * monte-carlo-untrimmed monte carlo deck (config=mos) -- generated by sim/monte-carlo-untrimmed/run_mc_untrimmed.py, do not edit

option SCALE: Scale is set to 1e-06 for instance and model parameters
option SCALE: Scale is set to 1e-06 for instance and model parameters
option SCALE: Scale is set to 1e-06 for instance and model parameters
option SCALE: Scale is set to 1e-06 for instance and model parameters
Doing analysis at TEMP = 27.000000 and TNOM = 27.000000

Using KLU as Direct Linear Solver

No. of Data Rows : 1
vout = 1.200397e+00
vgdrv = 2.036731e+00
Reset re-loads circuit * monte-carlo-untrimmed monte carlo deck (config=mos) -- generated by sim/monte-carlo-untrimmed/run_mc_untrimmed.py, do not edit

Circuit: * monte-carlo-untrimmed monte carlo deck (config=mos) -- generated by sim/monte-carlo-untrimmed/run_mc_untrimmed.py, do not edit

option SCALE: Scale is set to 1e-06 for instance and model parameters
option SCALE: Scale is set to 1e-06 for instance and model parameters
option SCALE: Scale is set to 1e-06 for instance and model parameters
option SCALE: Scale is set to 1e-06 for instance and model parameters
Doing analysis at TEMP = 27.000000 and TNOM = 27.000000

Using KLU as Direct Linear Solver

No. of Data Rows : 1
vout = 1.200600e+00
vgdrv = 2.037461e+00
Reset re-loads circuit * monte-carlo-untrimmed monte carlo deck (config=mos) -- generated by sim/monte-carlo-untrimmed/run_mc_untrimmed.py, do not edit

Circuit: * monte-carlo-untrimmed monte carlo deck (config=mos) -- generated by sim/monte-carlo-untrimmed/run_mc_untrimmed.py, do not edit

option SCALE: Scale is set to 1e-06 for instance and model parameters
option SCALE: Scale is set to 1e-06 for instance and model parameters
option SCALE: Scale is set to 1e-06 for instance and model parameters
option SCALE: Scale is set to 1e-06 for instance and model parameters
Doing analysis at TEMP = 27.000000 and TNOM = 27.000000

Using KLU as Direct Linear Solver

No. of Data Rows : 1
vout = 1.202634e+00
vgdrv = 2.036618e+00
Reset re-loads circuit * monte-carlo-untrimmed monte carlo deck (config=mos) -- generated by sim/monte-carlo-untrimmed/run_mc_untrimmed.py, do not edit

Circuit: * monte-carlo-untrimmed monte carlo deck (config=mos) -- generated by sim/monte-carlo-untrimmed/run_mc_untrimmed.py, do not edit

option SCALE: Scale is set to 1e-06 for instance and model parameters
option SCALE: Scale is set to 1e-06 for instance and model parameters
option SCALE: Scale is set to 1e-06 for instance and model parameters
option SCALE: Scale is set to 1e-06 for instance and model parameters
Doing analysis at TEMP = 27.000000 and TNOM = 27.000000

Using KLU as Direct Linear Solver
 Reference value :  0.00000e+00
No. of Data Rows : 1
vout = 1.206828e+00
vgdrv = 2.031918e+00
Reset re-loads circuit * monte-carlo-untrimmed monte carlo deck (config=mos) -- generated by sim/monte-carlo-untrimmed/run_mc_untrimmed.py, do not edit

Circuit: * monte-carlo-untrimmed monte carlo deck (config=mos) -- generated by sim/monte-carlo-untrimmed/run_mc_untrimmed.py, do not edit

option SCALE: Scale is set to 1e-06 for instance and model parameters
option SCALE: Scale is set to 1e-06 for instance and model parameters
option SCALE: Scale is set to 1e-06 for instance and model parameters
option SCALE: Scale is set to 1e-06 for instance and model parameters
Doing analysis at TEMP = 27.000000 and TNOM = 27.000000

Using KLU as Direct Linear Solver

No. of Data Rows : 1
vout = 1.202330e+00
vgdrv = 2.036530e+00
Reset re-loads circuit * monte-carlo-untrimmed monte carlo deck (config=mos) -- generated by sim/monte-carlo-untrimmed/run_mc_untrimmed.py, do not edit

Circuit: * monte-carlo-untrimmed monte carlo deck (config=mos) -- generated by sim/monte-carlo-untrimmed/run_mc_untrimmed.py, do not edit

option SCALE: Scale is set to 1e-06 for instance and model parameters
option SCALE: Scale is set to 1e-06 for instance and model parameters
option SCALE: Scale is set to 1e-06 for instance and model parameters
option SCALE: Scale is set to 1e-06 for instance and model parameters
Doing analysis at TEMP = 27.000000 and TNOM = 27.000000

Using KLU as Direct Linear Solver

No. of Data Rows : 1
vout = 1.204209e+00
vgdrv = 2.034936e+00
Reset re-loads circuit * monte-carlo-untrimmed monte carlo deck (config=mos) -- generated by sim/monte-carlo-untrimmed/run_mc_untrimmed.py, do not edit

Circuit: * monte-carlo-untrimmed monte carlo deck (config=mos) -- generated by sim/monte-carlo-untrimmed/run_mc_untrimmed.py, do not edit

option SCALE: Scale is set to 1e-06 for instance and model parameters
option SCALE: Scale is set to 1e-06 for instance and model parameters
option SCALE: Scale is set to 1e-06 for instance and model parameters
option SCALE: Scale is set to 1e-06 for instance and model parameters
Doing analysis at TEMP = 27.000000 and TNOM = 27.000000

Using KLU as Direct Linear Solver

No. of Data Rows : 1
vout = 1.195153e+00
vgdrv = 2.039516e+00
Reset re-loads circuit * monte-carlo-untrimmed monte carlo deck (config=mos) -- generated by sim/monte-carlo-untrimmed/run_mc_untrimmed.py, do not edit

Circuit: * monte-carlo-untrimmed monte carlo deck (config=mos) -- generated by sim/monte-carlo-untrimmed/run_mc_untrimmed.py, do not edit

option SCALE: Scale is set to 1e-06 for instance and model parameters
option SCALE: Scale is set to 1e-06 for instance and model parameters
option SCALE: Scale is set to 1e-06 for instance and model parameters
option SCALE: Scale is set to 1e-06 for instance and model parameters
Doing analysis at TEMP = 27.000000 and TNOM = 27.000000

Using KLU as Direct Linear Solver
 Reference value :  0.00000e+00
No. of Data Rows : 1
vout = 1.197135e+00
vgdrv = 2.037401e+00
Reset re-loads circuit * monte-carlo-untrimmed monte carlo deck (config=mos) -- generated by sim/monte-carlo-untrimmed/run_mc_untrimmed.py, do not edit

Circuit: * monte-carlo-untrimmed monte carlo deck (config=mos) -- generated by sim/monte-carlo-untrimmed/run_mc_untrimmed.py, do not edit

option SCALE: Scale is set to 1e-06 for instance and model parameters
option SCALE: Scale is set to 1e-06 for instance and model parameters
option SCALE: Scale is set to 1e-06 for instance and model parameters
option SCALE: Scale is set to 1e-06 for instance and model parameters
Doing analysis at TEMP = 27.000000 and TNOM = 27.000000

Using KLU as Direct Linear Solver

No. of Data Rows : 1
vout = 1.194358e+00
vgdrv = 2.037915e+00
Reset re-loads circuit * monte-carlo-untrimmed monte carlo deck (config=mos) -- generated by sim/monte-carlo-untrimmed/run_mc_untrimmed.py, do not edit

Circuit: * monte-carlo-untrimmed monte carlo deck (config=mos) -- generated by sim/monte-carlo-untrimmed/run_mc_untrimmed.py, do not edit

option SCALE: Scale is set to 1e-06 for instance and model parameters
option SCALE: Scale is set to 1e-06 for instance and model parameters
option SCALE: Scale is set to 1e-06 for instance and model parameters
option SCALE: Scale is set to 1e-06 for instance and model parameters
Doing analysis at TEMP = 27.000000 and TNOM = 27.000000

Using KLU as Direct Linear Solver

No. of Data Rows : 1
vout = 1.198503e+00
vgdrv = 2.038452e+00
Reset re-loads circuit * monte-carlo-untrimmed monte carlo deck (config=mos) -- generated by sim/monte-carlo-untrimmed/run_mc_untrimmed.py, do not edit

Circuit: * monte-carlo-untrimmed monte carlo deck (config=mos) -- generated by sim/monte-carlo-untrimmed/run_mc_untrimmed.py, do not edit

option SCALE: Scale is set to 1e-06 for instance and model parameters
option SCALE: Scale is set to 1e-06 for instance and model parameters
option SCALE: Scale is set to 1e-06 for instance and model parameters
option SCALE: Scale is set to 1e-06 for instance and model parameters
Doing analysis at TEMP = 27.000000 and TNOM = 27.000000

Using KLU as Direct Linear Solver

No. of Data Rows : 1
vout = 1.200453e+00
vgdrv = 2.039610e+00
Reset re-loads circuit * monte-carlo-untrimmed monte carlo deck (config=mos) -- generated by sim/monte-carlo-untrimmed/run_mc_untrimmed.py, do not edit

Circuit: * monte-carlo-untrimmed monte carlo deck (config=mos) -- generated by sim/monte-carlo-untrimmed/run_mc_untrimmed.py, do not edit

option SCALE: Scale is set to 1e-06 for instance and model parameters
option SCALE: Scale is set to 1e-06 for instance and model parameters
option SCALE: Scale is set to 1e-06 for instance and model parameters
option SCALE: Scale is set to 1e-06 for instance and model parameters
Doing analysis at TEMP = 27.000000 and TNOM = 27.000000

Using KLU as Direct Linear Solver
 Reference value :  0.00000e+00
No. of Data Rows : 1
vout = 1.199214e+00
vgdrv = 2.038868e+00
Reset re-loads circuit * monte-carlo-untrimmed monte carlo deck (config=mos) -- generated by sim/monte-carlo-untrimmed/run_mc_untrimmed.py, do not edit

Circuit: * monte-carlo-untrimmed monte carlo deck (config=mos) -- generated by sim/monte-carlo-untrimmed/run_mc_untrimmed.py, do not edit

option SCALE: Scale is set to 1e-06 for instance and model parameters
option SCALE: Scale is set to 1e-06 for instance and model parameters
option SCALE: Scale is set to 1e-06 for instance and model parameters
option SCALE: Scale is set to 1e-06 for instance and model parameters
Doing analysis at TEMP = 27.000000 and TNOM = 27.000000

Using KLU as Direct Linear Solver
 Reference value :  0.00000e+00
No. of Data Rows : 1
vout = 1.195476e+00
vgdrv = 2.035736e+00
Reset re-loads circuit * monte-carlo-untrimmed monte carlo deck (config=mos) -- generated by sim/monte-carlo-untrimmed/run_mc_untrimmed.py, do not edit

Circuit: * monte-carlo-untrimmed monte carlo deck (config=mos) -- generated by sim/monte-carlo-untrimmed/run_mc_untrimmed.py, do not edit

option SCALE: Scale is set to 1e-06 for instance and model parameters
option SCALE: Scale is set to 1e-06 for instance and model parameters
option SCALE: Scale is set to 1e-06 for instance and model parameters
option SCALE: Scale is set to 1e-06 for instance and model parameters
Doing analysis at TEMP = 27.000000 and TNOM = 27.000000

Using KLU as Direct Linear Solver

No. of Data Rows : 1
vout = 1.198141e+00
vgdrv = 2.033826e+00
Reset re-loads circuit * monte-carlo-untrimmed monte carlo deck (config=mos) -- generated by sim/monte-carlo-untrimmed/run_mc_untrimmed.py, do not edit

Circuit: * monte-carlo-untrimmed monte carlo deck (config=mos) -- generated by sim/monte-carlo-untrimmed/run_mc_untrimmed.py, do not edit

option SCALE: Scale is set to 1e-06 for instance and model parameters
option SCALE: Scale is set to 1e-06 for instance and model parameters
option SCALE: Scale is set to 1e-06 for instance and model parameters
option SCALE: Scale is set to 1e-06 for instance and model parameters
Doing analysis at TEMP = 27.000000 and TNOM = 27.000000

Using KLU as Direct Linear Solver
 Reference value :  0.00000e+00
No. of Data Rows : 1
vout = 1.204758e+00
vgdrv = 2.035199e+00
Reset re-loads circuit * monte-carlo-untrimmed monte carlo deck (config=mos) -- generated by sim/monte-carlo-untrimmed/run_mc_untrimmed.py, do not edit

Circuit: * monte-carlo-untrimmed monte carlo deck (config=mos) -- generated by sim/monte-carlo-untrimmed/run_mc_untrimmed.py, do not edit

option SCALE: Scale is set to 1e-06 for instance and model parameters
option SCALE: Scale is set to 1e-06 for instance and model parameters
option SCALE: Scale is set to 1e-06 for instance and model parameters
option SCALE: Scale is set to 1e-06 for instance and model parameters
Doing analysis at TEMP = 27.000000 and TNOM = 27.000000

Using KLU as Direct Linear Solver

No. of Data Rows : 1
vout = 1.200151e+00
vgdrv = 2.036562e+00
Reset re-loads circuit * monte-carlo-untrimmed monte carlo deck (config=mos) -- generated by sim/monte-carlo-untrimmed/run_mc_untrimmed.py, do not edit

Circuit: * monte-carlo-untrimmed monte carlo deck (config=mos) -- generated by sim/monte-carlo-untrimmed/run_mc_untrimmed.py, do not edit

option SCALE: Scale is set to 1e-06 for instance and model parameters
option SCALE: Scale is set to 1e-06 for instance and model parameters
option SCALE: Scale is set to 1e-06 for instance and model parameters
option SCALE: Scale is set to 1e-06 for instance and model parameters
Doing analysis at TEMP = 27.000000 and TNOM = 27.000000

Using KLU as Direct Linear Solver
 Reference value :  0.00000e+00
No. of Data Rows : 1
vout = 1.201394e+00
vgdrv = 2.035982e+00
Reset re-loads circuit * monte-carlo-untrimmed monte carlo deck (config=mos) -- generated by sim/monte-carlo-untrimmed/run_mc_untrimmed.py, do not edit

Circuit: * monte-carlo-untrimmed monte carlo deck (config=mos) -- generated by sim/monte-carlo-untrimmed/run_mc_untrimmed.py, do not edit

option SCALE: Scale is set to 1e-06 for instance and model parameters
option SCALE: Scale is set to 1e-06 for instance and model parameters
option SCALE: Scale is set to 1e-06 for instance and model parameters
option SCALE: Scale is set to 1e-06 for instance and model parameters
Doing analysis at TEMP = 27.000000 and TNOM = 27.000000

Using KLU as Direct Linear Solver

No. of Data Rows : 1
vout = 1.200791e+00
vgdrv = 2.039307e+00
Reset re-loads circuit * monte-carlo-untrimmed monte carlo deck (config=mos) -- generated by sim/monte-carlo-untrimmed/run_mc_untrimmed.py, do not edit

Circuit: * monte-carlo-untrimmed monte carlo deck (config=mos) -- generated by sim/monte-carlo-untrimmed/run_mc_untrimmed.py, do not edit

option SCALE: Scale is set to 1e-06 for instance and model parameters
option SCALE: Scale is set to 1e-06 for instance and model parameters
option SCALE: Scale is set to 1e-06 for instance and model parameters
option SCALE: Scale is set to 1e-06 for instance and model parameters
Doing analysis at TEMP = 27.000000 and TNOM = 27.000000

Using KLU as Direct Linear Solver

No. of Data Rows : 1
vout = 1.195085e+00
vgdrv = 2.036258e+00
Reset re-loads circuit * monte-carlo-untrimmed monte carlo deck (config=mos) -- generated by sim/monte-carlo-untrimmed/run_mc_untrimmed.py, do not edit

Circuit: * monte-carlo-untrimmed monte carlo deck (config=mos) -- generated by sim/monte-carlo-untrimmed/run_mc_untrimmed.py, do not edit

option SCALE: Scale is set to 1e-06 for instance and model parameters
option SCALE: Scale is set to 1e-06 for instance and model parameters
option SCALE: Scale is set to 1e-06 for instance and model parameters
option SCALE: Scale is set to 1e-06 for instance and model parameters
Doing analysis at TEMP = 27.000000 and TNOM = 27.000000

Using KLU as Direct Linear Solver

No. of Data Rows : 1
vout = 1.198896e+00
vgdrv = 2.037986e+00
Reset re-loads circuit * monte-carlo-untrimmed monte carlo deck (config=mos) -- generated by sim/monte-carlo-untrimmed/run_mc_untrimmed.py, do not edit

Circuit: * monte-carlo-untrimmed monte carlo deck (config=mos) -- generated by sim/monte-carlo-untrimmed/run_mc_untrimmed.py, do not edit

option SCALE: Scale is set to 1e-06 for instance and model parameters
option SCALE: Scale is set to 1e-06 for instance and model parameters
option SCALE: Scale is set to 1e-06 for instance and model parameters
option SCALE: Scale is set to 1e-06 for instance and model parameters
Doing analysis at TEMP = 27.000000 and TNOM = 27.000000

Using KLU as Direct Linear Solver

No. of Data Rows : 1
vout = 1.204303e+00
vgdrv = 2.036982e+00
Reset re-loads circuit * monte-carlo-untrimmed monte carlo deck (config=mos) -- generated by sim/monte-carlo-untrimmed/run_mc_untrimmed.py, do not edit

Circuit: * monte-carlo-untrimmed monte carlo deck (config=mos) -- generated by sim/monte-carlo-untrimmed/run_mc_untrimmed.py, do not edit

option SCALE: Scale is set to 1e-06 for instance and model parameters
option SCALE: Scale is set to 1e-06 for instance and model parameters
option SCALE: Scale is set to 1e-06 for instance and model parameters
option SCALE: Scale is set to 1e-06 for instance and model parameters
Doing analysis at TEMP = 27.000000 and TNOM = 27.000000

Using KLU as Direct Linear Solver

No. of Data Rows : 1
vout = 1.199139e+00
vgdrv = 2.035105e+00
Reset re-loads circuit * monte-carlo-untrimmed monte carlo deck (config=mos) -- generated by sim/monte-carlo-untrimmed/run_mc_untrimmed.py, do not edit

Circuit: * monte-carlo-untrimmed monte carlo deck (config=mos) -- generated by sim/monte-carlo-untrimmed/run_mc_untrimmed.py, do not edit

option SCALE: Scale is set to 1e-06 for instance and model parameters
option SCALE: Scale is set to 1e-06 for instance and model parameters
option SCALE: Scale is set to 1e-06 for instance and model parameters
option SCALE: Scale is set to 1e-06 for instance and model parameters
Doing analysis at TEMP = 27.000000 and TNOM = 27.000000

Using KLU as Direct Linear Solver
 Reference value :  0.00000e+00
No. of Data Rows : 1
vout = 1.191857e+00
vgdrv = 2.039599e+00
Reset re-loads circuit * monte-carlo-untrimmed monte carlo deck (config=mos) -- generated by sim/monte-carlo-untrimmed/run_mc_untrimmed.py, do not edit

Circuit: * monte-carlo-untrimmed monte carlo deck (config=mos) -- generated by sim/monte-carlo-untrimmed/run_mc_untrimmed.py, do not edit

option SCALE: Scale is set to 1e-06 for instance and model parameters
option SCALE: Scale is set to 1e-06 for instance and model parameters
option SCALE: Scale is set to 1e-06 for instance and model parameters
option SCALE: Scale is set to 1e-06 for instance and model parameters
Doing analysis at TEMP = 27.000000 and TNOM = 27.000000

Using KLU as Direct Linear Solver

No. of Data Rows : 1
vout = 1.192860e+00
vgdrv = 2.040186e+00
Reset re-loads circuit * monte-carlo-untrimmed monte carlo deck (config=mos) -- generated by sim/monte-carlo-untrimmed/run_mc_untrimmed.py, do not edit

Circuit: * monte-carlo-untrimmed monte carlo deck (config=mos) -- generated by sim/monte-carlo-untrimmed/run_mc_untrimmed.py, do not edit

option SCALE: Scale is set to 1e-06 for instance and model parameters
option SCALE: Scale is set to 1e-06 for instance and model parameters
option SCALE: Scale is set to 1e-06 for instance and model parameters
option SCALE: Scale is set to 1e-06 for instance and model parameters
Doing analysis at TEMP = 27.000000 and TNOM = 27.000000

Using KLU as Direct Linear Solver

No. of Data Rows : 1
vout = 1.198588e+00
vgdrv = 2.037745e+00
Reset re-loads circuit * monte-carlo-untrimmed monte carlo deck (config=mos) -- generated by sim/monte-carlo-untrimmed/run_mc_untrimmed.py, do not edit

Circuit: * monte-carlo-untrimmed monte carlo deck (config=mos) -- generated by sim/monte-carlo-untrimmed/run_mc_untrimmed.py, do not edit

option SCALE: Scale is set to 1e-06 for instance and model parameters
option SCALE: Scale is set to 1e-06 for instance and model parameters
option SCALE: Scale is set to 1e-06 for instance and model parameters
option SCALE: Scale is set to 1e-06 for instance and model parameters
Doing analysis at TEMP = 27.000000 and TNOM = 27.000000

Using KLU as Direct Linear Solver

No. of Data Rows : 1
vout = 1.196052e+00
vgdrv = 2.036605e+00
Reset re-loads circuit * monte-carlo-untrimmed monte carlo deck (config=mos) -- generated by sim/monte-carlo-untrimmed/run_mc_untrimmed.py, do not edit

Circuit: * monte-carlo-untrimmed monte carlo deck (config=mos) -- generated by sim/monte-carlo-untrimmed/run_mc_untrimmed.py, do not edit

option SCALE: Scale is set to 1e-06 for instance and model parameters
option SCALE: Scale is set to 1e-06 for instance and model parameters
option SCALE: Scale is set to 1e-06 for instance and model parameters
option SCALE: Scale is set to 1e-06 for instance and model parameters
Doing analysis at TEMP = 27.000000 and TNOM = 27.000000

Using KLU as Direct Linear Solver

No. of Data Rows : 1
vout = 1.206590e+00
vgdrv = 2.035992e+00
Reset re-loads circuit * monte-carlo-untrimmed monte carlo deck (config=mos) -- generated by sim/monte-carlo-untrimmed/run_mc_untrimmed.py, do not edit

Circuit: * monte-carlo-untrimmed monte carlo deck (config=mos) -- generated by sim/monte-carlo-untrimmed/run_mc_untrimmed.py, do not edit

option SCALE: Scale is set to 1e-06 for instance and model parameters
option SCALE: Scale is set to 1e-06 for instance and model parameters
option SCALE: Scale is set to 1e-06 for instance and model parameters
option SCALE: Scale is set to 1e-06 for instance and model parameters
Doing analysis at TEMP = 27.000000 and TNOM = 27.000000

Using KLU as Direct Linear Solver

No. of Data Rows : 1
vout = 1.201754e+00
vgdrv = 2.035813e+00
Reset re-loads circuit * monte-carlo-untrimmed monte carlo deck (config=mos) -- generated by sim/monte-carlo-untrimmed/run_mc_untrimmed.py, do not edit

Circuit: * monte-carlo-untrimmed monte carlo deck (config=mos) -- generated by sim/monte-carlo-untrimmed/run_mc_untrimmed.py, do not edit

option SCALE: Scale is set to 1e-06 for instance and model parameters
option SCALE: Scale is set to 1e-06 for instance and model parameters
option SCALE: Scale is set to 1e-06 for instance and model parameters
option SCALE: Scale is set to 1e-06 for instance and model parameters
Doing analysis at TEMP = 27.000000 and TNOM = 27.000000

Using KLU as Direct Linear Solver
 Reference value :  0.00000e+00
No. of Data Rows : 1
vout = 1.200260e+00
vgdrv = 2.038656e+00
Reset re-loads circuit * monte-carlo-untrimmed monte carlo deck (config=mos) -- generated by sim/monte-carlo-untrimmed/run_mc_untrimmed.py, do not edit

Circuit: * monte-carlo-untrimmed monte carlo deck (config=mos) -- generated by sim/monte-carlo-untrimmed/run_mc_untrimmed.py, do not edit

option SCALE: Scale is set to 1e-06 for instance and model parameters
option SCALE: Scale is set to 1e-06 for instance and model parameters
option SCALE: Scale is set to 1e-06 for instance and model parameters
option SCALE: Scale is set to 1e-06 for instance and model parameters
Doing analysis at TEMP = 27.000000 and TNOM = 27.000000

Using KLU as Direct Linear Solver

No. of Data Rows : 1
vout = 1.190974e+00
vgdrv = 2.036723e+00
Reset re-loads circuit * monte-carlo-untrimmed monte carlo deck (config=mos) -- generated by sim/monte-carlo-untrimmed/run_mc_untrimmed.py, do not edit

Circuit: * monte-carlo-untrimmed monte carlo deck (config=mos) -- generated by sim/monte-carlo-untrimmed/run_mc_untrimmed.py, do not edit

option SCALE: Scale is set to 1e-06 for instance and model parameters
option SCALE: Scale is set to 1e-06 for instance and model parameters
option SCALE: Scale is set to 1e-06 for instance and model parameters
option SCALE: Scale is set to 1e-06 for instance and model parameters
Doing analysis at TEMP = 27.000000 and TNOM = 27.000000

Using KLU as Direct Linear Solver
 Reference value :  0.00000e+00
No. of Data Rows : 1
vout = 1.203469e+00
vgdrv = 2.037285e+00
Reset re-loads circuit * monte-carlo-untrimmed monte carlo deck (config=mos) -- generated by sim/monte-carlo-untrimmed/run_mc_untrimmed.py, do not edit

Circuit: * monte-carlo-untrimmed monte carlo deck (config=mos) -- generated by sim/monte-carlo-untrimmed/run_mc_untrimmed.py, do not edit

option SCALE: Scale is set to 1e-06 for instance and model parameters
option SCALE: Scale is set to 1e-06 for instance and model parameters
option SCALE: Scale is set to 1e-06 for instance and model parameters
option SCALE: Scale is set to 1e-06 for instance and model parameters
Doing analysis at TEMP = 27.000000 and TNOM = 27.000000

Using KLU as Direct Linear Solver

No. of Data Rows : 1
vout = 1.207172e+00
vgdrv = 2.039301e+00
Reset re-loads circuit * monte-carlo-untrimmed monte carlo deck (config=mos) -- generated by sim/monte-carlo-untrimmed/run_mc_untrimmed.py, do not edit

Circuit: * monte-carlo-untrimmed monte carlo deck (config=mos) -- generated by sim/monte-carlo-untrimmed/run_mc_untrimmed.py, do not edit

option SCALE: Scale is set to 1e-06 for instance and model parameters
option SCALE: Scale is set to 1e-06 for instance and model parameters
option SCALE: Scale is set to 1e-06 for instance and model parameters
option SCALE: Scale is set to 1e-06 for instance and model parameters
Doing analysis at TEMP = 27.000000 and TNOM = 27.000000

Using KLU as Direct Linear Solver

No. of Data Rows : 1
vout = 1.193382e+00
vgdrv = 2.039020e+00
Reset re-loads circuit * monte-carlo-untrimmed monte carlo deck (config=mos) -- generated by sim/monte-carlo-untrimmed/run_mc_untrimmed.py, do not edit

Circuit: * monte-carlo-untrimmed monte carlo deck (config=mos) -- generated by sim/monte-carlo-untrimmed/run_mc_untrimmed.py, do not edit

option SCALE: Scale is set to 1e-06 for instance and model parameters
option SCALE: Scale is set to 1e-06 for instance and model parameters
option SCALE: Scale is set to 1e-06 for instance and model parameters
option SCALE: Scale is set to 1e-06 for instance and model parameters
Doing analysis at TEMP = 27.000000 and TNOM = 27.000000

Using KLU as Direct Linear Solver
 Reference value :  0.00000e+00
No. of Data Rows : 1
vout = 1.197555e+00
vgdrv = 2.041579e+00
Reset re-loads circuit * monte-carlo-untrimmed monte carlo deck (config=mos) -- generated by sim/monte-carlo-untrimmed/run_mc_untrimmed.py, do not edit

Circuit: * monte-carlo-untrimmed monte carlo deck (config=mos) -- generated by sim/monte-carlo-untrimmed/run_mc_untrimmed.py, do not edit

option SCALE: Scale is set to 1e-06 for instance and model parameters
option SCALE: Scale is set to 1e-06 for instance and model parameters
option SCALE: Scale is set to 1e-06 for instance and model parameters
option SCALE: Scale is set to 1e-06 for instance and model parameters
Doing analysis at TEMP = 27.000000 and TNOM = 27.000000

Using KLU as Direct Linear Solver

No. of Data Rows : 1
vout = 1.202889e+00
vgdrv = 2.035677e+00
Reset re-loads circuit * monte-carlo-untrimmed monte carlo deck (config=mos) -- generated by sim/monte-carlo-untrimmed/run_mc_untrimmed.py, do not edit

Circuit: * monte-carlo-untrimmed monte carlo deck (config=mos) -- generated by sim/monte-carlo-untrimmed/run_mc_untrimmed.py, do not edit

option SCALE: Scale is set to 1e-06 for instance and model parameters
option SCALE: Scale is set to 1e-06 for instance and model parameters
option SCALE: Scale is set to 1e-06 for instance and model parameters
option SCALE: Scale is set to 1e-06 for instance and model parameters
Doing analysis at TEMP = 27.000000 and TNOM = 27.000000

Using KLU as Direct Linear Solver

No. of Data Rows : 1
vout = 1.194738e+00
vgdrv = 2.035446e+00
Reset re-loads circuit * monte-carlo-untrimmed monte carlo deck (config=mos) -- generated by sim/monte-carlo-untrimmed/run_mc_untrimmed.py, do not edit

Circuit: * monte-carlo-untrimmed monte carlo deck (config=mos) -- generated by sim/monte-carlo-untrimmed/run_mc_untrimmed.py, do not edit

option SCALE: Scale is set to 1e-06 for instance and model parameters
option SCALE: Scale is set to 1e-06 for instance and model parameters
option SCALE: Scale is set to 1e-06 for instance and model parameters
option SCALE: Scale is set to 1e-06 for instance and model parameters
Doing analysis at TEMP = 27.000000 and TNOM = 27.000000

Using KLU as Direct Linear Solver

No. of Data Rows : 1
vout = 1.195949e+00
vgdrv = 2.040464e+00
Reset re-loads circuit * monte-carlo-untrimmed monte carlo deck (config=mos) -- generated by sim/monte-carlo-untrimmed/run_mc_untrimmed.py, do not edit

Circuit: * monte-carlo-untrimmed monte carlo deck (config=mos) -- generated by sim/monte-carlo-untrimmed/run_mc_untrimmed.py, do not edit

option SCALE: Scale is set to 1e-06 for instance and model parameters
option SCALE: Scale is set to 1e-06 for instance and model parameters
option SCALE: Scale is set to 1e-06 for instance and model parameters
option SCALE: Scale is set to 1e-06 for instance and model parameters
Doing analysis at TEMP = 27.000000 and TNOM = 27.000000

Using KLU as Direct Linear Solver

No. of Data Rows : 1
vout = 1.201314e+00
vgdrv = 2.036903e+00
Reset re-loads circuit * monte-carlo-untrimmed monte carlo deck (config=mos) -- generated by sim/monte-carlo-untrimmed/run_mc_untrimmed.py, do not edit

Circuit: * monte-carlo-untrimmed monte carlo deck (config=mos) -- generated by sim/monte-carlo-untrimmed/run_mc_untrimmed.py, do not edit

option SCALE: Scale is set to 1e-06 for instance and model parameters
option SCALE: Scale is set to 1e-06 for instance and model parameters
option SCALE: Scale is set to 1e-06 for instance and model parameters
option SCALE: Scale is set to 1e-06 for instance and model parameters
Doing analysis at TEMP = 27.000000 and TNOM = 27.000000

Using KLU as Direct Linear Solver

No. of Data Rows : 1
vout = 1.203610e+00
vgdrv = 2.035436e+00
Reset re-loads circuit * monte-carlo-untrimmed monte carlo deck (config=mos) -- generated by sim/monte-carlo-untrimmed/run_mc_untrimmed.py, do not edit

Circuit: * monte-carlo-untrimmed monte carlo deck (config=mos) -- generated by sim/monte-carlo-untrimmed/run_mc_untrimmed.py, do not edit

option SCALE: Scale is set to 1e-06 for instance and model parameters
option SCALE: Scale is set to 1e-06 for instance and model parameters
option SCALE: Scale is set to 1e-06 for instance and model parameters
option SCALE: Scale is set to 1e-06 for instance and model parameters
Doing analysis at TEMP = 27.000000 and TNOM = 27.000000

Using KLU as Direct Linear Solver
 Reference value :  0.00000e+00
No. of Data Rows : 1
vout = 1.199751e+00
vgdrv = 2.031413e+00
Reset re-loads circuit * monte-carlo-untrimmed monte carlo deck (config=mos) -- generated by sim/monte-carlo-untrimmed/run_mc_untrimmed.py, do not edit

Circuit: * monte-carlo-untrimmed monte carlo deck (config=mos) -- generated by sim/monte-carlo-untrimmed/run_mc_untrimmed.py, do not edit

option SCALE: Scale is set to 1e-06 for instance and model parameters
option SCALE: Scale is set to 1e-06 for instance and model parameters
option SCALE: Scale is set to 1e-06 for instance and model parameters
option SCALE: Scale is set to 1e-06 for instance and model parameters
Doing analysis at TEMP = 27.000000 and TNOM = 27.000000

Using KLU as Direct Linear Solver

No. of Data Rows : 1
vout = 1.190832e+00
vgdrv = 2.035401e+00
Reset re-loads circuit * monte-carlo-untrimmed monte carlo deck (config=mos) -- generated by sim/monte-carlo-untrimmed/run_mc_untrimmed.py, do not edit

Circuit: * monte-carlo-untrimmed monte carlo deck (config=mos) -- generated by sim/monte-carlo-untrimmed/run_mc_untrimmed.py, do not edit

option SCALE: Scale is set to 1e-06 for instance and model parameters
option SCALE: Scale is set to 1e-06 for instance and model parameters
option SCALE: Scale is set to 1e-06 for instance and model parameters
option SCALE: Scale is set to 1e-06 for instance and model parameters
Doing analysis at TEMP = 27.000000 and TNOM = 27.000000

Using KLU as Direct Linear Solver

No. of Data Rows : 1
vout = 1.199792e+00
vgdrv = 2.034467e+00
Reset re-loads circuit * monte-carlo-untrimmed monte carlo deck (config=mos) -- generated by sim/monte-carlo-untrimmed/run_mc_untrimmed.py, do not edit

Circuit: * monte-carlo-untrimmed monte carlo deck (config=mos) -- generated by sim/monte-carlo-untrimmed/run_mc_untrimmed.py, do not edit

option SCALE: Scale is set to 1e-06 for instance and model parameters
option SCALE: Scale is set to 1e-06 for instance and model parameters
option SCALE: Scale is set to 1e-06 for instance and model parameters
option SCALE: Scale is set to 1e-06 for instance and model parameters
Doing analysis at TEMP = 27.000000 and TNOM = 27.000000

Using KLU as Direct Linear Solver

No. of Data Rows : 1
vout = 1.205624e+00
vgdrv = 2.036678e+00
Reset re-loads circuit * monte-carlo-untrimmed monte carlo deck (config=mos) -- generated by sim/monte-carlo-untrimmed/run_mc_untrimmed.py, do not edit

Circuit: * monte-carlo-untrimmed monte carlo deck (config=mos) -- generated by sim/monte-carlo-untrimmed/run_mc_untrimmed.py, do not edit

option SCALE: Scale is set to 1e-06 for instance and model parameters
option SCALE: Scale is set to 1e-06 for instance and model parameters
option SCALE: Scale is set to 1e-06 for instance and model parameters
option SCALE: Scale is set to 1e-06 for instance and model parameters
Doing analysis at TEMP = 27.000000 and TNOM = 27.000000

Using KLU as Direct Linear Solver

No. of Data Rows : 1
vout = 1.198970e+00
vgdrv = 2.033415e+00
Reset re-loads circuit * monte-carlo-untrimmed monte carlo deck (config=mos) -- generated by sim/monte-carlo-untrimmed/run_mc_untrimmed.py, do not edit

Circuit: * monte-carlo-untrimmed monte carlo deck (config=mos) -- generated by sim/monte-carlo-untrimmed/run_mc_untrimmed.py, do not edit

option SCALE: Scale is set to 1e-06 for instance and model parameters
option SCALE: Scale is set to 1e-06 for instance and model parameters
option SCALE: Scale is set to 1e-06 for instance and model parameters
option SCALE: Scale is set to 1e-06 for instance and model parameters
Doing analysis at TEMP = 27.000000 and TNOM = 27.000000

Using KLU as Direct Linear Solver

No. of Data Rows : 1
vout = 1.192490e+00
vgdrv = 2.035513e+00
Reset re-loads circuit * monte-carlo-untrimmed monte carlo deck (config=mos) -- generated by sim/monte-carlo-untrimmed/run_mc_untrimmed.py, do not edit

Circuit: * monte-carlo-untrimmed monte carlo deck (config=mos) -- generated by sim/monte-carlo-untrimmed/run_mc_untrimmed.py, do not edit

option SCALE: Scale is set to 1e-06 for instance and model parameters
option SCALE: Scale is set to 1e-06 for instance and model parameters
option SCALE: Scale is set to 1e-06 for instance and model parameters
option SCALE: Scale is set to 1e-06 for instance and model parameters
Doing analysis at TEMP = 27.000000 and TNOM = 27.000000

Using KLU as Direct Linear Solver
 Reference value :  0.00000e+00
No. of Data Rows : 1
vout = 1.196571e+00
vgdrv = 2.034858e+00
Reset re-loads circuit * monte-carlo-untrimmed monte carlo deck (config=mos) -- generated by sim/monte-carlo-untrimmed/run_mc_untrimmed.py, do not edit

Circuit: * monte-carlo-untrimmed monte carlo deck (config=mos) -- generated by sim/monte-carlo-untrimmed/run_mc_untrimmed.py, do not edit

option SCALE: Scale is set to 1e-06 for instance and model parameters
option SCALE: Scale is set to 1e-06 for instance and model parameters
option SCALE: Scale is set to 1e-06 for instance and model parameters
option SCALE: Scale is set to 1e-06 for instance and model parameters
Doing analysis at TEMP = 27.000000 and TNOM = 27.000000

Using KLU as Direct Linear Solver

No. of Data Rows : 1
vout = 1.200008e+00
vgdrv = 2.037624e+00
Reset re-loads circuit * monte-carlo-untrimmed monte carlo deck (config=mos) -- generated by sim/monte-carlo-untrimmed/run_mc_untrimmed.py, do not edit

Circuit: * monte-carlo-untrimmed monte carlo deck (config=mos) -- generated by sim/monte-carlo-untrimmed/run_mc_untrimmed.py, do not edit

option SCALE: Scale is set to 1e-06 for instance and model parameters
option SCALE: Scale is set to 1e-06 for instance and model parameters
option SCALE: Scale is set to 1e-06 for instance and model parameters
option SCALE: Scale is set to 1e-06 for instance and model parameters
Doing analysis at TEMP = 27.000000 and TNOM = 27.000000

Using KLU as Direct Linear Solver
 Reference value :  0.00000e+00
No. of Data Rows : 1
vout = 1.203473e+00
vgdrv = 2.037223e+00
Reset re-loads circuit * monte-carlo-untrimmed monte carlo deck (config=mos) -- generated by sim/monte-carlo-untrimmed/run_mc_untrimmed.py, do not edit

Circuit: * monte-carlo-untrimmed monte carlo deck (config=mos) -- generated by sim/monte-carlo-untrimmed/run_mc_untrimmed.py, do not edit

option SCALE: Scale is set to 1e-06 for instance and model parameters
option SCALE: Scale is set to 1e-06 for instance and model parameters
option SCALE: Scale is set to 1e-06 for instance and model parameters
option SCALE: Scale is set to 1e-06 for instance and model parameters
Doing analysis at TEMP = 27.000000 and TNOM = 27.000000

Using KLU as Direct Linear Solver

No. of Data Rows : 1
vout = 1.196150e+00
vgdrv = 2.036080e+00
Reset re-loads circuit * monte-carlo-untrimmed monte carlo deck (config=mos) -- generated by sim/monte-carlo-untrimmed/run_mc_untrimmed.py, do not edit

Circuit: * monte-carlo-untrimmed monte carlo deck (config=mos) -- generated by sim/monte-carlo-untrimmed/run_mc_untrimmed.py, do not edit

option SCALE: Scale is set to 1e-06 for instance and model parameters
option SCALE: Scale is set to 1e-06 for instance and model parameters
option SCALE: Scale is set to 1e-06 for instance and model parameters
option SCALE: Scale is set to 1e-06 for instance and model parameters
Doing analysis at TEMP = 27.000000 and TNOM = 27.000000

Using KLU as Direct Linear Solver

No. of Data Rows : 1
vout = 1.200231e+00
vgdrv = 2.036561e+00
Reset re-loads circuit * monte-carlo-untrimmed monte carlo deck (config=mos) -- generated by sim/monte-carlo-untrimmed/run_mc_untrimmed.py, do not edit

Circuit: * monte-carlo-untrimmed monte carlo deck (config=mos) -- generated by sim/monte-carlo-untrimmed/run_mc_untrimmed.py, do not edit

option SCALE: Scale is set to 1e-06 for instance and model parameters
option SCALE: Scale is set to 1e-06 for instance and model parameters
option SCALE: Scale is set to 1e-06 for instance and model parameters
option SCALE: Scale is set to 1e-06 for instance and model parameters
Doing analysis at TEMP = 27.000000 and TNOM = 27.000000

Using KLU as Direct Linear Solver

No. of Data Rows : 1
vout = 1.204553e+00
vgdrv = 2.033496e+00
Reset re-loads circuit * monte-carlo-untrimmed monte carlo deck (config=mos) -- generated by sim/monte-carlo-untrimmed/run_mc_untrimmed.py, do not edit

Circuit: * monte-carlo-untrimmed monte carlo deck (config=mos) -- generated by sim/monte-carlo-untrimmed/run_mc_untrimmed.py, do not edit

option SCALE: Scale is set to 1e-06 for instance and model parameters
option SCALE: Scale is set to 1e-06 for instance and model parameters
option SCALE: Scale is set to 1e-06 for instance and model parameters
option SCALE: Scale is set to 1e-06 for instance and model parameters
Doing analysis at TEMP = 27.000000 and TNOM = 27.000000

Using KLU as Direct Linear Solver

No. of Data Rows : 1
vout = 1.197426e+00
vgdrv = 2.037801e+00
Reset re-loads circuit * monte-carlo-untrimmed monte carlo deck (config=mos) -- generated by sim/monte-carlo-untrimmed/run_mc_untrimmed.py, do not edit

Circuit: * monte-carlo-untrimmed monte carlo deck (config=mos) -- generated by sim/monte-carlo-untrimmed/run_mc_untrimmed.py, do not edit

option SCALE: Scale is set to 1e-06 for instance and model parameters
option SCALE: Scale is set to 1e-06 for instance and model parameters
option SCALE: Scale is set to 1e-06 for instance and model parameters
option SCALE: Scale is set to 1e-06 for instance and model parameters
Doing analysis at TEMP = 27.000000 and TNOM = 27.000000

Using KLU as Direct Linear Solver

No. of Data Rows : 1
vout = 1.209881e+00
vgdrv = 2.034740e+00
Reset re-loads circuit * monte-carlo-untrimmed monte carlo deck (config=mos) -- generated by sim/monte-carlo-untrimmed/run_mc_untrimmed.py, do not edit

Circuit: * monte-carlo-untrimmed monte carlo deck (config=mos) -- generated by sim/monte-carlo-untrimmed/run_mc_untrimmed.py, do not edit

option SCALE: Scale is set to 1e-06 for instance and model parameters
option SCALE: Scale is set to 1e-06 for instance and model parameters
option SCALE: Scale is set to 1e-06 for instance and model parameters
option SCALE: Scale is set to 1e-06 for instance and model parameters
Doing analysis at TEMP = 27.000000 and TNOM = 27.000000

Using KLU as Direct Linear Solver
 Reference value :  0.00000e+00
No. of Data Rows : 1
vout = 1.195420e+00
vgdrv = 2.038527e+00
Reset re-loads circuit * monte-carlo-untrimmed monte carlo deck (config=mos) -- generated by sim/monte-carlo-untrimmed/run_mc_untrimmed.py, do not edit

Circuit: * monte-carlo-untrimmed monte carlo deck (config=mos) -- generated by sim/monte-carlo-untrimmed/run_mc_untrimmed.py, do not edit

option SCALE: Scale is set to 1e-06 for instance and model parameters
option SCALE: Scale is set to 1e-06 for instance and model parameters
option SCALE: Scale is set to 1e-06 for instance and model parameters
option SCALE: Scale is set to 1e-06 for instance and model parameters
Doing analysis at TEMP = 27.000000 and TNOM = 27.000000

Using KLU as Direct Linear Solver

No. of Data Rows : 1
vout = 1.202673e+00
vgdrv = 2.035283e+00
Reset re-loads circuit * monte-carlo-untrimmed monte carlo deck (config=mos) -- generated by sim/monte-carlo-untrimmed/run_mc_untrimmed.py, do not edit

Circuit: * monte-carlo-untrimmed monte carlo deck (config=mos) -- generated by sim/monte-carlo-untrimmed/run_mc_untrimmed.py, do not edit

option SCALE: Scale is set to 1e-06 for instance and model parameters
option SCALE: Scale is set to 1e-06 for instance and model parameters
option SCALE: Scale is set to 1e-06 for instance and model parameters
option SCALE: Scale is set to 1e-06 for instance and model parameters
Doing analysis at TEMP = 27.000000 and TNOM = 27.000000

Using KLU as Direct Linear Solver

No. of Data Rows : 1
vout = 1.197809e+00
vgdrv = 2.039868e+00
Reset re-loads circuit * monte-carlo-untrimmed monte carlo deck (config=mos) -- generated by sim/monte-carlo-untrimmed/run_mc_untrimmed.py, do not edit

Circuit: * monte-carlo-untrimmed monte carlo deck (config=mos) -- generated by sim/monte-carlo-untrimmed/run_mc_untrimmed.py, do not edit

option SCALE: Scale is set to 1e-06 for instance and model parameters
option SCALE: Scale is set to 1e-06 for instance and model parameters
option SCALE: Scale is set to 1e-06 for instance and model parameters
option SCALE: Scale is set to 1e-06 for instance and model parameters
Doing analysis at TEMP = 27.000000 and TNOM = 27.000000

Using KLU as Direct Linear Solver

No. of Data Rows : 1
vout = 1.208864e+00
vgdrv = 2.034903e+00
Reset re-loads circuit * monte-carlo-untrimmed monte carlo deck (config=mos) -- generated by sim/monte-carlo-untrimmed/run_mc_untrimmed.py, do not edit

Circuit: * monte-carlo-untrimmed monte carlo deck (config=mos) -- generated by sim/monte-carlo-untrimmed/run_mc_untrimmed.py, do not edit

option SCALE: Scale is set to 1e-06 for instance and model parameters
option SCALE: Scale is set to 1e-06 for instance and model parameters
option SCALE: Scale is set to 1e-06 for instance and model parameters
option SCALE: Scale is set to 1e-06 for instance and model parameters
Doing analysis at TEMP = 27.000000 and TNOM = 27.000000

Using KLU as Direct Linear Solver

No. of Data Rows : 1
vout = 1.201596e+00
vgdrv = 2.033143e+00
Reset re-loads circuit * monte-carlo-untrimmed monte carlo deck (config=mos) -- generated by sim/monte-carlo-untrimmed/run_mc_untrimmed.py, do not edit

Circuit: * monte-carlo-untrimmed monte carlo deck (config=mos) -- generated by sim/monte-carlo-untrimmed/run_mc_untrimmed.py, do not edit

option SCALE: Scale is set to 1e-06 for instance and model parameters
option SCALE: Scale is set to 1e-06 for instance and model parameters
option SCALE: Scale is set to 1e-06 for instance and model parameters
option SCALE: Scale is set to 1e-06 for instance and model parameters
Doing analysis at TEMP = 27.000000 and TNOM = 27.000000

Using KLU as Direct Linear Solver

No. of Data Rows : 1
vout = 1.193228e+00
vgdrv = 2.040088e+00
Reset re-loads circuit * monte-carlo-untrimmed monte carlo deck (config=mos) -- generated by sim/monte-carlo-untrimmed/run_mc_untrimmed.py, do not edit

Circuit: * monte-carlo-untrimmed monte carlo deck (config=mos) -- generated by sim/monte-carlo-untrimmed/run_mc_untrimmed.py, do not edit

option SCALE: Scale is set to 1e-06 for instance and model parameters
option SCALE: Scale is set to 1e-06 for instance and model parameters
option SCALE: Scale is set to 1e-06 for instance and model parameters
option SCALE: Scale is set to 1e-06 for instance and model parameters
Doing analysis at TEMP = 27.000000 and TNOM = 27.000000

Using KLU as Direct Linear Solver
 Reference value :  0.00000e+00
No. of Data Rows : 1
vout = 1.198651e+00
vgdrv = 2.033537e+00
Reset re-loads circuit * monte-carlo-untrimmed monte carlo deck (config=mos) -- generated by sim/monte-carlo-untrimmed/run_mc_untrimmed.py, do not edit

Circuit: * monte-carlo-untrimmed monte carlo deck (config=mos) -- generated by sim/monte-carlo-untrimmed/run_mc_untrimmed.py, do not edit

option SCALE: Scale is set to 1e-06 for instance and model parameters
option SCALE: Scale is set to 1e-06 for instance and model parameters
option SCALE: Scale is set to 1e-06 for instance and model parameters
option SCALE: Scale is set to 1e-06 for instance and model parameters
Doing analysis at TEMP = 27.000000 and TNOM = 27.000000

Using KLU as Direct Linear Solver

No. of Data Rows : 1
vout = 1.197658e+00
vgdrv = 2.037829e+00
Reset re-loads circuit * monte-carlo-untrimmed monte carlo deck (config=mos) -- generated by sim/monte-carlo-untrimmed/run_mc_untrimmed.py, do not edit

Circuit: * monte-carlo-untrimmed monte carlo deck (config=mos) -- generated by sim/monte-carlo-untrimmed/run_mc_untrimmed.py, do not edit

option SCALE: Scale is set to 1e-06 for instance and model parameters
option SCALE: Scale is set to 1e-06 for instance and model parameters
option SCALE: Scale is set to 1e-06 for instance and model parameters
option SCALE: Scale is set to 1e-06 for instance and model parameters
Doing analysis at TEMP = 27.000000 and TNOM = 27.000000

Using KLU as Direct Linear Solver

No. of Data Rows : 1
vout = 1.189422e+00
vgdrv = 2.036286e+00
Reset re-loads circuit * monte-carlo-untrimmed monte carlo deck (config=mos) -- generated by sim/monte-carlo-untrimmed/run_mc_untrimmed.py, do not edit

Circuit: * monte-carlo-untrimmed monte carlo deck (config=mos) -- generated by sim/monte-carlo-untrimmed/run_mc_untrimmed.py, do not edit

option SCALE: Scale is set to 1e-06 for instance and model parameters
option SCALE: Scale is set to 1e-06 for instance and model parameters
option SCALE: Scale is set to 1e-06 for instance and model parameters
option SCALE: Scale is set to 1e-06 for instance and model parameters
Doing analysis at TEMP = 27.000000 and TNOM = 27.000000

Using KLU as Direct Linear Solver

No. of Data Rows : 1
vout = 1.199298e+00
vgdrv = 2.035416e+00
Reset re-loads circuit * monte-carlo-untrimmed monte carlo deck (config=mos) -- generated by sim/monte-carlo-untrimmed/run_mc_untrimmed.py, do not edit

Circuit: * monte-carlo-untrimmed monte carlo deck (config=mos) -- generated by sim/monte-carlo-untrimmed/run_mc_untrimmed.py, do not edit

option SCALE: Scale is set to 1e-06 for instance and model parameters
option SCALE: Scale is set to 1e-06 for instance and model parameters
option SCALE: Scale is set to 1e-06 for instance and model parameters
option SCALE: Scale is set to 1e-06 for instance and model parameters
Doing analysis at TEMP = 27.000000 and TNOM = 27.000000

Using KLU as Direct Linear Solver

No. of Data Rows : 1
vout = 1.199550e+00
vgdrv = 2.031340e+00
Reset re-loads circuit * monte-carlo-untrimmed monte carlo deck (config=mos) -- generated by sim/monte-carlo-untrimmed/run_mc_untrimmed.py, do not edit

Circuit: * monte-carlo-untrimmed monte carlo deck (config=mos) -- generated by sim/monte-carlo-untrimmed/run_mc_untrimmed.py, do not edit

option SCALE: Scale is set to 1e-06 for instance and model parameters
option SCALE: Scale is set to 1e-06 for instance and model parameters
option SCALE: Scale is set to 1e-06 for instance and model parameters
option SCALE: Scale is set to 1e-06 for instance and model parameters
Doing analysis at TEMP = 27.000000 and TNOM = 27.000000

Using KLU as Direct Linear Solver

No. of Data Rows : 1
vout = 1.197413e+00
vgdrv = 2.035703e+00
Reset re-loads circuit * monte-carlo-untrimmed monte carlo deck (config=mos) -- generated by sim/monte-carlo-untrimmed/run_mc_untrimmed.py, do not edit

Circuit: * monte-carlo-untrimmed monte carlo deck (config=mos) -- generated by sim/monte-carlo-untrimmed/run_mc_untrimmed.py, do not edit

option SCALE: Scale is set to 1e-06 for instance and model parameters
option SCALE: Scale is set to 1e-06 for instance and model parameters
option SCALE: Scale is set to 1e-06 for instance and model parameters
option SCALE: Scale is set to 1e-06 for instance and model parameters
Doing analysis at TEMP = 27.000000 and TNOM = 27.000000

Using KLU as Direct Linear Solver
 Reference value :  0.00000e+00
No. of Data Rows : 1
vout = 1.196435e+00
vgdrv = 2.042239e+00
Reset re-loads circuit * monte-carlo-untrimmed monte carlo deck (config=mos) -- generated by sim/monte-carlo-untrimmed/run_mc_untrimmed.py, do not edit

Circuit: * monte-carlo-untrimmed monte carlo deck (config=mos) -- generated by sim/monte-carlo-untrimmed/run_mc_untrimmed.py, do not edit

option SCALE: Scale is set to 1e-06 for instance and model parameters
option SCALE: Scale is set to 1e-06 for instance and model parameters
option SCALE: Scale is set to 1e-06 for instance and model parameters
option SCALE: Scale is set to 1e-06 for instance and model parameters
Doing analysis at TEMP = 27.000000 and TNOM = 27.000000

Using KLU as Direct Linear Solver

No. of Data Rows : 1
vout = 1.208682e+00
vgdrv = 2.032850e+00
Reset re-loads circuit * monte-carlo-untrimmed monte carlo deck (config=mos) -- generated by sim/monte-carlo-untrimmed/run_mc_untrimmed.py, do not edit

Circuit: * monte-carlo-untrimmed monte carlo deck (config=mos) -- generated by sim/monte-carlo-untrimmed/run_mc_untrimmed.py, do not edit

option SCALE: Scale is set to 1e-06 for instance and model parameters
option SCALE: Scale is set to 1e-06 for instance and model parameters
option SCALE: Scale is set to 1e-06 for instance and model parameters
option SCALE: Scale is set to 1e-06 for instance and model parameters
Doing analysis at TEMP = 27.000000 and TNOM = 27.000000

Using KLU as Direct Linear Solver

No. of Data Rows : 1
vout = 1.200929e+00
vgdrv = 2.040531e+00
Reset re-loads circuit * monte-carlo-untrimmed monte carlo deck (config=mos) -- generated by sim/monte-carlo-untrimmed/run_mc_untrimmed.py, do not edit

Circuit: * monte-carlo-untrimmed monte carlo deck (config=mos) -- generated by sim/monte-carlo-untrimmed/run_mc_untrimmed.py, do not edit

option SCALE: Scale is set to 1e-06 for instance and model parameters
option SCALE: Scale is set to 1e-06 for instance and model parameters
option SCALE: Scale is set to 1e-06 for instance and model parameters
option SCALE: Scale is set to 1e-06 for instance and model parameters
Doing analysis at TEMP = 27.000000 and TNOM = 27.000000

Using KLU as Direct Linear Solver

No. of Data Rows : 1
vout = 1.195638e+00
vgdrv = 2.036714e+00
Reset re-loads circuit * monte-carlo-untrimmed monte carlo deck (config=mos) -- generated by sim/monte-carlo-untrimmed/run_mc_untrimmed.py, do not edit

Circuit: * monte-carlo-untrimmed monte carlo deck (config=mos) -- generated by sim/monte-carlo-untrimmed/run_mc_untrimmed.py, do not edit

option SCALE: Scale is set to 1e-06 for instance and model parameters
option SCALE: Scale is set to 1e-06 for instance and model parameters
option SCALE: Scale is set to 1e-06 for instance and model parameters
option SCALE: Scale is set to 1e-06 for instance and model parameters
Doing analysis at TEMP = 27.000000 and TNOM = 27.000000

Using KLU as Direct Linear Solver

No. of Data Rows : 1
vout = 1.202999e+00
vgdrv = 2.034506e+00
Reset re-loads circuit * monte-carlo-untrimmed monte carlo deck (config=mos) -- generated by sim/monte-carlo-untrimmed/run_mc_untrimmed.py, do not edit

Circuit: * monte-carlo-untrimmed monte carlo deck (config=mos) -- generated by sim/monte-carlo-untrimmed/run_mc_untrimmed.py, do not edit

option SCALE: Scale is set to 1e-06 for instance and model parameters
option SCALE: Scale is set to 1e-06 for instance and model parameters
option SCALE: Scale is set to 1e-06 for instance and model parameters
option SCALE: Scale is set to 1e-06 for instance and model parameters
Doing analysis at TEMP = 27.000000 and TNOM = 27.000000

Using KLU as Direct Linear Solver

No. of Data Rows : 1
vout = 1.205726e+00
vgdrv = 2.035687e+00
Reset re-loads circuit * monte-carlo-untrimmed monte carlo deck (config=mos) -- generated by sim/monte-carlo-untrimmed/run_mc_untrimmed.py, do not edit

Circuit: * monte-carlo-untrimmed monte carlo deck (config=mos) -- generated by sim/monte-carlo-untrimmed/run_mc_untrimmed.py, do not edit

option SCALE: Scale is set to 1e-06 for instance and model parameters
option SCALE: Scale is set to 1e-06 for instance and model parameters
option SCALE: Scale is set to 1e-06 for instance and model parameters
option SCALE: Scale is set to 1e-06 for instance and model parameters
Doing analysis at TEMP = 27.000000 and TNOM = 27.000000

Using KLU as Direct Linear Solver
 Reference value :  0.00000e+00
No. of Data Rows : 1
vout = 1.194629e+00
vgdrv = 2.038547e+00
Reset re-loads circuit * monte-carlo-untrimmed monte carlo deck (config=mos) -- generated by sim/monte-carlo-untrimmed/run_mc_untrimmed.py, do not edit

Circuit: * monte-carlo-untrimmed monte carlo deck (config=mos) -- generated by sim/monte-carlo-untrimmed/run_mc_untrimmed.py, do not edit

option SCALE: Scale is set to 1e-06 for instance and model parameters
option SCALE: Scale is set to 1e-06 for instance and model parameters
option SCALE: Scale is set to 1e-06 for instance and model parameters
option SCALE: Scale is set to 1e-06 for instance and model parameters
Doing analysis at TEMP = 27.000000 and TNOM = 27.000000

Using KLU as Direct Linear Solver

No. of Data Rows : 1
vout = 1.197563e+00
vgdrv = 2.040438e+00
Reset re-loads circuit * monte-carlo-untrimmed monte carlo deck (config=mos) -- generated by sim/monte-carlo-untrimmed/run_mc_untrimmed.py, do not edit

Circuit: * monte-carlo-untrimmed monte carlo deck (config=mos) -- generated by sim/monte-carlo-untrimmed/run_mc_untrimmed.py, do not edit

option SCALE: Scale is set to 1e-06 for instance and model parameters
option SCALE: Scale is set to 1e-06 for instance and model parameters
option SCALE: Scale is set to 1e-06 for instance and model parameters
option SCALE: Scale is set to 1e-06 for instance and model parameters
Doing analysis at TEMP = 27.000000 and TNOM = 27.000000

Using KLU as Direct Linear Solver

No. of Data Rows : 1
vout = 1.200370e+00
vgdrv = 2.036813e+00
Reset re-loads circuit * monte-carlo-untrimmed monte carlo deck (config=mos) -- generated by sim/monte-carlo-untrimmed/run_mc_untrimmed.py, do not edit

Circuit: * monte-carlo-untrimmed monte carlo deck (config=mos) -- generated by sim/monte-carlo-untrimmed/run_mc_untrimmed.py, do not edit

option SCALE: Scale is set to 1e-06 for instance and model parameters
option SCALE: Scale is set to 1e-06 for instance and model parameters
option SCALE: Scale is set to 1e-06 for instance and model parameters
option SCALE: Scale is set to 1e-06 for instance and model parameters
Doing analysis at TEMP = 27.000000 and TNOM = 27.000000

Using KLU as Direct Linear Solver

No. of Data Rows : 1
vout = 1.201353e+00
vgdrv = 2.032015e+00
Reset re-loads circuit * monte-carlo-untrimmed monte carlo deck (config=mos) -- generated by sim/monte-carlo-untrimmed/run_mc_untrimmed.py, do not edit

Circuit: * monte-carlo-untrimmed monte carlo deck (config=mos) -- generated by sim/monte-carlo-untrimmed/run_mc_untrimmed.py, do not edit

option SCALE: Scale is set to 1e-06 for instance and model parameters
option SCALE: Scale is set to 1e-06 for instance and model parameters
option SCALE: Scale is set to 1e-06 for instance and model parameters
option SCALE: Scale is set to 1e-06 for instance and model parameters
Doing analysis at TEMP = 27.000000 and TNOM = 27.000000

Using KLU as Direct Linear Solver

No. of Data Rows : 1
vout = 1.200834e+00
vgdrv = 2.034809e+00
Reset re-loads circuit * monte-carlo-untrimmed monte carlo deck (config=mos) -- generated by sim/monte-carlo-untrimmed/run_mc_untrimmed.py, do not edit

Circuit: * monte-carlo-untrimmed monte carlo deck (config=mos) -- generated by sim/monte-carlo-untrimmed/run_mc_untrimmed.py, do not edit

option SCALE: Scale is set to 1e-06 for instance and model parameters
option SCALE: Scale is set to 1e-06 for instance and model parameters
option SCALE: Scale is set to 1e-06 for instance and model parameters
option SCALE: Scale is set to 1e-06 for instance and model parameters
Doing analysis at TEMP = 27.000000 and TNOM = 27.000000

Using KLU as Direct Linear Solver

No. of Data Rows : 1
vout = 1.195824e+00
vgdrv = 2.039972e+00
Reset re-loads circuit * monte-carlo-untrimmed monte carlo deck (config=mos) -- generated by sim/monte-carlo-untrimmed/run_mc_untrimmed.py, do not edit

Circuit: * monte-carlo-untrimmed monte carlo deck (config=mos) -- generated by sim/monte-carlo-untrimmed/run_mc_untrimmed.py, do not edit

option SCALE: Scale is set to 1e-06 for instance and model parameters
option SCALE: Scale is set to 1e-06 for instance and model parameters
option SCALE: Scale is set to 1e-06 for instance and model parameters
option SCALE: Scale is set to 1e-06 for instance and model parameters
Doing analysis at TEMP = 27.000000 and TNOM = 27.000000

Using KLU as Direct Linear Solver
 Reference value :  0.00000e+00
No. of Data Rows : 1
vout = 1.196727e+00
vgdrv = 2.040345e+00
Reset re-loads circuit * monte-carlo-untrimmed monte carlo deck (config=mos) -- generated by sim/monte-carlo-untrimmed/run_mc_untrimmed.py, do not edit

Circuit: * monte-carlo-untrimmed monte carlo deck (config=mos) -- generated by sim/monte-carlo-untrimmed/run_mc_untrimmed.py, do not edit

option SCALE: Scale is set to 1e-06 for instance and model parameters
option SCALE: Scale is set to 1e-06 for instance and model parameters
option SCALE: Scale is set to 1e-06 for instance and model parameters
option SCALE: Scale is set to 1e-06 for instance and model parameters
Doing analysis at TEMP = 27.000000 and TNOM = 27.000000

Using KLU as Direct Linear Solver

No. of Data Rows : 1
vout = 1.208484e+00
vgdrv = 2.034379e+00
Reset re-loads circuit * monte-carlo-untrimmed monte carlo deck (config=mos) -- generated by sim/monte-carlo-untrimmed/run_mc_untrimmed.py, do not edit

Circuit: * monte-carlo-untrimmed monte carlo deck (config=mos) -- generated by sim/monte-carlo-untrimmed/run_mc_untrimmed.py, do not edit

option SCALE: Scale is set to 1e-06 for instance and model parameters
option SCALE: Scale is set to 1e-06 for instance and model parameters
option SCALE: Scale is set to 1e-06 for instance and model parameters
option SCALE: Scale is set to 1e-06 for instance and model parameters
Doing analysis at TEMP = 27.000000 and TNOM = 27.000000

Using KLU as Direct Linear Solver

No. of Data Rows : 1
vout = 1.196581e+00
vgdrv = 2.039782e+00
Reset re-loads circuit * monte-carlo-untrimmed monte carlo deck (config=mos) -- generated by sim/monte-carlo-untrimmed/run_mc_untrimmed.py, do not edit

Circuit: * monte-carlo-untrimmed monte carlo deck (config=mos) -- generated by sim/monte-carlo-untrimmed/run_mc_untrimmed.py, do not edit

option SCALE: Scale is set to 1e-06 for instance and model parameters
option SCALE: Scale is set to 1e-06 for instance and model parameters
option SCALE: Scale is set to 1e-06 for instance and model parameters
option SCALE: Scale is set to 1e-06 for instance and model parameters
Doing analysis at TEMP = 27.000000 and TNOM = 27.000000

Using KLU as Direct Linear Solver

No. of Data Rows : 1
vout = 1.195457e+00
vgdrv = 2.036922e+00
Reset re-loads circuit * monte-carlo-untrimmed monte carlo deck (config=mos) -- generated by sim/monte-carlo-untrimmed/run_mc_untrimmed.py, do not edit

Circuit: * monte-carlo-untrimmed monte carlo deck (config=mos) -- generated by sim/monte-carlo-untrimmed/run_mc_untrimmed.py, do not edit

option SCALE: Scale is set to 1e-06 for instance and model parameters
option SCALE: Scale is set to 1e-06 for instance and model parameters
option SCALE: Scale is set to 1e-06 for instance and model parameters
option SCALE: Scale is set to 1e-06 for instance and model parameters
Doing analysis at TEMP = 27.000000 and TNOM = 27.000000

Using KLU as Direct Linear Solver

No. of Data Rows : 1
vout = 1.200518e+00
vgdrv = 2.037803e+00
Reset re-loads circuit * monte-carlo-untrimmed monte carlo deck (config=mos) -- generated by sim/monte-carlo-untrimmed/run_mc_untrimmed.py, do not edit

Circuit: * monte-carlo-untrimmed monte carlo deck (config=mos) -- generated by sim/monte-carlo-untrimmed/run_mc_untrimmed.py, do not edit

option SCALE: Scale is set to 1e-06 for instance and model parameters
option SCALE: Scale is set to 1e-06 for instance and model parameters
option SCALE: Scale is set to 1e-06 for instance and model parameters
option SCALE: Scale is set to 1e-06 for instance and model parameters
Doing analysis at TEMP = 27.000000 and TNOM = 27.000000

Using KLU as Direct Linear Solver

No. of Data Rows : 1
vout = 1.198872e+00
vgdrv = 2.038449e+00
Reset re-loads circuit * monte-carlo-untrimmed monte carlo deck (config=mos) -- generated by sim/monte-carlo-untrimmed/run_mc_untrimmed.py, do not edit

Circuit: * monte-carlo-untrimmed monte carlo deck (config=mos) -- generated by sim/monte-carlo-untrimmed/run_mc_untrimmed.py, do not edit

option SCALE: Scale is set to 1e-06 for instance and model parameters
option SCALE: Scale is set to 1e-06 for instance and model parameters
option SCALE: Scale is set to 1e-06 for instance and model parameters
option SCALE: Scale is set to 1e-06 for instance and model parameters
Doing analysis at TEMP = 27.000000 and TNOM = 27.000000

Using KLU as Direct Linear Solver
 Reference value :  0.00000e+00
No. of Data Rows : 1
vout = 1.203952e+00
vgdrv = 2.032498e+00
Reset re-loads circuit * monte-carlo-untrimmed monte carlo deck (config=mos) -- generated by sim/monte-carlo-untrimmed/run_mc_untrimmed.py, do not edit

Circuit: * monte-carlo-untrimmed monte carlo deck (config=mos) -- generated by sim/monte-carlo-untrimmed/run_mc_untrimmed.py, do not edit

option SCALE: Scale is set to 1e-06 for instance and model parameters
option SCALE: Scale is set to 1e-06 for instance and model parameters
option SCALE: Scale is set to 1e-06 for instance and model parameters
option SCALE: Scale is set to 1e-06 for instance and model parameters
Doing analysis at TEMP = 27.000000 and TNOM = 27.000000

Using KLU as Direct Linear Solver

No. of Data Rows : 1
vout = 1.209419e+00
vgdrv = 2.034022e+00
Reset re-loads circuit * monte-carlo-untrimmed monte carlo deck (config=mos) -- generated by sim/monte-carlo-untrimmed/run_mc_untrimmed.py, do not edit

Circuit: * monte-carlo-untrimmed monte carlo deck (config=mos) -- generated by sim/monte-carlo-untrimmed/run_mc_untrimmed.py, do not edit

option SCALE: Scale is set to 1e-06 for instance and model parameters
option SCALE: Scale is set to 1e-06 for instance and model parameters
option SCALE: Scale is set to 1e-06 for instance and model parameters
option SCALE: Scale is set to 1e-06 for instance and model parameters
Doing analysis at TEMP = 27.000000 and TNOM = 27.000000

Using KLU as Direct Linear Solver

No. of Data Rows : 1
vout = 1.198619e+00
vgdrv = 2.039381e+00
Reset re-loads circuit * monte-carlo-untrimmed monte carlo deck (config=mos) -- generated by sim/monte-carlo-untrimmed/run_mc_untrimmed.py, do not edit

Circuit: * monte-carlo-untrimmed monte carlo deck (config=mos) -- generated by sim/monte-carlo-untrimmed/run_mc_untrimmed.py, do not edit

option SCALE: Scale is set to 1e-06 for instance and model parameters
option SCALE: Scale is set to 1e-06 for instance and model parameters
option SCALE: Scale is set to 1e-06 for instance and model parameters
option SCALE: Scale is set to 1e-06 for instance and model parameters
Doing analysis at TEMP = 27.000000 and TNOM = 27.000000

Using KLU as Direct Linear Solver

No. of Data Rows : 1
vout = 1.199150e+00
vgdrv = 2.036582e+00
Reset re-loads circuit * monte-carlo-untrimmed monte carlo deck (config=mos) -- generated by sim/monte-carlo-untrimmed/run_mc_untrimmed.py, do not edit

Circuit: * monte-carlo-untrimmed monte carlo deck (config=mos) -- generated by sim/monte-carlo-untrimmed/run_mc_untrimmed.py, do not edit

option SCALE: Scale is set to 1e-06 for instance and model parameters
option SCALE: Scale is set to 1e-06 for instance and model parameters
option SCALE: Scale is set to 1e-06 for instance and model parameters
option SCALE: Scale is set to 1e-06 for instance and model parameters
Doing analysis at TEMP = 27.000000 and TNOM = 27.000000

Using KLU as Direct Linear Solver

No. of Data Rows : 1
vout = 1.197146e+00
vgdrv = 2.036642e+00
Reset re-loads circuit * monte-carlo-untrimmed monte carlo deck (config=mos) -- generated by sim/monte-carlo-untrimmed/run_mc_untrimmed.py, do not edit

Circuit: * monte-carlo-untrimmed monte carlo deck (config=mos) -- generated by sim/monte-carlo-untrimmed/run_mc_untrimmed.py, do not edit

option SCALE: Scale is set to 1e-06 for instance and model parameters
option SCALE: Scale is set to 1e-06 for instance and model parameters
option SCALE: Scale is set to 1e-06 for instance and model parameters
option SCALE: Scale is set to 1e-06 for instance and model parameters
Doing analysis at TEMP = 27.000000 and TNOM = 27.000000

Using KLU as Direct Linear Solver

No. of Data Rows : 1
vout = 1.203543e+00
vgdrv = 2.034673e+00
Reset re-loads circuit * monte-carlo-untrimmed monte carlo deck (config=mos) -- generated by sim/monte-carlo-untrimmed/run_mc_untrimmed.py, do not edit

Circuit: * monte-carlo-untrimmed monte carlo deck (config=mos) -- generated by sim/monte-carlo-untrimmed/run_mc_untrimmed.py, do not edit

option SCALE: Scale is set to 1e-06 for instance and model parameters
option SCALE: Scale is set to 1e-06 for instance and model parameters
option SCALE: Scale is set to 1e-06 for instance and model parameters
option SCALE: Scale is set to 1e-06 for instance and model parameters
Doing analysis at TEMP = 27.000000 and TNOM = 27.000000

Using KLU as Direct Linear Solver
 Reference value :  0.00000e+00
No. of Data Rows : 1
vout = 1.200259e+00
vgdrv = 2.036623e+00
Reset re-loads circuit * monte-carlo-untrimmed monte carlo deck (config=mos) -- generated by sim/monte-carlo-untrimmed/run_mc_untrimmed.py, do not edit

Circuit: * monte-carlo-untrimmed monte carlo deck (config=mos) -- generated by sim/monte-carlo-untrimmed/run_mc_untrimmed.py, do not edit

option SCALE: Scale is set to 1e-06 for instance and model parameters
option SCALE: Scale is set to 1e-06 for instance and model parameters
option SCALE: Scale is set to 1e-06 for instance and model parameters
option SCALE: Scale is set to 1e-06 for instance and model parameters
Doing analysis at TEMP = 27.000000 and TNOM = 27.000000

Using KLU as Direct Linear Solver

No. of Data Rows : 1
vout = 1.199956e+00
vgdrv = 2.039698e+00
Reset re-loads circuit * monte-carlo-untrimmed monte carlo deck (config=mos) -- generated by sim/monte-carlo-untrimmed/run_mc_untrimmed.py, do not edit

Circuit: * monte-carlo-untrimmed monte carlo deck (config=mos) -- generated by sim/monte-carlo-untrimmed/run_mc_untrimmed.py, do not edit

option SCALE: Scale is set to 1e-06 for instance and model parameters
option SCALE: Scale is set to 1e-06 for instance and model parameters
option SCALE: Scale is set to 1e-06 for instance and model parameters
option SCALE: Scale is set to 1e-06 for instance and model parameters
Doing analysis at TEMP = 27.000000 and TNOM = 27.000000

Using KLU as Direct Linear Solver

No. of Data Rows : 1
vout = 1.199868e+00
vgdrv = 2.033905e+00
Reset re-loads circuit * monte-carlo-untrimmed monte carlo deck (config=mos) -- generated by sim/monte-carlo-untrimmed/run_mc_untrimmed.py, do not edit

Circuit: * monte-carlo-untrimmed monte carlo deck (config=mos) -- generated by sim/monte-carlo-untrimmed/run_mc_untrimmed.py, do not edit

option SCALE: Scale is set to 1e-06 for instance and model parameters
option SCALE: Scale is set to 1e-06 for instance and model parameters
option SCALE: Scale is set to 1e-06 for instance and model parameters
option SCALE: Scale is set to 1e-06 for instance and model parameters
Doing analysis at TEMP = 27.000000 and TNOM = 27.000000

Using KLU as Direct Linear Solver

No. of Data Rows : 1
vout = 1.204091e+00
vgdrv = 2.035364e+00
Reset re-loads circuit * monte-carlo-untrimmed monte carlo deck (config=mos) -- generated by sim/monte-carlo-untrimmed/run_mc_untrimmed.py, do not edit

Circuit: * monte-carlo-untrimmed monte carlo deck (config=mos) -- generated by sim/monte-carlo-untrimmed/run_mc_untrimmed.py, do not edit

option SCALE: Scale is set to 1e-06 for instance and model parameters
option SCALE: Scale is set to 1e-06 for instance and model parameters
option SCALE: Scale is set to 1e-06 for instance and model parameters
option SCALE: Scale is set to 1e-06 for instance and model parameters
Doing analysis at TEMP = 27.000000 and TNOM = 27.000000

Using KLU as Direct Linear Solver

No. of Data Rows : 1
vout = 1.203429e+00
vgdrv = 2.035342e+00
Reset re-loads circuit * monte-carlo-untrimmed monte carlo deck (config=mos) -- generated by sim/monte-carlo-untrimmed/run_mc_untrimmed.py, do not edit

Circuit: * monte-carlo-untrimmed monte carlo deck (config=mos) -- generated by sim/monte-carlo-untrimmed/run_mc_untrimmed.py, do not edit

option SCALE: Scale is set to 1e-06 for instance and model parameters
option SCALE: Scale is set to 1e-06 for instance and model parameters
option SCALE: Scale is set to 1e-06 for instance and model parameters
option SCALE: Scale is set to 1e-06 for instance and model parameters
Doing analysis at TEMP = 27.000000 and TNOM = 27.000000

Using KLU as Direct Linear Solver

No. of Data Rows : 1
vout = 1.196716e+00
vgdrv = 2.035693e+00
Reset re-loads circuit * monte-carlo-untrimmed monte carlo deck (config=mos) -- generated by sim/monte-carlo-untrimmed/run_mc_untrimmed.py, do not edit

Circuit: * monte-carlo-untrimmed monte carlo deck (config=mos) -- generated by sim/monte-carlo-untrimmed/run_mc_untrimmed.py, do not edit

option SCALE: Scale is set to 1e-06 for instance and model parameters
option SCALE: Scale is set to 1e-06 for instance and model parameters
option SCALE: Scale is set to 1e-06 for instance and model parameters
option SCALE: Scale is set to 1e-06 for instance and model parameters
Doing analysis at TEMP = 27.000000 and TNOM = 27.000000

Using KLU as Direct Linear Solver
 Reference value :  0.00000e+00
No. of Data Rows : 1
vout = 1.195203e+00
vgdrv = 2.039015e+00
Reset re-loads circuit * monte-carlo-untrimmed monte carlo deck (config=mos) -- generated by sim/monte-carlo-untrimmed/run_mc_untrimmed.py, do not edit

Circuit: * monte-carlo-untrimmed monte carlo deck (config=mos) -- generated by sim/monte-carlo-untrimmed/run_mc_untrimmed.py, do not edit

option SCALE: Scale is set to 1e-06 for instance and model parameters
option SCALE: Scale is set to 1e-06 for instance and model parameters
option SCALE: Scale is set to 1e-06 for instance and model parameters
option SCALE: Scale is set to 1e-06 for instance and model parameters
Doing analysis at TEMP = 27.000000 and TNOM = 27.000000

Using KLU as Direct Linear Solver

No. of Data Rows : 1
vout = 1.192630e+00
vgdrv = 2.039873e+00
Reset re-loads circuit * monte-carlo-untrimmed monte carlo deck (config=mos) -- generated by sim/monte-carlo-untrimmed/run_mc_untrimmed.py, do not edit

Circuit: * monte-carlo-untrimmed monte carlo deck (config=mos) -- generated by sim/monte-carlo-untrimmed/run_mc_untrimmed.py, do not edit

option SCALE: Scale is set to 1e-06 for instance and model parameters
option SCALE: Scale is set to 1e-06 for instance and model parameters
option SCALE: Scale is set to 1e-06 for instance and model parameters
option SCALE: Scale is set to 1e-06 for instance and model parameters
Doing analysis at TEMP = 27.000000 and TNOM = 27.000000

Using KLU as Direct Linear Solver

No. of Data Rows : 1
vout = 1.203633e+00
vgdrv = 2.036758e+00
Reset re-loads circuit * monte-carlo-untrimmed monte carlo deck (config=mos) -- generated by sim/monte-carlo-untrimmed/run_mc_untrimmed.py, do not edit

Circuit: * monte-carlo-untrimmed monte carlo deck (config=mos) -- generated by sim/monte-carlo-untrimmed/run_mc_untrimmed.py, do not edit

option SCALE: Scale is set to 1e-06 for instance and model parameters
option SCALE: Scale is set to 1e-06 for instance and model parameters
option SCALE: Scale is set to 1e-06 for instance and model parameters
option SCALE: Scale is set to 1e-06 for instance and model parameters
Doing analysis at TEMP = 27.000000 and TNOM = 27.000000

Using KLU as Direct Linear Solver

No. of Data Rows : 1
vout = 1.200180e+00
vgdrv = 2.037563e+00
Reset re-loads circuit * monte-carlo-untrimmed monte carlo deck (config=mos) -- generated by sim/monte-carlo-untrimmed/run_mc_untrimmed.py, do not edit

Circuit: * monte-carlo-untrimmed monte carlo deck (config=mos) -- generated by sim/monte-carlo-untrimmed/run_mc_untrimmed.py, do not edit

option SCALE: Scale is set to 1e-06 for instance and model parameters
option SCALE: Scale is set to 1e-06 for instance and model parameters
option SCALE: Scale is set to 1e-06 for instance and model parameters
option SCALE: Scale is set to 1e-06 for instance and model parameters
Doing analysis at TEMP = 27.000000 and TNOM = 27.000000

Using KLU as Direct Linear Solver
 Reference value :  0.00000e+00
No. of Data Rows : 1
vout = 1.197153e+00
vgdrv = 2.031895e+00
Reset re-loads circuit * monte-carlo-untrimmed monte carlo deck (config=mos) -- generated by sim/monte-carlo-untrimmed/run_mc_untrimmed.py, do not edit

Circuit: * monte-carlo-untrimmed monte carlo deck (config=mos) -- generated by sim/monte-carlo-untrimmed/run_mc_untrimmed.py, do not edit

option SCALE: Scale is set to 1e-06 for instance and model parameters
option SCALE: Scale is set to 1e-06 for instance and model parameters
option SCALE: Scale is set to 1e-06 for instance and model parameters
option SCALE: Scale is set to 1e-06 for instance and model parameters
Doing analysis at TEMP = 27.000000 and TNOM = 27.000000

Using KLU as Direct Linear Solver

No. of Data Rows : 1
vout = 1.200909e+00
vgdrv = 2.035232e+00
Reset re-loads circuit * monte-carlo-untrimmed monte carlo deck (config=mos) -- generated by sim/monte-carlo-untrimmed/run_mc_untrimmed.py, do not edit

Circuit: * monte-carlo-untrimmed monte carlo deck (config=mos) -- generated by sim/monte-carlo-untrimmed/run_mc_untrimmed.py, do not edit

option SCALE: Scale is set to 1e-06 for instance and model parameters
option SCALE: Scale is set to 1e-06 for instance and model parameters
option SCALE: Scale is set to 1e-06 for instance and model parameters
option SCALE: Scale is set to 1e-06 for instance and model parameters
Doing analysis at TEMP = 27.000000 and TNOM = 27.000000

Using KLU as Direct Linear Solver

No. of Data Rows : 1
vout = 1.202332e+00
vgdrv = 2.039210e+00
Reset re-loads circuit * monte-carlo-untrimmed monte carlo deck (config=mos) -- generated by sim/monte-carlo-untrimmed/run_mc_untrimmed.py, do not edit

Circuit: * monte-carlo-untrimmed monte carlo deck (config=mos) -- generated by sim/monte-carlo-untrimmed/run_mc_untrimmed.py, do not edit

option SCALE: Scale is set to 1e-06 for instance and model parameters
option SCALE: Scale is set to 1e-06 for instance and model parameters
option SCALE: Scale is set to 1e-06 for instance and model parameters
option SCALE: Scale is set to 1e-06 for instance and model parameters
Doing analysis at TEMP = 27.000000 and TNOM = 27.000000

Using KLU as Direct Linear Solver
 Reference value :  0.00000e+00
No. of Data Rows : 1
vout = 1.213343e+00
vgdrv = 2.030318e+00
Reset re-loads circuit * monte-carlo-untrimmed monte carlo deck (config=mos) -- generated by sim/monte-carlo-untrimmed/run_mc_untrimmed.py, do not edit

Circuit: * monte-carlo-untrimmed monte carlo deck (config=mos) -- generated by sim/monte-carlo-untrimmed/run_mc_untrimmed.py, do not edit

option SCALE: Scale is set to 1e-06 for instance and model parameters
option SCALE: Scale is set to 1e-06 for instance and model parameters
option SCALE: Scale is set to 1e-06 for instance and model parameters
option SCALE: Scale is set to 1e-06 for instance and model parameters
Doing analysis at TEMP = 27.000000 and TNOM = 27.000000

Using KLU as Direct Linear Solver
 Reference value :  0.00000e+00
No. of Data Rows : 1
vout = 1.203013e+00
vgdrv = 2.035495e+00
Reset re-loads circuit * monte-carlo-untrimmed monte carlo deck (config=mos) -- generated by sim/monte-carlo-untrimmed/run_mc_untrimmed.py, do not edit

Circuit: * monte-carlo-untrimmed monte carlo deck (config=mos) -- generated by sim/monte-carlo-untrimmed/run_mc_untrimmed.py, do not edit

option SCALE: Scale is set to 1e-06 for instance and model parameters
option SCALE: Scale is set to 1e-06 for instance and model parameters
option SCALE: Scale is set to 1e-06 for instance and model parameters
option SCALE: Scale is set to 1e-06 for instance and model parameters
Doing analysis at TEMP = 27.000000 and TNOM = 27.000000

Using KLU as Direct Linear Solver

No. of Data Rows : 1
vout = 1.197712e+00
vgdrv = 2.035312e+00
Reset re-loads circuit * monte-carlo-untrimmed monte carlo deck (config=mos) -- generated by sim/monte-carlo-untrimmed/run_mc_untrimmed.py, do not edit

Circuit: * monte-carlo-untrimmed monte carlo deck (config=mos) -- generated by sim/monte-carlo-untrimmed/run_mc_untrimmed.py, do not edit

option SCALE: Scale is set to 1e-06 for instance and model parameters
option SCALE: Scale is set to 1e-06 for instance and model parameters
option SCALE: Scale is set to 1e-06 for instance and model parameters
option SCALE: Scale is set to 1e-06 for instance and model parameters
Doing analysis at TEMP = 27.000000 and TNOM = 27.000000

Using KLU as Direct Linear Solver

No. of Data Rows : 1
vout = 1.195912e+00
vgdrv = 2.039256e+00
Reset re-loads circuit * monte-carlo-untrimmed monte carlo deck (config=mos) -- generated by sim/monte-carlo-untrimmed/run_mc_untrimmed.py, do not edit

Circuit: * monte-carlo-untrimmed monte carlo deck (config=mos) -- generated by sim/monte-carlo-untrimmed/run_mc_untrimmed.py, do not edit

option SCALE: Scale is set to 1e-06 for instance and model parameters
option SCALE: Scale is set to 1e-06 for instance and model parameters
option SCALE: Scale is set to 1e-06 for instance and model parameters
option SCALE: Scale is set to 1e-06 for instance and model parameters
Doing analysis at TEMP = 27.000000 and TNOM = 27.000000

Using KLU as Direct Linear Solver

No. of Data Rows : 1
vout = 1.205705e+00
vgdrv = 2.036052e+00
Reset re-loads circuit * monte-carlo-untrimmed monte carlo deck (config=mos) -- generated by sim/monte-carlo-untrimmed/run_mc_untrimmed.py, do not edit

Circuit: * monte-carlo-untrimmed monte carlo deck (config=mos) -- generated by sim/monte-carlo-untrimmed/run_mc_untrimmed.py, do not edit

option SCALE: Scale is set to 1e-06 for instance and model parameters
option SCALE: Scale is set to 1e-06 for instance and model parameters
option SCALE: Scale is set to 1e-06 for instance and model parameters
option SCALE: Scale is set to 1e-06 for instance and model parameters
Doing analysis at TEMP = 27.000000 and TNOM = 27.000000

Using KLU as Direct Linear Solver

No. of Data Rows : 1
vout = 1.202953e+00
vgdrv = 2.038240e+00
Reset re-loads circuit * monte-carlo-untrimmed monte carlo deck (config=mos) -- generated by sim/monte-carlo-untrimmed/run_mc_untrimmed.py, do not edit

Circuit: * monte-carlo-untrimmed monte carlo deck (config=mos) -- generated by sim/monte-carlo-untrimmed/run_mc_untrimmed.py, do not edit

option SCALE: Scale is set to 1e-06 for instance and model parameters
option SCALE: Scale is set to 1e-06 for instance and model parameters
option SCALE: Scale is set to 1e-06 for instance and model parameters
option SCALE: Scale is set to 1e-06 for instance and model parameters
Doing analysis at TEMP = 27.000000 and TNOM = 27.000000

Using KLU as Direct Linear Solver
 Reference value :  0.00000e+00
No. of Data Rows : 1
vout = 1.199887e+00
vgdrv = 2.035711e+00
Reset re-loads circuit * monte-carlo-untrimmed monte carlo deck (config=mos) -- generated by sim/monte-carlo-untrimmed/run_mc_untrimmed.py, do not edit

Circuit: * monte-carlo-untrimmed monte carlo deck (config=mos) -- generated by sim/monte-carlo-untrimmed/run_mc_untrimmed.py, do not edit

option SCALE: Scale is set to 1e-06 for instance and model parameters
option SCALE: Scale is set to 1e-06 for instance and model parameters
option SCALE: Scale is set to 1e-06 for instance and model parameters
option SCALE: Scale is set to 1e-06 for instance and model parameters
Doing analysis at TEMP = 27.000000 and TNOM = 27.000000

Using KLU as Direct Linear Solver

No. of Data Rows : 1
vout = 1.193308e+00
vgdrv = 2.041094e+00
Reset re-loads circuit * monte-carlo-untrimmed monte carlo deck (config=mos) -- generated by sim/monte-carlo-untrimmed/run_mc_untrimmed.py, do not edit

Circuit: * monte-carlo-untrimmed monte carlo deck (config=mos) -- generated by sim/monte-carlo-untrimmed/run_mc_untrimmed.py, do not edit

option SCALE: Scale is set to 1e-06 for instance and model parameters
option SCALE: Scale is set to 1e-06 for instance and model parameters
option SCALE: Scale is set to 1e-06 for instance and model parameters
option SCALE: Scale is set to 1e-06 for instance and model parameters
Doing analysis at TEMP = 27.000000 and TNOM = 27.000000

Using KLU as Direct Linear Solver

No. of Data Rows : 1
vout = 1.201590e+00
vgdrv = 2.033049e+00
Reset re-loads circuit * monte-carlo-untrimmed monte carlo deck (config=mos) -- generated by sim/monte-carlo-untrimmed/run_mc_untrimmed.py, do not edit

Circuit: * monte-carlo-untrimmed monte carlo deck (config=mos) -- generated by sim/monte-carlo-untrimmed/run_mc_untrimmed.py, do not edit

option SCALE: Scale is set to 1e-06 for instance and model parameters
option SCALE: Scale is set to 1e-06 for instance and model parameters
option SCALE: Scale is set to 1e-06 for instance and model parameters
option SCALE: Scale is set to 1e-06 for instance and model parameters
Doing analysis at TEMP = 27.000000 and TNOM = 27.000000

Using KLU as Direct Linear Solver

No. of Data Rows : 1
vout = 1.193597e+00
vgdrv = 2.041068e+00
Reset re-loads circuit * monte-carlo-untrimmed monte carlo deck (config=mos) -- generated by sim/monte-carlo-untrimmed/run_mc_untrimmed.py, do not edit

Circuit: * monte-carlo-untrimmed monte carlo deck (config=mos) -- generated by sim/monte-carlo-untrimmed/run_mc_untrimmed.py, do not edit

option SCALE: Scale is set to 1e-06 for instance and model parameters
option SCALE: Scale is set to 1e-06 for instance and model parameters
option SCALE: Scale is set to 1e-06 for instance and model parameters
option SCALE: Scale is set to 1e-06 for instance and model parameters
Doing analysis at TEMP = 27.000000 and TNOM = 27.000000

Using KLU as Direct Linear Solver

No. of Data Rows : 1
vout = 1.190688e+00
vgdrv = 2.038102e+00
Reset re-loads circuit * monte-carlo-untrimmed monte carlo deck (config=mos) -- generated by sim/monte-carlo-untrimmed/run_mc_untrimmed.py, do not edit

Circuit: * monte-carlo-untrimmed monte carlo deck (config=mos) -- generated by sim/monte-carlo-untrimmed/run_mc_untrimmed.py, do not edit

option SCALE: Scale is set to 1e-06 for instance and model parameters
option SCALE: Scale is set to 1e-06 for instance and model parameters
option SCALE: Scale is set to 1e-06 for instance and model parameters
option SCALE: Scale is set to 1e-06 for instance and model parameters
Doing analysis at TEMP = 27.000000 and TNOM = 27.000000

Using KLU as Direct Linear Solver

No. of Data Rows : 1
vout = 1.193399e+00
vgdrv = 2.040286e+00
Reset re-loads circuit * monte-carlo-untrimmed monte carlo deck (config=mos) -- generated by sim/monte-carlo-untrimmed/run_mc_untrimmed.py, do not edit

Circuit: * monte-carlo-untrimmed monte carlo deck (config=mos) -- generated by sim/monte-carlo-untrimmed/run_mc_untrimmed.py, do not edit

option SCALE: Scale is set to 1e-06 for instance and model parameters
option SCALE: Scale is set to 1e-06 for instance and model parameters
option SCALE: Scale is set to 1e-06 for instance and model parameters
option SCALE: Scale is set to 1e-06 for instance and model parameters
Doing analysis at TEMP = 27.000000 and TNOM = 27.000000

Using KLU as Direct Linear Solver
 Reference value :  0.00000e+00
No. of Data Rows : 1
vout = 1.197924e+00
vgdrv = 2.038669e+00
Reset re-loads circuit * monte-carlo-untrimmed monte carlo deck (config=mos) -- generated by sim/monte-carlo-untrimmed/run_mc_untrimmed.py, do not edit

Circuit: * monte-carlo-untrimmed monte carlo deck (config=mos) -- generated by sim/monte-carlo-untrimmed/run_mc_untrimmed.py, do not edit

option SCALE: Scale is set to 1e-06 for instance and model parameters
option SCALE: Scale is set to 1e-06 for instance and model parameters
option SCALE: Scale is set to 1e-06 for instance and model parameters
option SCALE: Scale is set to 1e-06 for instance and model parameters
Doing analysis at TEMP = 27.000000 and TNOM = 27.000000

Using KLU as Direct Linear Solver

No. of Data Rows : 1
vout = 1.196350e+00
vgdrv = 2.038201e+00
Reset re-loads circuit * monte-carlo-untrimmed monte carlo deck (config=mos) -- generated by sim/monte-carlo-untrimmed/run_mc_untrimmed.py, do not edit

Circuit: * monte-carlo-untrimmed monte carlo deck (config=mos) -- generated by sim/monte-carlo-untrimmed/run_mc_untrimmed.py, do not edit

option SCALE: Scale is set to 1e-06 for instance and model parameters
option SCALE: Scale is set to 1e-06 for instance and model parameters
option SCALE: Scale is set to 1e-06 for instance and model parameters
option SCALE: Scale is set to 1e-06 for instance and model parameters
Doing analysis at TEMP = 27.000000 and TNOM = 27.000000

Using KLU as Direct Linear Solver
 Reference value :  0.00000e+00
No. of Data Rows : 1
vout = 1.196167e+00
vgdrv = 2.038208e+00
Reset re-loads circuit * monte-carlo-untrimmed monte carlo deck (config=mos) -- generated by sim/monte-carlo-untrimmed/run_mc_untrimmed.py, do not edit

Circuit: * monte-carlo-untrimmed monte carlo deck (config=mos) -- generated by sim/monte-carlo-untrimmed/run_mc_untrimmed.py, do not edit

option SCALE: Scale is set to 1e-06 for instance and model parameters
option SCALE: Scale is set to 1e-06 for instance and model parameters
option SCALE: Scale is set to 1e-06 for instance and model parameters
option SCALE: Scale is set to 1e-06 for instance and model parameters
Doing analysis at TEMP = 27.000000 and TNOM = 27.000000

Using KLU as Direct Linear Solver

No. of Data Rows : 1
vout = 1.197410e+00
vgdrv = 2.038495e+00
Reset re-loads circuit * monte-carlo-untrimmed monte carlo deck (config=mos) -- generated by sim/monte-carlo-untrimmed/run_mc_untrimmed.py, do not edit

Circuit: * monte-carlo-untrimmed monte carlo deck (config=mos) -- generated by sim/monte-carlo-untrimmed/run_mc_untrimmed.py, do not edit

option SCALE: Scale is set to 1e-06 for instance and model parameters
option SCALE: Scale is set to 1e-06 for instance and model parameters
option SCALE: Scale is set to 1e-06 for instance and model parameters
option SCALE: Scale is set to 1e-06 for instance and model parameters
Doing analysis at TEMP = 27.000000 and TNOM = 27.000000

Using KLU as Direct Linear Solver

No. of Data Rows : 1
vout = 1.193057e+00
vgdrv = 2.037810e+00
Reset re-loads circuit * monte-carlo-untrimmed monte carlo deck (config=mos) -- generated by sim/monte-carlo-untrimmed/run_mc_untrimmed.py, do not edit

Circuit: * monte-carlo-untrimmed monte carlo deck (config=mos) -- generated by sim/monte-carlo-untrimmed/run_mc_untrimmed.py, do not edit

option SCALE: Scale is set to 1e-06 for instance and model parameters
option SCALE: Scale is set to 1e-06 for instance and model parameters
option SCALE: Scale is set to 1e-06 for instance and model parameters
option SCALE: Scale is set to 1e-06 for instance and model parameters
Doing analysis at TEMP = 27.000000 and TNOM = 27.000000

Using KLU as Direct Linear Solver

No. of Data Rows : 1
vout = 1.202520e+00
vgdrv = 2.038609e+00
Reset re-loads circuit * monte-carlo-untrimmed monte carlo deck (config=mos) -- generated by sim/monte-carlo-untrimmed/run_mc_untrimmed.py, do not edit

Circuit: * monte-carlo-untrimmed monte carlo deck (config=mos) -- generated by sim/monte-carlo-untrimmed/run_mc_untrimmed.py, do not edit

option SCALE: Scale is set to 1e-06 for instance and model parameters
option SCALE: Scale is set to 1e-06 for instance and model parameters
option SCALE: Scale is set to 1e-06 for instance and model parameters
option SCALE: Scale is set to 1e-06 for instance and model parameters
Doing analysis at TEMP = 27.000000 and TNOM = 27.000000

Using KLU as Direct Linear Solver

No. of Data Rows : 1
vout = 1.200119e+00
vgdrv = 2.040463e+00
Reset re-loads circuit * monte-carlo-untrimmed monte carlo deck (config=mos) -- generated by sim/monte-carlo-untrimmed/run_mc_untrimmed.py, do not edit

Circuit: * monte-carlo-untrimmed monte carlo deck (config=mos) -- generated by sim/monte-carlo-untrimmed/run_mc_untrimmed.py, do not edit

option SCALE: Scale is set to 1e-06 for instance and model parameters
option SCALE: Scale is set to 1e-06 for instance and model parameters
option SCALE: Scale is set to 1e-06 for instance and model parameters
option SCALE: Scale is set to 1e-06 for instance and model parameters
Doing analysis at TEMP = 27.000000 and TNOM = 27.000000

Using KLU as Direct Linear Solver
 Reference value :  0.00000e+00
No. of Data Rows : 1
vout = 1.208397e+00
vgdrv = 2.037282e+00
Reset re-loads circuit * monte-carlo-untrimmed monte carlo deck (config=mos) -- generated by sim/monte-carlo-untrimmed/run_mc_untrimmed.py, do not edit

Circuit: * monte-carlo-untrimmed monte carlo deck (config=mos) -- generated by sim/monte-carlo-untrimmed/run_mc_untrimmed.py, do not edit

option SCALE: Scale is set to 1e-06 for instance and model parameters
option SCALE: Scale is set to 1e-06 for instance and model parameters
option SCALE: Scale is set to 1e-06 for instance and model parameters
option SCALE: Scale is set to 1e-06 for instance and model parameters
Doing analysis at TEMP = 27.000000 and TNOM = 27.000000

Using KLU as Direct Linear Solver

No. of Data Rows : 1
vout = 1.195234e+00
vgdrv = 2.036910e+00
Reset re-loads circuit * monte-carlo-untrimmed monte carlo deck (config=mos) -- generated by sim/monte-carlo-untrimmed/run_mc_untrimmed.py, do not edit

Circuit: * monte-carlo-untrimmed monte carlo deck (config=mos) -- generated by sim/monte-carlo-untrimmed/run_mc_untrimmed.py, do not edit

option SCALE: Scale is set to 1e-06 for instance and model parameters
option SCALE: Scale is set to 1e-06 for instance and model parameters
option SCALE: Scale is set to 1e-06 for instance and model parameters
option SCALE: Scale is set to 1e-06 for instance and model parameters
Doing analysis at TEMP = 27.000000 and TNOM = 27.000000

Using KLU as Direct Linear Solver

No. of Data Rows : 1
vout = 1.198272e+00
vgdrv = 2.036832e+00
Reset re-loads circuit * monte-carlo-untrimmed monte carlo deck (config=mos) -- generated by sim/monte-carlo-untrimmed/run_mc_untrimmed.py, do not edit

Circuit: * monte-carlo-untrimmed monte carlo deck (config=mos) -- generated by sim/monte-carlo-untrimmed/run_mc_untrimmed.py, do not edit

option SCALE: Scale is set to 1e-06 for instance and model parameters
option SCALE: Scale is set to 1e-06 for instance and model parameters
option SCALE: Scale is set to 1e-06 for instance and model parameters
option SCALE: Scale is set to 1e-06 for instance and model parameters
Doing analysis at TEMP = 27.000000 and TNOM = 27.000000

Using KLU as Direct Linear Solver

No. of Data Rows : 1
vout = 1.200069e+00
vgdrv = 2.037420e+00
Reset re-loads circuit * monte-carlo-untrimmed monte carlo deck (config=mos) -- generated by sim/monte-carlo-untrimmed/run_mc_untrimmed.py, do not edit

Circuit: * monte-carlo-untrimmed monte carlo deck (config=mos) -- generated by sim/monte-carlo-untrimmed/run_mc_untrimmed.py, do not edit

option SCALE: Scale is set to 1e-06 for instance and model parameters
option SCALE: Scale is set to 1e-06 for instance and model parameters
option SCALE: Scale is set to 1e-06 for instance and model parameters
option SCALE: Scale is set to 1e-06 for instance and model parameters
Doing analysis at TEMP = 27.000000 and TNOM = 27.000000

Using KLU as Direct Linear Solver

No. of Data Rows : 1
vout = 1.202328e+00
vgdrv = 2.038137e+00
Reset re-loads circuit * monte-carlo-untrimmed monte carlo deck (config=mos) -- generated by sim/monte-carlo-untrimmed/run_mc_untrimmed.py, do not edit

Circuit: * monte-carlo-untrimmed monte carlo deck (config=mos) -- generated by sim/monte-carlo-untrimmed/run_mc_untrimmed.py, do not edit

option SCALE: Scale is set to 1e-06 for instance and model parameters
option SCALE: Scale is set to 1e-06 for instance and model parameters
option SCALE: Scale is set to 1e-06 for instance and model parameters
option SCALE: Scale is set to 1e-06 for instance and model parameters
Doing analysis at TEMP = 27.000000 and TNOM = 27.000000

Using KLU as Direct Linear Solver

No. of Data Rows : 1
vout = 1.197182e+00
vgdrv = 2.034005e+00
Reset re-loads circuit * monte-carlo-untrimmed monte carlo deck (config=mos) -- generated by sim/monte-carlo-untrimmed/run_mc_untrimmed.py, do not edit

Circuit: * monte-carlo-untrimmed monte carlo deck (config=mos) -- generated by sim/monte-carlo-untrimmed/run_mc_untrimmed.py, do not edit

option SCALE: Scale is set to 1e-06 for instance and model parameters
option SCALE: Scale is set to 1e-06 for instance and model parameters
option SCALE: Scale is set to 1e-06 for instance and model parameters
option SCALE: Scale is set to 1e-06 for instance and model parameters
Doing analysis at TEMP = 27.000000 and TNOM = 27.000000

Using KLU as Direct Linear Solver
 Reference value :  0.00000e+00
No. of Data Rows : 1
vout = 1.209912e+00
vgdrv = 2.035290e+00
Reset re-loads circuit * monte-carlo-untrimmed monte carlo deck (config=mos) -- generated by sim/monte-carlo-untrimmed/run_mc_untrimmed.py, do not edit

Circuit: * monte-carlo-untrimmed monte carlo deck (config=mos) -- generated by sim/monte-carlo-untrimmed/run_mc_untrimmed.py, do not edit

option SCALE: Scale is set to 1e-06 for instance and model parameters
option SCALE: Scale is set to 1e-06 for instance and model parameters
option SCALE: Scale is set to 1e-06 for instance and model parameters
option SCALE: Scale is set to 1e-06 for instance and model parameters
Doing analysis at TEMP = 27.000000 and TNOM = 27.000000

Using KLU as Direct Linear Solver

No. of Data Rows : 1
vout = 1.190585e+00
vgdrv = 2.040646e+00
Reset re-loads circuit * monte-carlo-untrimmed monte carlo deck (config=mos) -- generated by sim/monte-carlo-untrimmed/run_mc_untrimmed.py, do not edit

Circuit: * monte-carlo-untrimmed monte carlo deck (config=mos) -- generated by sim/monte-carlo-untrimmed/run_mc_untrimmed.py, do not edit

option SCALE: Scale is set to 1e-06 for instance and model parameters
option SCALE: Scale is set to 1e-06 for instance and model parameters
option SCALE: Scale is set to 1e-06 for instance and model parameters
option SCALE: Scale is set to 1e-06 for instance and model parameters
Doing analysis at TEMP = 27.000000 and TNOM = 27.000000

Using KLU as Direct Linear Solver

No. of Data Rows : 1
vout = 1.199041e+00
vgdrv = 2.037390e+00
Reset re-loads circuit * monte-carlo-untrimmed monte carlo deck (config=mos) -- generated by sim/monte-carlo-untrimmed/run_mc_untrimmed.py, do not edit

Circuit: * monte-carlo-untrimmed monte carlo deck (config=mos) -- generated by sim/monte-carlo-untrimmed/run_mc_untrimmed.py, do not edit

option SCALE: Scale is set to 1e-06 for instance and model parameters
option SCALE: Scale is set to 1e-06 for instance and model parameters
option SCALE: Scale is set to 1e-06 for instance and model parameters
option SCALE: Scale is set to 1e-06 for instance and model parameters
Doing analysis at TEMP = 27.000000 and TNOM = 27.000000

Using KLU as Direct Linear Solver

No. of Data Rows : 1
vout = 1.208061e+00
vgdrv = 2.034001e+00
Reset re-loads circuit * monte-carlo-untrimmed monte carlo deck (config=mos) -- generated by sim/monte-carlo-untrimmed/run_mc_untrimmed.py, do not edit

Circuit: * monte-carlo-untrimmed monte carlo deck (config=mos) -- generated by sim/monte-carlo-untrimmed/run_mc_untrimmed.py, do not edit

option SCALE: Scale is set to 1e-06 for instance and model parameters
option SCALE: Scale is set to 1e-06 for instance and model parameters
option SCALE: Scale is set to 1e-06 for instance and model parameters
option SCALE: Scale is set to 1e-06 for instance and model parameters
Doing analysis at TEMP = 27.000000 and TNOM = 27.000000

Using KLU as Direct Linear Solver

No. of Data Rows : 1
vout = 1.195807e+00
vgdrv = 2.036102e+00
Reset re-loads circuit * monte-carlo-untrimmed monte carlo deck (config=mos) -- generated by sim/monte-carlo-untrimmed/run_mc_untrimmed.py, do not edit

Circuit: * monte-carlo-untrimmed monte carlo deck (config=mos) -- generated by sim/monte-carlo-untrimmed/run_mc_untrimmed.py, do not edit

option SCALE: Scale is set to 1e-06 for instance and model parameters
option SCALE: Scale is set to 1e-06 for instance and model parameters
option SCALE: Scale is set to 1e-06 for instance and model parameters
option SCALE: Scale is set to 1e-06 for instance and model parameters
Doing analysis at TEMP = 27.000000 and TNOM = 27.000000

Using KLU as Direct Linear Solver
 Reference value :  0.00000e+00
No. of Data Rows : 1
vout = 1.194931e+00
vgdrv = 2.036367e+00
Reset re-loads circuit * monte-carlo-untrimmed monte carlo deck (config=mos) -- generated by sim/monte-carlo-untrimmed/run_mc_untrimmed.py, do not edit

Circuit: * monte-carlo-untrimmed monte carlo deck (config=mos) -- generated by sim/monte-carlo-untrimmed/run_mc_untrimmed.py, do not edit

option SCALE: Scale is set to 1e-06 for instance and model parameters
option SCALE: Scale is set to 1e-06 for instance and model parameters
option SCALE: Scale is set to 1e-06 for instance and model parameters
option SCALE: Scale is set to 1e-06 for instance and model parameters
Doing analysis at TEMP = 27.000000 and TNOM = 27.000000

Using KLU as Direct Linear Solver

No. of Data Rows : 1
vout = 1.199128e+00
vgdrv = 2.035960e+00
Reset re-loads circuit * monte-carlo-untrimmed monte carlo deck (config=mos) -- generated by sim/monte-carlo-untrimmed/run_mc_untrimmed.py, do not edit

Circuit: * monte-carlo-untrimmed monte carlo deck (config=mos) -- generated by sim/monte-carlo-untrimmed/run_mc_untrimmed.py, do not edit

option SCALE: Scale is set to 1e-06 for instance and model parameters
option SCALE: Scale is set to 1e-06 for instance and model parameters
option SCALE: Scale is set to 1e-06 for instance and model parameters
option SCALE: Scale is set to 1e-06 for instance and model parameters
Doing analysis at TEMP = 27.000000 and TNOM = 27.000000

Using KLU as Direct Linear Solver

No. of Data Rows : 1
vout = 1.199716e+00
vgdrv = 2.040375e+00
Reset re-loads circuit * monte-carlo-untrimmed monte carlo deck (config=mos) -- generated by sim/monte-carlo-untrimmed/run_mc_untrimmed.py, do not edit

Circuit: * monte-carlo-untrimmed monte carlo deck (config=mos) -- generated by sim/monte-carlo-untrimmed/run_mc_untrimmed.py, do not edit

option SCALE: Scale is set to 1e-06 for instance and model parameters
option SCALE: Scale is set to 1e-06 for instance and model parameters
option SCALE: Scale is set to 1e-06 for instance and model parameters
option SCALE: Scale is set to 1e-06 for instance and model parameters
Doing analysis at TEMP = 27.000000 and TNOM = 27.000000

Using KLU as Direct Linear Solver

No. of Data Rows : 1
vout = 1.199244e+00
vgdrv = 2.035294e+00
Reset re-loads circuit * monte-carlo-untrimmed monte carlo deck (config=mos) -- generated by sim/monte-carlo-untrimmed/run_mc_untrimmed.py, do not edit

Circuit: * monte-carlo-untrimmed monte carlo deck (config=mos) -- generated by sim/monte-carlo-untrimmed/run_mc_untrimmed.py, do not edit

option SCALE: Scale is set to 1e-06 for instance and model parameters
option SCALE: Scale is set to 1e-06 for instance and model parameters
option SCALE: Scale is set to 1e-06 for instance and model parameters
option SCALE: Scale is set to 1e-06 for instance and model parameters
Doing analysis at TEMP = 27.000000 and TNOM = 27.000000

Using KLU as Direct Linear Solver

No. of Data Rows : 1
vout = 1.210402e+00
vgdrv = 2.030758e+00
Reset re-loads circuit * monte-carlo-untrimmed monte carlo deck (config=mos) -- generated by sim/monte-carlo-untrimmed/run_mc_untrimmed.py, do not edit

Circuit: * monte-carlo-untrimmed monte carlo deck (config=mos) -- generated by sim/monte-carlo-untrimmed/run_mc_untrimmed.py, do not edit

option SCALE: Scale is set to 1e-06 for instance and model parameters
option SCALE: Scale is set to 1e-06 for instance and model parameters
option SCALE: Scale is set to 1e-06 for instance and model parameters
option SCALE: Scale is set to 1e-06 for instance and model parameters
Doing analysis at TEMP = 27.000000 and TNOM = 27.000000

Using KLU as Direct Linear Solver
 Reference value :  0.00000e+00
No. of Data Rows : 1
vout = 1.203358e+00
vgdrv = 2.036827e+00
Reset re-loads circuit * monte-carlo-untrimmed monte carlo deck (config=mos) -- generated by sim/monte-carlo-untrimmed/run_mc_untrimmed.py, do not edit

Circuit: * monte-carlo-untrimmed monte carlo deck (config=mos) -- generated by sim/monte-carlo-untrimmed/run_mc_untrimmed.py, do not edit

option SCALE: Scale is set to 1e-06 for instance and model parameters
option SCALE: Scale is set to 1e-06 for instance and model parameters
option SCALE: Scale is set to 1e-06 for instance and model parameters
option SCALE: Scale is set to 1e-06 for instance and model parameters
Doing analysis at TEMP = 27.000000 and TNOM = 27.000000

Using KLU as Direct Linear Solver

No. of Data Rows : 1
vout = 1.196263e+00
vgdrv = 2.035672e+00
Reset re-loads circuit * monte-carlo-untrimmed monte carlo deck (config=mos) -- generated by sim/monte-carlo-untrimmed/run_mc_untrimmed.py, do not edit

Circuit: * monte-carlo-untrimmed monte carlo deck (config=mos) -- generated by sim/monte-carlo-untrimmed/run_mc_untrimmed.py, do not edit

option SCALE: Scale is set to 1e-06 for instance and model parameters
option SCALE: Scale is set to 1e-06 for instance and model parameters
option SCALE: Scale is set to 1e-06 for instance and model parameters
option SCALE: Scale is set to 1e-06 for instance and model parameters
Doing analysis at TEMP = 27.000000 and TNOM = 27.000000

Using KLU as Direct Linear Solver

No. of Data Rows : 1
vout = 1.197959e+00
vgdrv = 2.032191e+00
Reset re-loads circuit * monte-carlo-untrimmed monte carlo deck (config=mos) -- generated by sim/monte-carlo-untrimmed/run_mc_untrimmed.py, do not edit

Circuit: * monte-carlo-untrimmed monte carlo deck (config=mos) -- generated by sim/monte-carlo-untrimmed/run_mc_untrimmed.py, do not edit

option SCALE: Scale is set to 1e-06 for instance and model parameters
option SCALE: Scale is set to 1e-06 for instance and model parameters
option SCALE: Scale is set to 1e-06 for instance and model parameters
option SCALE: Scale is set to 1e-06 for instance and model parameters
Doing analysis at TEMP = 27.000000 and TNOM = 27.000000

Using KLU as Direct Linear Solver

No. of Data Rows : 1
vout = 1.201665e+00
vgdrv = 2.032994e+00
Reset re-loads circuit * monte-carlo-untrimmed monte carlo deck (config=mos) -- generated by sim/monte-carlo-untrimmed/run_mc_untrimmed.py, do not edit

Circuit: * monte-carlo-untrimmed monte carlo deck (config=mos) -- generated by sim/monte-carlo-untrimmed/run_mc_untrimmed.py, do not edit

option SCALE: Scale is set to 1e-06 for instance and model parameters
option SCALE: Scale is set to 1e-06 for instance and model parameters
option SCALE: Scale is set to 1e-06 for instance and model parameters
option SCALE: Scale is set to 1e-06 for instance and model parameters
Doing analysis at TEMP = 27.000000 and TNOM = 27.000000

Using KLU as Direct Linear Solver

No. of Data Rows : 1
vout = 1.200560e+00
vgdrv = 2.037283e+00
Reset re-loads circuit * monte-carlo-untrimmed monte carlo deck (config=mos) -- generated by sim/monte-carlo-untrimmed/run_mc_untrimmed.py, do not edit

Circuit: * monte-carlo-untrimmed monte carlo deck (config=mos) -- generated by sim/monte-carlo-untrimmed/run_mc_untrimmed.py, do not edit

option SCALE: Scale is set to 1e-06 for instance and model parameters
option SCALE: Scale is set to 1e-06 for instance and model parameters
option SCALE: Scale is set to 1e-06 for instance and model parameters
option SCALE: Scale is set to 1e-06 for instance and model parameters
Doing analysis at TEMP = 27.000000 and TNOM = 27.000000

Using KLU as Direct Linear Solver
 Reference value :  0.00000e+00
No. of Data Rows : 1
vout = 1.192784e+00
vgdrv = 2.036561e+00
Reset re-loads circuit * monte-carlo-untrimmed monte carlo deck (config=mos) -- generated by sim/monte-carlo-untrimmed/run_mc_untrimmed.py, do not edit

Circuit: * monte-carlo-untrimmed monte carlo deck (config=mos) -- generated by sim/monte-carlo-untrimmed/run_mc_untrimmed.py, do not edit

option SCALE: Scale is set to 1e-06 for instance and model parameters
option SCALE: Scale is set to 1e-06 for instance and model parameters
option SCALE: Scale is set to 1e-06 for instance and model parameters
option SCALE: Scale is set to 1e-06 for instance and model parameters
Doing analysis at TEMP = 27.000000 and TNOM = 27.000000

Using KLU as Direct Linear Solver

No. of Data Rows : 1
vout = 1.207038e+00
vgdrv = 2.033422e+00
Reset re-loads circuit * monte-carlo-untrimmed monte carlo deck (config=mos) -- generated by sim/monte-carlo-untrimmed/run_mc_untrimmed.py, do not edit

Circuit: * monte-carlo-untrimmed monte carlo deck (config=mos) -- generated by sim/monte-carlo-untrimmed/run_mc_untrimmed.py, do not edit

option SCALE: Scale is set to 1e-06 for instance and model parameters
option SCALE: Scale is set to 1e-06 for instance and model parameters
option SCALE: Scale is set to 1e-06 for instance and model parameters
option SCALE: Scale is set to 1e-06 for instance and model parameters
Doing analysis at TEMP = 27.000000 and TNOM = 27.000000

Using KLU as Direct Linear Solver

No. of Data Rows : 1
vout = 1.203858e+00
vgdrv = 2.035577e+00
Reset re-loads circuit * monte-carlo-untrimmed monte carlo deck (config=mos) -- generated by sim/monte-carlo-untrimmed/run_mc_untrimmed.py, do not edit

Circuit: * monte-carlo-untrimmed monte carlo deck (config=mos) -- generated by sim/monte-carlo-untrimmed/run_mc_untrimmed.py, do not edit

option SCALE: Scale is set to 1e-06 for instance and model parameters
option SCALE: Scale is set to 1e-06 for instance and model parameters
option SCALE: Scale is set to 1e-06 for instance and model parameters
option SCALE: Scale is set to 1e-06 for instance and model parameters
Doing analysis at TEMP = 27.000000 and TNOM = 27.000000

Using KLU as Direct Linear Solver

No. of Data Rows : 1
vout = 1.204764e+00
vgdrv = 2.034665e+00
Reset re-loads circuit * monte-carlo-untrimmed monte carlo deck (config=mos) -- generated by sim/monte-carlo-untrimmed/run_mc_untrimmed.py, do not edit

Circuit: * monte-carlo-untrimmed monte carlo deck (config=mos) -- generated by sim/monte-carlo-untrimmed/run_mc_untrimmed.py, do not edit

option SCALE: Scale is set to 1e-06 for instance and model parameters
option SCALE: Scale is set to 1e-06 for instance and model parameters
option SCALE: Scale is set to 1e-06 for instance and model parameters
option SCALE: Scale is set to 1e-06 for instance and model parameters
Doing analysis at TEMP = 27.000000 and TNOM = 27.000000

Using KLU as Direct Linear Solver

No. of Data Rows : 1
vout = 1.196359e+00
vgdrv = 2.034283e+00
Reset re-loads circuit * monte-carlo-untrimmed monte carlo deck (config=mos) -- generated by sim/monte-carlo-untrimmed/run_mc_untrimmed.py, do not edit

Circuit: * monte-carlo-untrimmed monte carlo deck (config=mos) -- generated by sim/monte-carlo-untrimmed/run_mc_untrimmed.py, do not edit

option SCALE: Scale is set to 1e-06 for instance and model parameters
option SCALE: Scale is set to 1e-06 for instance and model parameters
option SCALE: Scale is set to 1e-06 for instance and model parameters
option SCALE: Scale is set to 1e-06 for instance and model parameters
Doing analysis at TEMP = 27.000000 and TNOM = 27.000000

Using KLU as Direct Linear Solver
 Reference value :  0.00000e+00
No. of Data Rows : 1
vout = 1.191339e+00
vgdrv = 2.038540e+00
Reset re-loads circuit * monte-carlo-untrimmed monte carlo deck (config=mos) -- generated by sim/monte-carlo-untrimmed/run_mc_untrimmed.py, do not edit

Circuit: * monte-carlo-untrimmed monte carlo deck (config=mos) -- generated by sim/monte-carlo-untrimmed/run_mc_untrimmed.py, do not edit

option SCALE: Scale is set to 1e-06 for instance and model parameters
option SCALE: Scale is set to 1e-06 for instance and model parameters
option SCALE: Scale is set to 1e-06 for instance and model parameters
option SCALE: Scale is set to 1e-06 for instance and model parameters
Doing analysis at TEMP = 27.000000 and TNOM = 27.000000

Using KLU as Direct Linear Solver

No. of Data Rows : 1
vout = 1.206613e+00
vgdrv = 2.034665e+00
Reset re-loads circuit * monte-carlo-untrimmed monte carlo deck (config=mos) -- generated by sim/monte-carlo-untrimmed/run_mc_untrimmed.py, do not edit

Circuit: * monte-carlo-untrimmed monte carlo deck (config=mos) -- generated by sim/monte-carlo-untrimmed/run_mc_untrimmed.py, do not edit

option SCALE: Scale is set to 1e-06 for instance and model parameters
option SCALE: Scale is set to 1e-06 for instance and model parameters
option SCALE: Scale is set to 1e-06 for instance and model parameters
option SCALE: Scale is set to 1e-06 for instance and model parameters
Doing analysis at TEMP = 27.000000 and TNOM = 27.000000

Using KLU as Direct Linear Solver

No. of Data Rows : 1
vout = 1.196480e+00
vgdrv = 2.038738e+00
Reset re-loads circuit * monte-carlo-untrimmed monte carlo deck (config=mos) -- generated by sim/monte-carlo-untrimmed/run_mc_untrimmed.py, do not edit

Circuit: * monte-carlo-untrimmed monte carlo deck (config=mos) -- generated by sim/monte-carlo-untrimmed/run_mc_untrimmed.py, do not edit

option SCALE: Scale is set to 1e-06 for instance and model parameters
option SCALE: Scale is set to 1e-06 for instance and model parameters
option SCALE: Scale is set to 1e-06 for instance and model parameters
option SCALE: Scale is set to 1e-06 for instance and model parameters
Doing analysis at TEMP = 27.000000 and TNOM = 27.000000

Using KLU as Direct Linear Solver

No. of Data Rows : 1
vout = 1.197813e+00
vgdrv = 2.038769e+00
Reset re-loads circuit * monte-carlo-untrimmed monte carlo deck (config=mos) -- generated by sim/monte-carlo-untrimmed/run_mc_untrimmed.py, do not edit

Circuit: * monte-carlo-untrimmed monte carlo deck (config=mos) -- generated by sim/monte-carlo-untrimmed/run_mc_untrimmed.py, do not edit

option SCALE: Scale is set to 1e-06 for instance and model parameters
option SCALE: Scale is set to 1e-06 for instance and model parameters
option SCALE: Scale is set to 1e-06 for instance and model parameters
option SCALE: Scale is set to 1e-06 for instance and model parameters
Doing analysis at TEMP = 27.000000 and TNOM = 27.000000

Using KLU as Direct Linear Solver

No. of Data Rows : 1
vout = 1.207269e+00
vgdrv = 2.032295e+00
Reset re-loads circuit * monte-carlo-untrimmed monte carlo deck (config=mos) -- generated by sim/monte-carlo-untrimmed/run_mc_untrimmed.py, do not edit

Circuit: * monte-carlo-untrimmed monte carlo deck (config=mos) -- generated by sim/monte-carlo-untrimmed/run_mc_untrimmed.py, do not edit

option SCALE: Scale is set to 1e-06 for instance and model parameters
option SCALE: Scale is set to 1e-06 for instance and model parameters
option SCALE: Scale is set to 1e-06 for instance and model parameters
option SCALE: Scale is set to 1e-06 for instance and model parameters
Doing analysis at TEMP = 27.000000 and TNOM = 27.000000

Using KLU as Direct Linear Solver
 Reference value :  0.00000e+00
No. of Data Rows : 1
vout = 1.201432e+00
vgdrv = 2.035439e+00
Reset re-loads circuit * monte-carlo-untrimmed monte carlo deck (config=mos) -- generated by sim/monte-carlo-untrimmed/run_mc_untrimmed.py, do not edit

Circuit: * monte-carlo-untrimmed monte carlo deck (config=mos) -- generated by sim/monte-carlo-untrimmed/run_mc_untrimmed.py, do not edit

option SCALE: Scale is set to 1e-06 for instance and model parameters
option SCALE: Scale is set to 1e-06 for instance and model parameters
option SCALE: Scale is set to 1e-06 for instance and model parameters
option SCALE: Scale is set to 1e-06 for instance and model parameters
Doing analysis at TEMP = 27.000000 and TNOM = 27.000000

Using KLU as Direct Linear Solver

No. of Data Rows : 1
vout = 1.195305e+00
vgdrv = 2.035532e+00
Reset re-loads circuit * monte-carlo-untrimmed monte carlo deck (config=mos) -- generated by sim/monte-carlo-untrimmed/run_mc_untrimmed.py, do not edit

Circuit: * monte-carlo-untrimmed monte carlo deck (config=mos) -- generated by sim/monte-carlo-untrimmed/run_mc_untrimmed.py, do not edit

option SCALE: Scale is set to 1e-06 for instance and model parameters
option SCALE: Scale is set to 1e-06 for instance and model parameters
option SCALE: Scale is set to 1e-06 for instance and model parameters
option SCALE: Scale is set to 1e-06 for instance and model parameters
Doing analysis at TEMP = 27.000000 and TNOM = 27.000000

Using KLU as Direct Linear Solver

No. of Data Rows : 1
vout = 1.192880e+00
vgdrv = 2.035477e+00
Reset re-loads circuit * monte-carlo-untrimmed monte carlo deck (config=mos) -- generated by sim/monte-carlo-untrimmed/run_mc_untrimmed.py, do not edit

Circuit: * monte-carlo-untrimmed monte carlo deck (config=mos) -- generated by sim/monte-carlo-untrimmed/run_mc_untrimmed.py, do not edit

option SCALE: Scale is set to 1e-06 for instance and model parameters
option SCALE: Scale is set to 1e-06 for instance and model parameters
option SCALE: Scale is set to 1e-06 for instance and model parameters
option SCALE: Scale is set to 1e-06 for instance and model parameters
Doing analysis at TEMP = 27.000000 and TNOM = 27.000000

Using KLU as Direct Linear Solver

No. of Data Rows : 1
vout = 1.201951e+00
vgdrv = 2.037963e+00
Reset re-loads circuit * monte-carlo-untrimmed monte carlo deck (config=mos) -- generated by sim/monte-carlo-untrimmed/run_mc_untrimmed.py, do not edit

Circuit: * monte-carlo-untrimmed monte carlo deck (config=mos) -- generated by sim/monte-carlo-untrimmed/run_mc_untrimmed.py, do not edit

option SCALE: Scale is set to 1e-06 for instance and model parameters
option SCALE: Scale is set to 1e-06 for instance and model parameters
option SCALE: Scale is set to 1e-06 for instance and model parameters
option SCALE: Scale is set to 1e-06 for instance and model parameters
Doing analysis at TEMP = 27.000000 and TNOM = 27.000000

Using KLU as Direct Linear Solver

No. of Data Rows : 1
vout = 1.194898e+00
vgdrv = 2.037219e+00
Reset re-loads circuit * monte-carlo-untrimmed monte carlo deck (config=mos) -- generated by sim/monte-carlo-untrimmed/run_mc_untrimmed.py, do not edit

Circuit: * monte-carlo-untrimmed monte carlo deck (config=mos) -- generated by sim/monte-carlo-untrimmed/run_mc_untrimmed.py, do not edit

option SCALE: Scale is set to 1e-06 for instance and model parameters
option SCALE: Scale is set to 1e-06 for instance and model parameters
option SCALE: Scale is set to 1e-06 for instance and model parameters
option SCALE: Scale is set to 1e-06 for instance and model parameters
Doing analysis at TEMP = 27.000000 and TNOM = 27.000000

Using KLU as Direct Linear Solver
 Reference value :  0.00000e+00
No. of Data Rows : 1
vout = 1.200034e+00
vgdrv = 2.038010e+00
Reset re-loads circuit * monte-carlo-untrimmed monte carlo deck (config=mos) -- generated by sim/monte-carlo-untrimmed/run_mc_untrimmed.py, do not edit

Circuit: * monte-carlo-untrimmed monte carlo deck (config=mos) -- generated by sim/monte-carlo-untrimmed/run_mc_untrimmed.py, do not edit

option SCALE: Scale is set to 1e-06 for instance and model parameters
option SCALE: Scale is set to 1e-06 for instance and model parameters
option SCALE: Scale is set to 1e-06 for instance and model parameters
option SCALE: Scale is set to 1e-06 for instance and model parameters
Doing analysis at TEMP = 27.000000 and TNOM = 27.000000

Using KLU as Direct Linear Solver

No. of Data Rows : 1
vout = 1.198390e+00
vgdrv = 2.034880e+00
Reset re-loads circuit * monte-carlo-untrimmed monte carlo deck (config=mos) -- generated by sim/monte-carlo-untrimmed/run_mc_untrimmed.py, do not edit

Circuit: * monte-carlo-untrimmed monte carlo deck (config=mos) -- generated by sim/monte-carlo-untrimmed/run_mc_untrimmed.py, do not edit

option SCALE: Scale is set to 1e-06 for instance and model parameters
option SCALE: Scale is set to 1e-06 for instance and model parameters
option SCALE: Scale is set to 1e-06 for instance and model parameters
option SCALE: Scale is set to 1e-06 for instance and model parameters
Doing analysis at TEMP = 27.000000 and TNOM = 27.000000

Using KLU as Direct Linear Solver

No. of Data Rows : 1
vout = 1.203688e+00
vgdrv = 2.035806e+00
Reset re-loads circuit * monte-carlo-untrimmed monte carlo deck (config=mos) -- generated by sim/monte-carlo-untrimmed/run_mc_untrimmed.py, do not edit

Circuit: * monte-carlo-untrimmed monte carlo deck (config=mos) -- generated by sim/monte-carlo-untrimmed/run_mc_untrimmed.py, do not edit

option SCALE: Scale is set to 1e-06 for instance and model parameters
option SCALE: Scale is set to 1e-06 for instance and model parameters
option SCALE: Scale is set to 1e-06 for instance and model parameters
option SCALE: Scale is set to 1e-06 for instance and model parameters
Doing analysis at TEMP = 27.000000 and TNOM = 27.000000

Using KLU as Direct Linear Solver

No. of Data Rows : 1
vout = 1.196818e+00
vgdrv = 2.037259e+00
Reset re-loads circuit * monte-carlo-untrimmed monte carlo deck (config=mos) -- generated by sim/monte-carlo-untrimmed/run_mc_untrimmed.py, do not edit

Circuit: * monte-carlo-untrimmed monte carlo deck (config=mos) -- generated by sim/monte-carlo-untrimmed/run_mc_untrimmed.py, do not edit

option SCALE: Scale is set to 1e-06 for instance and model parameters
option SCALE: Scale is set to 1e-06 for instance and model parameters
option SCALE: Scale is set to 1e-06 for instance and model parameters
option SCALE: Scale is set to 1e-06 for instance and model parameters
Doing analysis at TEMP = 27.000000 and TNOM = 27.000000

Using KLU as Direct Linear Solver

No. of Data Rows : 1
vout = 1.206226e+00
vgdrv = 2.041868e+00
Reset re-loads circuit * monte-carlo-untrimmed monte carlo deck (config=mos) -- generated by sim/monte-carlo-untrimmed/run_mc_untrimmed.py, do not edit

Circuit: * monte-carlo-untrimmed monte carlo deck (config=mos) -- generated by sim/monte-carlo-untrimmed/run_mc_untrimmed.py, do not edit

option SCALE: Scale is set to 1e-06 for instance and model parameters
option SCALE: Scale is set to 1e-06 for instance and model parameters
option SCALE: Scale is set to 1e-06 for instance and model parameters
option SCALE: Scale is set to 1e-06 for instance and model parameters
Doing analysis at TEMP = 27.000000 and TNOM = 27.000000

Using KLU as Direct Linear Solver
 Reference value :  0.00000e+00
No. of Data Rows : 1
vout = 1.194521e+00
vgdrv = 2.036977e+00
Reset re-loads circuit * monte-carlo-untrimmed monte carlo deck (config=mos) -- generated by sim/monte-carlo-untrimmed/run_mc_untrimmed.py, do not edit

Circuit: * monte-carlo-untrimmed monte carlo deck (config=mos) -- generated by sim/monte-carlo-untrimmed/run_mc_untrimmed.py, do not edit

option SCALE: Scale is set to 1e-06 for instance and model parameters
option SCALE: Scale is set to 1e-06 for instance and model parameters
option SCALE: Scale is set to 1e-06 for instance and model parameters
option SCALE: Scale is set to 1e-06 for instance and model parameters
Doing analysis at TEMP = 27.000000 and TNOM = 27.000000

Using KLU as Direct Linear Solver
 Reference value :  0.00000e+00
No. of Data Rows : 1
vout = 1.198728e+00
vgdrv = 2.038484e+00
Reset re-loads circuit * monte-carlo-untrimmed monte carlo deck (config=mos) -- generated by sim/monte-carlo-untrimmed/run_mc_untrimmed.py, do not edit

Circuit: * monte-carlo-untrimmed monte carlo deck (config=mos) -- generated by sim/monte-carlo-untrimmed/run_mc_untrimmed.py, do not edit

option SCALE: Scale is set to 1e-06 for instance and model parameters
option SCALE: Scale is set to 1e-06 for instance and model parameters
option SCALE: Scale is set to 1e-06 for instance and model parameters
option SCALE: Scale is set to 1e-06 for instance and model parameters
Doing analysis at TEMP = 27.000000 and TNOM = 27.000000

Using KLU as Direct Linear Solver

No. of Data Rows : 1
vout = 1.210007e+00
vgdrv = 2.031721e+00
Reset re-loads circuit * monte-carlo-untrimmed monte carlo deck (config=mos) -- generated by sim/monte-carlo-untrimmed/run_mc_untrimmed.py, do not edit

Circuit: * monte-carlo-untrimmed monte carlo deck (config=mos) -- generated by sim/monte-carlo-untrimmed/run_mc_untrimmed.py, do not edit

option SCALE: Scale is set to 1e-06 for instance and model parameters
option SCALE: Scale is set to 1e-06 for instance and model parameters
option SCALE: Scale is set to 1e-06 for instance and model parameters
option SCALE: Scale is set to 1e-06 for instance and model parameters
Doing analysis at TEMP = 27.000000 and TNOM = 27.000000

Using KLU as Direct Linear Solver

No. of Data Rows : 1
vout = 1.194256e+00
vgdrv = 2.038496e+00
Reset re-loads circuit * monte-carlo-untrimmed monte carlo deck (config=mos) -- generated by sim/monte-carlo-untrimmed/run_mc_untrimmed.py, do not edit

Circuit: * monte-carlo-untrimmed monte carlo deck (config=mos) -- generated by sim/monte-carlo-untrimmed/run_mc_untrimmed.py, do not edit

option SCALE: Scale is set to 1e-06 for instance and model parameters
option SCALE: Scale is set to 1e-06 for instance and model parameters
option SCALE: Scale is set to 1e-06 for instance and model parameters
option SCALE: Scale is set to 1e-06 for instance and model parameters
Doing analysis at TEMP = 27.000000 and TNOM = 27.000000

Using KLU as Direct Linear Solver

No. of Data Rows : 1
vout = 1.195852e+00
vgdrv = 2.037330e+00
Reset re-loads circuit * monte-carlo-untrimmed monte carlo deck (config=mos) -- generated by sim/monte-carlo-untrimmed/run_mc_untrimmed.py, do not edit

Circuit: * monte-carlo-untrimmed monte carlo deck (config=mos) -- generated by sim/monte-carlo-untrimmed/run_mc_untrimmed.py, do not edit

option SCALE: Scale is set to 1e-06 for instance and model parameters
option SCALE: Scale is set to 1e-06 for instance and model parameters
option SCALE: Scale is set to 1e-06 for instance and model parameters
option SCALE: Scale is set to 1e-06 for instance and model parameters
Doing analysis at TEMP = 27.000000 and TNOM = 27.000000

Using KLU as Direct Linear Solver

No. of Data Rows : 1
vout = 1.203182e+00
vgdrv = 2.038411e+00
Reset re-loads circuit * monte-carlo-untrimmed monte carlo deck (config=mos) -- generated by sim/monte-carlo-untrimmed/run_mc_untrimmed.py, do not edit

Circuit: * monte-carlo-untrimmed monte carlo deck (config=mos) -- generated by sim/monte-carlo-untrimmed/run_mc_untrimmed.py, do not edit

option SCALE: Scale is set to 1e-06 for instance and model parameters
option SCALE: Scale is set to 1e-06 for instance and model parameters
option SCALE: Scale is set to 1e-06 for instance and model parameters
option SCALE: Scale is set to 1e-06 for instance and model parameters
Doing analysis at TEMP = 27.000000 and TNOM = 27.000000

Using KLU as Direct Linear Solver
 Reference value :  0.00000e+00
No. of Data Rows : 1
vout = 1.201239e+00
vgdrv = 2.033298e+00
Reset re-loads circuit * monte-carlo-untrimmed monte carlo deck (config=mos) -- generated by sim/monte-carlo-untrimmed/run_mc_untrimmed.py, do not edit

Circuit: * monte-carlo-untrimmed monte carlo deck (config=mos) -- generated by sim/monte-carlo-untrimmed/run_mc_untrimmed.py, do not edit

option SCALE: Scale is set to 1e-06 for instance and model parameters
option SCALE: Scale is set to 1e-06 for instance and model parameters
option SCALE: Scale is set to 1e-06 for instance and model parameters
option SCALE: Scale is set to 1e-06 for instance and model parameters
Doing analysis at TEMP = 27.000000 and TNOM = 27.000000

Using KLU as Direct Linear Solver

No. of Data Rows : 1
vout = 1.201459e+00
vgdrv = 2.039261e+00
Reset re-loads circuit * monte-carlo-untrimmed monte carlo deck (config=mos) -- generated by sim/monte-carlo-untrimmed/run_mc_untrimmed.py, do not edit

Circuit: * monte-carlo-untrimmed monte carlo deck (config=mos) -- generated by sim/monte-carlo-untrimmed/run_mc_untrimmed.py, do not edit

option SCALE: Scale is set to 1e-06 for instance and model parameters
option SCALE: Scale is set to 1e-06 for instance and model parameters
option SCALE: Scale is set to 1e-06 for instance and model parameters
option SCALE: Scale is set to 1e-06 for instance and model parameters
Doing analysis at TEMP = 27.000000 and TNOM = 27.000000

Using KLU as Direct Linear Solver
 Reference value :  0.00000e+00
No. of Data Rows : 1
vout = 1.195837e+00
vgdrv = 2.038755e+00
Reset re-loads circuit * monte-carlo-untrimmed monte carlo deck (config=mos) -- generated by sim/monte-carlo-untrimmed/run_mc_untrimmed.py, do not edit

Circuit: * monte-carlo-untrimmed monte carlo deck (config=mos) -- generated by sim/monte-carlo-untrimmed/run_mc_untrimmed.py, do not edit

option SCALE: Scale is set to 1e-06 for instance and model parameters
option SCALE: Scale is set to 1e-06 for instance and model parameters
option SCALE: Scale is set to 1e-06 for instance and model parameters
option SCALE: Scale is set to 1e-06 for instance and model parameters
Doing analysis at TEMP = 27.000000 and TNOM = 27.000000

Using KLU as Direct Linear Solver

No. of Data Rows : 1
vout = 1.201359e+00
vgdrv = 2.034661e+00
Reset re-loads circuit * monte-carlo-untrimmed monte carlo deck (config=mos) -- generated by sim/monte-carlo-untrimmed/run_mc_untrimmed.py, do not edit

Circuit: * monte-carlo-untrimmed monte carlo deck (config=mos) -- generated by sim/monte-carlo-untrimmed/run_mc_untrimmed.py, do not edit

option SCALE: Scale is set to 1e-06 for instance and model parameters
option SCALE: Scale is set to 1e-06 for instance and model parameters
option SCALE: Scale is set to 1e-06 for instance and model parameters
option SCALE: Scale is set to 1e-06 for instance and model parameters
Doing analysis at TEMP = 27.000000 and TNOM = 27.000000

Using KLU as Direct Linear Solver

No. of Data Rows : 1
vout = 1.200218e+00
vgdrv = 2.031868e+00
Reset re-loads circuit * monte-carlo-untrimmed monte carlo deck (config=mos) -- generated by sim/monte-carlo-untrimmed/run_mc_untrimmed.py, do not edit

Circuit: * monte-carlo-untrimmed monte carlo deck (config=mos) -- generated by sim/monte-carlo-untrimmed/run_mc_untrimmed.py, do not edit

option SCALE: Scale is set to 1e-06 for instance and model parameters
option SCALE: Scale is set to 1e-06 for instance and model parameters
option SCALE: Scale is set to 1e-06 for instance and model parameters
option SCALE: Scale is set to 1e-06 for instance and model parameters
Doing analysis at TEMP = 27.000000 and TNOM = 27.000000

Using KLU as Direct Linear Solver

No. of Data Rows : 1
vout = 1.199842e+00
vgdrv = 2.035587e+00
Reset re-loads circuit * monte-carlo-untrimmed monte carlo deck (config=mos) -- generated by sim/monte-carlo-untrimmed/run_mc_untrimmed.py, do not edit

Circuit: * monte-carlo-untrimmed monte carlo deck (config=mos) -- generated by sim/monte-carlo-untrimmed/run_mc_untrimmed.py, do not edit

option SCALE: Scale is set to 1e-06 for instance and model parameters
option SCALE: Scale is set to 1e-06 for instance and model parameters
option SCALE: Scale is set to 1e-06 for instance and model parameters
option SCALE: Scale is set to 1e-06 for instance and model parameters
Doing analysis at TEMP = 27.000000 and TNOM = 27.000000

Using KLU as Direct Linear Solver

No. of Data Rows : 1
vout = 1.202296e+00
vgdrv = 2.039705e+00
Reset re-loads circuit * monte-carlo-untrimmed monte carlo deck (config=mos) -- generated by sim/monte-carlo-untrimmed/run_mc_untrimmed.py, do not edit

Circuit: * monte-carlo-untrimmed monte carlo deck (config=mos) -- generated by sim/monte-carlo-untrimmed/run_mc_untrimmed.py, do not edit

option SCALE: Scale is set to 1e-06 for instance and model parameters
option SCALE: Scale is set to 1e-06 for instance and model parameters
option SCALE: Scale is set to 1e-06 for instance and model parameters
option SCALE: Scale is set to 1e-06 for instance and model parameters
Doing analysis at TEMP = 27.000000 and TNOM = 27.000000

Using KLU as Direct Linear Solver
 Reference value :  0.00000e+00
No. of Data Rows : 1
vout = 1.191320e+00
vgdrv = 2.036706e+00
Reset re-loads circuit * monte-carlo-untrimmed monte carlo deck (config=mos) -- generated by sim/monte-carlo-untrimmed/run_mc_untrimmed.py, do not edit

Circuit: * monte-carlo-untrimmed monte carlo deck (config=mos) -- generated by sim/monte-carlo-untrimmed/run_mc_untrimmed.py, do not edit

option SCALE: Scale is set to 1e-06 for instance and model parameters
option SCALE: Scale is set to 1e-06 for instance and model parameters
option SCALE: Scale is set to 1e-06 for instance and model parameters
option SCALE: Scale is set to 1e-06 for instance and model parameters
Doing analysis at TEMP = 27.000000 and TNOM = 27.000000

Using KLU as Direct Linear Solver
 Reference value :  0.00000e+00
No. of Data Rows : 1
vout = 1.196531e+00
vgdrv = 2.039027e+00
Reset re-loads circuit * monte-carlo-untrimmed monte carlo deck (config=mos) -- generated by sim/monte-carlo-untrimmed/run_mc_untrimmed.py, do not edit

Circuit: * monte-carlo-untrimmed monte carlo deck (config=mos) -- generated by sim/monte-carlo-untrimmed/run_mc_untrimmed.py, do not edit

option SCALE: Scale is set to 1e-06 for instance and model parameters
option SCALE: Scale is set to 1e-06 for instance and model parameters
option SCALE: Scale is set to 1e-06 for instance and model parameters
option SCALE: Scale is set to 1e-06 for instance and model parameters
Doing analysis at TEMP = 27.000000 and TNOM = 27.000000

Using KLU as Direct Linear Solver

No. of Data Rows : 1
vout = 1.203073e+00
vgdrv = 2.034812e+00
Reset re-loads circuit * monte-carlo-untrimmed monte carlo deck (config=mos) -- generated by sim/monte-carlo-untrimmed/run_mc_untrimmed.py, do not edit

Circuit: * monte-carlo-untrimmed monte carlo deck (config=mos) -- generated by sim/monte-carlo-untrimmed/run_mc_untrimmed.py, do not edit

option SCALE: Scale is set to 1e-06 for instance and model parameters
option SCALE: Scale is set to 1e-06 for instance and model parameters
option SCALE: Scale is set to 1e-06 for instance and model parameters
option SCALE: Scale is set to 1e-06 for instance and model parameters
Doing analysis at TEMP = 27.000000 and TNOM = 27.000000

Using KLU as Direct Linear Solver
 Reference value :  0.00000e+00
No. of Data Rows : 1
vout = 1.194817e+00
vgdrv = 2.039367e+00
Reset re-loads circuit * monte-carlo-untrimmed monte carlo deck (config=mos) -- generated by sim/monte-carlo-untrimmed/run_mc_untrimmed.py, do not edit

Circuit: * monte-carlo-untrimmed monte carlo deck (config=mos) -- generated by sim/monte-carlo-untrimmed/run_mc_untrimmed.py, do not edit

option SCALE: Scale is set to 1e-06 for instance and model parameters
option SCALE: Scale is set to 1e-06 for instance and model parameters
option SCALE: Scale is set to 1e-06 for instance and model parameters
option SCALE: Scale is set to 1e-06 for instance and model parameters
Doing analysis at TEMP = 27.000000 and TNOM = 27.000000

Using KLU as Direct Linear Solver
 Reference value :  0.00000e+00
No. of Data Rows : 1
vout = 1.196472e+00
vgdrv = 2.035502e+00
Reset re-loads circuit * monte-carlo-untrimmed monte carlo deck (config=mos) -- generated by sim/monte-carlo-untrimmed/run_mc_untrimmed.py, do not edit

Circuit: * monte-carlo-untrimmed monte carlo deck (config=mos) -- generated by sim/monte-carlo-untrimmed/run_mc_untrimmed.py, do not edit

option SCALE: Scale is set to 1e-06 for instance and model parameters
option SCALE: Scale is set to 1e-06 for instance and model parameters
option SCALE: Scale is set to 1e-06 for instance and model parameters
option SCALE: Scale is set to 1e-06 for instance and model parameters
Doing analysis at TEMP = 27.000000 and TNOM = 27.000000

Using KLU as Direct Linear Solver

No. of Data Rows : 1
vout = 1.201314e+00
vgdrv = 2.035497e+00
Reset re-loads circuit * monte-carlo-untrimmed monte carlo deck (config=mos) -- generated by sim/monte-carlo-untrimmed/run_mc_untrimmed.py, do not edit

Circuit: * monte-carlo-untrimmed monte carlo deck (config=mos) -- generated by sim/monte-carlo-untrimmed/run_mc_untrimmed.py, do not edit

option SCALE: Scale is set to 1e-06 for instance and model parameters
option SCALE: Scale is set to 1e-06 for instance and model parameters
option SCALE: Scale is set to 1e-06 for instance and model parameters
option SCALE: Scale is set to 1e-06 for instance and model parameters
Doing analysis at TEMP = 27.000000 and TNOM = 27.000000

Using KLU as Direct Linear Solver

No. of Data Rows : 1
vout = 1.195925e+00
vgdrv = 2.034481e+00
Reset re-loads circuit * monte-carlo-untrimmed monte carlo deck (config=mos) -- generated by sim/monte-carlo-untrimmed/run_mc_untrimmed.py, do not edit

Circuit: * monte-carlo-untrimmed monte carlo deck (config=mos) -- generated by sim/monte-carlo-untrimmed/run_mc_untrimmed.py, do not edit

option SCALE: Scale is set to 1e-06 for instance and model parameters
option SCALE: Scale is set to 1e-06 for instance and model parameters
option SCALE: Scale is set to 1e-06 for instance and model parameters
option SCALE: Scale is set to 1e-06 for instance and model parameters
Doing analysis at TEMP = 27.000000 and TNOM = 27.000000

Using KLU as Direct Linear Solver
 Reference value :  0.00000e+00
No. of Data Rows : 1
vout = 1.200723e+00
vgdrv = 2.031319e+00
Reset re-loads circuit * monte-carlo-untrimmed monte carlo deck (config=mos) -- generated by sim/monte-carlo-untrimmed/run_mc_untrimmed.py, do not edit

Circuit: * monte-carlo-untrimmed monte carlo deck (config=mos) -- generated by sim/monte-carlo-untrimmed/run_mc_untrimmed.py, do not edit

option SCALE: Scale is set to 1e-06 for instance and model parameters
option SCALE: Scale is set to 1e-06 for instance and model parameters
option SCALE: Scale is set to 1e-06 for instance and model parameters
option SCALE: Scale is set to 1e-06 for instance and model parameters
Doing analysis at TEMP = 27.000000 and TNOM = 27.000000

Using KLU as Direct Linear Solver

No. of Data Rows : 1
vout = 1.201971e+00
vgdrv = 2.034121e+00
Reset re-loads circuit * monte-carlo-untrimmed monte carlo deck (config=mos) -- generated by sim/monte-carlo-untrimmed/run_mc_untrimmed.py, do not edit

Circuit: * monte-carlo-untrimmed monte carlo deck (config=mos) -- generated by sim/monte-carlo-untrimmed/run_mc_untrimmed.py, do not edit

option SCALE: Scale is set to 1e-06 for instance and model parameters
option SCALE: Scale is set to 1e-06 for instance and model parameters
option SCALE: Scale is set to 1e-06 for instance and model parameters
option SCALE: Scale is set to 1e-06 for instance and model parameters
Doing analysis at TEMP = 27.000000 and TNOM = 27.000000

Using KLU as Direct Linear Solver

No. of Data Rows : 1
vout = 1.199814e+00
vgdrv = 2.040406e+00
Reset re-loads circuit * monte-carlo-untrimmed monte carlo deck (config=mos) -- generated by sim/monte-carlo-untrimmed/run_mc_untrimmed.py, do not edit

Circuit: * monte-carlo-untrimmed monte carlo deck (config=mos) -- generated by sim/monte-carlo-untrimmed/run_mc_untrimmed.py, do not edit

option SCALE: Scale is set to 1e-06 for instance and model parameters
option SCALE: Scale is set to 1e-06 for instance and model parameters
option SCALE: Scale is set to 1e-06 for instance and model parameters
option SCALE: Scale is set to 1e-06 for instance and model parameters
Doing analysis at TEMP = 27.000000 and TNOM = 27.000000

Using KLU as Direct Linear Solver
 Reference value :  0.00000e+00
No. of Data Rows : 1
vout = 1.199949e+00
vgdrv = 2.038777e+00
Reset re-loads circuit * monte-carlo-untrimmed monte carlo deck (config=mos) -- generated by sim/monte-carlo-untrimmed/run_mc_untrimmed.py, do not edit

Circuit: * monte-carlo-untrimmed monte carlo deck (config=mos) -- generated by sim/monte-carlo-untrimmed/run_mc_untrimmed.py, do not edit

option SCALE: Scale is set to 1e-06 for instance and model parameters
option SCALE: Scale is set to 1e-06 for instance and model parameters
option SCALE: Scale is set to 1e-06 for instance and model parameters
option SCALE: Scale is set to 1e-06 for instance and model parameters
Doing analysis at TEMP = 27.000000 and TNOM = 27.000000

Using KLU as Direct Linear Solver

No. of Data Rows : 1
vout = 1.200987e+00
vgdrv = 2.038446e+00
Reset re-loads circuit * monte-carlo-untrimmed monte carlo deck (config=mos) -- generated by sim/monte-carlo-untrimmed/run_mc_untrimmed.py, do not edit

Circuit: * monte-carlo-untrimmed monte carlo deck (config=mos) -- generated by sim/monte-carlo-untrimmed/run_mc_untrimmed.py, do not edit

option SCALE: Scale is set to 1e-06 for instance and model parameters
option SCALE: Scale is set to 1e-06 for instance and model parameters
option SCALE: Scale is set to 1e-06 for instance and model parameters
option SCALE: Scale is set to 1e-06 for instance and model parameters
Doing analysis at TEMP = 27.000000 and TNOM = 27.000000

Using KLU as Direct Linear Solver
 Reference value :  0.00000e+00
No. of Data Rows : 1
vout = 1.191828e+00
vgdrv = 2.034018e+00
Reset re-loads circuit * monte-carlo-untrimmed monte carlo deck (config=mos) -- generated by sim/monte-carlo-untrimmed/run_mc_untrimmed.py, do not edit

Circuit: * monte-carlo-untrimmed monte carlo deck (config=mos) -- generated by sim/monte-carlo-untrimmed/run_mc_untrimmed.py, do not edit

option SCALE: Scale is set to 1e-06 for instance and model parameters
option SCALE: Scale is set to 1e-06 for instance and model parameters
option SCALE: Scale is set to 1e-06 for instance and model parameters
option SCALE: Scale is set to 1e-06 for instance and model parameters
Doing analysis at TEMP = 27.000000 and TNOM = 27.000000

Using KLU as Direct Linear Solver
 Reference value :  0.00000e+00
No. of Data Rows : 1
vout = 1.200797e+00
vgdrv = 2.036346e+00
Reset re-loads circuit * monte-carlo-untrimmed monte carlo deck (config=mos) -- generated by sim/monte-carlo-untrimmed/run_mc_untrimmed.py, do not edit

Circuit: * monte-carlo-untrimmed monte carlo deck (config=mos) -- generated by sim/monte-carlo-untrimmed/run_mc_untrimmed.py, do not edit

option SCALE: Scale is set to 1e-06 for instance and model parameters
option SCALE: Scale is set to 1e-06 for instance and model parameters
option SCALE: Scale is set to 1e-06 for instance and model parameters
option SCALE: Scale is set to 1e-06 for instance and model parameters
Doing analysis at TEMP = 27.000000 and TNOM = 27.000000

Using KLU as Direct Linear Solver
 Reference value :  0.00000e+00
No. of Data Rows : 1
vout = 1.199752e+00
vgdrv = 2.037820e+00
Reset re-loads circuit * monte-carlo-untrimmed monte carlo deck (config=mos) -- generated by sim/monte-carlo-untrimmed/run_mc_untrimmed.py, do not edit

Circuit: * monte-carlo-untrimmed monte carlo deck (config=mos) -- generated by sim/monte-carlo-untrimmed/run_mc_untrimmed.py, do not edit

option SCALE: Scale is set to 1e-06 for instance and model parameters
option SCALE: Scale is set to 1e-06 for instance and model parameters
option SCALE: Scale is set to 1e-06 for instance and model parameters
option SCALE: Scale is set to 1e-06 for instance and model parameters
Doing analysis at TEMP = 27.000000 and TNOM = 27.000000

Using KLU as Direct Linear Solver
 Reference value :  0.00000e+00
No. of Data Rows : 1
vout = 1.201426e+00
vgdrv = 2.035362e+00
Reset re-loads circuit * monte-carlo-untrimmed monte carlo deck (config=mos) -- generated by sim/monte-carlo-untrimmed/run_mc_untrimmed.py, do not edit

Circuit: * monte-carlo-untrimmed monte carlo deck (config=mos) -- generated by sim/monte-carlo-untrimmed/run_mc_untrimmed.py, do not edit

option SCALE: Scale is set to 1e-06 for instance and model parameters
option SCALE: Scale is set to 1e-06 for instance and model parameters
option SCALE: Scale is set to 1e-06 for instance and model parameters
option SCALE: Scale is set to 1e-06 for instance and model parameters
Doing analysis at TEMP = 27.000000 and TNOM = 27.000000

Using KLU as Direct Linear Solver

No. of Data Rows : 1
vout = 1.201150e+00
vgdrv = 2.037014e+00
Reset re-loads circuit * monte-carlo-untrimmed monte carlo deck (config=mos) -- generated by sim/monte-carlo-untrimmed/run_mc_untrimmed.py, do not edit

Circuit: * monte-carlo-untrimmed monte carlo deck (config=mos) -- generated by sim/monte-carlo-untrimmed/run_mc_untrimmed.py, do not edit

option SCALE: Scale is set to 1e-06 for instance and model parameters
option SCALE: Scale is set to 1e-06 for instance and model parameters
option SCALE: Scale is set to 1e-06 for instance and model parameters
option SCALE: Scale is set to 1e-06 for instance and model parameters
Doing analysis at TEMP = 27.000000 and TNOM = 27.000000

Using KLU as Direct Linear Solver
 Reference value :  0.00000e+00
No. of Data Rows : 1
vout = 1.197355e+00
vgdrv = 2.034147e+00
Reset re-loads circuit * monte-carlo-untrimmed monte carlo deck (config=mos) -- generated by sim/monte-carlo-untrimmed/run_mc_untrimmed.py, do not edit

Circuit: * monte-carlo-untrimmed monte carlo deck (config=mos) -- generated by sim/monte-carlo-untrimmed/run_mc_untrimmed.py, do not edit

option SCALE: Scale is set to 1e-06 for instance and model parameters
option SCALE: Scale is set to 1e-06 for instance and model parameters
option SCALE: Scale is set to 1e-06 for instance and model parameters
option SCALE: Scale is set to 1e-06 for instance and model parameters
Doing analysis at TEMP = 27.000000 and TNOM = 27.000000

Using KLU as Direct Linear Solver
 Reference value :  0.00000e+00
No. of Data Rows : 1
vout = 1.195841e+00
vgdrv = 2.035806e+00
Reset re-loads circuit * monte-carlo-untrimmed monte carlo deck (config=mos) -- generated by sim/monte-carlo-untrimmed/run_mc_untrimmed.py, do not edit

Circuit: * monte-carlo-untrimmed monte carlo deck (config=mos) -- generated by sim/monte-carlo-untrimmed/run_mc_untrimmed.py, do not edit

option SCALE: Scale is set to 1e-06 for instance and model parameters
option SCALE: Scale is set to 1e-06 for instance and model parameters
option SCALE: Scale is set to 1e-06 for instance and model parameters
option SCALE: Scale is set to 1e-06 for instance and model parameters
Doing analysis at TEMP = 27.000000 and TNOM = 27.000000

Using KLU as Direct Linear Solver

No. of Data Rows : 1
vout = 1.203841e+00
vgdrv = 2.038091e+00
Reset re-loads circuit * monte-carlo-untrimmed monte carlo deck (config=mos) -- generated by sim/monte-carlo-untrimmed/run_mc_untrimmed.py, do not edit

Circuit: * monte-carlo-untrimmed monte carlo deck (config=mos) -- generated by sim/monte-carlo-untrimmed/run_mc_untrimmed.py, do not edit

option SCALE: Scale is set to 1e-06 for instance and model parameters
option SCALE: Scale is set to 1e-06 for instance and model parameters
option SCALE: Scale is set to 1e-06 for instance and model parameters
option SCALE: Scale is set to 1e-06 for instance and model parameters
Doing analysis at TEMP = 27.000000 and TNOM = 27.000000

Using KLU as Direct Linear Solver

No. of Data Rows : 1
vout = 1.203498e+00
vgdrv = 2.038607e+00
Reset re-loads circuit * monte-carlo-untrimmed monte carlo deck (config=mos) -- generated by sim/monte-carlo-untrimmed/run_mc_untrimmed.py, do not edit

Circuit: * monte-carlo-untrimmed monte carlo deck (config=mos) -- generated by sim/monte-carlo-untrimmed/run_mc_untrimmed.py, do not edit

option SCALE: Scale is set to 1e-06 for instance and model parameters
option SCALE: Scale is set to 1e-06 for instance and model parameters
option SCALE: Scale is set to 1e-06 for instance and model parameters
option SCALE: Scale is set to 1e-06 for instance and model parameters
Doing analysis at TEMP = 27.000000 and TNOM = 27.000000

Using KLU as Direct Linear Solver

No. of Data Rows : 1
vout = 1.193750e+00
vgdrv = 2.042042e+00
Reset re-loads circuit * monte-carlo-untrimmed monte carlo deck (config=mos) -- generated by sim/monte-carlo-untrimmed/run_mc_untrimmed.py, do not edit

Circuit: * monte-carlo-untrimmed monte carlo deck (config=mos) -- generated by sim/monte-carlo-untrimmed/run_mc_untrimmed.py, do not edit

option SCALE: Scale is set to 1e-06 for instance and model parameters
option SCALE: Scale is set to 1e-06 for instance and model parameters
option SCALE: Scale is set to 1e-06 for instance and model parameters
option SCALE: Scale is set to 1e-06 for instance and model parameters
Doing analysis at TEMP = 27.000000 and TNOM = 27.000000

Using KLU as Direct Linear Solver

No. of Data Rows : 1
vout = 1.208652e+00
vgdrv = 2.036290e+00
Reset re-loads circuit * monte-carlo-untrimmed monte carlo deck (config=mos) -- generated by sim/monte-carlo-untrimmed/run_mc_untrimmed.py, do not edit

Circuit: * monte-carlo-untrimmed monte carlo deck (config=mos) -- generated by sim/monte-carlo-untrimmed/run_mc_untrimmed.py, do not edit

option SCALE: Scale is set to 1e-06 for instance and model parameters
option SCALE: Scale is set to 1e-06 for instance and model parameters
option SCALE: Scale is set to 1e-06 for instance and model parameters
option SCALE: Scale is set to 1e-06 for instance and model parameters
Doing analysis at TEMP = 27.000000 and TNOM = 27.000000

Using KLU as Direct Linear Solver
 Reference value :  0.00000e+00
No. of Data Rows : 1
vout = 1.196787e+00
vgdrv = 2.039683e+00
Reset re-loads circuit * monte-carlo-untrimmed monte carlo deck (config=mos) -- generated by sim/monte-carlo-untrimmed/run_mc_untrimmed.py, do not edit

Circuit: * monte-carlo-untrimmed monte carlo deck (config=mos) -- generated by sim/monte-carlo-untrimmed/run_mc_untrimmed.py, do not edit

option SCALE: Scale is set to 1e-06 for instance and model parameters
option SCALE: Scale is set to 1e-06 for instance and model parameters
option SCALE: Scale is set to 1e-06 for instance and model parameters
option SCALE: Scale is set to 1e-06 for instance and model parameters
Doing analysis at TEMP = 27.000000 and TNOM = 27.000000

Using KLU as Direct Linear Solver

No. of Data Rows : 1
vout = 1.199291e+00
vgdrv = 2.034887e+00
Reset re-loads circuit * monte-carlo-untrimmed monte carlo deck (config=mos) -- generated by sim/monte-carlo-untrimmed/run_mc_untrimmed.py, do not edit

Circuit: * monte-carlo-untrimmed monte carlo deck (config=mos) -- generated by sim/monte-carlo-untrimmed/run_mc_untrimmed.py, do not edit

option SCALE: Scale is set to 1e-06 for instance and model parameters
option SCALE: Scale is set to 1e-06 for instance and model parameters
option SCALE: Scale is set to 1e-06 for instance and model parameters
option SCALE: Scale is set to 1e-06 for instance and model parameters
Doing analysis at TEMP = 27.000000 and TNOM = 27.000000

Using KLU as Direct Linear Solver

No. of Data Rows : 1
vout = 1.208076e+00
vgdrv = 2.033288e+00
Reset re-loads circuit * monte-carlo-untrimmed monte carlo deck (config=mos) -- generated by sim/monte-carlo-untrimmed/run_mc_untrimmed.py, do not edit

Circuit: * monte-carlo-untrimmed monte carlo deck (config=mos) -- generated by sim/monte-carlo-untrimmed/run_mc_untrimmed.py, do not edit

option SCALE: Scale is set to 1e-06 for instance and model parameters
option SCALE: Scale is set to 1e-06 for instance and model parameters
option SCALE: Scale is set to 1e-06 for instance and model parameters
option SCALE: Scale is set to 1e-06 for instance and model parameters
Doing analysis at TEMP = 27.000000 and TNOM = 27.000000

Using KLU as Direct Linear Solver
 Reference value :  0.00000e+00
No. of Data Rows : 1
vout = 1.197053e+00
vgdrv = 2.034514e+00
Reset re-loads circuit * monte-carlo-untrimmed monte carlo deck (config=mos) -- generated by sim/monte-carlo-untrimmed/run_mc_untrimmed.py, do not edit

Circuit: * monte-carlo-untrimmed monte carlo deck (config=mos) -- generated by sim/monte-carlo-untrimmed/run_mc_untrimmed.py, do not edit

option SCALE: Scale is set to 1e-06 for instance and model parameters
option SCALE: Scale is set to 1e-06 for instance and model parameters
option SCALE: Scale is set to 1e-06 for instance and model parameters
option SCALE: Scale is set to 1e-06 for instance and model parameters
Doing analysis at TEMP = 27.000000 and TNOM = 27.000000

Using KLU as Direct Linear Solver

No. of Data Rows : 1
vout = 1.196839e+00
vgdrv = 2.038245e+00
Reset re-loads circuit * monte-carlo-untrimmed monte carlo deck (config=mos) -- generated by sim/monte-carlo-untrimmed/run_mc_untrimmed.py, do not edit

Circuit: * monte-carlo-untrimmed monte carlo deck (config=mos) -- generated by sim/monte-carlo-untrimmed/run_mc_untrimmed.py, do not edit

option SCALE: Scale is set to 1e-06 for instance and model parameters
option SCALE: Scale is set to 1e-06 for instance and model parameters
option SCALE: Scale is set to 1e-06 for instance and model parameters
option SCALE: Scale is set to 1e-06 for instance and model parameters
Doing analysis at TEMP = 27.000000 and TNOM = 27.000000

Using KLU as Direct Linear Solver

No. of Data Rows : 1
vout = 1.200838e+00
vgdrv = 2.039375e+00
Reset re-loads circuit * monte-carlo-untrimmed monte carlo deck (config=mos) -- generated by sim/monte-carlo-untrimmed/run_mc_untrimmed.py, do not edit

Circuit: * monte-carlo-untrimmed monte carlo deck (config=mos) -- generated by sim/monte-carlo-untrimmed/run_mc_untrimmed.py, do not edit

option SCALE: Scale is set to 1e-06 for instance and model parameters
option SCALE: Scale is set to 1e-06 for instance and model parameters
option SCALE: Scale is set to 1e-06 for instance and model parameters
option SCALE: Scale is set to 1e-06 for instance and model parameters
Doing analysis at TEMP = 27.000000 and TNOM = 27.000000

Using KLU as Direct Linear Solver
 Reference value :  0.00000e+00
No. of Data Rows : 1
vout = 1.198416e+00
vgdrv = 2.037585e+00
Reset re-loads circuit * monte-carlo-untrimmed monte carlo deck (config=mos) -- generated by sim/monte-carlo-untrimmed/run_mc_untrimmed.py, do not edit

Circuit: * monte-carlo-untrimmed monte carlo deck (config=mos) -- generated by sim/monte-carlo-untrimmed/run_mc_untrimmed.py, do not edit

option SCALE: Scale is set to 1e-06 for instance and model parameters
option SCALE: Scale is set to 1e-06 for instance and model parameters
option SCALE: Scale is set to 1e-06 for instance and model parameters
option SCALE: Scale is set to 1e-06 for instance and model parameters
Doing analysis at TEMP = 27.000000 and TNOM = 27.000000

Using KLU as Direct Linear Solver

No. of Data Rows : 1
vout = 1.200390e+00
vgdrv = 2.033694e+00
Reset re-loads circuit * monte-carlo-untrimmed monte carlo deck (config=mos) -- generated by sim/monte-carlo-untrimmed/run_mc_untrimmed.py, do not edit

Circuit: * monte-carlo-untrimmed monte carlo deck (config=mos) -- generated by sim/monte-carlo-untrimmed/run_mc_untrimmed.py, do not edit

option SCALE: Scale is set to 1e-06 for instance and model parameters
option SCALE: Scale is set to 1e-06 for instance and model parameters
option SCALE: Scale is set to 1e-06 for instance and model parameters
option SCALE: Scale is set to 1e-06 for instance and model parameters
Doing analysis at TEMP = 27.000000 and TNOM = 27.000000

Using KLU as Direct Linear Solver

No. of Data Rows : 1
vout = 1.195871e+00
vgdrv = 2.040310e+00
Reset re-loads circuit * monte-carlo-untrimmed monte carlo deck (config=mos) -- generated by sim/monte-carlo-untrimmed/run_mc_untrimmed.py, do not edit

Circuit: * monte-carlo-untrimmed monte carlo deck (config=mos) -- generated by sim/monte-carlo-untrimmed/run_mc_untrimmed.py, do not edit

option SCALE: Scale is set to 1e-06 for instance and model parameters
option SCALE: Scale is set to 1e-06 for instance and model parameters
option SCALE: Scale is set to 1e-06 for instance and model parameters
option SCALE: Scale is set to 1e-06 for instance and model parameters
Doing analysis at TEMP = 27.000000 and TNOM = 27.000000

Using KLU as Direct Linear Solver
 Reference value :  0.00000e+00
No. of Data Rows : 1
vout = 1.197987e+00
vgdrv = 2.035217e+00
Reset re-loads circuit * monte-carlo-untrimmed monte carlo deck (config=mos) -- generated by sim/monte-carlo-untrimmed/run_mc_untrimmed.py, do not edit

Circuit: * monte-carlo-untrimmed monte carlo deck (config=mos) -- generated by sim/monte-carlo-untrimmed/run_mc_untrimmed.py, do not edit

option SCALE: Scale is set to 1e-06 for instance and model parameters
option SCALE: Scale is set to 1e-06 for instance and model parameters
option SCALE: Scale is set to 1e-06 for instance and model parameters
option SCALE: Scale is set to 1e-06 for instance and model parameters
Doing analysis at TEMP = 27.000000 and TNOM = 27.000000

Using KLU as Direct Linear Solver

No. of Data Rows : 1
vout = 1.207019e+00
vgdrv = 2.033367e+00
Reset re-loads circuit * monte-carlo-untrimmed monte carlo deck (config=mos) -- generated by sim/monte-carlo-untrimmed/run_mc_untrimmed.py, do not edit

Circuit: * monte-carlo-untrimmed monte carlo deck (config=mos) -- generated by sim/monte-carlo-untrimmed/run_mc_untrimmed.py, do not edit

option SCALE: Scale is set to 1e-06 for instance and model parameters
option SCALE: Scale is set to 1e-06 for instance and model parameters
option SCALE: Scale is set to 1e-06 for instance and model parameters
option SCALE: Scale is set to 1e-06 for instance and model parameters
Doing analysis at TEMP = 27.000000 and TNOM = 27.000000

Using KLU as Direct Linear Solver

No. of Data Rows : 1
vout = 1.197639e+00
vgdrv = 2.035798e+00
Reset re-loads circuit * monte-carlo-untrimmed monte carlo deck (config=mos) -- generated by sim/monte-carlo-untrimmed/run_mc_untrimmed.py, do not edit

Circuit: * monte-carlo-untrimmed monte carlo deck (config=mos) -- generated by sim/monte-carlo-untrimmed/run_mc_untrimmed.py, do not edit

option SCALE: Scale is set to 1e-06 for instance and model parameters
option SCALE: Scale is set to 1e-06 for instance and model parameters
option SCALE: Scale is set to 1e-06 for instance and model parameters
option SCALE: Scale is set to 1e-06 for instance and model parameters
Doing analysis at TEMP = 27.000000 and TNOM = 27.000000

Using KLU as Direct Linear Solver

No. of Data Rows : 1
vout = 1.195896e+00
vgdrv = 2.042198e+00
Reset re-loads circuit * monte-carlo-untrimmed monte carlo deck (config=mos) -- generated by sim/monte-carlo-untrimmed/run_mc_untrimmed.py, do not edit

Circuit: * monte-carlo-untrimmed monte carlo deck (config=mos) -- generated by sim/monte-carlo-untrimmed/run_mc_untrimmed.py, do not edit

option SCALE: Scale is set to 1e-06 for instance and model parameters
option SCALE: Scale is set to 1e-06 for instance and model parameters
option SCALE: Scale is set to 1e-06 for instance and model parameters
option SCALE: Scale is set to 1e-06 for instance and model parameters
Doing analysis at TEMP = 27.000000 and TNOM = 27.000000

Using KLU as Direct Linear Solver

No. of Data Rows : 1
vout = 1.199708e+00
vgdrv = 2.039669e+00
Reset re-loads circuit * monte-carlo-untrimmed monte carlo deck (config=mos) -- generated by sim/monte-carlo-untrimmed/run_mc_untrimmed.py, do not edit

Circuit: * monte-carlo-untrimmed monte carlo deck (config=mos) -- generated by sim/monte-carlo-untrimmed/run_mc_untrimmed.py, do not edit

option SCALE: Scale is set to 1e-06 for instance and model parameters
option SCALE: Scale is set to 1e-06 for instance and model parameters
option SCALE: Scale is set to 1e-06 for instance and model parameters
option SCALE: Scale is set to 1e-06 for instance and model parameters
Doing analysis at TEMP = 27.000000 and TNOM = 27.000000

Using KLU as Direct Linear Solver
 Reference value :  0.00000e+00
No. of Data Rows : 1
vout = 1.203287e+00
vgdrv = 2.038184e+00
Reset re-loads circuit * monte-carlo-untrimmed monte carlo deck (config=mos) -- generated by sim/monte-carlo-untrimmed/run_mc_untrimmed.py, do not edit

Circuit: * monte-carlo-untrimmed monte carlo deck (config=mos) -- generated by sim/monte-carlo-untrimmed/run_mc_untrimmed.py, do not edit

option SCALE: Scale is set to 1e-06 for instance and model parameters
option SCALE: Scale is set to 1e-06 for instance and model parameters
option SCALE: Scale is set to 1e-06 for instance and model parameters
option SCALE: Scale is set to 1e-06 for instance and model parameters
Doing analysis at TEMP = 27.000000 and TNOM = 27.000000

Using KLU as Direct Linear Solver

No. of Data Rows : 1
vout = 1.192181e+00
vgdrv = 2.041310e+00
Reset re-loads circuit * monte-carlo-untrimmed monte carlo deck (config=mos) -- generated by sim/monte-carlo-untrimmed/run_mc_untrimmed.py, do not edit

Circuit: * monte-carlo-untrimmed monte carlo deck (config=mos) -- generated by sim/monte-carlo-untrimmed/run_mc_untrimmed.py, do not edit

option SCALE: Scale is set to 1e-06 for instance and model parameters
option SCALE: Scale is set to 1e-06 for instance and model parameters
option SCALE: Scale is set to 1e-06 for instance and model parameters
option SCALE: Scale is set to 1e-06 for instance and model parameters
Doing analysis at TEMP = 27.000000 and TNOM = 27.000000

Using KLU as Direct Linear Solver

No. of Data Rows : 1
vout = 1.194769e+00
vgdrv = 2.037342e+00
Reset re-loads circuit * monte-carlo-untrimmed monte carlo deck (config=mos) -- generated by sim/monte-carlo-untrimmed/run_mc_untrimmed.py, do not edit

Circuit: * monte-carlo-untrimmed monte carlo deck (config=mos) -- generated by sim/monte-carlo-untrimmed/run_mc_untrimmed.py, do not edit

option SCALE: Scale is set to 1e-06 for instance and model parameters
option SCALE: Scale is set to 1e-06 for instance and model parameters
option SCALE: Scale is set to 1e-06 for instance and model parameters
option SCALE: Scale is set to 1e-06 for instance and model parameters
Doing analysis at TEMP = 27.000000 and TNOM = 27.000000

Using KLU as Direct Linear Solver

No. of Data Rows : 1
vout = 1.203707e+00
vgdrv = 2.035217e+00
Reset re-loads circuit * monte-carlo-untrimmed monte carlo deck (config=mos) -- generated by sim/monte-carlo-untrimmed/run_mc_untrimmed.py, do not edit

Circuit: * monte-carlo-untrimmed monte carlo deck (config=mos) -- generated by sim/monte-carlo-untrimmed/run_mc_untrimmed.py, do not edit

option SCALE: Scale is set to 1e-06 for instance and model parameters
option SCALE: Scale is set to 1e-06 for instance and model parameters
option SCALE: Scale is set to 1e-06 for instance and model parameters
option SCALE: Scale is set to 1e-06 for instance and model parameters
Doing analysis at TEMP = 27.000000 and TNOM = 27.000000

Using KLU as Direct Linear Solver

No. of Data Rows : 1
vout = 1.197251e+00
vgdrv = 2.036149e+00
Reset re-loads circuit * monte-carlo-untrimmed monte carlo deck (config=mos) -- generated by sim/monte-carlo-untrimmed/run_mc_untrimmed.py, do not edit

Circuit: * monte-carlo-untrimmed monte carlo deck (config=mos) -- generated by sim/monte-carlo-untrimmed/run_mc_untrimmed.py, do not edit

option SCALE: Scale is set to 1e-06 for instance and model parameters
option SCALE: Scale is set to 1e-06 for instance and model parameters
option SCALE: Scale is set to 1e-06 for instance and model parameters
option SCALE: Scale is set to 1e-06 for instance and model parameters
Doing analysis at TEMP = 27.000000 and TNOM = 27.000000

Using KLU as Direct Linear Solver
 Reference value :  0.00000e+00
No. of Data Rows : 1
vout = 1.193939e+00
vgdrv = 2.038627e+00
Reset re-loads circuit * monte-carlo-untrimmed monte carlo deck (config=mos) -- generated by sim/monte-carlo-untrimmed/run_mc_untrimmed.py, do not edit

Circuit: * monte-carlo-untrimmed monte carlo deck (config=mos) -- generated by sim/monte-carlo-untrimmed/run_mc_untrimmed.py, do not edit

option SCALE: Scale is set to 1e-06 for instance and model parameters
option SCALE: Scale is set to 1e-06 for instance and model parameters
option SCALE: Scale is set to 1e-06 for instance and model parameters
option SCALE: Scale is set to 1e-06 for instance and model parameters
Doing analysis at TEMP = 27.000000 and TNOM = 27.000000

Using KLU as Direct Linear Solver

No. of Data Rows : 1
vout = 1.202044e+00
vgdrv = 2.036809e+00
Reset re-loads circuit * monte-carlo-untrimmed monte carlo deck (config=mos) -- generated by sim/monte-carlo-untrimmed/run_mc_untrimmed.py, do not edit

Circuit: * monte-carlo-untrimmed monte carlo deck (config=mos) -- generated by sim/monte-carlo-untrimmed/run_mc_untrimmed.py, do not edit

option SCALE: Scale is set to 1e-06 for instance and model parameters
option SCALE: Scale is set to 1e-06 for instance and model parameters
option SCALE: Scale is set to 1e-06 for instance and model parameters
option SCALE: Scale is set to 1e-06 for instance and model parameters
Doing analysis at TEMP = 27.000000 and TNOM = 27.000000

Using KLU as Direct Linear Solver

No. of Data Rows : 1
vout = 1.208051e+00
vgdrv = 2.034683e+00
Reset re-loads circuit * monte-carlo-untrimmed monte carlo deck (config=mos) -- generated by sim/monte-carlo-untrimmed/run_mc_untrimmed.py, do not edit

Circuit: * monte-carlo-untrimmed monte carlo deck (config=mos) -- generated by sim/monte-carlo-untrimmed/run_mc_untrimmed.py, do not edit

option SCALE: Scale is set to 1e-06 for instance and model parameters
option SCALE: Scale is set to 1e-06 for instance and model parameters
option SCALE: Scale is set to 1e-06 for instance and model parameters
option SCALE: Scale is set to 1e-06 for instance and model parameters
Doing analysis at TEMP = 27.000000 and TNOM = 27.000000

Using KLU as Direct Linear Solver

No. of Data Rows : 1
vout = 1.202432e+00
vgdrv = 2.034041e+00
Reset re-loads circuit * monte-carlo-untrimmed monte carlo deck (config=mos) -- generated by sim/monte-carlo-untrimmed/run_mc_untrimmed.py, do not edit

Circuit: * monte-carlo-untrimmed monte carlo deck (config=mos) -- generated by sim/monte-carlo-untrimmed/run_mc_untrimmed.py, do not edit

option SCALE: Scale is set to 1e-06 for instance and model parameters
option SCALE: Scale is set to 1e-06 for instance and model parameters
option SCALE: Scale is set to 1e-06 for instance and model parameters
option SCALE: Scale is set to 1e-06 for instance and model parameters
Doing analysis at TEMP = 27.000000 and TNOM = 27.000000

Using KLU as Direct Linear Solver

No. of Data Rows : 1
vout = 1.201384e+00
vgdrv = 2.036379e+00
Reset re-loads circuit * monte-carlo-untrimmed monte carlo deck (config=mos) -- generated by sim/monte-carlo-untrimmed/run_mc_untrimmed.py, do not edit

Circuit: * monte-carlo-untrimmed monte carlo deck (config=mos) -- generated by sim/monte-carlo-untrimmed/run_mc_untrimmed.py, do not edit

option SCALE: Scale is set to 1e-06 for instance and model parameters
option SCALE: Scale is set to 1e-06 for instance and model parameters
option SCALE: Scale is set to 1e-06 for instance and model parameters
option SCALE: Scale is set to 1e-06 for instance and model parameters
Doing analysis at TEMP = 27.000000 and TNOM = 27.000000

Using KLU as Direct Linear Solver
 Reference value :  0.00000e+00
No. of Data Rows : 1
vout = 1.200596e+00
vgdrv = 2.035634e+00
Reset re-loads circuit * monte-carlo-untrimmed monte carlo deck (config=mos) -- generated by sim/monte-carlo-untrimmed/run_mc_untrimmed.py, do not edit

Circuit: * monte-carlo-untrimmed monte carlo deck (config=mos) -- generated by sim/monte-carlo-untrimmed/run_mc_untrimmed.py, do not edit

option SCALE: Scale is set to 1e-06 for instance and model parameters
option SCALE: Scale is set to 1e-06 for instance and model parameters
option SCALE: Scale is set to 1e-06 for instance and model parameters
option SCALE: Scale is set to 1e-06 for instance and model parameters
Doing analysis at TEMP = 27.000000 and TNOM = 27.000000

Using KLU as Direct Linear Solver

No. of Data Rows : 1
vout = 1.200161e+00
vgdrv = 2.038919e+00
Reset re-loads circuit * monte-carlo-untrimmed monte carlo deck (config=mos) -- generated by sim/monte-carlo-untrimmed/run_mc_untrimmed.py, do not edit

Circuit: * monte-carlo-untrimmed monte carlo deck (config=mos) -- generated by sim/monte-carlo-untrimmed/run_mc_untrimmed.py, do not edit

option SCALE: Scale is set to 1e-06 for instance and model parameters
option SCALE: Scale is set to 1e-06 for instance and model parameters
option SCALE: Scale is set to 1e-06 for instance and model parameters
option SCALE: Scale is set to 1e-06 for instance and model parameters
Doing analysis at TEMP = 27.000000 and TNOM = 27.000000

Using KLU as Direct Linear Solver

No. of Data Rows : 1
vout = 1.202681e+00
vgdrv = 2.036090e+00
Reset re-loads circuit * monte-carlo-untrimmed monte carlo deck (config=mos) -- generated by sim/monte-carlo-untrimmed/run_mc_untrimmed.py, do not edit

Circuit: * monte-carlo-untrimmed monte carlo deck (config=mos) -- generated by sim/monte-carlo-untrimmed/run_mc_untrimmed.py, do not edit

option SCALE: Scale is set to 1e-06 for instance and model parameters
option SCALE: Scale is set to 1e-06 for instance and model parameters
option SCALE: Scale is set to 1e-06 for instance and model parameters
option SCALE: Scale is set to 1e-06 for instance and model parameters
Doing analysis at TEMP = 27.000000 and TNOM = 27.000000

Using KLU as Direct Linear Solver

No. of Data Rows : 1
vout = 1.203064e+00
vgdrv = 2.034368e+00
Reset re-loads circuit * monte-carlo-untrimmed monte carlo deck (config=mos) -- generated by sim/monte-carlo-untrimmed/run_mc_untrimmed.py, do not edit

Circuit: * monte-carlo-untrimmed monte carlo deck (config=mos) -- generated by sim/monte-carlo-untrimmed/run_mc_untrimmed.py, do not edit

option SCALE: Scale is set to 1e-06 for instance and model parameters
option SCALE: Scale is set to 1e-06 for instance and model parameters
option SCALE: Scale is set to 1e-06 for instance and model parameters
option SCALE: Scale is set to 1e-06 for instance and model parameters
Doing analysis at TEMP = 27.000000 and TNOM = 27.000000

Using KLU as Direct Linear Solver

No. of Data Rows : 1
vout = 1.196380e+00
vgdrv = 2.035644e+00
Reset re-loads circuit * monte-carlo-untrimmed monte carlo deck (config=mos) -- generated by sim/monte-carlo-untrimmed/run_mc_untrimmed.py, do not edit

Circuit: * monte-carlo-untrimmed monte carlo deck (config=mos) -- generated by sim/monte-carlo-untrimmed/run_mc_untrimmed.py, do not edit

option SCALE: Scale is set to 1e-06 for instance and model parameters
option SCALE: Scale is set to 1e-06 for instance and model parameters
option SCALE: Scale is set to 1e-06 for instance and model parameters
option SCALE: Scale is set to 1e-06 for instance and model parameters
Doing analysis at TEMP = 27.000000 and TNOM = 27.000000

Using KLU as Direct Linear Solver
 Reference value :  0.00000e+00
No. of Data Rows : 1
vout = 1.193288e+00
vgdrv = 2.038572e+00
Reset re-loads circuit * monte-carlo-untrimmed monte carlo deck (config=mos) -- generated by sim/monte-carlo-untrimmed/run_mc_untrimmed.py, do not edit

Circuit: * monte-carlo-untrimmed monte carlo deck (config=mos) -- generated by sim/monte-carlo-untrimmed/run_mc_untrimmed.py, do not edit

option SCALE: Scale is set to 1e-06 for instance and model parameters
option SCALE: Scale is set to 1e-06 for instance and model parameters
option SCALE: Scale is set to 1e-06 for instance and model parameters
option SCALE: Scale is set to 1e-06 for instance and model parameters
Doing analysis at TEMP = 27.000000 and TNOM = 27.000000

Using KLU as Direct Linear Solver

No. of Data Rows : 1
vout = 1.195365e+00
vgdrv = 2.037684e+00
Reset re-loads circuit * monte-carlo-untrimmed monte carlo deck (config=mos) -- generated by sim/monte-carlo-untrimmed/run_mc_untrimmed.py, do not edit

Circuit: * monte-carlo-untrimmed monte carlo deck (config=mos) -- generated by sim/monte-carlo-untrimmed/run_mc_untrimmed.py, do not edit

option SCALE: Scale is set to 1e-06 for instance and model parameters
option SCALE: Scale is set to 1e-06 for instance and model parameters
option SCALE: Scale is set to 1e-06 for instance and model parameters
option SCALE: Scale is set to 1e-06 for instance and model parameters
Doing analysis at TEMP = 27.000000 and TNOM = 27.000000

Using KLU as Direct Linear Solver

No. of Data Rows : 1
vout = 1.204225e+00
vgdrv = 2.033329e+00
Reset re-loads circuit * monte-carlo-untrimmed monte carlo deck (config=mos) -- generated by sim/monte-carlo-untrimmed/run_mc_untrimmed.py, do not edit

Circuit: * monte-carlo-untrimmed monte carlo deck (config=mos) -- generated by sim/monte-carlo-untrimmed/run_mc_untrimmed.py, do not edit

option SCALE: Scale is set to 1e-06 for instance and model parameters
option SCALE: Scale is set to 1e-06 for instance and model parameters
option SCALE: Scale is set to 1e-06 for instance and model parameters
option SCALE: Scale is set to 1e-06 for instance and model parameters
Doing analysis at TEMP = 27.000000 and TNOM = 27.000000

Using KLU as Direct Linear Solver

No. of Data Rows : 1
vout = 1.199223e+00
vgdrv = 2.038153e+00
Reset re-loads circuit * monte-carlo-untrimmed monte carlo deck (config=mos) -- generated by sim/monte-carlo-untrimmed/run_mc_untrimmed.py, do not edit

Circuit: * monte-carlo-untrimmed monte carlo deck (config=mos) -- generated by sim/monte-carlo-untrimmed/run_mc_untrimmed.py, do not edit

option SCALE: Scale is set to 1e-06 for instance and model parameters
option SCALE: Scale is set to 1e-06 for instance and model parameters
option SCALE: Scale is set to 1e-06 for instance and model parameters
option SCALE: Scale is set to 1e-06 for instance and model parameters
Doing analysis at TEMP = 27.000000 and TNOM = 27.000000

Using KLU as Direct Linear Solver

No. of Data Rows : 1
vout = 1.201134e+00
vgdrv = 2.039305e+00
Reset re-loads circuit * monte-carlo-untrimmed monte carlo deck (config=mos) -- generated by sim/monte-carlo-untrimmed/run_mc_untrimmed.py, do not edit

Circuit: * monte-carlo-untrimmed monte carlo deck (config=mos) -- generated by sim/monte-carlo-untrimmed/run_mc_untrimmed.py, do not edit

option SCALE: Scale is set to 1e-06 for instance and model parameters
option SCALE: Scale is set to 1e-06 for instance and model parameters
option SCALE: Scale is set to 1e-06 for instance and model parameters
option SCALE: Scale is set to 1e-06 for instance and model parameters
Doing analysis at TEMP = 27.000000 and TNOM = 27.000000

Using KLU as Direct Linear Solver
 Reference value :  0.00000e+00
No. of Data Rows : 1
vout = 1.200578e+00
vgdrv = 2.036673e+00
Reset re-loads circuit * monte-carlo-untrimmed monte carlo deck (config=mos) -- generated by sim/monte-carlo-untrimmed/run_mc_untrimmed.py, do not edit

Circuit: * monte-carlo-untrimmed monte carlo deck (config=mos) -- generated by sim/monte-carlo-untrimmed/run_mc_untrimmed.py, do not edit

option SCALE: Scale is set to 1e-06 for instance and model parameters
option SCALE: Scale is set to 1e-06 for instance and model parameters
option SCALE: Scale is set to 1e-06 for instance and model parameters
option SCALE: Scale is set to 1e-06 for instance and model parameters
Doing analysis at TEMP = 27.000000 and TNOM = 27.000000

Using KLU as Direct Linear Solver

No. of Data Rows : 1
vout = 1.200753e+00
vgdrv = 2.034577e+00
Reset re-loads circuit * monte-carlo-untrimmed monte carlo deck (config=mos) -- generated by sim/monte-carlo-untrimmed/run_mc_untrimmed.py, do not edit

Circuit: * monte-carlo-untrimmed monte carlo deck (config=mos) -- generated by sim/monte-carlo-untrimmed/run_mc_untrimmed.py, do not edit

option SCALE: Scale is set to 1e-06 for instance and model parameters
option SCALE: Scale is set to 1e-06 for instance and model parameters
option SCALE: Scale is set to 1e-06 for instance and model parameters
option SCALE: Scale is set to 1e-06 for instance and model parameters
Doing analysis at TEMP = 27.000000 and TNOM = 27.000000

Using KLU as Direct Linear Solver

No. of Data Rows : 1
vout = 1.202503e+00
vgdrv = 2.038276e+00
Reset re-loads circuit * monte-carlo-untrimmed monte carlo deck (config=mos) -- generated by sim/monte-carlo-untrimmed/run_mc_untrimmed.py, do not edit

Circuit: * monte-carlo-untrimmed monte carlo deck (config=mos) -- generated by sim/monte-carlo-untrimmed/run_mc_untrimmed.py, do not edit

option SCALE: Scale is set to 1e-06 for instance and model parameters
option SCALE: Scale is set to 1e-06 for instance and model parameters
option SCALE: Scale is set to 1e-06 for instance and model parameters
option SCALE: Scale is set to 1e-06 for instance and model parameters
Doing analysis at TEMP = 27.000000 and TNOM = 27.000000

Using KLU as Direct Linear Solver

No. of Data Rows : 1
vout = 1.206151e+00
vgdrv = 2.036025e+00
Reset re-loads circuit * monte-carlo-untrimmed monte carlo deck (config=mos) -- generated by sim/monte-carlo-untrimmed/run_mc_untrimmed.py, do not edit

Circuit: * monte-carlo-untrimmed monte carlo deck (config=mos) -- generated by sim/monte-carlo-untrimmed/run_mc_untrimmed.py, do not edit

option SCALE: Scale is set to 1e-06 for instance and model parameters
option SCALE: Scale is set to 1e-06 for instance and model parameters
option SCALE: Scale is set to 1e-06 for instance and model parameters
option SCALE: Scale is set to 1e-06 for instance and model parameters
Doing analysis at TEMP = 27.000000 and TNOM = 27.000000

Using KLU as Direct Linear Solver

No. of Data Rows : 1
vout = 1.200338e+00
vgdrv = 2.035139e+00
Reset re-loads circuit * monte-carlo-untrimmed monte carlo deck (config=mos) -- generated by sim/monte-carlo-untrimmed/run_mc_untrimmed.py, do not edit

Circuit: * monte-carlo-untrimmed monte carlo deck (config=mos) -- generated by sim/monte-carlo-untrimmed/run_mc_untrimmed.py, do not edit

option SCALE: Scale is set to 1e-06 for instance and model parameters
option SCALE: Scale is set to 1e-06 for instance and model parameters
option SCALE: Scale is set to 1e-06 for instance and model parameters
option SCALE: Scale is set to 1e-06 for instance and model parameters
Doing analysis at TEMP = 27.000000 and TNOM = 27.000000

Using KLU as Direct Linear Solver
 Reference value :  0.00000e+00
No. of Data Rows : 1
vout = 1.194792e+00
vgdrv = 2.035006e+00
Reset re-loads circuit * monte-carlo-untrimmed monte carlo deck (config=mos) -- generated by sim/monte-carlo-untrimmed/run_mc_untrimmed.py, do not edit

Circuit: * monte-carlo-untrimmed monte carlo deck (config=mos) -- generated by sim/monte-carlo-untrimmed/run_mc_untrimmed.py, do not edit

option SCALE: Scale is set to 1e-06 for instance and model parameters
option SCALE: Scale is set to 1e-06 for instance and model parameters
option SCALE: Scale is set to 1e-06 for instance and model parameters
option SCALE: Scale is set to 1e-06 for instance and model parameters
Doing analysis at TEMP = 27.000000 and TNOM = 27.000000

Using KLU as Direct Linear Solver

No. of Data Rows : 1
vout = 1.199409e+00
vgdrv = 2.034319e+00
Reset re-loads circuit * monte-carlo-untrimmed monte carlo deck (config=mos) -- generated by sim/monte-carlo-untrimmed/run_mc_untrimmed.py, do not edit

Circuit: * monte-carlo-untrimmed monte carlo deck (config=mos) -- generated by sim/monte-carlo-untrimmed/run_mc_untrimmed.py, do not edit

option SCALE: Scale is set to 1e-06 for instance and model parameters
option SCALE: Scale is set to 1e-06 for instance and model parameters
option SCALE: Scale is set to 1e-06 for instance and model parameters
option SCALE: Scale is set to 1e-06 for instance and model parameters
Doing analysis at TEMP = 27.000000 and TNOM = 27.000000

Using KLU as Direct Linear Solver

No. of Data Rows : 1
vout = 1.192589e+00
vgdrv = 2.038387e+00
Reset re-loads circuit * monte-carlo-untrimmed monte carlo deck (config=mos) -- generated by sim/monte-carlo-untrimmed/run_mc_untrimmed.py, do not edit

Circuit: * monte-carlo-untrimmed monte carlo deck (config=mos) -- generated by sim/monte-carlo-untrimmed/run_mc_untrimmed.py, do not edit

option SCALE: Scale is set to 1e-06 for instance and model parameters
option SCALE: Scale is set to 1e-06 for instance and model parameters
option SCALE: Scale is set to 1e-06 for instance and model parameters
option SCALE: Scale is set to 1e-06 for instance and model parameters
Doing analysis at TEMP = 27.000000 and TNOM = 27.000000

Using KLU as Direct Linear Solver

No. of Data Rows : 1
vout = 1.197333e+00
vgdrv = 2.036765e+00
Reset re-loads circuit * monte-carlo-untrimmed monte carlo deck (config=mos) -- generated by sim/monte-carlo-untrimmed/run_mc_untrimmed.py, do not edit

Circuit: * monte-carlo-untrimmed monte carlo deck (config=mos) -- generated by sim/monte-carlo-untrimmed/run_mc_untrimmed.py, do not edit

option SCALE: Scale is set to 1e-06 for instance and model parameters
option SCALE: Scale is set to 1e-06 for instance and model parameters
option SCALE: Scale is set to 1e-06 for instance and model parameters
option SCALE: Scale is set to 1e-06 for instance and model parameters
Doing analysis at TEMP = 27.000000 and TNOM = 27.000000

Using KLU as Direct Linear Solver

No. of Data Rows : 1
vout = 1.200683e+00
vgdrv = 2.034064e+00
Reset re-loads circuit * monte-carlo-untrimmed monte carlo deck (config=mos) -- generated by sim/monte-carlo-untrimmed/run_mc_untrimmed.py, do not edit

Circuit: * monte-carlo-untrimmed monte carlo deck (config=mos) -- generated by sim/monte-carlo-untrimmed/run_mc_untrimmed.py, do not edit

option SCALE: Scale is set to 1e-06 for instance and model parameters
option SCALE: Scale is set to 1e-06 for instance and model parameters
option SCALE: Scale is set to 1e-06 for instance and model parameters
option SCALE: Scale is set to 1e-06 for instance and model parameters
Doing analysis at TEMP = 27.000000 and TNOM = 27.000000

Using KLU as Direct Linear Solver
 Reference value :  0.00000e+00
No. of Data Rows : 1
vout = 1.189027e+00
vgdrv = 2.040843e+00
Reset re-loads circuit * monte-carlo-untrimmed monte carlo deck (config=mos) -- generated by sim/monte-carlo-untrimmed/run_mc_untrimmed.py, do not edit

Circuit: * monte-carlo-untrimmed monte carlo deck (config=mos) -- generated by sim/monte-carlo-untrimmed/run_mc_untrimmed.py, do not edit

option SCALE: Scale is set to 1e-06 for instance and model parameters
option SCALE: Scale is set to 1e-06 for instance and model parameters
option SCALE: Scale is set to 1e-06 for instance and model parameters
option SCALE: Scale is set to 1e-06 for instance and model parameters
Doing analysis at TEMP = 27.000000 and TNOM = 27.000000

Using KLU as Direct Linear Solver

No. of Data Rows : 1
vout = 1.203761e+00
vgdrv = 2.037499e+00
Reset re-loads circuit * monte-carlo-untrimmed monte carlo deck (config=mos) -- generated by sim/monte-carlo-untrimmed/run_mc_untrimmed.py, do not edit

Circuit: * monte-carlo-untrimmed monte carlo deck (config=mos) -- generated by sim/monte-carlo-untrimmed/run_mc_untrimmed.py, do not edit

option SCALE: Scale is set to 1e-06 for instance and model parameters
option SCALE: Scale is set to 1e-06 for instance and model parameters
option SCALE: Scale is set to 1e-06 for instance and model parameters
option SCALE: Scale is set to 1e-06 for instance and model parameters
Doing analysis at TEMP = 27.000000 and TNOM = 27.000000

Using KLU as Direct Linear Solver

No. of Data Rows : 1
vout = 1.202311e+00
vgdrv = 2.037244e+00
Reset re-loads circuit * monte-carlo-untrimmed monte carlo deck (config=mos) -- generated by sim/monte-carlo-untrimmed/run_mc_untrimmed.py, do not edit

Circuit: * monte-carlo-untrimmed monte carlo deck (config=mos) -- generated by sim/monte-carlo-untrimmed/run_mc_untrimmed.py, do not edit

option SCALE: Scale is set to 1e-06 for instance and model parameters
option SCALE: Scale is set to 1e-06 for instance and model parameters
option SCALE: Scale is set to 1e-06 for instance and model parameters
option SCALE: Scale is set to 1e-06 for instance and model parameters
Doing analysis at TEMP = 27.000000 and TNOM = 27.000000

Using KLU as Direct Linear Solver

No. of Data Rows : 1
vout = 1.202760e+00
vgdrv = 2.034357e+00
Reset re-loads circuit * monte-carlo-untrimmed monte carlo deck (config=mos) -- generated by sim/monte-carlo-untrimmed/run_mc_untrimmed.py, do not edit

Circuit: * monte-carlo-untrimmed monte carlo deck (config=mos) -- generated by sim/monte-carlo-untrimmed/run_mc_untrimmed.py, do not edit

option SCALE: Scale is set to 1e-06 for instance and model parameters
option SCALE: Scale is set to 1e-06 for instance and model parameters
option SCALE: Scale is set to 1e-06 for instance and model parameters
option SCALE: Scale is set to 1e-06 for instance and model parameters
Doing analysis at TEMP = 27.000000 and TNOM = 27.000000

Using KLU as Direct Linear Solver

No. of Data Rows : 1
vout = 1.195602e+00
vgdrv = 2.038233e+00
Reset re-loads circuit * monte-carlo-untrimmed monte carlo deck (config=mos) -- generated by sim/monte-carlo-untrimmed/run_mc_untrimmed.py, do not edit

Circuit: * monte-carlo-untrimmed monte carlo deck (config=mos) -- generated by sim/monte-carlo-untrimmed/run_mc_untrimmed.py, do not edit

option SCALE: Scale is set to 1e-06 for instance and model parameters
option SCALE: Scale is set to 1e-06 for instance and model parameters
option SCALE: Scale is set to 1e-06 for instance and model parameters
option SCALE: Scale is set to 1e-06 for instance and model parameters
Doing analysis at TEMP = 27.000000 and TNOM = 27.000000

Using KLU as Direct Linear Solver
 Reference value :  0.00000e+00
No. of Data Rows : 1
vout = 1.192730e+00
vgdrv = 2.041567e+00
Reset re-loads circuit * monte-carlo-untrimmed monte carlo deck (config=mos) -- generated by sim/monte-carlo-untrimmed/run_mc_untrimmed.py, do not edit

Circuit: * monte-carlo-untrimmed monte carlo deck (config=mos) -- generated by sim/monte-carlo-untrimmed/run_mc_untrimmed.py, do not edit

option SCALE: Scale is set to 1e-06 for instance and model parameters
option SCALE: Scale is set to 1e-06 for instance and model parameters
option SCALE: Scale is set to 1e-06 for instance and model parameters
option SCALE: Scale is set to 1e-06 for instance and model parameters
Doing analysis at TEMP = 27.000000 and TNOM = 27.000000

Using KLU as Direct Linear Solver

No. of Data Rows : 1
vout = 1.212575e+00
vgdrv = 2.032002e+00
Reset re-loads circuit * monte-carlo-untrimmed monte carlo deck (config=mos) -- generated by sim/monte-carlo-untrimmed/run_mc_untrimmed.py, do not edit

Circuit: * monte-carlo-untrimmed monte carlo deck (config=mos) -- generated by sim/monte-carlo-untrimmed/run_mc_untrimmed.py, do not edit

option SCALE: Scale is set to 1e-06 for instance and model parameters
option SCALE: Scale is set to 1e-06 for instance and model parameters
option SCALE: Scale is set to 1e-06 for instance and model parameters
option SCALE: Scale is set to 1e-06 for instance and model parameters
Doing analysis at TEMP = 27.000000 and TNOM = 27.000000

Using KLU as Direct Linear Solver

No. of Data Rows : 1
vout = 1.204779e+00
vgdrv = 2.036643e+00
Reset re-loads circuit * monte-carlo-untrimmed monte carlo deck (config=mos) -- generated by sim/monte-carlo-untrimmed/run_mc_untrimmed.py, do not edit

Circuit: * monte-carlo-untrimmed monte carlo deck (config=mos) -- generated by sim/monte-carlo-untrimmed/run_mc_untrimmed.py, do not edit

option SCALE: Scale is set to 1e-06 for instance and model parameters
option SCALE: Scale is set to 1e-06 for instance and model parameters
option SCALE: Scale is set to 1e-06 for instance and model parameters
option SCALE: Scale is set to 1e-06 for instance and model parameters
Doing analysis at TEMP = 27.000000 and TNOM = 27.000000

Using KLU as Direct Linear Solver
 Reference value :  0.00000e+00
No. of Data Rows : 1
vout = 1.199942e+00
vgdrv = 2.039881e+00
Reset re-loads circuit * monte-carlo-untrimmed monte carlo deck (config=mos) -- generated by sim/monte-carlo-untrimmed/run_mc_untrimmed.py, do not edit

Circuit: * monte-carlo-untrimmed monte carlo deck (config=mos) -- generated by sim/monte-carlo-untrimmed/run_mc_untrimmed.py, do not edit

option SCALE: Scale is set to 1e-06 for instance and model parameters
option SCALE: Scale is set to 1e-06 for instance and model parameters
option SCALE: Scale is set to 1e-06 for instance and model parameters
option SCALE: Scale is set to 1e-06 for instance and model parameters
Doing analysis at TEMP = 27.000000 and TNOM = 27.000000

Using KLU as Direct Linear Solver

No. of Data Rows : 1
vout = 1.199642e+00
vgdrv = 2.038234e+00
Reset re-loads circuit * monte-carlo-untrimmed monte carlo deck (config=mos) -- generated by sim/monte-carlo-untrimmed/run_mc_untrimmed.py, do not edit

Circuit: * monte-carlo-untrimmed monte carlo deck (config=mos) -- generated by sim/monte-carlo-untrimmed/run_mc_untrimmed.py, do not edit

option SCALE: Scale is set to 1e-06 for instance and model parameters
option SCALE: Scale is set to 1e-06 for instance and model parameters
option SCALE: Scale is set to 1e-06 for instance and model parameters
option SCALE: Scale is set to 1e-06 for instance and model parameters
Doing analysis at TEMP = 27.000000 and TNOM = 27.000000

Using KLU as Direct Linear Solver

No. of Data Rows : 1
vout = 1.201855e+00
vgdrv = 2.033641e+00
Reset re-loads circuit * monte-carlo-untrimmed monte carlo deck (config=mos) -- generated by sim/monte-carlo-untrimmed/run_mc_untrimmed.py, do not edit

Circuit: * monte-carlo-untrimmed monte carlo deck (config=mos) -- generated by sim/monte-carlo-untrimmed/run_mc_untrimmed.py, do not edit

option SCALE: Scale is set to 1e-06 for instance and model parameters
option SCALE: Scale is set to 1e-06 for instance and model parameters
option SCALE: Scale is set to 1e-06 for instance and model parameters
option SCALE: Scale is set to 1e-06 for instance and model parameters
Doing analysis at TEMP = 27.000000 and TNOM = 27.000000

Using KLU as Direct Linear Solver

No. of Data Rows : 1
vout = 1.192895e+00
vgdrv = 2.037101e+00
Reset re-loads circuit * monte-carlo-untrimmed monte carlo deck (config=mos) -- generated by sim/monte-carlo-untrimmed/run_mc_untrimmed.py, do not edit

Circuit: * monte-carlo-untrimmed monte carlo deck (config=mos) -- generated by sim/monte-carlo-untrimmed/run_mc_untrimmed.py, do not edit

option SCALE: Scale is set to 1e-06 for instance and model parameters
option SCALE: Scale is set to 1e-06 for instance and model parameters
option SCALE: Scale is set to 1e-06 for instance and model parameters
option SCALE: Scale is set to 1e-06 for instance and model parameters
Doing analysis at TEMP = 27.000000 and TNOM = 27.000000

Using KLU as Direct Linear Solver

No. of Data Rows : 1
vout = 1.201094e+00
vgdrv = 2.035142e+00
ngspice-46 done
