# corner: ss_27c_3.63v
# process=ss temp=27C supply=3.63V
# ngspice exit: 0
# wall clock: 24.9s (--timeout was 180s)
# result: FAIL

# ==== deck (exact input given to ngspice) ====
| * output-voltage-tc corner deck -- generated by sim/bin/corner-run.py, do not edit
| * corner: ss_27c_3.63v
| .param vsup=3.63
| .option wnflag=1
| .option reltol=1e-6
| .option vntol=1e-9
| .option abstol=1e-15
| .temp 27
| .lib "/home/ubuntu/.volare/sky130A/libs.tech/combined/sky130.lib.spice" ss
| ** sch_path: sim/output-voltage-tc/testbench/tb_vref_tc.sch
| **.subckt tb_vref_tc
| V1 VDD 0 'vsup'
| .save i(v1)
| XBG VREF GDRV VDD 0 bandgap_core
| **** begin user architecture code
| 
| 
| * DC-solver seed, not a forced solution: see the header note. Without it the
| * solver can settle on the core's degenerate zero-current state, which is
| * what issue #10's startup circuit exists to prevent in silicon.
| .nodeset v(vref)=1.2 v(gdrv)=2.2
| 
| 
| **** end user architecture code
| **.ends
| 
| 
| 
| 
| 
| .subckt bandgap_core VOUT GDRV VDD VSS
| XCORE D1_INT D2_INT GDRV PN_INT TAIL_INT VA_INT VB_INT VBQ_INT VDD VOUT VSS bandgap_core_routed
| .ends bandgap_core
| 
| .SUBCKT bandgap_core_routed D1 D2 GDRV PN TAIL VA VB VBQ VDD VOUT VSS
| * device instance $1 r0 *1 233.14,52.67 nfet
| X$1 VSS__t184 D1__t1 D1__t0 VSS__t159 sky130_fd_pr__nfet_g5v0d10v5 L=20 W=8 AS=3.36 AD=3.36 PS=16.84 PD=16.84 nrd=0.036250 nrs=0.036250 nf=1 mult=1 sa=0 sb=0 sd=0
| * device instance $2 r0 *1 254.38,52.67 nfet
| X$2 VSS__t185 D2__t4 D2__t10 VSS__t160 sky130_fd_pr__nfet_g5v0d10v5 L=20 W=8 AS=3.36 AD=3.36 PS=16.84 PD=16.84 nrd=0.036250 nrs=0.036250 nf=1 mult=1 sa=0 sb=0 sd=0
| * device instance $3 r0 *1 275.62,52.67 nfet
| X$3 VSS__t186 D1__t5 D1__t11 VSS__t161 sky130_fd_pr__nfet_g5v0d10v5 L=20 W=8 AS=3.36 AD=3.36 PS=16.84 PD=16.84 nrd=0.036250 nrs=0.036250 nf=1 mult=1 sa=0 sb=0 sd=0
| * device instance $4 r0 *1 296.86,52.67 nfet
| X$4 VSS__t187 D2__t5 D2__t11 VSS__t162 sky130_fd_pr__nfet_g5v0d10v5 L=20 W=8 AS=3.36 AD=3.36 PS=16.84 PD=16.84 nrd=0.036250 nrs=0.036250 nf=1 mult=1 sa=0 sb=0 sd=0
| * device instance $5 r0 *1 233.14,61.49 nfet
| X$5 VSS__t177 D2__t8 D2__t12 VSS__t163 sky130_fd_pr__nfet_g5v0d10v5 L=20 W=8 AS=3.36 AD=3.36 PS=16.84 PD=16.84 nrd=0.036250 nrs=0.036250 nf=1 mult=1 sa=0 sb=0 sd=0
| * device instance $6 r0 *1 254.38,61.49 nfet
| X$6 VSS__t179 D1__t2 D1__t9 VSS__t164 sky130_fd_pr__nfet_g5v0d10v5 L=20 W=8 AS=3.36 AD=3.36 PS=16.84 PD=16.84 nrd=0.036250 nrs=0.036250 nf=1 mult=1 sa=0 sb=0 sd=0
| * device instance $7 r0 *1 275.62,61.49 nfet
| X$7 VSS__t178 D2__t1 D2__t9 VSS__t165 sky130_fd_pr__nfet_g5v0d10v5 L=20 W=8 AS=3.36 AD=3.36 PS=16.84 PD=16.84 nrd=0.036250 nrs=0.036250 nf=1 mult=1 sa=0 sb=0 sd=0
| * device instance $8 r0 *1 296.86,61.49 nfet
| X$8 VSS__t182 D1__t4 D1__t10 VSS__t166 sky130_fd_pr__nfet_g5v0d10v5 L=20 W=8 AS=3.36 AD=3.36 PS=16.84 PD=16.84 nrd=0.036250 nrs=0.036250 nf=1 mult=1 sa=0 sb=0 sd=0
| * device instance $9 r0 *1 216.07,105.9 nfet
| X$9 VSS__t183 D2__t3 PN__t25 VSS__t167 sky130_fd_pr__nfet_g5v0d10v5 L=20 W=8 AS=3.36 AD=3.36 PS=16.84 PD=16.84 nrd=0.036250 nrs=0.036250 nf=1 mult=1 sa=0 sb=0 sd=0
| * device instance $10 r0 *1 237.31,105.9 nfet
| X$10 VSS__t192 D1__t8 GDRV__t28 VSS__t168 sky130_fd_pr__nfet_g5v0d10v5 L=20 W=8 AS=3.36 AD=3.36 PS=16.84 PD=16.84 nrd=0.036250 nrs=0.036250 nf=1 mult=1 sa=0 sb=0 sd=0
| * device instance $11 r0 *1 258.55,105.9 nfet
| X$11 VSS__t181 D2__t2 PN__t24 VSS__t169 sky130_fd_pr__nfet_g5v0d10v5 L=20 W=8 AS=3.36 AD=3.36 PS=16.84 PD=16.84 nrd=0.036250 nrs=0.036250 nf=1 mult=1 sa=0 sb=0 sd=0
| * device instance $12 r0 *1 279.79,105.9 nfet
| X$12 VSS__t180 D1__t3 GDRV__t25 VSS__t170 sky130_fd_pr__nfet_g5v0d10v5 L=20 W=8 AS=3.36 AD=3.36 PS=16.84 PD=16.84 nrd=0.036250 nrs=0.036250 nf=1 mult=1 sa=0 sb=0 sd=0
| * device instance $13 r0 *1 216.07,114.72 nfet
| X$13 VSS__t188 D1__t6 GDRV__t26 VSS__t171 sky130_fd_pr__nfet_g5v0d10v5 L=20 W=8 AS=3.36 AD=3.36 PS=16.84 PD=16.84 nrd=0.036250 nrs=0.036250 nf=1 mult=1 sa=0 sb=0 sd=0
| * device instance $14 r0 *1 237.31,114.72 nfet
| X$14 VSS__t189 D2__t6 PN__t26 VSS__t172 sky130_fd_pr__nfet_g5v0d10v5 L=20 W=8 AS=3.36 AD=3.36 PS=16.84 PD=16.84 nrd=0.036250 nrs=0.036250 nf=1 mult=1 sa=0 sb=0 sd=0
| * device instance $15 r0 *1 258.55,114.72 nfet
| X$15 VSS__t190 D1__t7 GDRV__t27 VSS__t173 sky130_fd_pr__nfet_g5v0d10v5 L=20 W=8 AS=3.36 AD=3.36 PS=16.84 PD=16.84 nrd=0.036250 nrs=0.036250 nf=1 mult=1 sa=0 sb=0 sd=0
| * device instance $16 r0 *1 279.79,114.72 nfet
| X$16 VSS__t191 D2__t7 PN__t27 VSS__t174 sky130_fd_pr__nfet_g5v0d10v5 L=20 W=8 AS=3.36 AD=3.36 PS=16.84 PD=16.84 nrd=0.036250 nrs=0.036250 nf=1 mult=1 sa=0 sb=0 sd=0
| * device instance $17 r0 *1 30.71,46.67 pfet
| X$17 D2__t0 VA__t1 TAIL__t0 VDD__t111 sky130_fd_pr__pfet_g5v0d10v5 L=10 W=20 AS=8.4 AD=8.4 PS=40.84 PD=40.84 nrd=0.014500 nrs=0.014500 nf=1 mult=1 sa=0 sb=0 sd=0
| * device instance $18 r0 *1 41.95,46.67 pfet
| X$18 D1__t21 VB__t9 TAIL__t19 VDD__t100 sky130_fd_pr__pfet_g5v0d10v5 L=10 W=20 AS=8.4 AD=8.4 PS=40.84 PD=40.84 nrd=0.014500 nrs=0.014500 nf=1 mult=1 sa=0 sb=0 sd=0
| * device instance $19 r0 *1 53.19,46.67 pfet
| X$19 D2__t22 VA__t11 TAIL__t20 VDD__t101 sky130_fd_pr__pfet_g5v0d10v5 L=10 W=20 AS=8.4 AD=8.4 PS=40.84 PD=40.84 nrd=0.014500 nrs=0.014500 nf=1 mult=1 sa=0 sb=0 sd=0
| * device instance $20 r0 *1 64.43,46.67 pfet
| X$20 D1__t22 VB__t10 TAIL__t21 VDD__t102 sky130_fd_pr__pfet_g5v0d10v5 L=10 W=20 AS=8.4 AD=8.4 PS=40.84 PD=40.84 nrd=0.014500 nrs=0.014500 nf=1 mult=1 sa=0 sb=0 sd=0
| * device instance $21 r0 *1 75.67,46.67 pfet
| X$21 D2__t23 VA__t12 TAIL__t22 VDD__t103 sky130_fd_pr__pfet_g5v0d10v5 L=10 W=20 AS=8.4 AD=8.4 PS=40.84 PD=40.84 nrd=0.014500 nrs=0.014500 nf=1 mult=1 sa=0 sb=0 sd=0
| * device instance $22 r0 *1 86.91,46.67 pfet
| X$22 D1__t23 VB__t11 TAIL__t23 VDD__t104 sky130_fd_pr__pfet_g5v0d10v5 L=10 W=20 AS=8.4 AD=8.4 PS=40.84 PD=40.84 nrd=0.014500 nrs=0.014500 nf=1 mult=1 sa=0 sb=0 sd=0
| * device instance $23 r0 *1 98.15,46.67 pfet
| X$23 D2__t24 VA__t13 TAIL__t24 VDD__t105 sky130_fd_pr__pfet_g5v0d10v5 L=10 W=20 AS=8.4 AD=8.4 PS=40.84 PD=40.84 nrd=0.014500 nrs=0.014500 nf=1 mult=1 sa=0 sb=0 sd=0
| * device instance $24 r0 *1 109.39,46.67 pfet
| X$24 D1__t27 VB__t15 TAIL__t31 VDD__t113 sky130_fd_pr__pfet_g5v0d10v5 L=10 W=20 AS=8.4 AD=8.4 PS=40.84 PD=40.84 nrd=0.014500 nrs=0.014500 nf=1 mult=1 sa=0 sb=0 sd=0
| * device instance $25 r0 *1 120.63,46.67 pfet
| X$25 D2__t25 VA__t14 TAIL__t27 VDD__t108 sky130_fd_pr__pfet_g5v0d10v5 L=10 W=20 AS=8.4 AD=8.4 PS=40.84 PD=40.84 nrd=0.014500 nrs=0.014500 nf=1 mult=1 sa=0 sb=0 sd=0
| * device instance $26 r0 *1 131.87,46.67 pfet
| X$26 D1__t26 VB__t14 TAIL__t28 VDD__t109 sky130_fd_pr__pfet_g5v0d10v5 L=10 W=20 AS=8.4 AD=8.4 PS=40.84 PD=40.84 nrd=0.014500 nrs=0.014500 nf=1 mult=1 sa=0 sb=0 sd=0
| * device instance $27 r0 *1 143.11,46.67 pfet
| X$27 D2__t26 VA__t15 TAIL__t29 VDD__t110 sky130_fd_pr__pfet_g5v0d10v5 L=10 W=20 AS=8.4 AD=8.4 PS=40.84 PD=40.84 nrd=0.014500 nrs=0.014500 nf=1 mult=1 sa=0 sb=0 sd=0
| * device instance $28 r0 *1 154.35,46.67 pfet
| X$28 D1__t12 VB__t0 TAIL__t2 VDD__t84 sky130_fd_pr__pfet_g5v0d10v5 L=10 W=20 AS=8.4 AD=8.4 PS=40.84 PD=40.84 nrd=0.014500 nrs=0.014500 nf=1 mult=1 sa=0 sb=0 sd=0
| * device instance $29 r0 *1 165.59,46.67 pfet
| X$29 D2__t16 VA__t5 TAIL__t6 VDD__t88 sky130_fd_pr__pfet_g5v0d10v5 L=10 W=20 AS=8.4 AD=8.4 PS=40.84 PD=40.84 nrd=0.014500 nrs=0.014500 nf=1 mult=1 sa=0 sb=0 sd=0
| * device instance $30 r0 *1 176.83,46.67 pfet
| X$30 D1__t14 VB__t2 TAIL__t7 VDD__t89 sky130_fd_pr__pfet_g5v0d10v5 L=10 W=20 AS=8.4 AD=8.4 PS=40.84 PD=40.84 nrd=0.014500 nrs=0.014500 nf=1 mult=1 sa=0 sb=0 sd=0
| * device instance $31 r0 *1 188.07,46.67 pfet
| X$31 D2__t17 VA__t6 TAIL__t8 VDD__t90 sky130_fd_pr__pfet_g5v0d10v5 L=10 W=20 AS=8.4 AD=8.4 PS=40.84 PD=40.84 nrd=0.014500 nrs=0.014500 nf=1 mult=1 sa=0 sb=0 sd=0
| * device instance $32 r0 *1 199.31,46.67 pfet
| X$32 D1__t15 VB__t3 TAIL__t9 VDD__t91 sky130_fd_pr__pfet_g5v0d10v5 L=10 W=20 AS=8.4 AD=8.4 PS=40.84 PD=40.84 nrd=0.014500 nrs=0.014500 nf=1 mult=1 sa=0 sb=0 sd=0
| * device instance $33 r0 *1 2.49,61.49 pfet
| X$33 TAIL__t32 GDRV__t0 VDD__t0 VDD__t1 sky130_fd_pr__pfet_g5v0d10v5 L=2 W=8 AS=3.36 AD=3.36 PS=16.84 PD=16.84 nrd=0.036250 nrs=0.036250 nf=1 mult=1 sa=0 sb=0 sd=0
| * device instance $34 r0 *1 2.49,52.67 pfet
| X$34 VOUT__t1 GDRV__t29 VDD__t117 VDD__t114 sky130_fd_pr__pfet_g5v0d10v5 L=2 W=8 AS=3.36 AD=3.36 PS=16.84 PD=16.84 nrd=0.036250 nrs=0.036250 nf=1 mult=1 sa=0 sb=0 sd=0
| * device instance $35 r0 *1 5.73,61.49 pfet
| X$35 VOUT__t2 GDRV__t30 VDD__t118 VDD__t115 sky130_fd_pr__pfet_g5v0d10v5 L=2 W=8 AS=3.36 AD=3.36 PS=16.84 PD=16.84 nrd=0.036250 nrs=0.036250 nf=1 mult=1 sa=0 sb=0 sd=0
| * device instance $36 r0 *1 5.73,52.67 pfet
| X$36 TAIL__t33 GDRV__t31 VDD__t119 VDD__t116 sky130_fd_pr__pfet_g5v0d10v5 L=2 W=8 AS=3.36 AD=3.36 PS=16.84 PD=16.84 nrd=0.036250 nrs=0.036250 nf=1 mult=1 sa=0 sb=0 sd=0
| * device instance $37 r0 *1 30.71,67.49 pfet
| X$37 D1__t16 VB__t4 TAIL__t10 VDD__t2 sky130_fd_pr__pfet_g5v0d10v5 L=10 W=20 AS=8.4 AD=8.4 PS=40.84 PD=40.84 nrd=0.014500 nrs=0.014500 nf=1 mult=1 sa=0 sb=0 sd=0
| * device instance $38 r0 *1 41.95,67.49 pfet
| X$38 D2__t19 VA__t8 TAIL__t13 VDD__t94 sky130_fd_pr__pfet_g5v0d10v5 L=10 W=20 AS=8.4 AD=8.4 PS=40.84 PD=40.84 nrd=0.014500 nrs=0.014500 nf=1 mult=1 sa=0 sb=0 sd=0
| * device instance $39 r0 *1 53.19,67.49 pfet
| X$39 D1__t17 VB__t5 TAIL__t12 VDD__t93 sky130_fd_pr__pfet_g5v0d10v5 L=10 W=20 AS=8.4 AD=8.4 PS=40.84 PD=40.84 nrd=0.014500 nrs=0.014500 nf=1 mult=1 sa=0 sb=0 sd=0
| * device instance $40 r0 *1 64.43,67.49 pfet
| X$40 D2__t18 VA__t7 TAIL__t11 VDD__t92 sky130_fd_pr__pfet_g5v0d10v5 L=10 W=20 AS=8.4 AD=8.4 PS=40.84 PD=40.84 nrd=0.014500 nrs=0.014500 nf=1 mult=1 sa=0 sb=0 sd=0
| * device instance $41 r0 *1 75.67,67.49 pfet
| X$41 D1__t20 VB__t8 TAIL__t18 VDD__t99 sky130_fd_pr__pfet_g5v0d10v5 L=10 W=20 AS=8.4 AD=8.4 PS=40.84 PD=40.84 nrd=0.014500 nrs=0.014500 nf=1 mult=1 sa=0 sb=0 sd=0
| * device instance $42 r0 *1 86.91,67.49 pfet
| X$42 D2__t20 VA__t9 TAIL__t15 VDD__t96 sky130_fd_pr__pfet_g5v0d10v5 L=10 W=20 AS=8.4 AD=8.4 PS=40.84 PD=40.84 nrd=0.014500 nrs=0.014500 nf=1 mult=1 sa=0 sb=0 sd=0
| * device instance $43 r0 *1 98.15,67.49 pfet
| X$43 D1__t24 VB__t12 TAIL__t25 VDD__t106 sky130_fd_pr__pfet_g5v0d10v5 L=10 W=20 AS=8.4 AD=8.4 PS=40.84 PD=40.84 nrd=0.014500 nrs=0.014500 nf=1 mult=1 sa=0 sb=0 sd=0
| * device instance $44 r0 *1 109.39,67.49 pfet
| X$44 D2__t27 VA__t16 TAIL__t30 VDD__t112 sky130_fd_pr__pfet_g5v0d10v5 L=10 W=20 AS=8.4 AD=8.4 PS=40.84 PD=40.84 nrd=0.014500 nrs=0.014500 nf=1 mult=1 sa=0 sb=0 sd=0
| * device instance $45 r0 *1 120.63,67.49 pfet
| X$45 D1__t25 VB__t13 TAIL__t26 VDD__t107 sky130_fd_pr__pfet_g5v0d10v5 L=10 W=20 AS=8.4 AD=8.4 PS=40.84 PD=40.84 nrd=0.014500 nrs=0.014500 nf=1 mult=1 sa=0 sb=0 sd=0
| * device instance $46 r0 *1 131.87,67.49 pfet
| X$46 D2__t21 VA__t10 TAIL__t17 VDD__t98 sky130_fd_pr__pfet_g5v0d10v5 L=10 W=20 AS=8.4 AD=8.4 PS=40.84 PD=40.84 nrd=0.014500 nrs=0.014500 nf=1 mult=1 sa=0 sb=0 sd=0
| * device instance $47 r0 *1 143.11,67.49 pfet
| X$47 D1__t19 VB__t7 TAIL__t16 VDD__t97 sky130_fd_pr__pfet_g5v0d10v5 L=10 W=20 AS=8.4 AD=8.4 PS=40.84 PD=40.84 nrd=0.014500 nrs=0.014500 nf=1 mult=1 sa=0 sb=0 sd=0
| * device instance $48 r0 *1 154.35,67.49 pfet
| X$48 D2__t13 VA__t2 TAIL__t1 VDD__t83 sky130_fd_pr__pfet_g5v0d10v5 L=10 W=20 AS=8.4 AD=8.4 PS=40.84 PD=40.84 nrd=0.014500 nrs=0.014500 nf=1 mult=1 sa=0 sb=0 sd=0
| * device instance $49 r0 *1 165.59,67.49 pfet
| X$49 D1__t13 VB__t1 TAIL__t5 VDD__t87 sky130_fd_pr__pfet_g5v0d10v5 L=10 W=20 AS=8.4 AD=8.4 PS=40.84 PD=40.84 nrd=0.014500 nrs=0.014500 nf=1 mult=1 sa=0 sb=0 sd=0
| * device instance $50 r0 *1 176.83,67.49 pfet
| X$50 D2__t15 VA__t4 TAIL__t4 VDD__t86 sky130_fd_pr__pfet_g5v0d10v5 L=10 W=20 AS=8.4 AD=8.4 PS=40.84 PD=40.84 nrd=0.014500 nrs=0.014500 nf=1 mult=1 sa=0 sb=0 sd=0
| * device instance $51 r0 *1 188.07,67.49 pfet
| X$51 D1__t18 VB__t6 TAIL__t14 VDD__t95 sky130_fd_pr__pfet_g5v0d10v5 L=10 W=20 AS=8.4 AD=8.4 PS=40.84 PD=40.84 nrd=0.014500 nrs=0.014500 nf=1 mult=1 sa=0 sb=0 sd=0
| * device instance $52 r0 *1 199.31,67.49 pfet
| X$52 D2__t14 VA__t3 TAIL__t3 VDD__t85 sky130_fd_pr__pfet_g5v0d10v5 L=10 W=20 AS=8.4 AD=8.4 PS=40.84 PD=40.84 nrd=0.014500 nrs=0.014500 nf=1 mult=1 sa=0 sb=0 sd=0
| * device instance $53 r0 *1 28.56,106.9 pfet
| X$53 PN__t21 PN__t9 VDD__t76 VDD__t61 sky130_fd_pr__pfet_g5v0d10v5 L=20 W=6 AS=2.52 AD=2.52 PS=12.84 PD=12.84 nrd=0.048333 nrs=0.048333 nf=1 mult=1 sa=0 sb=0 sd=0
| * device instance $54 r0 *1 28.56,113.72 pfet
| X$54 GDRV__t1 PN__t0 VDD__t3 VDD__t4 sky130_fd_pr__pfet_g5v0d10v5 L=20 W=6 AS=2.52 AD=2.52 PS=12.84 PD=12.84 nrd=0.048333 nrs=0.048333 nf=1 mult=1 sa=0 sb=0 sd=0
| * device instance $55 r0 *1 49.8,113.72 pfet
| X$55 PN__t23 PN__t15 VDD__t82 VDD__t67 sky130_fd_pr__pfet_g5v0d10v5 L=20 W=6 AS=2.52 AD=2.52 PS=12.84 PD=12.84 nrd=0.048333 nrs=0.048333 nf=1 mult=1 sa=0 sb=0 sd=0
| * device instance $56 r0 *1 49.8,106.9 pfet
| X$56 GDRV__t24 PN__t14 VDD__t81 VDD__t66 sky130_fd_pr__pfet_g5v0d10v5 L=20 W=6 AS=2.52 AD=2.52 PS=12.84 PD=12.84 nrd=0.048333 nrs=0.048333 nf=1 mult=1 sa=0 sb=0 sd=0
| * device instance $57 r0 *1 71.04,106.9 pfet
| X$57 PN__t22 PN__t13 VDD__t80 VDD__t65 sky130_fd_pr__pfet_g5v0d10v5 L=20 W=6 AS=2.52 AD=2.52 PS=12.84 PD=12.84 nrd=0.048333 nrs=0.048333 nf=1 mult=1 sa=0 sb=0 sd=0
| * device instance $58 r0 *1 71.04,113.72 pfet
| X$58 GDRV__t23 PN__t12 VDD__t79 VDD__t64 sky130_fd_pr__pfet_g5v0d10v5 L=20 W=6 AS=2.52 AD=2.52 PS=12.84 PD=12.84 nrd=0.048333 nrs=0.048333 nf=1 mult=1 sa=0 sb=0 sd=0
| * device instance $59 r0 *1 79.76,158.13 pfet
| X$59 VDD__t30 GDRV__t10 VDD__t45 VDD__t15 sky130_fd_pr__pfet_g5v0d10v5 L=20 W=30 AS=12.6 AD=12.6 PS=60.84 PD=60.84 nrd=0.009667 nrs=0.009667 nf=1 mult=1 sa=0 sb=0 sd=0
| * device instance $60 r0 *1 92.28,106.9 pfet
| X$60 GDRV__t21 PN__t10 VDD__t77 VDD__t62 sky130_fd_pr__pfet_g5v0d10v5 L=20 W=6 AS=2.52 AD=2.52 PS=12.84 PD=12.84 nrd=0.048333 nrs=0.048333 nf=1 mult=1 sa=0 sb=0 sd=0
| * device instance $61 r0 *1 92.28,113.72 pfet
| X$61 PN__t18 PN__t5 VDD__t72 VDD__t57 sky130_fd_pr__pfet_g5v0d10v5 L=20 W=6 AS=2.52 AD=2.52 PS=12.84 PD=12.84 nrd=0.048333 nrs=0.048333 nf=1 mult=1 sa=0 sb=0 sd=0
| * device instance $62 r0 *1 101,158.13 pfet
| X$62 VDD__t25 GDRV__t5 VDD__t40 VDD__t10 sky130_fd_pr__pfet_g5v0d10v5 L=20 W=30 AS=12.6 AD=12.6 PS=60.84 PD=60.84 nrd=0.009667 nrs=0.009667 nf=1 mult=1 sa=0 sb=0 sd=0
| * device instance $63 r0 *1 113.52,106.9 pfet
| X$63 PN__t17 PN__t4 VDD__t71 VDD__t56 sky130_fd_pr__pfet_g5v0d10v5 L=20 W=6 AS=2.52 AD=2.52 PS=12.84 PD=12.84 nrd=0.048333 nrs=0.048333 nf=1 mult=1 sa=0 sb=0 sd=0
| * device instance $64 r0 *1 113.52,113.72 pfet
| X$64 GDRV__t19 PN__t3 VDD__t70 VDD__t55 sky130_fd_pr__pfet_g5v0d10v5 L=20 W=6 AS=2.52 AD=2.52 PS=12.84 PD=12.84 nrd=0.048333 nrs=0.048333 nf=1 mult=1 sa=0 sb=0 sd=0
| * device instance $65 r0 *1 122.24,158.13 pfet
| X$65 VDD__t24 GDRV__t4 VDD__t39 VDD__t9 sky130_fd_pr__pfet_g5v0d10v5 L=20 W=30 AS=12.6 AD=12.6 PS=60.84 PD=60.84 nrd=0.009667 nrs=0.009667 nf=1 mult=1 sa=0 sb=0 sd=0
| * device instance $66 r0 *1 134.76,106.9 pfet
| X$66 GDRV__t18 PN__t2 VDD__t69 VDD__t54 sky130_fd_pr__pfet_g5v0d10v5 L=20 W=6 AS=2.52 AD=2.52 PS=12.84 PD=12.84 nrd=0.048333 nrs=0.048333 nf=1 mult=1 sa=0 sb=0 sd=0
| * device instance $67 r0 *1 134.76,113.72 pfet
| X$67 PN__t16 PN__t1 VDD__t68 VDD__t53 sky130_fd_pr__pfet_g5v0d10v5 L=20 W=6 AS=2.52 AD=2.52 PS=12.84 PD=12.84 nrd=0.048333 nrs=0.048333 nf=1 mult=1 sa=0 sb=0 sd=0
| * device instance $68 r0 *1 143.48,158.13 pfet
| X$68 VDD__t23 GDRV__t3 VDD__t38 VDD__t8 sky130_fd_pr__pfet_g5v0d10v5 L=20 W=30 AS=12.6 AD=12.6 PS=60.84 PD=60.84 nrd=0.009667 nrs=0.009667 nf=1 mult=1 sa=0 sb=0 sd=0
| * device instance $69 r0 *1 156,106.9 pfet
| X$69 PN__t19 PN__t6 VDD__t73 VDD__t58 sky130_fd_pr__pfet_g5v0d10v5 L=20 W=6 AS=2.52 AD=2.52 PS=12.84 PD=12.84 nrd=0.048333 nrs=0.048333 nf=1 mult=1 sa=0 sb=0 sd=0
| * device instance $70 r0 *1 156,113.72 pfet
| X$70 GDRV__t20 PN__t7 VDD__t74 VDD__t59 sky130_fd_pr__pfet_g5v0d10v5 L=20 W=6 AS=2.52 AD=2.52 PS=12.84 PD=12.84 nrd=0.048333 nrs=0.048333 nf=1 mult=1 sa=0 sb=0 sd=0
| * device instance $71 r0 *1 164.72,158.13 pfet
| X$71 VDD__t27 GDRV__t7 VDD__t42 VDD__t12 sky130_fd_pr__pfet_g5v0d10v5 L=20 W=30 AS=12.6 AD=12.6 PS=60.84 PD=60.84 nrd=0.009667 nrs=0.009667 nf=1 mult=1 sa=0 sb=0 sd=0
| * device instance $72 r0 *1 177.24,106.9 pfet
| X$72 GDRV__t22 PN__t11 VDD__t78 VDD__t63 sky130_fd_pr__pfet_g5v0d10v5 L=20 W=6 AS=2.52 AD=2.52 PS=12.84 PD=12.84 nrd=0.048333 nrs=0.048333 nf=1 mult=1 sa=0 sb=0 sd=0
| * device instance $73 r0 *1 177.24,113.72 pfet
| X$73 PN__t20 PN__t8 VDD__t75 VDD__t60 sky130_fd_pr__pfet_g5v0d10v5 L=20 W=6 AS=2.52 AD=2.52 PS=12.84 PD=12.84 nrd=0.048333 nrs=0.048333 nf=1 mult=1 sa=0 sb=0 sd=0
| * device instance $74 r0 *1 185.96,158.13 pfet
| X$74 VDD__t36 GDRV__t16 VDD__t51 VDD__t21 sky130_fd_pr__pfet_g5v0d10v5 L=20 W=30 AS=12.6 AD=12.6 PS=60.84 PD=60.84 nrd=0.009667 nrs=0.009667 nf=1 mult=1 sa=0 sb=0 sd=0
| * device instance $75 r0 *1 207.2,158.13 pfet
| X$75 VDD__t34 GDRV__t14 VDD__t49 VDD__t19 sky130_fd_pr__pfet_g5v0d10v5 L=20 W=30 AS=12.6 AD=12.6 PS=60.84 PD=60.84 nrd=0.009667 nrs=0.009667 nf=1 mult=1 sa=0 sb=0 sd=0
| * device instance $76 r0 *1 228.44,158.13 pfet
| X$76 VDD__t32 GDRV__t12 VDD__t47 VDD__t17 sky130_fd_pr__pfet_g5v0d10v5 L=20 W=30 AS=12.6 AD=12.6 PS=60.84 PD=60.84 nrd=0.009667 nrs=0.009667 nf=1 mult=1 sa=0 sb=0 sd=0
| * device instance $77 r0 *1 79.76,188.95 pfet
| X$77 VDD__t6 GDRV__t2 VDD__t5 VDD__t7 sky130_fd_pr__pfet_g5v0d10v5 L=20 W=30 AS=12.6 AD=12.6 PS=60.84 PD=60.84 nrd=0.009667 nrs=0.009667 nf=1 mult=1 sa=0 sb=0 sd=0
| * device instance $78 r0 *1 101,188.95 pfet
| X$78 VDD__t29 GDRV__t9 VDD__t44 VDD__t14 sky130_fd_pr__pfet_g5v0d10v5 L=20 W=30 AS=12.6 AD=12.6 PS=60.84 PD=60.84 nrd=0.009667 nrs=0.009667 nf=1 mult=1 sa=0 sb=0 sd=0
| * device instance $79 r0 *1 122.24,188.95 pfet
| X$79 VDD__t28 GDRV__t8 VDD__t43 VDD__t13 sky130_fd_pr__pfet_g5v0d10v5 L=20 W=30 AS=12.6 AD=12.6 PS=60.84 PD=60.84 nrd=0.009667 nrs=0.009667 nf=1 mult=1 sa=0 sb=0 sd=0
| * device instance $80 r0 *1 143.48,188.95 pfet
| X$80 VDD__t26 GDRV__t6 VDD__t41 VDD__t11 sky130_fd_pr__pfet_g5v0d10v5 L=20 W=30 AS=12.6 AD=12.6 PS=60.84 PD=60.84 nrd=0.009667 nrs=0.009667 nf=1 mult=1 sa=0 sb=0 sd=0
| * device instance $81 r0 *1 164.72,188.95 pfet
| X$81 VDD__t31 GDRV__t11 VDD__t46 VDD__t16 sky130_fd_pr__pfet_g5v0d10v5 L=20 W=30 AS=12.6 AD=12.6 PS=60.84 PD=60.84 nrd=0.009667 nrs=0.009667 nf=1 mult=1 sa=0 sb=0 sd=0
| * device instance $82 r0 *1 185.96,188.95 pfet
| X$82 VDD__t33 GDRV__t13 VDD__t48 VDD__t18 sky130_fd_pr__pfet_g5v0d10v5 L=20 W=30 AS=12.6 AD=12.6 PS=60.84 PD=60.84 nrd=0.009667 nrs=0.009667 nf=1 mult=1 sa=0 sb=0 sd=0
| * device instance $83 r0 *1 207.2,188.95 pfet
| X$83 VDD__t37 GDRV__t17 VDD__t52 VDD__t22 sky130_fd_pr__pfet_g5v0d10v5 L=20 W=30 AS=12.6 AD=12.6 PS=60.84 PD=60.84 nrd=0.009667 nrs=0.009667 nf=1 mult=1 sa=0 sb=0 sd=0
| * device instance $84 r0 *1 228.44,188.95 pfet
| X$84 VDD__t35 GDRV__t15 VDD__t50 VDD__t20 sky130_fd_pr__pfet_g5v0d10v5 L=20 W=30 AS=12.6 AD=12.6 PS=60.84 PD=60.84 nrd=0.009667 nrs=0.009667 nf=1 mult=1 sa=0 sb=0 sd=0
| * device instance $85 r0 *1 21.01,1.31 pnp
| X$85 VSS__t0 VSS__t175 VA__t0 sky130_fd_pr__pnp_05v5_W0p68L0p68 m=1
| * device instance $86 r0 *1 22.91,1.31 pnp
| X$86 VSS__t1 VSS__t201 VA__t19 sky130_fd_pr__pnp_05v5_W0p68L0p68 m=1
| * device instance $87 r0 *1 24.81,1.31 pnp
| X$87 VSS__t2 VSS__t202 VA__t20 sky130_fd_pr__pnp_05v5_W0p68L0p68 m=1
| * device instance $88 r0 *1 26.71,1.31 pnp
| X$88 VSS__t3 VSS__t200 VA__t18 sky130_fd_pr__pnp_05v5_W0p68L0p68 m=1
| * device instance $89 r0 *1 21.01,2.39 pnp
| X$89 VSS__t4 VSS__t204 VA__t22 sky130_fd_pr__pnp_05v5_W0p68L0p68 m=1
| * device instance $90 r0 *1 22.91,2.39 pnp
| X$90 VSS__t5 VSS__t203 VA__t21 sky130_fd_pr__pnp_05v5_W0p68L0p68 m=1
| * device instance $91 r0 *1 24.81,2.39 pnp
| X$91 VSS__t6 VSS__t206 VA__t24 sky130_fd_pr__pnp_05v5_W0p68L0p68 m=1
| * device instance $92 r0 *1 26.71,2.39 pnp
| X$92 VSS__t7 VSS__t205 VA__t23 sky130_fd_pr__pnp_05v5_W0p68L0p68 m=1
| * device instance $93 r0 *1 268.43,2.67 pnp
| X$93 VSS__t8 VSS__t176 VBQ__t0 sky130_fd_pr__pnp_05v5_W3p40L3p40 m=1
| * device instance $94 r0 *1 273.05,2.67 pnp
| X$94 VSS__t9 VSS__t199 VBQ__t7 sky130_fd_pr__pnp_05v5_W3p40L3p40 m=1
| * device instance $95 r0 *1 277.67,2.67 pnp
| X$95 VSS__t10 VSS__t198 VBQ__t6 sky130_fd_pr__pnp_05v5_W3p40L3p40 m=1
| * device instance $96 r0 *1 282.29,2.67 pnp
| X$96 VSS__t11 VSS__t197 VBQ__t5 sky130_fd_pr__pnp_05v5_W3p40L3p40 m=1
| * device instance $97 r0 *1 268.43,6.47 pnp
| X$97 VSS__t12 VSS__t196 VBQ__t4 sky130_fd_pr__pnp_05v5_W3p40L3p40 m=1
| * device instance $98 r0 *1 273.05,6.47 pnp
| X$98 VSS__t13 VSS__t195 VBQ__t3 sky130_fd_pr__pnp_05v5_W3p40L3p40 m=1
| * device instance $99 r0 *1 277.67,6.47 pnp
| X$99 VSS__t14 VSS__t194 VBQ__t2 sky130_fd_pr__pnp_05v5_W3p40L3p40 m=1
| * device instance $100 r0 *1 282.29,6.47 pnp
| X$100 VSS__t15 VSS__t193 VBQ__t1 sky130_fd_pr__pnp_05v5_W3p40L3p40 m=1
| * device instance $101 r0 *1 62.34,0.5 res_high_po
| R$101 VOUT__t0 \$6__t0 2003.841367
| * device instance $102 r0 *1 68.68,0.5 res_high_po
| R$102 VOUT__t3 \$7__t0 2003.841367
| * device instance $103 r0 *1 75.02,0.5 res_high_po
| R$103 \$6__t1 \$8__t0 2003.841367
| * device instance $104 r0 *1 81.36,0.5 res_high_po
| R$104 \$7__t1 \$9__t0 2003.841367
| * device instance $105 r0 *1 87.7,0.5 res_high_po
| R$105 \$8__t1 \$10__t0 2003.841367
| * device instance $106 r0 *1 94.04,0.5 res_high_po
| R$106 \$9__t1 \$11__t0 2003.841367
| * device instance $107 r0 *1 100.38,0.5 res_high_po
| R$107 \$10__t1 \$12__t0 2003.841367
| * device instance $108 r0 *1 106.72,0.5 res_high_po
| R$108 \$11__t1 \$13__t0 2003.841367
| * device instance $109 r0 *1 113.06,0.5 res_high_po
| R$109 \$12__t1 \$14__t0 2003.841367
| * device instance $110 r0 *1 119.4,0.5 res_high_po
| R$110 \$13__t1 \$15__t0 2003.841367
| * device instance $111 r0 *1 62.34,3.3 res_high_po
| R$111 \$20__t1 \$35__t0 2003.841367
| * device instance $112 r0 *1 62.34,1.9 res_high_po
| R$112 \$21__t1 \$22__t0 2003.841367
| * device instance $113 r0 *1 68.68,1.9 res_high_po
| R$113 \$20__t0 \$23__t0 2003.841367
| * device instance $114 r0 *1 68.68,3.3 res_high_po
| R$114 \$21__t0 \$36__t0 2003.841367
| * device instance $115 r0 *1 75.02,1.9 res_high_po
| R$115 \$22__t1 \$24__t0 2003.841367
| * device instance $116 r0 *1 75.02,3.3 res_high_po
| R$116 \$35__t1 \$37__t0 2003.841367
| * device instance $117 r0 *1 81.36,3.3 res_high_po
| R$117 \$36__t1 \$38__t0 2003.841367
| * device instance $118 r0 *1 81.36,1.9 res_high_po
| R$118 \$23__t1 \$25__t0 2003.841367
| * device instance $119 r0 *1 87.7,1.9 res_high_po
| R$119 \$24__t1 \$26__t0 2003.841367
| * device instance $120 r0 *1 87.7,3.3 res_high_po
| R$120 \$37__t1 \$39__t0 2003.841367
| * device instance $121 r0 *1 94.04,1.9 res_high_po
| R$121 \$25__t1 \$27__t0 2003.841367
| * device instance $122 r0 *1 94.04,3.3 res_high_po
| R$122 \$38__t1 \$40__t0 2003.841367
| * device instance $123 r0 *1 100.38,3.3 res_high_po
| R$123 \$39__t1 \$41__t0 2003.841367
| * device instance $124 r0 *1 100.38,1.9 res_high_po
| R$124 \$26__t1 \$28__t0 2003.841367
| * device instance $125 r0 *1 106.72,3.3 res_high_po
| R$125 \$40__t1 \$42__t0 2003.841367
| * device instance $126 r0 *1 106.72,1.9 res_high_po
| R$126 \$27__t1 \$29__t0 2003.841367
| * device instance $127 r0 *1 113.06,3.3 res_high_po
| R$127 \$41__t1 \$43__t1 2003.841367
| * device instance $128 r0 *1 113.06,1.9 res_high_po
| R$128 \$28__t1 \$15__t1 2003.841367
| * device instance $129 r0 *1 119.4,3.3 res_high_po
| R$129 \$42__t1 \$44__t1 2003.841367
| * device instance $130 r0 *1 119.4,1.9 res_high_po
| R$130 \$29__t1 \$14__t1 2003.841367
| * device instance $131 r0 *1 62.34,4.7 res_high_po
| R$131 \$46__t1 \$47__t0 2003.841367
| * device instance $132 r0 *1 68.68,4.7 res_high_po
| R$132 \$45__t1 \$48__t0 2003.841367
| * device instance $133 r0 *1 75.02,4.7 res_high_po
| R$133 \$47__t1 \$49__t0 2003.841367
| * device instance $134 r0 *1 81.36,4.7 res_high_po
| R$134 \$48__t1 \$50__t0 2003.841367
| * device instance $135 r0 *1 87.7,4.7 res_high_po
| R$135 \$49__t1 \$51__t0 2003.841367
| * device instance $136 r0 *1 94.04,4.7 res_high_po
| R$136 \$50__t1 \$52__t0 2003.841367
| * device instance $137 r0 *1 100.38,4.7 res_high_po
| R$137 \$51__t1 \$53__t0 2003.841367
| * device instance $138 r0 *1 106.72,4.7 res_high_po
| R$138 \$52__t1 \$54__t0 2003.841367
| * device instance $139 r0 *1 113.06,4.7 res_high_po
| R$139 \$53__t1 \$44__t0 2003.841367
| * device instance $140 r0 *1 119.4,4.7 res_high_po
| R$140 \$54__t1 \$43__t0 2003.841367
| * device instance $141 r0 *1 62.34,6.1 res_high_po
| R$141 \$45__t0 \$55__t0 2003.841367
| * device instance $142 r0 *1 68.68,6.1 res_high_po
| R$142 \$46__t0 \$56__t0 2003.841367
| * device instance $143 r0 *1 75.02,6.1 res_high_po
| R$143 \$55__t1 \$57__t0 2003.841367
| * device instance $144 r0 *1 81.36,6.1 res_high_po
| R$144 \$56__t1 \$58__t0 2003.841367
| * device instance $145 r0 *1 87.7,6.1 res_high_po
| R$145 \$57__t1 \$59__t0 2003.841367
| * device instance $146 r0 *1 94.04,6.1 res_high_po
| R$146 \$58__t1 \$60__t0 2003.841367
| * device instance $147 r0 *1 100.38,6.1 res_high_po
| R$147 \$59__t1 \$61__t0 2003.841367
| * device instance $148 r0 *1 106.72,6.1 res_high_po
| R$148 \$60__t1 \$62__t0 2003.841367
| * device instance $149 r0 *1 113.06,6.1 res_high_po
| R$149 \$61__t1 \$63__t0 2003.841367
| * device instance $150 r0 *1 119.4,6.1 res_high_po
| R$150 \$62__t1 \$64__t0 2003.841367
| * device instance $151 r0 *1 62.34,7.5 res_high_po
| R$151 \$66__t0 \$67__t0 2003.841367
| * device instance $152 r0 *1 68.68,7.5 res_high_po
| R$152 \$65__t0 \$68__t0 2003.841367
| * device instance $153 r0 *1 75.02,7.5 res_high_po
| R$153 \$67__t1 \$69__t0 2003.841367
| * device instance $154 r0 *1 81.36,7.5 res_high_po
| R$154 \$68__t1 \$70__t0 2003.841367
| * device instance $155 r0 *1 87.7,7.5 res_high_po
| R$155 \$69__t1 \$71__t0 2003.841367
| * device instance $156 r0 *1 94.04,7.5 res_high_po
| R$156 \$70__t1 \$72__t0 2003.841367
| * device instance $157 r0 *1 100.38,7.5 res_high_po
| R$157 \$71__t1 \$73__t0 2003.841367
| * device instance $158 r0 *1 106.72,7.5 res_high_po
| R$158 \$72__t1 \$74__t0 2003.841367
| * device instance $159 r0 *1 113.06,7.5 res_high_po
| R$159 \$73__t1 \$64__t1 2003.841367
| * device instance $160 r0 *1 119.4,7.5 res_high_po
| R$160 \$74__t1 \$63__t1 2003.841367
| * device instance $161 r0 *1 62.34,8.9 res_high_po
| R$161 \$65__t1 \$77__t0 2003.841367
| * device instance $162 r0 *1 68.68,8.9 res_high_po
| R$162 \$66__t1 \$78__t0 2003.841367
| * device instance $163 r0 *1 75.02,8.9 res_high_po
| R$163 \$77__t1 \$79__t0 2003.841367
| * device instance $164 r0 *1 81.36,8.9 res_high_po
| R$164 \$78__t1 \$80__t0 2003.841367
| * device instance $165 r0 *1 87.7,8.9 res_high_po
| R$165 \$79__t1 \$81__t0 2003.841367
| * device instance $166 r0 *1 94.04,8.9 res_high_po
| R$166 \$80__t1 \$83__t0 2003.841367
| * device instance $167 r0 *1 100.38,8.9 res_high_po
| R$167 \$81__t1 \$84__t0 2003.841367
| * device instance $168 r0 *1 106.72,8.9 res_high_po
| R$168 \$83__t1 \$85__t0 2003.841367
| * device instance $169 r0 *1 113.06,8.9 res_high_po
| R$169 \$84__t1 \$86__t1 2003.841367
| * device instance $170 r0 *1 119.4,8.9 res_high_po
| R$170 \$85__t1 \$99__t1 2003.841367
| * device instance $171 r0 *1 142.67,8.9 res_high_po
| R$171 \$82__t0 \$89__t0 542.118769
| * device instance $172 r0 *1 144.51,8.9 res_high_po
| R$172 \$100__t0 \$90__t0 542.118769
| * device instance $173 r0 *1 146.35,8.9 res_high_po
| R$173 \$89__t1 \$91__t0 542.118769
| * device instance $174 r0 *1 148.19,8.9 res_high_po
| R$174 \$90__t1 \$92__t0 542.118769
| * device instance $175 r0 *1 150.03,8.9 res_high_po
| R$175 \$91__t1 \$93__t0 542.118769
| * device instance $176 r0 *1 151.87,8.9 res_high_po
| R$176 \$92__t1 \$94__t0 542.118769
| * device instance $177 r0 *1 153.71,8.9 res_high_po
| R$177 \$93__t1 \$95__t0 542.118769
| * device instance $178 r0 *1 155.55,8.9 res_high_po
| R$178 \$94__t1 \$96__t0 542.118769
| * device instance $179 r0 *1 157.39,8.9 res_high_po
| R$179 \$95__t1 \$97__t0 542.118769
| * device instance $180 r0 *1 159.23,8.9 res_high_po
| R$180 \$96__t1 \$102__t1 542.118769
| * device instance $181 r0 *1 62.34,11.7 res_high_po
| R$181 \$98__t1 \$121__t0 2003.841367
| * device instance $182 r0 *1 62.34,10.3 res_high_po
| R$182 \$103__t1 \$104__t0 2003.841367
| * device instance $183 r0 *1 68.68,11.7 res_high_po
| R$183 \$103__t0 \$122__t0 2003.841367
| * device instance $184 r0 *1 68.68,10.3 res_high_po
| R$184 \$98__t0 \$105__t0 2003.841367
| * device instance $185 r0 *1 75.02,11.7 res_high_po
| R$185 \$121__t1 \$123__t0 2003.841367
| * device instance $186 r0 *1 75.02,10.3 res_high_po
| R$186 \$104__t1 \$106__t0 2003.841367
| * device instance $187 r0 *1 81.36,10.3 res_high_po
| R$187 \$105__t1 \$107__t0 2003.841367
| * device instance $188 r0 *1 81.36,11.7 res_high_po
| R$188 \$122__t1 \$124__t0 2003.841367
| * device instance $189 r0 *1 87.7,10.3 res_high_po
| R$189 \$106__t1 \$108__t0 2003.841367
| * device instance $190 r0 *1 87.7,11.7 res_high_po
| R$190 \$123__t1 \$125__t0 2003.841367
| * device instance $191 r0 *1 94.04,10.3 res_high_po
| R$191 \$107__t1 \$109__t0 2003.841367
| * device instance $192 r0 *1 94.04,11.7 res_high_po
| R$192 \$124__t1 \$126__t0 2003.841367
| * device instance $193 r0 *1 100.38,10.3 res_high_po
| R$193 \$108__t1 \$110__t0 2003.841367
| * device instance $194 r0 *1 100.38,11.7 res_high_po
| R$194 \$125__t1 \$127__t0 2003.841367
| * device instance $195 r0 *1 106.72,10.3 res_high_po
| R$195 \$109__t1 \$111__t0 2003.841367
| * device instance $196 r0 *1 106.72,11.7 res_high_po
| R$196 \$126__t1 \$128__t0 2003.841367
| * device instance $197 r0 *1 113.06,10.3 res_high_po
| R$197 \$110__t1 \$99__t0 2003.841367
| * device instance $198 r0 *1 113.06,11.7 res_high_po
| R$198 \$127__t1 \$129__t0 2003.841367
| * device instance $199 r0 *1 119.4,10.3 res_high_po
| R$199 \$111__t1 \$86__t0 2003.841367
| * device instance $200 r0 *1 119.4,11.7 res_high_po
| R$200 \$128__t1 \$130__t0 2003.841367
| * device instance $201 r0 *1 142.67,10.3 res_high_po
| R$201 \$112__t0 \$113__t0 542.118769
| * device instance $202 r0 *1 142.67,11.7 res_high_po
| R$202 \$101__t0 \$131__t0 542.118769
| * device instance $203 r0 *1 144.51,10.3 res_high_po
| R$203 \$101__t1 \$114__t0 542.118769
| * device instance $204 r0 *1 144.51,11.7 res_high_po
| R$204 \$112__t1 \$132__t0 542.118769
| * device instance $205 r0 *1 146.35,11.7 res_high_po
| R$205 \$131__t1 \$133__t0 542.118769
| * device instance $206 r0 *1 146.35,10.3 res_high_po
| R$206 \$113__t1 \$115__t0 542.118769
| * device instance $207 r0 *1 148.19,11.7 res_high_po
| R$207 \$132__t1 \$134__t0 542.118769
| * device instance $208 r0 *1 148.19,10.3 res_high_po
| R$208 \$114__t1 \$116__t0 542.118769
| * device instance $209 r0 *1 150.03,11.7 res_high_po
| R$209 \$133__t1 \$135__t0 542.118769
| * device instance $210 r0 *1 150.03,10.3 res_high_po
| R$210 \$115__t1 \$117__t0 542.118769
| * device instance $211 r0 *1 151.87,11.7 res_high_po
| R$211 \$134__t1 \$136__t0 542.118769
| * device instance $212 r0 *1 151.87,10.3 res_high_po
| R$212 \$116__t1 \$118__t0 542.118769
| * device instance $213 r0 *1 153.71,11.7 res_high_po
| R$213 \$135__t1 \$137__t0 542.118769
| * device instance $214 r0 *1 153.71,10.3 res_high_po
| R$214 \$117__t1 \$119__t0 542.118769
| * device instance $215 r0 *1 155.55,10.3 res_high_po
| R$215 \$118__t1 \$120__t0 542.118769
| * device instance $216 r0 *1 155.55,11.7 res_high_po
| R$216 \$136__t1 \$138__t0 542.118769
| * device instance $217 r0 *1 157.39,11.7 res_high_po
| R$217 \$137__t1 \$139__t0 542.118769
| * device instance $218 r0 *1 157.39,10.3 res_high_po
| R$218 \$119__t1 \$102__t0 542.118769
| * device instance $219 r0 *1 159.23,11.7 res_high_po
| R$219 \$138__t1 \$140__t0 542.118769
| * device instance $220 r0 *1 159.23,10.3 res_high_po
| R$220 \$120__t1 \$97__t1 542.118769
| * device instance $221 r0 *1 87.7,13.1 res_high_po
| R$221 \$100__t1 \$143__t0 2003.841367
| * device instance $222 r0 *1 94.04,13.1 res_high_po
| R$222 \$82__t1 \$144__t0 2003.841367
| * device instance $223 r0 *1 100.38,13.1 res_high_po
| R$223 \$143__t1 \$145__t0 2003.841367
| * device instance $224 r0 *1 106.72,13.1 res_high_po
| R$224 \$144__t1 \$146__t0 2003.841367
| * device instance $225 r0 *1 113.06,13.1 res_high_po
| R$225 \$145__t1 \$130__t1 2003.841367
| * device instance $226 r0 *1 119.4,13.1 res_high_po
| R$226 \$146__t1 \$129__t1 2003.841367
| * device instance $227 r0 *1 142.67,13.1 res_high_po
| R$227 VB__t16 \$149__t0 542.118769
| * device instance $228 r0 *1 144.51,13.1 res_high_po
| R$228 VA__t17 \$150__t0 542.118769
| * device instance $229 r0 *1 146.35,13.1 res_high_po
| R$229 \$149__t1 \$151__t0 542.118769
| * device instance $230 r0 *1 148.19,13.1 res_high_po
| R$230 \$150__t1 \$152__t0 542.118769
| * device instance $231 r0 *1 150.03,13.1 res_high_po
| R$231 \$151__t1 \$153__t0 542.118769
| * device instance $232 r0 *1 151.87,13.1 res_high_po
| R$232 \$152__t1 \$154__t0 542.118769
| * device instance $233 r0 *1 153.71,13.1 res_high_po
| R$233 \$153__t1 \$155__t0 542.118769
| * device instance $234 r0 *1 155.55,13.1 res_high_po
| R$234 \$154__t1 \$156__t0 542.118769
| * device instance $235 r0 *1 157.39,13.1 res_high_po
| R$235 \$155__t1 \$140__t1 542.118769
| * device instance $236 r0 *1 159.23,13.1 res_high_po
| R$236 \$156__t1 \$139__t1 542.118769
| * device instance $237 r0 *1 191.5,13.1 res_high_po
| R$237 VB__t17 \$159__t0 2003.841367
| * device instance $238 r0 *1 197.84,13.1 res_high_po
| R$238 \$159__t1 \$160__t0 2003.841367
| * device instance $239 r0 *1 204.18,13.1 res_high_po
| R$239 \$160__t1 \$161__t0 2003.841367
| * device instance $240 r0 *1 210.52,13.1 res_high_po
| R$240 \$161__t1 \$162__t0 2003.841367
| * device instance $241 r0 *1 216.86,13.1 res_high_po
| R$241 \$162__t1 \$163__t0 2003.841367
| * device instance $242 r0 *1 223.2,13.1 res_high_po
| R$242 \$163__t1 \$164__t0 2003.841367
| * device instance $243 r0 *1 229.54,13.1 res_high_po
| R$243 \$164__t1 VBQ__t8 2003.841367
| * device instance _10_t0 r0 *1 0,0 
| R_10_t0 \$10__t0 \$10 229.72715
| * device instance _10_t1 r0 *1 0,0 
| R_10_t1 \$10__t1 \$10 229.72715
| * device instance _10 r0 *1 0,0 
| C_10 \$10 VSS 1.340497e-15
| * device instance _100_t0 r0 *1 0,0 
| R_100_t0 \$100__t0 \$100 244.7745
| * device instance _100_t1 r0 *1 0,0 
| R_100_t1 \$100__t1 \$100 244.7745
| * device instance _100 r0 *1 0,0 
| C_100 \$100 VSS 6.36943e-15
| * device instance _101_t0 r0 *1 0,0 
| R_101_t0 \$101__t0 \$101 231.25985
| * device instance _101_t1 r0 *1 0,0 
| R_101_t1 \$101__t1 \$101 231.25985
| * device instance _101 r0 *1 0,0 
| C_101 \$101 VSS 1.842759e-15
| * device instance _102_t0 r0 *1 0,0 
| R_102_t0 \$102__t0 \$102 228.7174
| * device instance _102_t1 r0 *1 0,0 
| R_102_t1 \$102__t1 \$102 228.7174
| * device instance _102 r0 *1 0,0 
| C_102 \$102 VSS 9.88699e-16
| * device instance _103_t0 r0 *1 0,0 
| R_103_t0 \$103__t0 \$103 229.90305
| * device instance _103_t1 r0 *1 0,0 
| R_103_t1 \$103__t1 \$103 229.90305
| * device instance _103 r0 *1 0,0 
| C_103 \$103 VSS 1.381301e-15
| * device instance _104_t0 r0 *1 0,0 
| R_104_t0 \$104__t0 \$104 229.72715
| * device instance _104_t1 r0 *1 0,0 
| R_104_t1 \$104__t1 \$104 229.72715
| * device instance _104 r0 *1 0,0 
| C_104 \$104 VSS 1.340497e-15
| * device instance _105_t0 r0 *1 0,0 
| R_105_t0 \$105__t0 \$105 229.72715
| * device instance _105_t1 r0 *1 0,0 
| R_105_t1 \$105__t1 \$105 229.72715
| * device instance _105 r0 *1 0,0 
| C_105 \$105 VSS 1.340497e-15
| * device instance _106_t0 r0 *1 0,0 
| R_106_t0 \$106__t0 \$106 229.72715
| * device instance _106_t1 r0 *1 0,0 
| R_106_t1 \$106__t1 \$106 229.72715
| * device instance _106 r0 *1 0,0 
| C_106 \$106 VSS 1.340497e-15
| * device instance _107_t0 r0 *1 0,0 
| R_107_t0 \$107__t0 \$107 229.72715
| * device instance _107_t1 r0 *1 0,0 
| R_107_t1 \$107__t1 \$107 229.72715
| * device instance _107 r0 *1 0,0 
| C_107 \$107 VSS 1.340497e-15
| * device instance _108_t0 r0 *1 0,0 
| R_108_t0 \$108__t0 \$108 229.72715
| * device instance _108_t1 r0 *1 0,0 
| R_108_t1 \$108__t1 \$108 229.72715
| * device instance _108 r0 *1 0,0 
| C_108 \$108 VSS 1.340497e-15
| * device instance _109_t0 r0 *1 0,0 
| R_109_t0 \$109__t0 \$109 229.72715
| * device instance _109_t1 r0 *1 0,0 
| R_109_t1 \$109__t1 \$109 229.72715
| * device instance _109 r0 *1 0,0 
| C_109 \$109 VSS 1.340497e-15
| * device instance _11_t0 r0 *1 0,0 
| R_11_t0 \$11__t0 \$11 229.72715
| * device instance _11_t1 r0 *1 0,0 
| R_11_t1 \$11__t1 \$11 229.72715
| * device instance _11 r0 *1 0,0 
| C_11 \$11 VSS 1.340497e-15
| * device instance _110_t0 r0 *1 0,0 
| R_110_t0 \$110__t0 \$110 229.72715
| * device instance _110_t1 r0 *1 0,0 
| R_110_t1 \$110__t1 \$110 229.72715
| * device instance _110 r0 *1 0,0 
| C_110 \$110 VSS 1.340497e-15
| * device instance _111_t0 r0 *1 0,0 
| R_111_t0 \$111__t0 \$111 229.72715
| * device instance _111_t1 r0 *1 0,0 
| R_111_t1 \$111__t1 \$111 229.72715
| * device instance _111 r0 *1 0,0 
| C_111 \$111 VSS 1.340497e-15
| * device instance _112_t0 r0 *1 0,0 
| R_112_t0 \$112__t0 \$112 228.7174
| * device instance _112_t1 r0 *1 0,0 
| R_112_t1 \$112__t1 \$112 228.7174
| * device instance _112 r0 *1 0,0 
| C_112 \$112 VSS 9.88699e-16
| * device instance _113_t0 r0 *1 0,0 
| R_113_t0 \$113__t0 \$113 228.55525
| * device instance _113_t1 r0 *1 0,0 
| R_113_t1 \$113__t1 \$113 228.55525
| * device instance _113 r0 *1 0,0 
| C_113 \$113 VSS 9.47525e-16
| * device instance _114_t0 r0 *1 0,0 
| R_114_t0 \$114__t0 \$114 228.55525
| * device instance _114_t1 r0 *1 0,0 
| R_114_t1 \$114__t1 \$114 228.55525
| * device instance _114 r0 *1 0,0 
| C_114 \$114 VSS 9.47525e-16
| * device instance _115_t0 r0 *1 0,0 
| R_115_t0 \$115__t0 \$115 228.55525
| * device instance _115_t1 r0 *1 0,0 
| R_115_t1 \$115__t1 \$115 228.55525
| * device instance _115 r0 *1 0,0 
| C_115 \$115 VSS 9.47525e-16
| * device instance _116_t0 r0 *1 0,0 
| R_116_t0 \$116__t0 \$116 228.55525
| * device instance _116_t1 r0 *1 0,0 
| R_116_t1 \$116__t1 \$116 228.55525
| * device instance _116 r0 *1 0,0 
| C_116 \$116 VSS 9.47525e-16
| * device instance _117_t0 r0 *1 0,0 
| R_117_t0 \$117__t0 \$117 228.55525
| * device instance _117_t1 r0 *1 0,0 
| R_117_t1 \$117__t1 \$117 228.55525
| * device instance _117 r0 *1 0,0 
| C_117 \$117 VSS 9.47525e-16
| * device instance _118_t0 r0 *1 0,0 
| R_118_t0 \$118__t0 \$118 228.55525
| * device instance _118_t1 r0 *1 0,0 
| R_118_t1 \$118__t1 \$118 228.55525
| * device instance _118 r0 *1 0,0 
| C_118 \$118 VSS 9.47525e-16
| * device instance _119_t0 r0 *1 0,0 
| R_119_t0 \$119__t0 \$119 228.55525
| * device instance _119_t1 r0 *1 0,0 
| R_119_t1 \$119__t1 \$119 228.55525
| * device instance _119 r0 *1 0,0 
| C_119 \$119 VSS 9.47525e-16
| * device instance _12_t0 r0 *1 0,0 
| R_12_t0 \$12__t0 \$12 229.72715
| * device instance _12_t1 r0 *1 0,0 
| R_12_t1 \$12__t1 \$12 229.72715
| * device instance _12 r0 *1 0,0 
| C_12 \$12 VSS 1.340497e-15
| * device instance _120_t0 r0 *1 0,0 
| R_120_t0 \$120__t0 \$120 228.55525
| * device instance _120_t1 r0 *1 0,0 
| R_120_t1 \$120__t1 \$120 228.55525
| * device instance _120 r0 *1 0,0 
| C_120 \$120 VSS 9.47525e-16
| * device instance _121_t0 r0 *1 0,0 
| R_121_t0 \$121__t0 \$121 229.72715
| * device instance _121_t1 r0 *1 0,0 
| R_121_t1 \$121__t1 \$121 229.72715
| * device instance _121 r0 *1 0,0 
| C_121 \$121 VSS 1.340497e-15
| * device instance _122_t0 r0 *1 0,0 
| R_122_t0 \$122__t0 \$122 229.72715
| * device instance _122_t1 r0 *1 0,0 
| R_122_t1 \$122__t1 \$122 229.72715
| * device instance _122 r0 *1 0,0 
| C_122 \$122 VSS 1.340497e-15
| * device instance _123_t0 r0 *1 0,0 
| R_123_t0 \$123__t0 \$123 229.72715
| * device instance _123_t1 r0 *1 0,0 
| R_123_t1 \$123__t1 \$123 229.72715
| * device instance _123 r0 *1 0,0 
| C_123 \$123 VSS 1.340497e-15
| * device instance _124_t0 r0 *1 0,0 
| R_124_t0 \$124__t0 \$124 229.72715
| * device instance _124_t1 r0 *1 0,0 
| R_124_t1 \$124__t1 \$124 229.72715
| * device instance _124 r0 *1 0,0 
| C_124 \$124 VSS 1.340497e-15
| * device instance _125_t0 r0 *1 0,0 
| R_125_t0 \$125__t0 \$125 229.72715
| * device instance _125_t1 r0 *1 0,0 
| R_125_t1 \$125__t1 \$125 229.72715
| * device instance _125 r0 *1 0,0 
| C_125 \$125 VSS 1.340497e-15
| * device instance _126_t0 r0 *1 0,0 
| R_126_t0 \$126__t0 \$126 229.72715
| * device instance _126_t1 r0 *1 0,0 
| R_126_t1 \$126__t1 \$126 229.72715
| * device instance _126 r0 *1 0,0 
| C_126 \$126 VSS 1.340497e-15
| * device instance _127_t0 r0 *1 0,0 
| R_127_t0 \$127__t0 \$127 229.72715
| * device instance _127_t1 r0 *1 0,0 
| R_127_t1 \$127__t1 \$127 229.72715
| * device instance _127 r0 *1 0,0 
| C_127 \$127 VSS 1.340497e-15
| * device instance _128_t0 r0 *1 0,0 
| R_128_t0 \$128__t0 \$128 229.72715
| * device instance _128_t1 r0 *1 0,0 
| R_128_t1 \$128__t1 \$128 229.72715
| * device instance _128 r0 *1 0,0 
| C_128 \$128 VSS 1.340497e-15
| * device instance _129_t0 r0 *1 0,0 
| R_129_t0 \$129__t0 \$129 230.51545
| * device instance _129_t1 r0 *1 0,0 
| R_129_t1 \$129__t1 \$129 230.51545
| * device instance _129 r0 *1 0,0 
| C_129 \$129 VSS 1.593004e-15
| * device instance _13_t0 r0 *1 0,0 
| R_13_t0 \$13__t0 \$13 229.72715
| * device instance _13_t1 r0 *1 0,0 
| R_13_t1 \$13__t1 \$13 229.72715
| * device instance _13 r0 *1 0,0 
| C_13 \$13 VSS 1.340497e-15
| * device instance _130_t0 r0 *1 0,0 
| R_130_t0 \$130__t0 \$130 230.111
| * device instance _130_t1 r0 *1 0,0 
| R_130_t1 \$130__t1 \$130 230.111
| * device instance _130 r0 *1 0,0 
| C_130 \$130 VSS 1.451162e-15
| * device instance _131_t0 r0 *1 0,0 
| R_131_t0 \$131__t0 \$131 228.55525
| * device instance _131_t1 r0 *1 0,0 
| R_131_t1 \$131__t1 \$131 228.55525
| * device instance _131 r0 *1 0,0 
| C_131 \$131 VSS 9.47525e-16
| * device instance _132_t0 r0 *1 0,0 
| R_132_t0 \$132__t0 \$132 228.55525
| * device instance _132_t1 r0 *1 0,0 
| R_132_t1 \$132__t1 \$132 228.55525
| * device instance _132 r0 *1 0,0 
| C_132 \$132 VSS 9.47525e-16
| * device instance _133_t0 r0 *1 0,0 
| R_133_t0 \$133__t0 \$133 228.55525
| * device instance _133_t1 r0 *1 0,0 
| R_133_t1 \$133__t1 \$133 228.55525
| * device instance _133 r0 *1 0,0 
| C_133 \$133 VSS 9.47525e-16
| * device instance _134_t0 r0 *1 0,0 
| R_134_t0 \$134__t0 \$134 228.55525
| * device instance _134_t1 r0 *1 0,0 
| R_134_t1 \$134__t1 \$134 228.55525
| * device instance _134 r0 *1 0,0 
| C_134 \$134 VSS 9.47525e-16
| * device instance _135_t0 r0 *1 0,0 
| R_135_t0 \$135__t0 \$135 228.55525
| * device instance _135_t1 r0 *1 0,0 
| R_135_t1 \$135__t1 \$135 228.55525
| * device instance _135 r0 *1 0,0 
| C_135 \$135 VSS 9.47525e-16
| * device instance _136_t0 r0 *1 0,0 
| R_136_t0 \$136__t0 \$136 228.55525
| * device instance _136_t1 r0 *1 0,0 
| R_136_t1 \$136__t1 \$136 228.55525
| * device instance _136 r0 *1 0,0 
| C_136 \$136 VSS 9.47525e-16
| * device instance _137_t0 r0 *1 0,0 
| R_137_t0 \$137__t0 \$137 228.55525
| * device instance _137_t1 r0 *1 0,0 
| R_137_t1 \$137__t1 \$137 228.55525
| * device instance _137 r0 *1 0,0 
| C_137 \$137 VSS 9.47525e-16
| * device instance _138_t0 r0 *1 0,0 
| R_138_t0 \$138__t0 \$138 228.55525
| * device instance _138_t1 r0 *1 0,0 
| R_138_t1 \$138__t1 \$138 228.55525
| * device instance _138 r0 *1 0,0 
| C_138 \$138 VSS 9.47525e-16
| * device instance _139_t0 r0 *1 0,0 
| R_139_t0 \$139__t0 \$139 229.34505
| * device instance _139_t1 r0 *1 0,0 
| R_139_t1 \$139__t1 \$139 229.34505
| * device instance _139 r0 *1 0,0 
| C_139 \$139 VSS 1.200031e-15
| * device instance _14_t0 r0 *1 0,0 
| R_14_t0 \$14__t0 \$14 230.51545
| * device instance _14_t1 r0 *1 0,0 
| R_14_t1 \$14__t1 \$14 230.51545
| * device instance _14 r0 *1 0,0 
| C_14 \$14 VSS 1.593004e-15
| * device instance _140_t0 r0 *1 0,0 
| R_140_t0 \$140__t0 \$140 228.7174
| * device instance _140_t1 r0 *1 0,0 
| R_140_t1 \$140__t1 \$140 228.7174
| * device instance _140 r0 *1 0,0 
| C_140 \$140 VSS 9.88699e-16
| * device instance _143_t0 r0 *1 0,0 
| R_143_t0 \$143__t0 \$143 229.72715
| * device instance _143_t1 r0 *1 0,0 
| R_143_t1 \$143__t1 \$143 229.72715
| * device instance _143 r0 *1 0,0 
| C_143 \$143 VSS 1.340497e-15
| * device instance _144_t0 r0 *1 0,0 
| R_144_t0 \$144__t0 \$144 229.72715
| * device instance _144_t1 r0 *1 0,0 
| R_144_t1 \$144__t1 \$144 229.72715
| * device instance _144 r0 *1 0,0 
| C_144 \$144 VSS 1.340497e-15
| * device instance _145_t0 r0 *1 0,0 
| R_145_t0 \$145__t0 \$145 229.72715
| * device instance _145_t1 r0 *1 0,0 
| R_145_t1 \$145__t1 \$145 229.72715
| * device instance _145 r0 *1 0,0 
| C_145 \$145 VSS 1.340497e-15
| * device instance _146_t0 r0 *1 0,0 
| R_146_t0 \$146__t0 \$146 229.72715
| * device instance _146_t1 r0 *1 0,0 
| R_146_t1 \$146__t1 \$146 229.72715
| * device instance _146 r0 *1 0,0 
| C_146 \$146 VSS 1.340497e-15
| * device instance _149_t0 r0 *1 0,0 
| R_149_t0 \$149__t0 \$149 228.55525
| * device instance _149_t1 r0 *1 0,0 
| R_149_t1 \$149__t1 \$149 228.55525
| * device instance _149 r0 *1 0,0 
| C_149 \$149 VSS 9.47525e-16
| * device instance _15_t0 r0 *1 0,0 
| R_15_t0 \$15__t0 \$15 230.111
| * device instance _15_t1 r0 *1 0,0 
| R_15_t1 \$15__t1 \$15 230.111
| * device instance _15 r0 *1 0,0 
| C_15 \$15 VSS 1.451162e-15
| * device instance _150_t0 r0 *1 0,0 
| R_150_t0 \$150__t0 \$150 228.55525
| * device instance _150_t1 r0 *1 0,0 
| R_150_t1 \$150__t1 \$150 228.55525
| * device instance _150 r0 *1 0,0 
| C_150 \$150 VSS 9.47525e-16
| * device instance _151_t0 r0 *1 0,0 
| R_151_t0 \$151__t0 \$151 228.55525
| * device instance _151_t1 r0 *1 0,0 
| R_151_t1 \$151__t1 \$151 228.55525
| * device instance _151 r0 *1 0,0 
| C_151 \$151 VSS 9.47525e-16
| * device instance _152_t0 r0 *1 0,0 
| R_152_t0 \$152__t0 \$152 228.55525
| * device instance _152_t1 r0 *1 0,0 
| R_152_t1 \$152__t1 \$152 228.55525
| * device instance _152 r0 *1 0,0 
| C_152 \$152 VSS 9.47525e-16
| * device instance _153_t0 r0 *1 0,0 
| R_153_t0 \$153__t0 \$153 228.55525
| * device instance _153_t1 r0 *1 0,0 
| R_153_t1 \$153__t1 \$153 228.55525
| * device instance _153 r0 *1 0,0 
| C_153 \$153 VSS 9.47525e-16
| * device instance _154_t0 r0 *1 0,0 
| R_154_t0 \$154__t0 \$154 228.55525
| * device instance _154_t1 r0 *1 0,0 
| R_154_t1 \$154__t1 \$154 228.55525
| * device instance _154 r0 *1 0,0 
| C_154 \$154 VSS 9.47525e-16
| * device instance _155_t0 r0 *1 0,0 
| R_155_t0 \$155__t0 \$155 228.55525
| * device instance _155_t1 r0 *1 0,0 
| R_155_t1 \$155__t1 \$155 228.55525
| * device instance _155 r0 *1 0,0 
| C_155 \$155 VSS 9.47525e-16
| * device instance _156_t0 r0 *1 0,0 
| R_156_t0 \$156__t0 \$156 228.55525
| * device instance _156_t1 r0 *1 0,0 
| R_156_t1 \$156__t1 \$156 228.55525
| * device instance _156 r0 *1 0,0 
| C_156 \$156 VSS 9.47525e-16
| * device instance _159_t0 r0 *1 0,0 
| R_159_t0 \$159__t0 \$159 228.0761
| * device instance _159_t1 r0 *1 0,0 
| R_159_t1 \$159__t1 \$159 228.0761
| * device instance _159 r0 *1 0,0 
| C_159 \$159 VSS 7.86843e-16
| * device instance _160_t0 r0 *1 0,0 
| R_160_t0 \$160__t0 \$160 228.0761
| * device instance _160_t1 r0 *1 0,0 
| R_160_t1 \$160__t1 \$160 228.0761
| * device instance _160 r0 *1 0,0 
| C_160 \$160 VSS 7.86843e-16
| * device instance _161_t0 r0 *1 0,0 
| R_161_t0 \$161__t0 \$161 228.0761
| * device instance _161_t1 r0 *1 0,0 
| R_161_t1 \$161__t1 \$161 228.0761
| * device instance _161 r0 *1 0,0 
| C_161 \$161 VSS 7.86843e-16
| * device instance _162_t0 r0 *1 0,0 
| R_162_t0 \$162__t0 \$162 228.0761
| * device instance _162_t1 r0 *1 0,0 
| R_162_t1 \$162__t1 \$162 228.0761
| * device instance _162 r0 *1 0,0 
| C_162 \$162 VSS 7.86843e-16
| * device instance _163_t0 r0 *1 0,0 
| R_163_t0 \$163__t0 \$163 228.0761
| * device instance _163_t1 r0 *1 0,0 
| R_163_t1 \$163__t1 \$163 228.0761
| * device instance _163 r0 *1 0,0 
| C_163 \$163 VSS 7.86843e-16
| * device instance _164_t0 r0 *1 0,0 
| R_164_t0 \$164__t0 \$164 228.0761
| * device instance _164_t1 r0 *1 0,0 
| R_164_t1 \$164__t1 \$164 228.0761
| * device instance _164 r0 *1 0,0 
| C_164 \$164 VSS 7.86843e-16
| * device instance _20_t0 r0 *1 0,0 
| R_20_t0 \$20__t0 \$20 237.1183
| * device instance _20_t1 r0 *1 0,0 
| R_20_t1 \$20__t1 \$20 237.1183
| * device instance _20 r0 *1 0,0 
| C_20 \$20 VSS 3.807621e-15
| * device instance _21_t0 r0 *1 0,0 
| R_21_t0 \$21__t0 \$21 229.90305
| * device instance _21_t1 r0 *1 0,0 
| R_21_t1 \$21__t1 \$21 229.90305
| * device instance _21 r0 *1 0,0 
| C_21 \$21 VSS 1.381301e-15
| * device instance _22_t0 r0 *1 0,0 
| R_22_t0 \$22__t0 \$22 229.72715
| * device instance _22_t1 r0 *1 0,0 
| R_22_t1 \$22__t1 \$22 229.72715
| * device instance _22 r0 *1 0,0 
| C_22 \$22 VSS 1.340497e-15
| * device instance _23_t0 r0 *1 0,0 
| R_23_t0 \$23__t0 \$23 229.72715
| * device instance _23_t1 r0 *1 0,0 
| R_23_t1 \$23__t1 \$23 229.72715
| * device instance _23 r0 *1 0,0 
| C_23 \$23 VSS 1.340497e-15
| * device instance _24_t0 r0 *1 0,0 
| R_24_t0 \$24__t0 \$24 229.72715
| * device instance _24_t1 r0 *1 0,0 
| R_24_t1 \$24__t1 \$24 229.72715
| * device instance _24 r0 *1 0,0 
| C_24 \$24 VSS 1.340497e-15
| * device instance _25_t0 r0 *1 0,0 
| R_25_t0 \$25__t0 \$25 229.72715
| * device instance _25_t1 r0 *1 0,0 
| R_25_t1 \$25__t1 \$25 229.72715
| * device instance _25 r0 *1 0,0 
| C_25 \$25 VSS 1.340497e-15
| * device instance _26_t0 r0 *1 0,0 
| R_26_t0 \$26__t0 \$26 229.72715
| * device instance _26_t1 r0 *1 0,0 
| R_26_t1 \$26__t1 \$26 229.72715
| * device instance _26 r0 *1 0,0 
| C_26 \$26 VSS 1.340497e-15
| * device instance _27_t0 r0 *1 0,0 
| R_27_t0 \$27__t0 \$27 229.72715
| * device instance _27_t1 r0 *1 0,0 
| R_27_t1 \$27__t1 \$27 229.72715
| * device instance _27 r0 *1 0,0 
| C_27 \$27 VSS 1.340497e-15
| * device instance _28_t0 r0 *1 0,0 
| R_28_t0 \$28__t0 \$28 229.72715
| * device instance _28_t1 r0 *1 0,0 
| R_28_t1 \$28__t1 \$28 229.72715
| * device instance _28 r0 *1 0,0 
| C_28 \$28 VSS 1.340497e-15
| * device instance _29_t0 r0 *1 0,0 
| R_29_t0 \$29__t0 \$29 229.72715
| * device instance _29_t1 r0 *1 0,0 
| R_29_t1 \$29__t1 \$29 229.72715
| * device instance _29 r0 *1 0,0 
| C_29 \$29 VSS 1.340497e-15
| * device instance _35_t0 r0 *1 0,0 
| R_35_t0 \$35__t0 \$35 229.72715
| * device instance _35_t1 r0 *1 0,0 
| R_35_t1 \$35__t1 \$35 229.72715
| * device instance _35 r0 *1 0,0 
| C_35 \$35 VSS 1.340497e-15
| * device instance _36_t0 r0 *1 0,0 
| R_36_t0 \$36__t0 \$36 229.72715
| * device instance _36_t1 r0 *1 0,0 
| R_36_t1 \$36__t1 \$36 229.72715
| * device instance _36 r0 *1 0,0 
| C_36 \$36 VSS 1.340497e-15
| * device instance _37_t0 r0 *1 0,0 
| R_37_t0 \$37__t0 \$37 229.72715
| * device instance _37_t1 r0 *1 0,0 
| R_37_t1 \$37__t1 \$37 229.72715
| * device instance _37 r0 *1 0,0 
| C_37 \$37 VSS 1.340497e-15
| * device instance _38_t0 r0 *1 0,0 
| R_38_t0 \$38__t0 \$38 229.72715
| * device instance _38_t1 r0 *1 0,0 
| R_38_t1 \$38__t1 \$38 229.72715
| * device instance _38 r0 *1 0,0 
| C_38 \$38 VSS 1.340497e-15
| * device instance _39_t0 r0 *1 0,0 
| R_39_t0 \$39__t0 \$39 229.72715
| * device instance _39_t1 r0 *1 0,0 
| R_39_t1 \$39__t1 \$39 229.72715
| * device instance _39 r0 *1 0,0 
| C_39 \$39 VSS 1.340497e-15
| * device instance _40_t0 r0 *1 0,0 
| R_40_t0 \$40__t0 \$40 229.72715
| * device instance _40_t1 r0 *1 0,0 
| R_40_t1 \$40__t1 \$40 229.72715
| * device instance _40 r0 *1 0,0 
| C_40 \$40 VSS 1.340497e-15
| * device instance _41_t0 r0 *1 0,0 
| R_41_t0 \$41__t0 \$41 229.72715
| * device instance _41_t1 r0 *1 0,0 
| R_41_t1 \$41__t1 \$41 229.72715
| * device instance _41 r0 *1 0,0 
| C_41 \$41 VSS 1.340497e-15
| * device instance _42_t0 r0 *1 0,0 
| R_42_t0 \$42__t0 \$42 229.72715
| * device instance _42_t1 r0 *1 0,0 
| R_42_t1 \$42__t1 \$42 229.72715
| * device instance _42 r0 *1 0,0 
| C_42 \$42 VSS 1.340497e-15
| * device instance _43_t0 r0 *1 0,0 
| R_43_t0 \$43__t0 \$43 230.51545
| * device instance _43_t1 r0 *1 0,0 
| R_43_t1 \$43__t1 \$43 230.51545
| * device instance _43 r0 *1 0,0 
| C_43 \$43 VSS 1.593004e-15
| * device instance _44_t0 r0 *1 0,0 
| R_44_t0 \$44__t0 \$44 230.111
| * device instance _44_t1 r0 *1 0,0 
| R_44_t1 \$44__t1 \$44 230.111
| * device instance _44 r0 *1 0,0 
| C_44 \$44 VSS 1.451162e-15
| * device instance _45_t0 r0 *1 0,0 
| R_45_t0 \$45__t0 \$45 237.1183
| * device instance _45_t1 r0 *1 0,0 
| R_45_t1 \$45__t1 \$45 237.1183
| * device instance _45 r0 *1 0,0 
| C_45 \$45 VSS 3.807621e-15
| * device instance _46_t0 r0 *1 0,0 
| R_46_t0 \$46__t0 \$46 229.90305
| * device instance _46_t1 r0 *1 0,0 
| R_46_t1 \$46__t1 \$46 229.90305
| * device instance _46 r0 *1 0,0 
| C_46 \$46 VSS 1.381301e-15
| * device instance _47_t0 r0 *1 0,0 
| R_47_t0 \$47__t0 \$47 229.72715
| * device instance _47_t1 r0 *1 0,0 
| R_47_t1 \$47__t1 \$47 229.72715
| * device instance _47 r0 *1 0,0 
| C_47 \$47 VSS 1.340497e-15
| * device instance _48_t0 r0 *1 0,0 
| R_48_t0 \$48__t0 \$48 229.72715
| * device instance _48_t1 r0 *1 0,0 
| R_48_t1 \$48__t1 \$48 229.72715
| * device instance _48 r0 *1 0,0 
| C_48 \$48 VSS 1.340497e-15
| * device instance _49_t0 r0 *1 0,0 
| R_49_t0 \$49__t0 \$49 229.72715
| * device instance _49_t1 r0 *1 0,0 
| R_49_t1 \$49__t1 \$49 229.72715
| * device instance _49 r0 *1 0,0 
| C_49 \$49 VSS 1.340497e-15
| * device instance _50_t0 r0 *1 0,0 
| R_50_t0 \$50__t0 \$50 229.72715
| * device instance _50_t1 r0 *1 0,0 
| R_50_t1 \$50__t1 \$50 229.72715
| * device instance _50 r0 *1 0,0 
| C_50 \$50 VSS 1.340497e-15
| * device instance _51_t0 r0 *1 0,0 
| R_51_t0 \$51__t0 \$51 229.72715
| * device instance _51_t1 r0 *1 0,0 
| R_51_t1 \$51__t1 \$51 229.72715
| * device instance _51 r0 *1 0,0 
| C_51 \$51 VSS 1.340497e-15
| * device instance _52_t0 r0 *1 0,0 
| R_52_t0 \$52__t0 \$52 229.72715
| * device instance _52_t1 r0 *1 0,0 
| R_52_t1 \$52__t1 \$52 229.72715
| * device instance _52 r0 *1 0,0 
| C_52 \$52 VSS 1.340497e-15
| * device instance _53_t0 r0 *1 0,0 
| R_53_t0 \$53__t0 \$53 229.72715
| * device instance _53_t1 r0 *1 0,0 
| R_53_t1 \$53__t1 \$53 229.72715
| * device instance _53 r0 *1 0,0 
| C_53 \$53 VSS 1.340497e-15
| * device instance _54_t0 r0 *1 0,0 
| R_54_t0 \$54__t0 \$54 229.72715
| * device instance _54_t1 r0 *1 0,0 
| R_54_t1 \$54__t1 \$54 229.72715
| * device instance _54 r0 *1 0,0 
| C_54 \$54 VSS 1.340497e-15
| * device instance _55_t0 r0 *1 0,0 
| R_55_t0 \$55__t0 \$55 229.72715
| * device instance _55_t1 r0 *1 0,0 
| R_55_t1 \$55__t1 \$55 229.72715
| * device instance _55 r0 *1 0,0 
| C_55 \$55 VSS 1.340497e-15
| * device instance _56_t0 r0 *1 0,0 
| R_56_t0 \$56__t0 \$56 229.72715
| * device instance _56_t1 r0 *1 0,0 
| R_56_t1 \$56__t1 \$56 229.72715
| * device instance _56 r0 *1 0,0 
| C_56 \$56 VSS 1.340497e-15
| * device instance _57_t0 r0 *1 0,0 
| R_57_t0 \$57__t0 \$57 229.72715
| * device instance _57_t1 r0 *1 0,0 
| R_57_t1 \$57__t1 \$57 229.72715
| * device instance _57 r0 *1 0,0 
| C_57 \$57 VSS 1.340497e-15
| * device instance _58_t0 r0 *1 0,0 
| R_58_t0 \$58__t0 \$58 229.72715
| * device instance _58_t1 r0 *1 0,0 
| R_58_t1 \$58__t1 \$58 229.72715
| * device instance _58 r0 *1 0,0 
| C_58 \$58 VSS 1.340497e-15
| * device instance _59_t0 r0 *1 0,0 
| R_59_t0 \$59__t0 \$59 229.72715
| * device instance _59_t1 r0 *1 0,0 
| R_59_t1 \$59__t1 \$59 229.72715
| * device instance _59 r0 *1 0,0 
| C_59 \$59 VSS 1.340497e-15
| * device instance _6_t0 r0 *1 0,0 
| R_6_t0 \$6__t0 \$6 229.72715
| * device instance _6_t1 r0 *1 0,0 
| R_6_t1 \$6__t1 \$6 229.72715
| * device instance _6 r0 *1 0,0 
| C_6 \$6 VSS 1.340497e-15
| * device instance _60_t0 r0 *1 0,0 
| R_60_t0 \$60__t0 \$60 229.72715
| * device instance _60_t1 r0 *1 0,0 
| R_60_t1 \$60__t1 \$60 229.72715
| * device instance _60 r0 *1 0,0 
| C_60 \$60 VSS 1.340497e-15
| * device instance _61_t0 r0 *1 0,0 
| R_61_t0 \$61__t0 \$61 229.72715
| * device instance _61_t1 r0 *1 0,0 
| R_61_t1 \$61__t1 \$61 229.72715
| * device instance _61 r0 *1 0,0 
| C_61 \$61 VSS 1.340497e-15
| * device instance _62_t0 r0 *1 0,0 
| R_62_t0 \$62__t0 \$62 229.72715
| * device instance _62_t1 r0 *1 0,0 
| R_62_t1 \$62__t1 \$62 229.72715
| * device instance _62 r0 *1 0,0 
| C_62 \$62 VSS 1.340497e-15
| * device instance _63_t0 r0 *1 0,0 
| R_63_t0 \$63__t0 \$63 230.51545
| * device instance _63_t1 r0 *1 0,0 
| R_63_t1 \$63__t1 \$63 230.51545
| * device instance _63 r0 *1 0,0 
| C_63 \$63 VSS 1.593004e-15
| * device instance _64_t0 r0 *1 0,0 
| R_64_t0 \$64__t0 \$64 230.111
| * device instance _64_t1 r0 *1 0,0 
| R_64_t1 \$64__t1 \$64 230.111
| * device instance _64 r0 *1 0,0 
| C_64 \$64 VSS 1.451162e-15
| * device instance _65_t0 r0 *1 0,0 
| R_65_t0 \$65__t0 \$65 237.1183
| * device instance _65_t1 r0 *1 0,0 
| R_65_t1 \$65__t1 \$65 237.1183
| * device instance _65 r0 *1 0,0 
| C_65 \$65 VSS 3.807621e-15
| * device instance _66_t0 r0 *1 0,0 
| R_66_t0 \$66__t0 \$66 229.90305
| * device instance _66_t1 r0 *1 0,0 
| R_66_t1 \$66__t1 \$66 229.90305
| * device instance _66 r0 *1 0,0 
| C_66 \$66 VSS 1.381301e-15
| * device instance _67_t0 r0 *1 0,0 
| R_67_t0 \$67__t0 \$67 229.72715
| * device instance _67_t1 r0 *1 0,0 
| R_67_t1 \$67__t1 \$67 229.72715
| * device instance _67 r0 *1 0,0 
| C_67 \$67 VSS 1.340497e-15
| * device instance _68_t0 r0 *1 0,0 
| R_68_t0 \$68__t0 \$68 229.72715
| * device instance _68_t1 r0 *1 0,0 
| R_68_t1 \$68__t1 \$68 229.72715
| * device instance _68 r0 *1 0,0 
| C_68 \$68 VSS 1.340497e-15
| * device instance _69_t0 r0 *1 0,0 
| R_69_t0 \$69__t0 \$69 229.72715
| * device instance _69_t1 r0 *1 0,0 
| R_69_t1 \$69__t1 \$69 229.72715
| * device instance _69 r0 *1 0,0 
| C_69 \$69 VSS 1.340497e-15
| * device instance _7_t0 r0 *1 0,0 
| R_7_t0 \$7__t0 \$7 229.72715
| * device instance _7_t1 r0 *1 0,0 
| R_7_t1 \$7__t1 \$7 229.72715
| * device instance _7 r0 *1 0,0 
| C_7 \$7 VSS 1.340497e-15
| * device instance _70_t0 r0 *1 0,0 
| R_70_t0 \$70__t0 \$70 229.72715
| * device instance _70_t1 r0 *1 0,0 
| R_70_t1 \$70__t1 \$70 229.72715
| * device instance _70 r0 *1 0,0 
| C_70 \$70 VSS 1.340497e-15
| * device instance _71_t0 r0 *1 0,0 
| R_71_t0 \$71__t0 \$71 229.72715
| * device instance _71_t1 r0 *1 0,0 
| R_71_t1 \$71__t1 \$71 229.72715
| * device instance _71 r0 *1 0,0 
| C_71 \$71 VSS 1.340497e-15
| * device instance _72_t0 r0 *1 0,0 
| R_72_t0 \$72__t0 \$72 229.72715
| * device instance _72_t1 r0 *1 0,0 
| R_72_t1 \$72__t1 \$72 229.72715
| * device instance _72 r0 *1 0,0 
| C_72 \$72 VSS 1.340497e-15
| * device instance _73_t0 r0 *1 0,0 
| R_73_t0 \$73__t0 \$73 229.72715
| * device instance _73_t1 r0 *1 0,0 
| R_73_t1 \$73__t1 \$73 229.72715
| * device instance _73 r0 *1 0,0 
| C_73 \$73 VSS 1.340497e-15
| * device instance _74_t0 r0 *1 0,0 
| R_74_t0 \$74__t0 \$74 229.72715
| * device instance _74_t1 r0 *1 0,0 
| R_74_t1 \$74__t1 \$74 229.72715
| * device instance _74 r0 *1 0,0 
| C_74 \$74 VSS 1.340497e-15
| * device instance _77_t0 r0 *1 0,0 
| R_77_t0 \$77__t0 \$77 229.72715
| * device instance _77_t1 r0 *1 0,0 
| R_77_t1 \$77__t1 \$77 229.72715
| * device instance _77 r0 *1 0,0 
| C_77 \$77 VSS 1.340497e-15
| * device instance _78_t0 r0 *1 0,0 
| R_78_t0 \$78__t0 \$78 229.72715
| * device instance _78_t1 r0 *1 0,0 
| R_78_t1 \$78__t1 \$78 229.72715
| * device instance _78 r0 *1 0,0 
| C_78 \$78 VSS 1.340497e-15
| * device instance _79_t0 r0 *1 0,0 
| R_79_t0 \$79__t0 \$79 229.72715
| * device instance _79_t1 r0 *1 0,0 
| R_79_t1 \$79__t1 \$79 229.72715
| * device instance _79 r0 *1 0,0 
| C_79 \$79 VSS 1.340497e-15
| * device instance _8_t0 r0 *1 0,0 
| R_8_t0 \$8__t0 \$8 229.72715
| * device instance _8_t1 r0 *1 0,0 
| R_8_t1 \$8__t1 \$8 229.72715
| * device instance _8 r0 *1 0,0 
| C_8 \$8 VSS 1.340497e-15
| * device instance _80_t0 r0 *1 0,0 
| R_80_t0 \$80__t0 \$80 229.72715
| * device instance _80_t1 r0 *1 0,0 
| R_80_t1 \$80__t1 \$80 229.72715
| * device instance _80 r0 *1 0,0 
| C_80 \$80 VSS 1.340497e-15
| * device instance _81_t0 r0 *1 0,0 
| R_81_t0 \$81__t0 \$81 229.72715
| * device instance _81_t1 r0 *1 0,0 
| R_81_t1 \$81__t1 \$81 229.72715
| * device instance _81 r0 *1 0,0 
| C_81 \$81 VSS 1.340497e-15
| * device instance _82_t0 r0 *1 0,0 
| R_82_t0 \$82__t0 \$82 239.4367
| * device instance _82_t1 r0 *1 0,0 
| R_82_t1 \$82__t1 \$82 239.4367
| * device instance _82 r0 *1 0,0 
| C_82 \$82 VSS 5.338457e-15
| * device instance _83_t0 r0 *1 0,0 
| R_83_t0 \$83__t0 \$83 229.72715
| * device instance _83_t1 r0 *1 0,0 
| R_83_t1 \$83__t1 \$83 229.72715
| * device instance _83 r0 *1 0,0 
| C_83 \$83 VSS 1.340497e-15
| * device instance _84_t0 r0 *1 0,0 
| R_84_t0 \$84__t0 \$84 229.72715
| * device instance _84_t1 r0 *1 0,0 
| R_84_t1 \$84__t1 \$84 229.72715
| * device instance _84 r0 *1 0,0 
| C_84 \$84 VSS 1.340497e-15
| * device instance _85_t0 r0 *1 0,0 
| R_85_t0 \$85__t0 \$85 229.72715
| * device instance _85_t1 r0 *1 0,0 
| R_85_t1 \$85__t1 \$85 229.72715
| * device instance _85 r0 *1 0,0 
| C_85 \$85 VSS 1.340497e-15
| * device instance _86_t0 r0 *1 0,0 
| R_86_t0 \$86__t0 \$86 230.51545
| * device instance _86_t1 r0 *1 0,0 
| R_86_t1 \$86__t1 \$86 230.51545
| * device instance _86 r0 *1 0,0 
| C_86 \$86 VSS 1.593004e-15
| * device instance _89_t0 r0 *1 0,0 
| R_89_t0 \$89__t0 \$89 228.55525
| * device instance _89_t1 r0 *1 0,0 
| R_89_t1 \$89__t1 \$89 228.55525
| * device instance _89 r0 *1 0,0 
| C_89 \$89 VSS 9.47525e-16
| * device instance _9_t0 r0 *1 0,0 
| R_9_t0 \$9__t0 \$9 229.72715
| * device instance _9_t1 r0 *1 0,0 
| R_9_t1 \$9__t1 \$9 229.72715
| * device instance _9 r0 *1 0,0 
| C_9 \$9 VSS 1.340497e-15
| * device instance _90_t0 r0 *1 0,0 
| R_90_t0 \$90__t0 \$90 228.55525
| * device instance _90_t1 r0 *1 0,0 
| R_90_t1 \$90__t1 \$90 228.55525
| * device instance _90 r0 *1 0,0 
| C_90 \$90 VSS 9.47525e-16
| * device instance _91_t0 r0 *1 0,0 
| R_91_t0 \$91__t0 \$91 228.55525
| * device instance _91_t1 r0 *1 0,0 
| R_91_t1 \$91__t1 \$91 228.55525
| * device instance _91 r0 *1 0,0 
| C_91 \$91 VSS 9.47525e-16
| * device instance _92_t0 r0 *1 0,0 
| R_92_t0 \$92__t0 \$92 228.55525
| * device instance _92_t1 r0 *1 0,0 
| R_92_t1 \$92__t1 \$92 228.55525
| * device instance _92 r0 *1 0,0 
| C_92 \$92 VSS 9.47525e-16
| * device instance _93_t0 r0 *1 0,0 
| R_93_t0 \$93__t0 \$93 228.55525
| * device instance _93_t1 r0 *1 0,0 
| R_93_t1 \$93__t1 \$93 228.55525
| * device instance _93 r0 *1 0,0 
| C_93 \$93 VSS 9.47525e-16
| * device instance _94_t0 r0 *1 0,0 
| R_94_t0 \$94__t0 \$94 228.55525
| * device instance _94_t1 r0 *1 0,0 
| R_94_t1 \$94__t1 \$94 228.55525
| * device instance _94 r0 *1 0,0 
| C_94 \$94 VSS 9.47525e-16
| * device instance _95_t0 r0 *1 0,0 
| R_95_t0 \$95__t0 \$95 228.55525
| * device instance _95_t1 r0 *1 0,0 
| R_95_t1 \$95__t1 \$95 228.55525
| * device instance _95 r0 *1 0,0 
| C_95 \$95 VSS 9.47525e-16
| * device instance _96_t0 r0 *1 0,0 
| R_96_t0 \$96__t0 \$96 228.55525
| * device instance _96_t1 r0 *1 0,0 
| R_96_t1 \$96__t1 \$96 228.55525
| * device instance _96 r0 *1 0,0 
| C_96 \$96 VSS 9.47525e-16
| * device instance _97_t0 r0 *1 0,0 
| R_97_t0 \$97__t0 \$97 229.34505
| * device instance _97_t1 r0 *1 0,0 
| R_97_t1 \$97__t1 \$97 229.34505
| * device instance _97 r0 *1 0,0 
| C_97 \$97 VSS 1.200031e-15
| * device instance _98_t0 r0 *1 0,0 
| R_98_t0 \$98__t0 \$98 237.1183
| * device instance _98_t1 r0 *1 0,0 
| R_98_t1 \$98__t1 \$98 237.1183
| * device instance _98 r0 *1 0,0 
| C_98 \$98 VSS 3.807621e-15
| * device instance _99_t0 r0 *1 0,0 
| R_99_t0 \$99__t0 \$99 230.111
| * device instance _99_t1 r0 *1 0,0 
| R_99_t1 \$99__t1 \$99 230.111
| * device instance _99 r0 *1 0,0 
| C_99 \$99 VSS 1.451162e-15
| * device instance D1_t0 r0 *1 0,0 
| RD1_t0 D1__t0 D1 395.67873294
| * device instance D1_t1 r0 *1 0,0 
| RD1_t1 D1__t1 D1 395.67873294
| * device instance D1_t2 r0 *1 0,0 
| RD1_t2 D1__t2 D1 533.434694568
| * device instance D1_t3 r0 *1 0,0 
| RD1_t3 D1__t3 D1 762.289127328
| * device instance D1_t4 r0 *1 0,0 
| RD1_t4 D1__t4 D1 825.315587184
| * device instance D1_t5 r0 *1 0,0 
| RD1_t5 D1__t5 D1 684.008056801
| * device instance D1_t6 r0 *1 0,0 
| RD1_t6 D1__t6 D1 437.052403843
| * device instance D1_t7 r0 *1 0,0 
| RD1_t7 D1__t7 D1 658.617229711
| * device instance D1_t8 r0 *1 0,0 
| RD1_t8 D1__t8 D1 503.025823455
| * device instance D1_t9 r0 *1 0,0 
| RD1_t9 D1__t9 D1 533.434694568
| * device instance D1_t10 r0 *1 0,0 
| RD1_t10 D1__t10 D1 825.315587184
| * device instance D1_t11 r0 *1 0,0 
| RD1_t11 D1__t11 D1 684.008056801
| * device instance D1_t12 r0 *1 0,0 
| RD1_t12 D1__t12 D1 198.167179197
| * device instance D1_t13 r0 *1 0,0 
| RD1_t13 D1__t13 D1 79.7960910631
| * device instance D1_t14 r0 *1 0,0 
| RD1_t14 D1__t14 D1 123.844451891
| * device instance D1_t15 r0 *1 0,0 
| RD1_t15 D1__t15 D1 197.921932224
| * device instance D1_t16 r0 *1 0,0 
| RD1_t16 D1__t16 D1 1004.88595049
| * device instance D1_t17 r0 *1 0,0 
| RD1_t17 D1__t17 D1 850.374417447
| * device instance D1_t18 r0 *1 0,0 
| RD1_t18 D1__t18 D1 79.4911713409
| * device instance D1_t19 r0 *1 0,0 
| RD1_t19 D1__t19 D1 232.775453203
| * device instance D1_t20 r0 *1 0,0 
| RD1_t20 D1__t20 D1 695.877828238
| * device instance D1_t21 r0 *1 0,0 
| RD1_t21 D1__t21 D1 935.660477258
| * device instance D1_t22 r0 *1 0,0 
| RD1_t22 D1__t22 D1 782.742370049
| * device instance D1_t23 r0 *1 0,0 
| RD1_t23 D1__t23 D1 630.618056096
| * device instance D1_t24 r0 *1 0,0 
| RD1_t24 D1__t24 D1 541.408976151
| * device instance D1_t25 r0 *1 0,0 
| RD1_t25 D1__t25 D1 387.00107586
| * device instance D1_t26 r0 *1 0,0 
| RD1_t26 D1__t26 D1 333.123759577
| * device instance D1_t27 r0 *1 0,0 
| RD1_t27 D1__t27 D1 480.042782589
| * device instance D1 r0 *1 0,0 
| CD1 D1 VSS 1.09229247e-13
| * device instance D2_t0 r0 *1 0,0 
| RD2_t0 D2__t0 D2 1016.86524028
| * device instance D2_t1 r0 *1 0,0 
| RD2_t1 D2__t1 D2 682.418417896
| * device instance D2_t2 r0 *1 0,0 
| RD2_t2 D2__t2 D2 631.910957447
| * device instance D2_t3 r0 *1 0,0 
| RD2_t3 D2__t3 D2 392.883474334
| * device instance D2_t4 r0 *1 0,0 
| RD2_t4 D2__t4 D2 541.774103467
| * device instance D2_t5 r0 *1 0,0 
| RD2_t5 D2__t5 D2 832.882783438
| * device instance D2_t6 r0 *1 0,0 
| RD2_t6 D2__t6 D2 541.942991387
| * device instance D2_t7 r0 *1 0,0 
| RD2_t7 D2__t7 D2 790.388693764
| * device instance D2_t8 r0 *1 0,0 
| RD2_t8 D2__t8 D2 389.330698641
| * device instance D2_t9 r0 *1 0,0 
| RD2_t9 D2__t9 D2 682.418417896
| * device instance D2_t10 r0 *1 0,0 
| RD2_t10 D2__t10 D2 541.774103467
| * device instance D2_t11 r0 *1 0,0 
| RD2_t11 D2__t11 D2 832.882783438
| * device instance D2_t12 r0 *1 0,0 
| RD2_t12 D2__t12 D2 389.330698641
| * device instance D2_t13 r0 *1 0,0 
| RD2_t13 D2__t13 D2 156.602483501
| * device instance D2_t14 r0 *1 0,0 
| RD2_t14 D2__t14 D2 156.289222261
| * device instance D2_t15 r0 *1 0,0 
| RD2_t15 D2__t15 D2 19.3762215193
| * device instance D2_t16 r0 *1 0,0 
| RD2_t16 D2__t16 D2 146.715456554
| * device instance D2_t17 r0 *1 0,0 
| RD2_t17 D2__t17 D2 146.548342774
| * device instance D2_t18 r0 *1 0,0 
| RD2_t18 D2__t18 D2 776.606571234
| * device instance D2_t19 r0 *1 0,0 
| RD2_t19 D2__t19 D2 931.80769525
| * device instance D2_t20 r0 *1 0,0 
| RD2_t20 D2__t20 D2 621.425566703
| * device instance D2_t21 r0 *1 0,0 
| RD2_t21 D2__t21 D2 311.244310197
| * device instance D2_t22 r0 *1 0,0 
| RD2_t22 D2__t22 D2 862.998963497
| * device instance D2_t23 r0 *1 0,0 
| RD2_t23 D2__t23 D2 709.731842325
| * device instance D2_t24 r0 *1 0,0 
| RD2_t24 D2__t24 D2 557.558201389
| * device instance D2_t25 r0 *1 0,0 
| RD2_t25 D2__t25 D2 407.704293299
| * device instance D2_t26 r0 *1 0,0 
| RD2_t26 D2__t26 D2 264.148095823
| * device instance D2_t27 r0 *1 0,0 
| RD2_t27 D2__t27 D2 466.284769572
| * device instance D2 r0 *1 0,0 
| CD2 D2 VSS 1.11034386e-13
| * device instance GDRV_t0 r0 *1 0,0 
| RGDRV_t0 GDRV__t0 GDRV 1250.86306872
| * device instance GDRV_t1 r0 *1 0,0 
| RGDRV_t1 GDRV__t1 GDRV 893.560283819
| * device instance GDRV_t2 r0 *1 0,0 
| RGDRV_t2 GDRV__t2 GDRV 633.644726287
| * device instance GDRV_t3 r0 *1 0,0 
| RGDRV_t3 GDRV__t3 GDRV 204.069408428
| * device instance GDRV_t4 r0 *1 0,0 
| RGDRV_t4 GDRV__t4 GDRV 213.966557451
| * device instance GDRV_t5 r0 *1 0,0 
| RGDRV_t5 GDRV__t5 GDRV 334.372094409
| * device instance GDRV_t6 r0 *1 0,0 
| RGDRV_t6 GDRV__t6 GDRV 451.039476892
| * device instance GDRV_t7 r0 *1 0,0 
| RGDRV_t7 GDRV__t7 GDRV 315.265927061
| * device instance GDRV_t8 r0 *1 0,0 
| RGDRV_t8 GDRV__t8 GDRV 455.602868699
| * device instance GDRV_t9 r0 *1 0,0 
| RGDRV_t9 GDRV__t9 GDRV 523.064990014
| * device instance GDRV_t10 r0 *1 0,0 
| RGDRV_t10 GDRV__t10 GDRV 489.60530317
| * device instance GDRV_t11 r0 *1 0,0 
| RGDRV_t11 GDRV__t11 GDRV 511.062511856
| * device instance GDRV_t12 r0 *1 0,0 
| RGDRV_t12 GDRV__t12 GDRV 802.465776254
| * device instance GDRV_t13 r0 *1 0,0 
| RGDRV_t13 GDRV__t13 GDRV 617.105191921
| * device instance GDRV_t14 r0 *1 0,0 
| RGDRV_t14 GDRV__t14 GDRV 632.88711795
| * device instance GDRV_t15 r0 *1 0,0 
| RGDRV_t15 GDRV__t15 GDRV 897.632223307
| * device instance GDRV_t16 r0 *1 0,0 
| RGDRV_t16 GDRV__t16 GDRV 468.002704732
| * device instance GDRV_t17 r0 *1 0,0 
| RGDRV_t17 GDRV__t17 GDRV 749.892252478
| * device instance GDRV_t18 r0 *1 0,0 
| RGDRV_t18 GDRV__t18 GDRV 234.999030132
| * device instance GDRV_t19 r0 *1 0,0 
| RGDRV_t19 GDRV__t19 GDRV 247.823357937
| * device instance GDRV_t20 r0 *1 0,0 
| RGDRV_t20 GDRV__t20 GDRV 253.403843822
| * device instance GDRV_t21 r0 *1 0,0 
| RGDRV_t21 GDRV__t21 GDRV 419.760341099
| * device instance GDRV_t22 r0 *1 0,0 
| RGDRV_t22 GDRV__t22 GDRV 426.371817325
| * device instance GDRV_t23 r0 *1 0,0 
| RGDRV_t23 GDRV__t23 GDRV 553.318992678
| * device instance GDRV_t24 r0 *1 0,0 
| RGDRV_t24 GDRV__t24 GDRV 738.048457759
| * device instance GDRV_t25 r0 *1 0,0 
| RGDRV_t25 GDRV__t25 GDRV 1229.39137921
| * device instance GDRV_t26 r0 *1 0,0 
| RGDRV_t26 GDRV__t26 GDRV 698.425429399
| * device instance GDRV_t27 r0 *1 0,0 
| RGDRV_t27 GDRV__t27 GDRV 1043.1596612
| * device instance GDRV_t28 r0 *1 0,0 
| RGDRV_t28 GDRV__t28 GDRV 887.269899088
| * device instance GDRV_t29 r0 *1 0,0 
| RGDRV_t29 GDRV__t29 GDRV 1288.12344598
| * device instance GDRV_t30 r0 *1 0,0 
| RGDRV_t30 GDRV__t30 GDRV 1227.51943385
| * device instance GDRV_t31 r0 *1 0,0 
| RGDRV_t31 GDRV__t31 GDRV 1265.46732707
| * device instance GDRV r0 *1 0,0 
| CGDRV GDRV VSS 1.45367608e-13
| * device instance PN_t0 r0 *1 0,0 
| RPN_t0 PN__t0 PN 536.060689986
| * device instance PN_t1 r0 *1 0,0 
| RPN_t1 PN__t1 PN 65.6641892502
| * device instance PN_t2 r0 *1 0,0 
| RPN_t2 PN__t2 PN 65.6641892502
| * device instance PN_t3 r0 *1 0,0 
| RPN_t3 PN__t3 PN 60.0689802413
| * device instance PN_t4 r0 *1 0,0 
| RPN_t4 PN__t4 PN 60.0689802413
| * device instance PN_t5 r0 *1 0,0 
| RPN_t5 PN__t5 PN 177.655448736
| * device instance PN_t6 r0 *1 0,0 
| RPN_t6 PN__t6 PN 183.499233115
| * device instance PN_t7 r0 *1 0,0 
| RPN_t7 PN__t7 PN 183.499233115
| * device instance PN_t8 r0 *1 0,0 
| RPN_t8 PN__t8 PN 302.801636057
| * device instance PN_t9 r0 *1 0,0 
| RPN_t9 PN__t9 PN 536.060689986
| * device instance PN_t10 r0 *1 0,0 
| RPN_t10 PN__t10 PN 177.655448736
| * device instance PN_t11 r0 *1 0,0 
| RPN_t11 PN__t11 PN 302.801636057
| * device instance PN_t12 r0 *1 0,0 
| RPN_t12 PN__t12 PN 296.936548753
| * device instance PN_t13 r0 *1 0,0 
| RPN_t13 PN__t13 PN 296.936548753
| * device instance PN_t14 r0 *1 0,0 
| RPN_t14 PN__t14 PN 416.458700169
| * device instance PN_t15 r0 *1 0,0 
| RPN_t15 PN__t15 PN 416.458700169
| * device instance PN_t16 r0 *1 0,0 
| RPN_t16 PN__t16 PN 65.6641892502
| * device instance PN_t17 r0 *1 0,0 
| RPN_t17 PN__t17 PN 60.0689802413
| * device instance PN_t18 r0 *1 0,0 
| RPN_t18 PN__t18 PN 177.655448736
| * device instance PN_t19 r0 *1 0,0 
| RPN_t19 PN__t19 PN 183.499233115
| * device instance PN_t20 r0 *1 0,0 
| RPN_t20 PN__t20 PN 302.801636057
| * device instance PN_t21 r0 *1 0,0 
| RPN_t21 PN__t21 PN 536.060689986
| * device instance PN_t22 r0 *1 0,0 
| RPN_t22 PN__t22 PN 296.936548753
| * device instance PN_t23 r0 *1 0,0 
| RPN_t23 PN__t23 PN 416.458700169
| * device instance PN_t24 r0 *1 0,0 
| RPN_t24 PN__t24 PN 760.831303818
| * device instance PN_t25 r0 *1 0,0 
| RPN_t25 PN__t25 PN 521.61560499
| * device instance PN_t26 r0 *1 0,0 
| RPN_t26 PN__t26 PN 641.206063913
| * device instance PN_t27 r0 *1 0,0 
| RPN_t27 PN__t27 PN 880.477148359
| * device instance PN r0 *1 0,0 
| CPN PN VSS 6.3467183e-14
| * device instance TAIL_t0 r0 *1 0,0 
| RTAIL_t0 TAIL__t0 TAIL 963.208825773
| * device instance TAIL_t1 r0 *1 0,0 
| RTAIL_t1 TAIL__t1 TAIL 577.288068238
| * device instance TAIL_t2 r0 *1 0,0 
| RTAIL_t2 TAIL__t2 TAIL 577.288068238
| * device instance TAIL_t3 r0 *1 0,0 
| RTAIL_t3 TAIL__t3 TAIL 1122.14527895
| * device instance TAIL_t4 r0 *1 0,0 
| RTAIL_t4 TAIL__t4 TAIL 848.583238378
| * device instance TAIL_t5 r0 *1 0,0 
| RTAIL_t5 TAIL__t5 TAIL 712.489963865
| * device instance TAIL_t6 r0 *1 0,0 
| RTAIL_t6 TAIL__t6 TAIL 712.489963865
| * device instance TAIL_t7 r0 *1 0,0 
| RTAIL_t7 TAIL__t7 TAIL 848.583238378
| * device instance TAIL_t8 r0 *1 0,0 
| RTAIL_t8 TAIL__t8 TAIL 985.198561344
| * device instance TAIL_t9 r0 *1 0,0 
| RTAIL_t9 TAIL__t9 TAIL 1122.14527895
| * device instance TAIL_t10 r0 *1 0,0 
| RTAIL_t10 TAIL__t10 TAIL 963.208825773
| * device instance TAIL_t11 r0 *1 0,0 
| RTAIL_t11 TAIL__t11 TAIL 555.678573998
| * device instance TAIL_t12 r0 *1 0,0 
| RTAIL_t12 TAIL__t12 TAIL 690.679667752
| * device instance TAIL_t13 r0 *1 0,0 
| RTAIL_t13 TAIL__t13 TAIL 826.661513717
| * device instance TAIL_t14 r0 *1 0,0 
| RTAIL_t14 TAIL__t14 TAIL 985.198561344
| * device instance TAIL_t15 r0 *1 0,0 
| RTAIL_t15 TAIL__t15 TAIL 294.062260102
| * device instance TAIL_t16 r0 *1 0,0 
| RTAIL_t16 TAIL__t16 TAIL 443.792978562
| * device instance TAIL_t17 r0 *1 0,0 
| RTAIL_t17 TAIL__t17 TAIL 314.187891048
| * device instance TAIL_t18 r0 *1 0,0 
| RTAIL_t18 TAIL__t18 TAIL 422.599196312
| * device instance TAIL_t19 r0 *1 0,0 
| RTAIL_t19 TAIL__t19 TAIL 826.661513717
| * device instance TAIL_t20 r0 *1 0,0 
| RTAIL_t20 TAIL__t20 TAIL 690.679667752
| * device instance TAIL_t21 r0 *1 0,0 
| RTAIL_t21 TAIL__t21 TAIL 555.678573998
| * device instance TAIL_t22 r0 *1 0,0 
| RTAIL_t22 TAIL__t22 TAIL 422.599196312
| * device instance TAIL_t23 r0 *1 0,0 
| RTAIL_t23 TAIL__t23 TAIL 294.062260102
| * device instance TAIL_t24 r0 *1 0,0 
| RTAIL_t24 TAIL__t24 TAIL 180.072968205
| * device instance TAIL_t25 r0 *1 0,0 
| RTAIL_t25 TAIL__t25 TAIL 180.072968205
| * device instance TAIL_t26 r0 *1 0,0 
| RTAIL_t26 TAIL__t26 TAIL 196.333855743
| * device instance TAIL_t27 r0 *1 0,0 
| RTAIL_t27 TAIL__t27 TAIL 196.333855743
| * device instance TAIL_t28 r0 *1 0,0 
| RTAIL_t28 TAIL__t28 TAIL 314.187891048
| * device instance TAIL_t29 r0 *1 0,0 
| RTAIL_t29 TAIL__t29 TAIL 443.792978562
| * device instance TAIL_t30 r0 *1 0,0 
| RTAIL_t30 TAIL__t30 TAIL 128.261700869
| * device instance TAIL_t31 r0 *1 0,0 
| RTAIL_t31 TAIL__t31 TAIL 128.261700869
| * device instance TAIL_t32 r0 *1 0,0 
| RTAIL_t32 TAIL__t32 TAIL 1302.21750181
| * device instance TAIL_t33 r0 *1 0,0 
| RTAIL_t33 TAIL__t33 TAIL 1262.48241249
| * device instance TAIL r0 *1 0,0 
| CTAIL TAIL VSS 1.05083344e-13
| * device instance VA_t0 r0 *1 0,0 
| RVA_t0 VA__t0 VA 648.994880324
| * device instance VA_t1 r0 *1 0,0 
| RVA_t1 VA__t1 VA 491.190491011
| * device instance VA_t2 r0 *1 0,0 
| RVA_t2 VA__t2 VA 634.293710289
| * device instance VA_t3 r0 *1 0,0 
| RVA_t3 VA__t3 VA 1000.68710265
| * device instance VA_t4 r0 *1 0,0 
| RVA_t4 VA__t4 VA 815.085588551
| * device instance VA_t5 r0 *1 0,0 
| RVA_t5 VA__t5 VA 681.138270206
| * device instance VA_t6 r0 *1 0,0 
| RVA_t6 VA__t6 VA 873.769092144
| * device instance VA_t7 r0 *1 0,0 
| RVA_t7 VA__t7 VA 322.375616032
| * device instance VA_t8 r0 *1 0,0 
| RVA_t8 VA__t8 VA 465.575780097
| * device instance VA_t9 r0 *1 0,0 
| RVA_t9 VA__t9 VA 257.031950546
| * device instance VA_t10 r0 *1 0,0 
| RVA_t10 VA__t10 VA 463.968382707
| * device instance VA_t11 r0 *1 0,0 
| RVA_t11 VA__t11 VA 301.572962588
| * device instance VA_t12 r0 *1 0,0 
| RVA_t12 VA__t12 VA 124.894195455
| * device instance VA_t13 r0 *1 0,0 
| RVA_t13 VA__t13 VA 123.389721383
| * device instance VA_t14 r0 *1 0,0 
| RVA_t14 VA__t14 VA 299.709261816
| * device instance VA_t15 r0 *1 0,0 
| RVA_t15 VA__t15 VA 489.285616878
| * device instance VA_t16 r0 *1 0,0 
| RVA_t16 VA__t16 VA 321.214825906
| * device instance VA_t17 r0 *1 0,0 
| RVA_t17 VA__t17 VA 538.381807014
| * device instance VA_t18 r0 *1 0,0 
| RVA_t18 VA__t18 VA 606.449519513
| * device instance VA_t19 r0 *1 0,0 
| RVA_t19 VA__t19 VA 634.708064748
| * device instance VA_t20 r0 *1 0,0 
| RVA_t20 VA__t20 VA 620.523877435
| * device instance VA_t21 r0 *1 0,0 
| RVA_t21 VA__t21 VA 630.173433888
| * device instance VA_t22 r0 *1 0,0 
| RVA_t22 VA__t22 VA 644.560768282
| * device instance VA_t23 r0 *1 0,0 
| RVA_t23 VA__t23 VA 601.701960309
| * device instance VA_t24 r0 *1 0,0 
| RVA_t24 VA__t24 VA 615.884820229
| * device instance VA r0 *1 0,0 
| CVA VA VSS 7.4285687e-14
| * device instance VB_t0 r0 *1 0,0 
| RVB_t0 VB__t0 VB 502.686852799
| * device instance VB_t1 r0 *1 0,0 
| RVB_t1 VB__t1 VB 699.712409729
| * device instance VB_t2 r0 *1 0,0 
| RVB_t2 VB__t2 VB 832.337461086
| * device instance VB_t3 r0 *1 0,0 
| RVB_t3 VB__t3 VB 1163.50290938
| * device instance VB_t4 r0 *1 0,0 
| RVB_t4 VB__t4 VB 1350.76285226
| * device instance VB_t5 r0 *1 0,0 
| RVB_t5 VB__t5 VB 1024.65213313
| * device instance VB_t6 r0 *1 0,0 
| RVB_t6 VB__t6 VB 1019.86270175
| * device instance VB_t7 r0 *1 0,0 
| RVB_t7 VB__t7 VB 399.920962332
| * device instance VB_t8 r0 *1 0,0 
| RVB_t8 VB__t8 VB 704.361766902
| * device instance VB_t9 r0 *1 0,0 
| RVB_t9 VB__t9 VB 1168.40194037
| * device instance VB_t10 r0 *1 0,0 
| RVB_t10 VB__t10 VB 837.225000857
| * device instance VB_t11 r0 *1 0,0 
| RVB_t11 VB__t11 VB 507.533352339
| * device instance VB_t12 r0 *1 0,0 
| RVB_t12 VB__t12 VB 403.981184321
| * device instance VB_t13 r0 *1 0,0 
| RVB_t13 VB__t13 VB 226.136882805
| * device instance VB_t14 r0 *1 0,0 
| RVB_t14 VB__t14 VB 182.932470315
| * device instance VB_t15 r0 *1 0,0 
| RVB_t15 VB__t15 VB 187.340063206
| * device instance VB_t16 r0 *1 0,0 
| RVB_t16 VB__t16 VB 662.210783161
| * device instance VB_t17 r0 *1 0,0 
| RVB_t17 VB__t17 VB 1194.30907326
| * device instance VB r0 *1 0,0 
| CVB VB VSS 6.1859458e-14
| * device instance VBQ_t0 r0 *1 0,0 
| RVBQ_t0 VBQ__t0 VBQ 20.440167874
| * device instance VBQ_t1 r0 *1 0,0 
| RVBQ_t1 VBQ__t1 VBQ 72.7112802172
| * device instance VBQ_t2 r0 *1 0,0 
| RVBQ_t2 VBQ__t2 VBQ 44.994653031
| * device instance VBQ_t3 r0 *1 0,0 
| RVBQ_t3 VBQ__t3 VBQ 17.7250968536
| * device instance VBQ_t4 r0 *1 0,0 
| RVBQ_t4 VBQ__t4 VBQ 12.486434323
| * device instance VBQ_t5 r0 *1 0,0 
| RVBQ_t5 VBQ__t5 VBQ 74.4903999951
| * device instance VBQ_t6 r0 *1 0,0 
| RVBQ_t6 VBQ__t6 VBQ 47.8164011819
| * device instance VBQ_t7 r0 *1 0,0 
| RVBQ_t7 VBQ__t7 VBQ 24.0014266052
| * device instance VBQ_t8 r0 *1 0,0 
| RVBQ_t8 VBQ__t8 VBQ 249.804139919
| * device instance VBQ r0 *1 0,0 
| CVBQ VBQ VSS 1.5971187e-14
| * device instance VDD_t0 r0 *1 0,0 
| RVDD_t0 VDD__t0 VDD 1120.04796991
| * device instance VDD_t1 r0 *1 0,0 
| RVDD_t1 VDD__t1 VDD 1120.04796991
| * device instance VDD_t2 r0 *1 0,0 
| RVDD_t2 VDD__t2 VDD 881.052947325
| * device instance VDD_t3 r0 *1 0,0 
| RVDD_t3 VDD__t3 VDD 786.70480872
| * device instance VDD_t4 r0 *1 0,0 
| RVDD_t4 VDD__t4 VDD 786.70480872
| * device instance VDD_t5 r0 *1 0,0 
| RVDD_t5 VDD__t5 VDD 702.020760938
| * device instance VDD_t6 r0 *1 0,0 
| RVDD_t6 VDD__t6 VDD 702.020760938
| * device instance VDD_t7 r0 *1 0,0 
| RVDD_t7 VDD__t7 VDD 702.020760938
| * device instance VDD_t8 r0 *1 0,0 
| RVDD_t8 VDD__t8 VDD 400.451645826
| * device instance VDD_t9 r0 *1 0,0 
| RVDD_t9 VDD__t9 VDD 346.55609504
| * device instance VDD_t10 r0 *1 0,0 
| RVDD_t10 VDD__t10 VDD 382.697003158
| * device instance VDD_t11 r0 *1 0,0 
| RVDD_t11 VDD__t11 VDD 643.246096869
| * device instance VDD_t12 r0 *1 0,0 
| RVDD_t12 VDD__t12 VDD 516.950845953
| * device instance VDD_t13 r0 *1 0,0 
| RVDD_t13 VDD__t13 VDD 611.150674958
| * device instance VDD_t14 r0 *1 0,0 
| RVDD_t14 VDD__t14 VDD 632.345646556
| * device instance VDD_t15 r0 *1 0,0 
| RVDD_t15 VDD__t15 VDD 489.314958177
| * device instance VDD_t16 r0 *1 0,0 
| RVDD_t16 VDD__t16 VDD 721.555401632
| * device instance VDD_t17 r0 *1 0,0 
| RVDD_t17 VDD__t17 VDD 993.763414353
| * device instance VDD_t18 r0 *1 0,0 
| RVDD_t18 VDD__t18 VDD 833.147716173
| * device instance VDD_t19 r0 *1 0,0 
| RVDD_t19 VDD__t19 VDD 825.130461602
| * device instance VDD_t20 r0 *1 0,0 
| RVDD_t20 VDD__t20 VDD 1113.98821547
| * device instance VDD_t21 r0 *1 0,0 
| RVDD_t21 VDD__t21 VDD 663.875814043
| * device instance VDD_t22 r0 *1 0,0 
| RVDD_t22 VDD__t22 VDD 966.563137697
| * device instance VDD_t23 r0 *1 0,0 
| RVDD_t23 VDD__t23 VDD 400.451645826
| * device instance VDD_t24 r0 *1 0,0 
| RVDD_t24 VDD__t24 VDD 346.55609504
| * device instance VDD_t25 r0 *1 0,0 
| RVDD_t25 VDD__t25 VDD 382.697003158
| * device instance VDD_t26 r0 *1 0,0 
| RVDD_t26 VDD__t26 VDD 643.246096869
| * device instance VDD_t27 r0 *1 0,0 
| RVDD_t27 VDD__t27 VDD 516.950845953
| * device instance VDD_t28 r0 *1 0,0 
| RVDD_t28 VDD__t28 VDD 611.150674958
| * device instance VDD_t29 r0 *1 0,0 
| RVDD_t29 VDD__t29 VDD 632.345646556
| * device instance VDD_t30 r0 *1 0,0 
| RVDD_t30 VDD__t30 VDD 489.314958177
| * device instance VDD_t31 r0 *1 0,0 
| RVDD_t31 VDD__t31 VDD 721.555401632
| * device instance VDD_t32 r0 *1 0,0 
| RVDD_t32 VDD__t32 VDD 993.763414353
| * device instance VDD_t33 r0 *1 0,0 
| RVDD_t33 VDD__t33 VDD 833.147716173
| * device instance VDD_t34 r0 *1 0,0 
| RVDD_t34 VDD__t34 VDD 825.130461602
| * device instance VDD_t35 r0 *1 0,0 
| RVDD_t35 VDD__t35 VDD 1113.98821547
| * device instance VDD_t36 r0 *1 0,0 
| RVDD_t36 VDD__t36 VDD 663.875814043
| * device instance VDD_t37 r0 *1 0,0 
| RVDD_t37 VDD__t37 VDD 966.563137697
| * device instance VDD_t38 r0 *1 0,0 
| RVDD_t38 VDD__t38 VDD 400.451645826
| * device instance VDD_t39 r0 *1 0,0 
| RVDD_t39 VDD__t39 VDD 346.55609504
| * device instance VDD_t40 r0 *1 0,0 
| RVDD_t40 VDD__t40 VDD 382.697003158
| * device instance VDD_t41 r0 *1 0,0 
| RVDD_t41 VDD__t41 VDD 643.246096869
| * device instance VDD_t42 r0 *1 0,0 
| RVDD_t42 VDD__t42 VDD 516.950845953
| * device instance VDD_t43 r0 *1 0,0 
| RVDD_t43 VDD__t43 VDD 611.150674958
| * device instance VDD_t44 r0 *1 0,0 
| RVDD_t44 VDD__t44 VDD 632.345646556
| * device instance VDD_t45 r0 *1 0,0 
| RVDD_t45 VDD__t45 VDD 489.314958177
| * device instance VDD_t46 r0 *1 0,0 
| RVDD_t46 VDD__t46 VDD 721.555401632
| * device instance VDD_t47 r0 *1 0,0 
| RVDD_t47 VDD__t47 VDD 993.763414353
| * device instance VDD_t48 r0 *1 0,0 
| RVDD_t48 VDD__t48 VDD 833.147716173
| * device instance VDD_t49 r0 *1 0,0 
| RVDD_t49 VDD__t49 VDD 825.130461602
| * device instance VDD_t50 r0 *1 0,0 
| RVDD_t50 VDD__t50 VDD 1113.98821547
| * device instance VDD_t51 r0 *1 0,0 
| RVDD_t51 VDD__t51 VDD 663.875814043
| * device instance VDD_t52 r0 *1 0,0 
| RVDD_t52 VDD__t52 VDD 966.563137697
| * device instance VDD_t53 r0 *1 0,0 
| RVDD_t53 VDD__t53 VDD 131.5239448
| * device instance VDD_t54 r0 *1 0,0 
| RVDD_t54 VDD__t54 VDD 157.798963919
| * device instance VDD_t55 r0 *1 0,0 
| RVDD_t55 VDD__t55 VDD 66.2359717445
| * device instance VDD_t56 r0 *1 0,0 
| RVDD_t56 VDD__t56 VDD 109.495063411
| * device instance VDD_t57 r0 *1 0,0 
| RVDD_t57 VDD__t57 VDD 241.023075041
| * device instance VDD_t58 r0 *1 0,0 
| RVDD_t58 VDD__t58 VDD 323.153400058
| * device instance VDD_t59 r0 *1 0,0 
| RVDD_t59 VDD__t59 VDD 311.169013577
| * device instance VDD_t60 r0 *1 0,0 
| RVDD_t60 VDD__t60 VDD 492.919896958
| * device instance VDD_t61 r0 *1 0,0 
| RVDD_t61 VDD__t61 VDD 791.521585948
| * device instance VDD_t62 r0 *1 0,0 
| RVDD_t62 VDD__t62 VDD 256.308578984
| * device instance VDD_t63 r0 *1 0,0 
| RVDD_t63 VDD__t63 VDD 500.571662977
| * device instance VDD_t64 r0 *1 0,0 
| RVDD_t64 VDD__t64 VDD 422.389990771
| * device instance VDD_t65 r0 *1 0,0 
| RVDD_t65 VDD__t65 VDD 431.294875071
| * device instance VDD_t66 r0 *1 0,0 
| RVDD_t66 VDD__t66 VDD 610.698545697
| * device instance VDD_t67 r0 *1 0,0 
| RVDD_t67 VDD__t67 VDD 604.442510713
| * device instance VDD_t68 r0 *1 0,0 
| RVDD_t68 VDD__t68 VDD 131.5239448
| * device instance VDD_t69 r0 *1 0,0 
| RVDD_t69 VDD__t69 VDD 157.798963919
| * device instance VDD_t70 r0 *1 0,0 
| RVDD_t70 VDD__t70 VDD 66.2359717445
| * device instance VDD_t71 r0 *1 0,0 
| RVDD_t71 VDD__t71 VDD 109.495063411
| * device instance VDD_t72 r0 *1 0,0 
| RVDD_t72 VDD__t72 VDD 241.023075041
| * device instance VDD_t73 r0 *1 0,0 
| RVDD_t73 VDD__t73 VDD 323.153400058
| * device instance VDD_t74 r0 *1 0,0 
| RVDD_t74 VDD__t74 VDD 311.169013577
| * device instance VDD_t75 r0 *1 0,0 
| RVDD_t75 VDD__t75 VDD 492.919896958
| * device instance VDD_t76 r0 *1 0,0 
| RVDD_t76 VDD__t76 VDD 791.521585948
| * device instance VDD_t77 r0 *1 0,0 
| RVDD_t77 VDD__t77 VDD 256.308578984
| * device instance VDD_t78 r0 *1 0,0 
| RVDD_t78 VDD__t78 VDD 500.571662977
| * device instance VDD_t79 r0 *1 0,0 
| RVDD_t79 VDD__t79 VDD 422.389990771
| * device instance VDD_t80 r0 *1 0,0 
| RVDD_t80 VDD__t80 VDD 431.294875071
| * device instance VDD_t81 r0 *1 0,0 
| RVDD_t81 VDD__t81 VDD 610.698545697
| * device instance VDD_t82 r0 *1 0,0 
| RVDD_t82 VDD__t82 VDD 604.442510713
| * device instance VDD_t83 r0 *1 0,0 
| RVDD_t83 VDD__t83 VDD 523.743792419
| * device instance VDD_t84 r0 *1 0,0 
| RVDD_t84 VDD__t84 VDD 679.089004678
| * device instance VDD_t85 r0 *1 0,0 
| RVDD_t85 VDD__t85 VDD 807.119922348
| * device instance VDD_t86 r0 *1 0,0 
| RVDD_t86 VDD__t86 VDD 652.3529144
| * device instance VDD_t87 r0 *1 0,0 
| RVDD_t87 VDD__t87 VDD 583.616533007
| * device instance VDD_t88 r0 *1 0,0 
| RVDD_t88 VDD__t88 VDD 726.266186585
| * device instance VDD_t89 r0 *1 0,0 
| RVDD_t89 VDD__t89 VDD 782.571812106
| * device instance VDD_t90 r0 *1 0,0 
| RVDD_t90 VDD__t90 VDD 846.185605085
| * device instance VDD_t91 r0 *1 0,0 
| RVDD_t91 VDD__t91 VDD 915.585542278
| * device instance VDD_t92 r0 *1 0,0 
| RVDD_t92 VDD__t92 VDD 644.589244219
| * device instance VDD_t93 r0 *1 0,0 
| RVDD_t93 VDD__t93 VDD 719.091735929
| * device instance VDD_t94 r0 *1 0,0 
| RVDD_t94 VDD__t94 VDD 798.339480061
| * device instance VDD_t95 r0 *1 0,0 
| RVDD_t95 VDD__t95 VDD 727.444679736
| * device instance VDD_t96 r0 *1 0,0 
| RVDD_t96 VDD__t96 VDD 517.94414892
| * device instance VDD_t97 r0 *1 0,0 
| RVDD_t97 VDD__t97 VDD 476.090571657
| * device instance VDD_t98 r0 *1 0,0 
| RVDD_t98 VDD__t98 VDD 444.603502649
| * device instance VDD_t99 r0 *1 0,0 
| RVDD_t99 VDD__t99 VDD 576.674113056
| * device instance VDD_t100 r0 *1 0,0 
| RVDD_t100 VDD__t100 VDD 907.854746972
| * device instance VDD_t101 r0 *1 0,0 
| RVDD_t101 VDD__t101 VDD 839.015638029
| * device instance VDD_t102 r0 *1 0,0 
| RVDD_t102 VDD__t102 VDD 776.111854013
| * device instance VDD_t103 r0 *1 0,0 
| RVDD_t103 VDD__t103 VDD 720.699208301
| * device instance VDD_t104 r0 *1 0,0 
| RVDD_t104 VDD__t104 VDD 674.626161349
| * device instance VDD_t105 r0 *1 0,0 
| RVDD_t105 VDD__t105 VDD 639.913225471
| * device instance VDD_t106 r0 *1 0,0 
| RVDD_t106 VDD__t106 VDD 471.841731893
| * device instance VDD_t107 r0 *1 0,0 
| RVDD_t107 VDD__t107 VDD 432.825237872
| * device instance VDD_t108 r0 *1 0,0 
| RVDD_t108 VDD__t108 VDD 611.712352921
| * device instance VDD_t109 r0 *1 0,0 
| RVDD_t109 VDD__t109 VDD 620.102080906
| * device instance VDD_t110 r0 *1 0,0 
| RVDD_t110 VDD__t110 VDD 643.05252398
| * device instance VDD_t111 r0 *1 0,0 
| RVDD_t111 VDD__t111 VDD 981.380971982
| * device instance VDD_t112 r0 *1 0,0 
| RVDD_t112 VDD__t112 VDD 442.332983549
| * device instance VDD_t113 r0 *1 0,0 
| RVDD_t113 VDD__t113 VDD 618.476179421
| * device instance VDD_t114 r0 *1 0,0 
| RVDD_t114 VDD__t114 VDD 1154.84404093
| * device instance VDD_t115 r0 *1 0,0 
| RVDD_t115 VDD__t115 VDD 1095.01201539
| * device instance VDD_t116 r0 *1 0,0 
| RVDD_t116 VDD__t116 VDD 1130.57888615
| * device instance VDD_t117 r0 *1 0,0 
| RVDD_t117 VDD__t117 VDD 1154.84404093
| * device instance VDD_t118 r0 *1 0,0 
| RVDD_t118 VDD__t118 VDD 1095.01201539
| * device instance VDD_t119 r0 *1 0,0 
| RVDD_t119 VDD__t119 VDD 1130.57888615
| * device instance VDD r0 *1 0,0 
| CVDD VDD VSS 3.38670591e-13
| * device instance VOUT_t0 r0 *1 0,0 
| RVOUT_t0 VOUT__t0 VOUT 250.715395583
| * device instance VOUT_t1 r0 *1 0,0 
| RVOUT_t1 VOUT__t1 VOUT 255.229128963
| * device instance VOUT_t2 r0 *1 0,0 
| RVOUT_t2 VOUT__t2 VOUT 277.934908028
| * device instance VOUT_t3 r0 *1 0,0 
| RVOUT_t3 VOUT__t3 VOUT 280.288167426
| * device instance VOUT r0 *1 0,0 
| CVOUT VOUT VSS 1.6068389e-14
| * device instance VSS_t0 r0 *1 0,0 
| RVSS_t0 VSS__t0 VSS 133.792167355
| * device instance VSS_t1 r0 *1 0,0 
| RVSS_t1 VSS__t1 VSS 131.728645318
| * device instance VSS_t2 r0 *1 0,0 
| RVSS_t2 VSS__t2 VSS 129.665844454
| * device instance VSS_t3 r0 *1 0,0 
| RVSS_t3 VSS__t3 VSS 127.603799736
| * device instance VSS_t4 r0 *1 0,0 
| RVSS_t4 VSS__t4 VSS 133.624842182
| * device instance VSS_t5 r0 *1 0,0 
| RVSS_t5 VSS__t5 VSS 131.558695646
| * device instance VSS_t6 r0 *1 0,0 
| RVSS_t6 VSS__t6 VSS 129.493187545
| * device instance VSS_t7 r0 *1 0,0 
| RVSS_t7 VSS__t7 VSS 127.428348925
| * device instance VSS_t8 r0 *1 0,0 
| RVSS_t8 VSS__t8 VSS 140.433460117
| * device instance VSS_t9 r0 *1 0,0 
| RVSS_t9 VSS__t9 VSS 145.465632244
| * device instance VSS_t10 r0 *1 0,0 
| RVSS_t10 VSS__t10 VSS 150.500506135
| * device instance VSS_t11 r0 *1 0,0 
| RVSS_t11 VSS__t11 VSS 155.537819416
| * device instance VSS_t12 r0 *1 0,0 
| RVSS_t12 VSS__t12 VSS 139.960842166
| * device instance VSS_t13 r0 *1 0,0 
| RVSS_t13 VSS__t13 VSS 145.00941619
| * device instance VSS_t14 r0 *1 0,0 
| RVSS_t14 VSS__t14 VSS 150.059598048
| * device instance VSS_t15 r0 *1 0,0 
| RVSS_t15 VSS__t15 VSS 155.111230696
| * device instance VSS_t16 r0 *1 0,0 
| RVSS_t16 VSS__t16 VSS 89.3405866913
| * device instance VSS_t17 r0 *1 0,0 
| RVSS_t17 VSS__t17 VSS 82.5779510872
| * device instance VSS_t18 r0 *1 0,0 
| RVSS_t18 VSS__t18 VSS 75.8511849511
| * device instance VSS_t19 r0 *1 0,0 
| RVSS_t19 VSS__t19 VSS 69.1707538523
| * device instance VSS_t20 r0 *1 0,0 
| RVSS_t20 VSS__t20 VSS 62.5515051443
| * device instance VSS_t21 r0 *1 0,0 
| RVSS_t21 VSS__t21 VSS 56.0151326022
| * device instance VSS_t22 r0 *1 0,0 
| RVSS_t22 VSS__t22 VSS 49.5944154352
| * device instance VSS_t23 r0 *1 0,0 
| RVSS_t23 VSS__t23 VSS 43.3407854288
| * device instance VSS_t24 r0 *1 0,0 
| RVSS_t24 VSS__t24 VSS 37.3382913121
| * device instance VSS_t25 r0 *1 0,0 
| RVSS_t25 VSS__t25 VSS 31.7297808365
| * device instance VSS_t26 r0 *1 0,0 
| RVSS_t26 VSS__t26 VSS 89.0030503942
| * device instance VSS_t27 r0 *1 0,0 
| RVSS_t27 VSS__t27 VSS 82.2126544693
| * device instance VSS_t28 r0 *1 0,0 
| RVSS_t28 VSS__t28 VSS 75.4533286714
| * device instance VSS_t29 r0 *1 0,0 
| RVSS_t29 VSS__t29 VSS 68.7342399217
| * device instance VSS_t30 r0 *1 0,0 
| RVSS_t30 VSS__t30 VSS 62.0684569241
| * device instance VSS_t31 r0 *1 0,0 
| RVSS_t31 VSS__t31 VSS 55.4751983282
| * device instance VSS_t32 r0 *1 0,0 
| RVSS_t32 VSS__t32 VSS 48.9837584458
| * device instance VSS_t33 r0 *1 0,0 
| RVSS_t33 VSS__t33 VSS 42.6406640509
| * device instance VSS_t34 r0 *1 0,0 
| RVSS_t34 VSS__t34 VSS 36.5232877385
| * device instance VSS_t35 r0 *1 0,0 
| RVSS_t35 VSS__t35 VSS 30.7665653113
| * device instance VSS_t36 r0 *1 0,0 
| RVSS_t36 VSS__t36 VSS 88.6908724106
| * device instance VSS_t37 r0 *1 0,0 
| RVSS_t37 VSS__t37 VSS 81.8745896135
| * device instance VSS_t38 r0 *1 0,0 
| RVSS_t38 VSS__t38 VSS 75.0848365323
| * device instance VSS_t39 r0 *1 0,0 
| RVSS_t39 VSS__t39 VSS 68.3295222221
| * device instance VSS_t40 r0 *1 0,0 
| RVSS_t40 VSS__t40 VSS 61.6199741515
| * device instance VSS_t41 r0 *1 0,0 
| RVSS_t41 VSS__t41 VSS 54.9729524316
| * device instance VSS_t42 r0 *1 0,0 
| RVSS_t42 VSS__t42 VSS 48.4142175499
| * device instance VSS_t43 r0 *1 0,0 
| RVSS_t43 VSS__t43 VSS 41.9851652395
| * device instance VSS_t44 r0 *1 0,0 
| RVSS_t44 VSS__t44 VSS 35.7558165438
| * device instance VSS_t45 r0 *1 0,0 
| RVSS_t45 VSS__t45 VSS 29.8514557525
| * device instance VSS_t46 r0 *1 0,0 
| RVSS_t46 VSS__t46 VSS 88.4043213809
| * device instance VSS_t47 r0 *1 0,0 
| RVSS_t47 VSS__t47 VSS 81.5640951291
| * device instance VSS_t48 r0 *1 0,0 
| RVSS_t48 VSS__t48 VSS 74.7461428232
| * device instance VSS_t49 r0 *1 0,0 
| RVSS_t49 VSS__t49 VSS 67.9571688416
| * device instance VSS_t50 r0 *1 0,0 
| RVSS_t50 VSS__t50 VSS 61.2068166489
| * device instance VSS_t51 r0 *1 0,0 
| RVSS_t51 VSS__t51 VSS 54.5094366959
| * device instance VSS_t52 r0 *1 0,0 
| RVSS_t52 VSS__t52 VSS 47.8872597966
| * device instance VSS_t53 r0 *1 0,0 
| RVSS_t53 VSS__t53 VSS 41.3764098256
| * device instance VSS_t54 r0 *1 0,0 
| RVSS_t54 VSS__t54 VSS 35.0390012212
| * device instance VSS_t55 r0 *1 0,0 
| RVSS_t55 VSS__t55 VSS 28.9890082687
| * device instance VSS_t56 r0 *1 0,0 
| RVSS_t56 VSS__t56 VSS 88.1436472416
| * device instance VSS_t57 r0 *1 0,0 
| RVSS_t57 VSS__t57 VSS 81.2814869725
| * device instance VSS_t58 r0 *1 0,0 
| RVSS_t58 VSS__t58 VSS 74.4376542966
| * device instance VSS_t59 r0 *1 0,0 
| RVSS_t59 VSS__t59 VSS 67.6177144482
| * device instance VSS_t60 r0 *1 0,0 
| RVSS_t60 VSS__t60 VSS 60.829704212
| * device instance VSS_t61 r0 *1 0,0 
| RVSS_t61 VSS__t61 VSS 54.0856468866
| * device instance VSS_t62 r0 *1 0,0 
| RVSS_t62 VSS__t62 VSS 47.4043053009
| * device instance VSS_t63 r0 *1 0,0 
| RVSS_t63 VSS__t63 VSS 40.8164893185
| * device instance VSS_t64 r0 *1 0,0 
| RVSS_t64 VSS__t64 VSS 34.3760107751
| * device instance VSS_t65 r0 *1 0,0 
| RVSS_t65 VSS__t65 VSS 28.184057739
| * device instance VSS_t66 r0 *1 0,0 
| RVSS_t66 VSS__t66 VSS 87.9090801889
| * device instance VSS_t67 r0 *1 0,0 
| RVSS_t67 VSS__t67 VSS 81.027056932
| * device instance VSS_t68 r0 *1 0,0 
| RVSS_t68 VSS__t68 VSS 74.1597478946
| * device instance VSS_t69 r0 *1 0,0 
| RVSS_t69 VSS__t69 VSS 67.3116567751
| * device instance VSS_t70 r0 *1 0,0 
| RVSS_t70 VSS__t70 VSS 60.4893109989
| * device instance VSS_t71 r0 *1 0,0 
| RVSS_t71 VSS__t71 VSS 53.7025234951
| * device instance VSS_t72 r0 *1 0,0 
| RVSS_t72 VSS__t72 VSS 46.966711527
| * device instance VSS_t73 r0 *1 0,0 
| RVSS_t73 VSS__t73 VSS 40.3074389026
| * device instance VSS_t74 r0 *1 0,0 
| RVSS_t74 VSS__t74 VSS 33.770015508
| * device instance VSS_t75 r0 *1 0,0 
| RVSS_t75 VSS__t75 VSS 27.4416643307
| * device instance VSS_t76 r0 *1 0,0 
| RVSS_t76 VSS__t76 VSS 87.7008297032
| * device instance VSS_t77 r0 *1 0,0 
| RVSS_t77 VSS__t77 VSS 80.8010711937
| * device instance VSS_t78 r0 *1 0,0 
| RVSS_t78 VSS__t78 VSS 73.9127685773
| * device instance VSS_t79 r0 *1 0,0 
| RVSS_t79 VSS__t79 VSS 67.0394532255
| * device instance VSS_t80 r0 *1 0,0 
| RVSS_t80 VSS__t80 VSS 60.1862600275
| * device instance VSS_t81 r0 *1 0,0 
| RVSS_t81 VSS__t81 VSS 53.3609424647
| * device instance VSS_t82 r0 *1 0,0 
| RVSS_t82 VSS__t82 VSS 46.575757027
| * device instance VSS_t83 r0 *1 0,0 
| RVSS_t83 VSS__t83 VSS 39.8512080352
| * device instance VSS_t84 r0 *1 0,0 
| RVSS_t84 VSS__t84 VSS 33.2241342759
| * device instance VSS_t85 r0 *1 0,0 
| RVSS_t85 VSS__t85 VSS 26.7670336835
| * device instance VSS_t86 r0 *1 0,0 
| RVSS_t86 VSS__t86 VSS 87.5190836445
| * device instance VSS_t87 r0 *1 0,0 
| RVSS_t87 VSS__t87 VSS 80.6037690024
| * device instance VSS_t88 r0 *1 0,0 
| RVSS_t88 VSS__t88 VSS 73.6970272813
| * device instance VSS_t89 r0 *1 0,0 
| RVSS_t89 VSS__t89 VSS 66.8015176483
| * device instance VSS_t90 r0 *1 0,0 
| RVSS_t90 VSS__t90 VSS 59.9211178754
| * device instance VSS_t91 r0 *1 0,0 
| RVSS_t91 VSS__t91 VSS 53.0617060795
| * device instance VSS_t92 r0 *1 0,0 
| RVSS_t92 VSS__t92 VSS 46.2326249956
| * device instance VSS_t93 r0 *1 0,0 
| RVSS_t93 VSS__t93 VSS 39.4496293165
| * device instance VSS_t94 r0 *1 0,0 
| RVSS_t94 VSS__t94 VSS 32.7413739744
| * device instance VSS_t95 r0 *1 0,0 
| RVSS_t95 VSS__t95 VSS 26.1654077659
| * device instance VSS_t96 r0 *1 0,0 
| RVSS_t96 VSS__t96 VSS 87.3640074269
| * device instance VSS_t97 r0 *1 0,0 
| RVSS_t97 VSS__t97 VSS 80.4353614345
| * device instance VSS_t98 r0 *1 0,0 
| RVSS_t98 VSS__t98 VSS 73.5127990341
| * device instance VSS_t99 r0 *1 0,0 
| RVSS_t99 VSS__t99 VSS 66.5982173323
| * device instance VSS_t100 r0 *1 0,0 
| RVSS_t100 VSS__t100 VSS 59.6943896791
| * device instance VSS_t101 r0 *1 0,0 
| RVSS_t101 VSS__t101 VSS 52.8055342154
| * device instance VSS_t102 r0 *1 0,0 
| RVSS_t102 VSS__t102 VSS 45.9383870603
| * device instance VSS_t103 r0 *1 0,0 
| RVSS_t103 VSS__t103 VSS 39.1043865177
| * device instance VSS_t104 r0 *1 0,0 
| RVSS_t104 VSS__t104 VSS 32.3245628191
| * device instance VSS_t105 r0 *1 0,0 
| RVSS_t105 VSS__t105 VSS 25.6419257326
| * device instance VSS_t106 r0 *1 0,0 
| RVSS_t106 VSS__t106 VSS 59.5065145278
| * device instance VSS_t107 r0 *1 0,0 
| RVSS_t107 VSS__t107 VSS 52.5930561564
| * device instance VSS_t108 r0 *1 0,0 
| RVSS_t108 VSS__t108 VSS 45.6939877641
| * device instance VSS_t109 r0 *1 0,0 
| RVSS_t109 VSS__t109 VSS 38.8169828427
| * device instance VSS_t110 r0 *1 0,0 
| RVSS_t110 VSS__t110 VSS 31.9762798577
| * device instance VSS_t111 r0 *1 0,0 
| RVSS_t111 VSS__t111 VSS 25.2014576436
| * device instance VSS_t112 r0 *1 0,0 
| RVSS_t112 VSS__t112 VSS 55.2018905405
| * device instance VSS_t113 r0 *1 0,0 
| RVSS_t113 VSS__t113 VSS 62.1195006241
| * device instance VSS_t114 r0 *1 0,0 
| RVSS_t114 VSS__t114 VSS 69.0458012745
| * device instance VSS_t115 r0 *1 0,0 
| RVSS_t115 VSS__t115 VSS 75.9784157954
| * device instance VSS_t116 r0 *1 0,0 
| RVSS_t116 VSS__t116 VSS 82.9157604876
| * device instance VSS_t117 r0 *1 0,0 
| RVSS_t117 VSS__t117 VSS 89.8567397861
| * device instance VSS_t118 r0 *1 0,0 
| RVSS_t118 VSS__t118 VSS 96.8005718476
| * device instance VSS_t119 r0 *1 0,0 
| RVSS_t119 VSS__t119 VSS 11.1925232717
| * device instance VSS_t120 r0 *1 0,0 
| RVSS_t120 VSS__t120 VSS 11.5853095797
| * device instance VSS_t121 r0 *1 0,0 
| RVSS_t121 VSS__t121 VSS 12.3015643966
| * device instance VSS_t122 r0 *1 0,0 
| RVSS_t122 VSS__t122 VSS 13.2890873588
| * device instance VSS_t123 r0 *1 0,0 
| RVSS_t123 VSS__t123 VSS 14.4925314122
| * device instance VSS_t124 r0 *1 0,0 
| RVSS_t124 VSS__t124 VSS 15.8628294548
| * device instance VSS_t125 r0 *1 0,0 
| RVSS_t125 VSS__t125 VSS 17.3605160514
| * device instance VSS_t126 r0 *1 0,0 
| RVSS_t126 VSS__t126 VSS 18.9554199244
| * device instance VSS_t127 r0 *1 0,0 
| RVSS_t127 VSS__t127 VSS 20.6250003424
| * device instance VSS_t128 r0 *1 0,0 
| RVSS_t128 VSS__t128 VSS 22.3525300898
| * device instance VSS_t129 r0 *1 0,0 
| RVSS_t129 VSS__t129 VSS 9.66576683622
| * device instance VSS_t130 r0 *1 0,0 
| RVSS_t130 VSS__t130 VSS 10.1179973019
| * device instance VSS_t131 r0 *1 0,0 
| RVSS_t131 VSS__t131 VSS 10.9308260415
| * device instance VSS_t132 r0 *1 0,0 
| RVSS_t132 VSS__t132 VSS 12.0313887052
| * device instance VSS_t133 r0 *1 0,0 
| RVSS_t133 VSS__t133 VSS 13.3487054832
| * device instance VSS_t134 r0 *1 0,0 
| RVSS_t134 VSS__t134 VSS 14.8251080825
| * device instance VSS_t135 r0 *1 0,0 
| RVSS_t135 VSS__t135 VSS 16.4177339763
| * device instance VSS_t136 r0 *1 0,0 
| RVSS_t136 VSS__t136 VSS 18.0959226306
| * device instance VSS_t137 r0 *1 0,0 
| RVSS_t137 VSS__t137 VSS 19.8379714303
| * device instance VSS_t138 r0 *1 0,0 
| RVSS_t138 VSS__t138 VSS 21.6284551635
| * device instance VSS_t139 r0 *1 0,0 
| RVSS_t139 VSS__t139 VSS 8.14290121817
| * device instance VSS_t140 r0 *1 0,0 
| RVSS_t140 VSS__t140 VSS 8.67488680725
| * device instance VSS_t141 r0 *1 0,0 
| RVSS_t141 VSS__t141 VSS 9.61055407695
| * device instance VSS_t142 r0 *1 0,0 
| RVSS_t142 VSS__t142 VSS 10.8459257738
| * device instance VSS_t143 r0 *1 0,0 
| RVSS_t143 VSS__t143 VSS 12.2909613047
| * device instance VSS_t144 r0 *1 0,0 
| RVSS_t144 VSS__t144 VSS 13.8803321781
| * device instance VSS_t145 r0 *1 0,0 
| RVSS_t145 VSS__t145 VSS 15.5698998274
| * device instance VSS_t146 r0 *1 0,0 
| RVSS_t146 VSS__t146 VSS 17.3303839418
| * device instance VSS_t147 r0 *1 0,0 
| RVSS_t147 VSS__t147 VSS 19.142228245
| * device instance VSS_t148 r0 *1 0,0 
| RVSS_t148 VSS__t148 VSS 20.9921381588
| * device instance VSS_t149 r0 *1 0,0 
| RVSS_t149 VSS__t149 VSS 6.62660941483
| * device instance VSS_t150 r0 *1 0,0 
| RVSS_t150 VSS__t150 VSS 7.27040392319
| * device instance VSS_t151 r0 *1 0,0 
| RVSS_t151 VSS__t151 VSS 8.36467941727
| * device instance VSS_t152 r0 *1 0,0 
| RVSS_t152 VSS__t152 VSS 9.75905825267
| * device instance VSS_t153 r0 *1 0,0 
| RVSS_t153 VSS__t153 VSS 11.3434052155
| * device instance VSS_t154 r0 *1 0,0 
| RVSS_t154 VSS__t154 VSS 13.0487061988
| * device instance VSS_t155 r0 *1 0,0 
| RVSS_t155 VSS__t155 VSS 14.8333035
| * device instance VSS_t156 r0 *1 0,0 
| RVSS_t156 VSS__t156 VSS 16.6717521472
| * device instance VSS_t157 r0 *1 0,0 
| RVSS_t157 VSS__t157 VSS 18.5480461039
| * device instance VSS_t158 r0 *1 0,0 
| RVSS_t158 VSS__t158 VSS 20.4517719664
| * device instance VSS_t159 r0 *1 0,0 
| RVSS_t159 VSS__t159 VSS 107.101414606
| * device instance VSS_t160 r0 *1 0,0 
| RVSS_t160 VSS__t160 VSS 129.241634007
| * device instance VSS_t161 r0 *1 0,0 
| RVSS_t161 VSS__t161 VSS 151.73570611
| * device instance VSS_t162 r0 *1 0,0 
| RVSS_t162 VSS__t162 VSS 174.446801788
| * device instance VSS_t163 r0 *1 0,0 
| RVSS_t163 VSS__t163 VSS 110.813799369
| * device instance VSS_t164 r0 *1 0,0 
| RVSS_t164 VSS__t164 VSS 132.334368479
| * device instance VSS_t165 r0 *1 0,0 
| RVSS_t165 VSS__t165 VSS 154.378462321
| * device instance VSS_t166 r0 *1 0,0 
| RVSS_t166 VSS__t166 VSS 176.75030912
| * device instance VSS_t167 r0 *1 0,0 
| RVSS_t167 VSS__t167 VSS 125.640681908
| * device instance VSS_t168 r0 *1 0,0 
| RVSS_t168 VSS__t168 VSS 141.930136592
| * device instance VSS_t169 r0 *1 0,0 
| RVSS_t169 VSS__t169 VSS 159.969947156
| * device instance VSS_t170 r0 *1 0,0 
| RVSS_t170 VSS__t170 VSS 179.232368481
| * device instance VSS_t171 r0 *1 0,0 
| RVSS_t171 VSS__t171 VSS 133.140698832
| * device instance VSS_t172 r0 *1 0,0 
| RVSS_t172 VSS__t172 VSS 148.610324029
| * device instance VSS_t173 r0 *1 0,0 
| RVSS_t173 VSS__t173 VSS 165.925431228
| * device instance VSS_t174 r0 *1 0,0 
| RVSS_t174 VSS__t174 VSS 184.567349892
| * device instance VSS_t175 r0 *1 0,0 
| RVSS_t175 VSS__t175 VSS 133.792167355
| * device instance VSS_t176 r0 *1 0,0 
| RVSS_t176 VSS__t176 VSS 140.433460117
| * device instance VSS_t177 r0 *1 0,0 
| RVSS_t177 VSS__t177 VSS 110.813799369
| * device instance VSS_t178 r0 *1 0,0 
| RVSS_t178 VSS__t178 VSS 154.378462321
| * device instance VSS_t179 r0 *1 0,0 
| RVSS_t179 VSS__t179 VSS 132.334368479
| * device instance VSS_t180 r0 *1 0,0 
| RVSS_t180 VSS__t180 VSS 179.232368481
| * device instance VSS_t181 r0 *1 0,0 
| RVSS_t181 VSS__t181 VSS 159.969947156
| * device instance VSS_t182 r0 *1 0,0 
| RVSS_t182 VSS__t182 VSS 176.75030912
| * device instance VSS_t183 r0 *1 0,0 
| RVSS_t183 VSS__t183 VSS 125.640681908
| * device instance VSS_t184 r0 *1 0,0 
| RVSS_t184 VSS__t184 VSS 107.101414606
| * device instance VSS_t185 r0 *1 0,0 
| RVSS_t185 VSS__t185 VSS 129.241634007
| * device instance VSS_t186 r0 *1 0,0 
| RVSS_t186 VSS__t186 VSS 151.73570611
| * device instance VSS_t187 r0 *1 0,0 
| RVSS_t187 VSS__t187 VSS 174.446801788
| * device instance VSS_t188 r0 *1 0,0 
| RVSS_t188 VSS__t188 VSS 133.140698832
| * device instance VSS_t189 r0 *1 0,0 
| RVSS_t189 VSS__t189 VSS 148.610324029
| * device instance VSS_t190 r0 *1 0,0 
| RVSS_t190 VSS__t190 VSS 165.925431228
| * device instance VSS_t191 r0 *1 0,0 
| RVSS_t191 VSS__t191 VSS 184.567349892
| * device instance VSS_t192 r0 *1 0,0 
| RVSS_t192 VSS__t192 VSS 141.930136592
| * device instance VSS_t193 r0 *1 0,0 
| RVSS_t193 VSS__t193 VSS 155.111230696
| * device instance VSS_t194 r0 *1 0,0 
| RVSS_t194 VSS__t194 VSS 150.059598048
| * device instance VSS_t195 r0 *1 0,0 
| RVSS_t195 VSS__t195 VSS 145.00941619
| * device instance VSS_t196 r0 *1 0,0 
| RVSS_t196 VSS__t196 VSS 139.960842166
| * device instance VSS_t197 r0 *1 0,0 
| RVSS_t197 VSS__t197 VSS 155.537819416
| * device instance VSS_t198 r0 *1 0,0 
| RVSS_t198 VSS__t198 VSS 150.500506135
| * device instance VSS_t199 r0 *1 0,0 
| RVSS_t199 VSS__t199 VSS 145.465632244
| * device instance VSS_t200 r0 *1 0,0 
| RVSS_t200 VSS__t200 VSS 127.603799736
| * device instance VSS_t201 r0 *1 0,0 
| RVSS_t201 VSS__t201 VSS 131.728645318
| * device instance VSS_t202 r0 *1 0,0 
| RVSS_t202 VSS__t202 VSS 129.665844454
| * device instance VSS_t203 r0 *1 0,0 
| RVSS_t203 VSS__t203 VSS 131.558695646
| * device instance VSS_t204 r0 *1 0,0 
| RVSS_t204 VSS__t204 VSS 133.624842182
| * device instance VSS_t205 r0 *1 0,0 
| RVSS_t205 VSS__t205 VSS 127.428348925
| * device instance VSS_t206 r0 *1 0,0 
| RVSS_t206 VSS__t206 VSS 129.493187545
| * device instance VSS r0 *1 0,0 
| CVSS VSS VSS 3.17539971e-13
| .ENDS bandgap_core_routed
| .control
| save all
| dc temp -40 125 11
| meas dc vref27 FIND v(vref) AT=27
| let vspan = 165
| let meas_vref_27 = vref27
| let meas_vref_min = minimum(v(vref))
| let meas_vref_max = maximum(v(vref))
| let meas_tc_ppm = (maximum(v(vref))-minimum(v(vref)))/(vref27*vspan)*1e6
| let meas_n_temp_points = length(v(vref))
| print meas_vref_27
| print meas_vref_min
| print meas_vref_max
| print meas_tc_ppm
| print meas_n_temp_points
| quit
| .endc
| .end

# ==== ngspice stdout ====

Note: Compatibility modes selected: hs a


Circuit: * output-voltage-tc corner deck -- generated by sim/bin/corner-run.py, do not edit

option SCALE: Scale is set to 1e-06 for instance and model parameters
option SCALE: Scale is set to 1e-06 for instance and model parameters
option SCALE: Scale is set to 1e-06 for instance and model parameters
option SCALE: Scale is set to 1e-06 for instance and model parameters
Doing analysis at TEMP = 27.000000 and TNOM = 27.000000

Using KLU as Direct Linear Solver
 Reference value : -4.00000e+01
 Reference value : -2.90000e+01
 Reference value : -1.80000e+01
 Reference value : -7.00000e+00
 Reference value :  4.00000e+00
 Reference value :  1.50000e+01
 Reference value :  2.60000e+01
 Reference value :  3.70000e+01
 Reference value :  7.00000e+01
 Reference value :  1.03000e+02
No. of Data Rows : 16
vref27              =  1.19330e+00
meas_vref_27 = 1.193303e+00
meas_vref_min = 1.167151e+00
meas_vref_max = 1.202952e+00
meas_tc_ppm = 1.818249e+02
meas_n_temp_points = 1.600000e+01
ngspice-46 done

# ==== ngspice stderr ====
Note: Starting dynamic gmin stepping
Note: Dynamic gmin stepping completed
Note: Starting dynamic gmin stepping
Note: Dynamic gmin stepping completed
Note: Starting dynamic gmin stepping
Note: Dynamic gmin stepping completed
