# point: tt_mm_mos_-40c_3.30v
# record: 20260816-091855-69a8867
# role: mismatch -- local-mismatch distribution, amp/mirror MOS only (error_amp diff pair + mirrors + XMPOUT/XMPAMP), at the nominal process point
# config=mos section=tt_mm temp=-40C supply=3.30V seed=20260803 samples=300
# pdk: sky130A @ open_pdks c6d73a35f524070e85faff4a6a9eef49553ebc2b (/Users/rwalters/.volare/sky130A/libs.tech/combined/sky130.lib.spice)
# ngspice exit: 0
# run (UTC): 2026-08-16T09:18:55Z

# ==== .spiceinit (exact) ====
| * ngspice init settings for the sky130 PDK model libraries.
| *
| * The corner runner copies this file into its scratch run directory as
| * `.spiceinit` before invoking ngspice, so runs do not depend on whatever
| * happens to be in ~/.spiceinit. To drive ngspice by hand with the same
| * settings, copy this file to `.spiceinit` in your working directory.
| *
| * Derived from the PDK's own libs.tech/ngspice/spinit; kept in-repo so the
| * settings a record was produced under are versioned with the harness.
| 
| set ngbehavior=hsa     ; HSPICE-ish compatibility, required to read PDK libs
| set skywaterpdk        ; skip some checks for faster lib loading
| set ng_nomodcheck      ; do not check model parameters
| option noinit          ; do not dump operating point data into the log
| option klu             ; KLU direct linear solver

# ==== deck (exact input given to ngspice) ====
| * monte-carlo-untrimmed Monte Carlo deck (config=mos) -- generated by sim/monte-carlo-untrimmed/run_mc_untrimmed.py, do not edit
| * point: tt_mm_mos_-40c_3.30v
| .option wnflag=1
| .temp -40
| .param vsup=3.3
| .lib "/Users/rwalters/.volare/sky130A/libs.tech/combined/sky130.lib.spice" tt_mm
| .param sw_mm_sky130_fd_pr__pnp_05v5_W0p68L0p68_is=0
| .param sw_mm_sky130_fd_pr__pnp_05v5_W0p68L0p68_bf=0
| .param sw_mm_sky130_fd_pr__res_high_po=0
| .param sw_mm_sky130_fd_pr__res_generic_po_head=0
| ** sch_path: sim/output-voltage-tc/testbench/tb_vref_tc.sch
| **.subckt tb_vref_tc
| V1 VDD 0 'vsup'
| .save i(v1)
| XBG VREF GDRV VDD 0 bandgap_core
| **** begin user architecture code
| 
| 
| * DC-solver seed, not a forced solution: see the header note. Without it the
| * solver can settle on the core's degenerate zero-current state, which is
| * what issue #10's startup circuit exists to prevent in silicon.
| .nodeset v(vref)=1.2 v(gdrv)=2.2
| 
| 
| **** end user architecture code
| **.ends
| 
| * expanding   symbol:  design/bandgap_core.sym # of pins=4
| ** sym_path: design/bandgap_core.sym
| ** sch_path: design/bandgap_core.sch
| .subckt bandgap_core VOUT GDRV VDD VSS
| *.opin VOUT
| *.iopin GDRV
| *.iopin VDD
| *.iopin VSS
| **** begin user architecture code
| 
| 
| * ---- Kuijk core parameters (issue #8) ----
| * PNP emitter-area ratio N is built ONLY from paralleled unit devices:
| *   N = (n_pnp_ptat * 11.56 um2) / (n_pnp_ctat * 0.4624 um2)
| * Keep both counts equal to hold the pair's measured dVBE while lowering the
| * per-unit current and sigma(dVBE); raise n_pnp_ptat alone for more PTAT.
| .param n_pnp_ctat=8
| .param n_pnp_ptat=8
| * res_high_po unit segment: W = r_w um, L = r_lseg um (R ~ 380 + 325*L ohm)
| .param r_w=1
| .param r_lseg=5
| * segment counts. K = R2/R1 (each leg has its own head resistance, so
| * K != n_r2/n_r1 exactly -- see the header comment). n_r2 was RESIZED 54 -> 50
| * by issue #99 (see RESIZE STATUS below); n_r1 held at 7. The #46 single-
| * device investigation (why the OLD n_r2=54 was chosen, and why +1 was
| * rejected there) is retained in the header Sizing rationale, superseded by
| * the resize.
| * RESIZE STATUS (issue #99 / DR-003, RESOLVED): n_r1/n_r2 are now sized
| * against the ROUTED LAYOUT's real chained-array topology -- the ground truth
| * the fabricated part experiences -- NOT the single-res_high_po-device-per-leg
| * model this schematic's own XR1/XR2A/XR2B lines still draw. Issue #98/DR-003
| * (sim/res-array-head-resistance/) established that the routed layout draws
| * each leg as N separately-contacted unit instances in series
| * (layout/bin/gen_bandgap_routed.py's bus_res_series), paying real per-instance
| * head resistance: at the old n_r2=54 that made the REAL part's K=R2/R1 read
| * 8.1474 vs the single-device model's 7.4973, pushing VOUT(27 degC) to
| * ~1.233 V (outside the draft +/-1% window 1.188..1.212 V) at all 5
| * (process,supply) corners and collapsing regulation at ff/2.97 V and
| * fs/2.97 V. Resizing n_r2 54 -> 50 (n_r1 left at 7 so branch current -- and
| * therefore hot-corner headroom -- is not raised while K is corrected) brings
| * the real chained topology's K back to 7.576 and VOUT(27 degC) back to
| * ~1.198 V, IN the +/-1% window at ALL 5 corners with NO hot-corner collapse,
| * and the DR-002 downward 0..-16 trim range still covering. Full PVT + trim
| * re-verification: sim/res-array-resize/records/ (issue #99).
| * CONSEQUENCE for the single-device model: because these XR1/XR2A/XR2B lines
| * still model each leg as ONE res_high_po device (omitting the per-instance
| * head resistance the real part pays), simulating THIS schematic as-drawn
| * (e.g. sim/output-voltage-tc's single-device tb_vref_tc, netlisted by xschem)
| * now reads VOUT(27 degC) ~1.165 V -- LOW *by design*. That ~33 mV gap IS the
| * head resistance the routed part uses to reach 1.198 V; it is not an error,
| * and the single-device harness is no longer the sizing reference of record
| * (DR-003: every single-device record models a topology the layout does not
| * build). NEXT INCREMENT (not done here, per one-lever-per-increment): the
| * routed layout generator (gen_bandgap_routed.py's N_R1/SCH_N_R2/N_R2_COARSE,
| * currently still transcribing n_r2=54) must be re-transcribed to n_r2=50 and
| * re-verified through klayout DRC/LVS -- see DR-003's closure and
| * layout/matching-plan.md Section 7x.
| .param n_r1=7
| .param n_r2=50
| * PMOS mirror multiplicities (unit device W=8u L=2u)
| .param m_out=2
| .param m_ampbias=2
| * ---- Trim network (issue #13), DOWNWARD ONLY -- see DR-002 ----
| * Ladder-tap length added to R2A/R2B equally (metal option, no switches).
| * n_r2_trim: valid range 0..-16 only. r_lseg_trim: 1 um/code (~1.7 mV/code)
| * in DR-002's original SINGLE-DEVICE model. Positive codes are REJECTED:
| * this is the same R2/R1 ratio issue #46 found causes ff/2.97V, fs/2.97V
| * hot-corner (>~123C) operating-point collapse at even a +5 um increase
| * (n_r2=55). sim/trim-range-monotonicity/ reconfirms it for trim and finds
| * codes +1/+2 ALSO collapse (VOUT -> ~2.8V) while +3/+4 happen not to --
| * non-monotonic-in-code, i.e. no positive code is a certified-safe point,
| * not a safe zone at +3/+4. Only downward (R2 decrease) moves away from
| * that edge; confirmed monotonic, collapse-free to -16 across corners. See
| * DR-002 and the sim record for the full case.
| * LSB REVISION (issue #106, DR-002 revision): the routed layout's fine trim
| * chain does NOT draw one length-tapped device -- it chains N separately-
| * contacted res_high_po unit instances (layout/bin/gen_bandgap_routed.py's
| * bus_res_series), each paying a real per-instance head/fringe resistance
| * term this schematic's single-device XR2A/XR2B lines do not model (DR-003,
| * sim/res-array-head-resistance/). Re-deriving DR-002's <=3.000 mV/code LSB
| * comfort bound against that REAL chained topology at the adopted
| * n_r1=7/n_r2=50 sizing (sim/trim-lsb-chained/) found the shipped
| * r_lseg_trim=1 per-code step reads 3.12-3.15 mV/code across all 5 corners
| * -- a real, measured violation of the comfort bound (smaller than an
| * earlier, now-superseded estimate against an abandoned n_r1=6/n_r2=42
| * sizing, but still a violation). Halving the fine unit's drawn length to
| * 0.5 um fixes it: the per-instance head-resistance term (~379.7 ohm, the
| * DOMINANT piece of the per-code step) is a PDK-model-card constant
| * independent of the unit's drawn length, so only the smaller `rbody`
| * fringe term shrinks -- re-verified at r_lseg_trim=0.5 to read
| * 2.40-2.42 mV/code, PASS at all 5 corners, with the same certified 0..-16
| * code range and downward span still clearing DR-002's 1.5x-of-3sigma
| * coverage target. See sim/trim-lsb-chained/records/ for the full
| * re-derivation. NEXT INCREMENT (not done here, per one-lever-per-
| * increment): layout/bin/gen_bandgap_routed.py's
| * R_LSEG_TRIM_UM/SCH_R_LSEG_TRIM_UM (currently still transcribing 1 um)
| * must be re-transcribed to 0.5 um and the routed cell re-verified through
| * klayout DRC/LVS -- klayout's extraction backend is not available in this
| * run environment, so that is a follow-up issue, the same split issue #99
| * used for #107/#108.
| .param n_r2_trim=0
| .param r_lseg_trim=0.5
| 
| 
| **** end user architecture code
| XMPOUT VOUT GDRV VDD VDD sky130_fd_pr__pfet_g5v0d10v5 L=2 W=8 nf=1 ad=2.32 as=2.32 pd=16.58 ps=16.58 nrd=0.03625 nrs=0.03625 sa=0 sb=0
| + sd=0 mult='m_out' m='m_out'
| XMPAMP TAIL GDRV VDD VDD sky130_fd_pr__pfet_g5v0d10v5 L=2 W=8 nf=1 ad=2.32 as=2.32 pd=16.58 ps=16.58 nrd=0.03625 nrs=0.03625 sa=0 sb=0
| + sd=0 mult='m_ampbias' m='m_ampbias'
| XAMP VB VA GDRV TAIL VDD VSS error_amp
| XR2A VA VOUT VSS sky130_fd_pr__res_high_po W='r_w' L='r_lseg*n_r2+r_lseg_trim*n_r2_trim' mult=1 m=1
| XR2B VB VOUT VSS sky130_fd_pr__res_high_po W='r_w' L='r_lseg*n_r2+r_lseg_trim*n_r2_trim' mult=1 m=1
| XQ1 VSS VSS VA sky130_fd_pr__pnp_05v5_W0p68L0p68 m='n_pnp_ctat' mult='n_pnp_ctat'
| XR1 VBQ VB VSS sky130_fd_pr__res_high_po W='r_w' L='r_lseg*n_r1' mult=1 m=1
| XQ2 VSS VSS VBQ sky130_fd_pr__pnp_05v5_W3p40L3p40 m='n_pnp_ptat' mult='n_pnp_ptat'
| .ends
| 
| 
| * expanding   symbol:  design/error_amp.sym # of pins=6
| ** sym_path: design/error_amp.sym
| ** sch_path: design/error_amp.sch
| .subckt error_amp VINP VINN AOUT ITAIL VDD VSS
| *.ipin VINP
| *.ipin VINN
| *.opin AOUT
| *.iopin ITAIL
| *.iopin VDD
| *.iopin VSS
| **** begin user architecture code
| 
| 
| * ---- error-amp device multiplicities (issue #9 sizing, amp_m_in revised by #170) ----
| * Unit geometry is fixed on the instances below; mult is the matching axis
| * (sigma(Vth) scales as 1/sqrt(W*L*mult) in the PDK's own model).
| * amp_m_in    : input-pair PMOS units   (W=20u L=10u each -> 1600 um^2 total;
| *               16 -> 8 by issue #170, DR-008 Option B PSRR margin increase
| *               -- see the header's amp_m_in: 16 -> 8 section)
| * amp_m_nmirr : NMOS load/mirror units  (W=8u  L=20u each ->  640 um^2 total)
| * amp_m_pmirr : PMOS mirror units       (W=6u  L=20u each ->  960 um^2 total)
| * amp_m_cc    : MOS-capacitor units     (W=30u L=20u each -> 9600 um^2 total)
| .param amp_m_in=8
| .param amp_m_nmirr=4
| .param amp_m_pmirr=8
| .param amp_m_cc=16
| 
| 
| **** end user architecture code
| XMP1 D1 VINP ITAIL VDD sky130_fd_pr__pfet_g5v0d10v5 L=10 W=20 nf=1 ad=5.8 as=5.8 pd=40.58 ps=40.58 nrd=0.0145 nrs=0.0145 sa=0 sb=0
| + sd=0 mult='amp_m_in' m='amp_m_in'
| XMP2 D2 VINN ITAIL VDD sky130_fd_pr__pfet_g5v0d10v5 L=10 W=20 nf=1 ad=5.8 as=5.8 pd=40.58 ps=40.58 nrd=0.0145 nrs=0.0145 sa=0 sb=0
| + sd=0 mult='amp_m_in' m='amp_m_in'
| XMN1 D1 D1 VSS VSS sky130_fd_pr__nfet_g5v0d10v5 L=20 W=8 nf=1 ad=2.32 as=2.32 pd=16.58 ps=16.58 nrd=0.03625 nrs=0.03625 sa=0 sb=0 sd=0
| + mult='amp_m_nmirr' m='amp_m_nmirr'
| XMN2 D2 D2 VSS VSS sky130_fd_pr__nfet_g5v0d10v5 L=20 W=8 nf=1 ad=2.32 as=2.32 pd=16.58 ps=16.58 nrd=0.03625 nrs=0.03625 sa=0 sb=0 sd=0
| + mult='amp_m_nmirr' m='amp_m_nmirr'
| XMN3 AOUT D1 VSS VSS sky130_fd_pr__nfet_g5v0d10v5 L=20 W=8 nf=1 ad=2.32 as=2.32 pd=16.58 ps=16.58 nrd=0.03625 nrs=0.03625 sa=0 sb=0
| + sd=0 mult='amp_m_nmirr' m='amp_m_nmirr'
| XMN4 PN D2 VSS VSS sky130_fd_pr__nfet_g5v0d10v5 L=20 W=8 nf=1 ad=2.32 as=2.32 pd=16.58 ps=16.58 nrd=0.03625 nrs=0.03625 sa=0 sb=0 sd=0
| + mult='amp_m_nmirr' m='amp_m_nmirr'
| XMP4 AOUT PN VDD VDD sky130_fd_pr__pfet_g5v0d10v5 L=20 W=6 nf=1 ad=1.74 as=1.74 pd=12.58 ps=12.58 nrd=0.0483333333333333 nrs=0.0483333333333333
| + sa=0 sb=0 sd=0 mult='amp_m_pmirr' m='amp_m_pmirr'
| XMP3 PN PN VDD VDD sky130_fd_pr__pfet_g5v0d10v5 L=20 W=6 nf=1 ad=1.74 as=1.74 pd=12.58 ps=12.58 nrd=0.0483333333333333 nrs=0.0483333333333333
| + sa=0 sb=0 sd=0 mult='amp_m_pmirr' m='amp_m_pmirr'
| XMCC VDD AOUT VDD VDD sky130_fd_pr__pfet_g5v0d10v5 L=20 W=30 nf=1 ad=8.7 as=8.7 pd=60.58 ps=60.58 nrd=0.00966666666666667 nrs=0.00966666666666667
| + sa=0 sb=0 sd=0 mult='amp_m_cc' m='amp_m_cc'
| .ends
| 
| .control
| setseed 20260803
| set width = 512
| set height = 100000
| let nruns = 300
| let run = 0
| dowhile run < nruns
|   reset
|   save all
|   op
|   let vout = v(vref)
|   let vgdrv = v(gdrv)
|   print vout vgdrv
|   let run = run + 1
| end
| quit
| .endc
| .end

# ==== ngspice stdout+stderr ====

Note: Compatibility modes selected: hs a


Circuit: * monte-carlo-untrimmed monte carlo deck (config=mos) -- generated by sim/monte-carlo-untrimmed/run_mc_untrimmed.py, do not edit

option SCALE: Scale is set to 1e-06 for instance and model parameters
option SCALE: Scale is set to 1e-06 for instance and model parameters
option SCALE: Scale is set to 1e-06 for instance and model parameters
option SCALE: Scale is set to 1e-06 for instance and model parameters
Reset re-loads circuit * monte-carlo-untrimmed monte carlo deck (config=mos) -- generated by sim/monte-carlo-untrimmed/run_mc_untrimmed.py, do not edit

Circuit: * monte-carlo-untrimmed monte carlo deck (config=mos) -- generated by sim/monte-carlo-untrimmed/run_mc_untrimmed.py, do not edit

option SCALE: Scale is set to 1e-06 for instance and model parameters
option SCALE: Scale is set to 1e-06 for instance and model parameters
option SCALE: Scale is set to 1e-06 for instance and model parameters
option SCALE: Scale is set to 1e-06 for instance and model parameters
Doing analysis at TEMP = -40.000000 and TNOM = 27.000000

Using KLU as Direct Linear Solver
 Reference value :  0.00000e+00
No. of Data Rows : 1
vout = 1.178191e+00
vgdrv = 1.969840e+00
Reset re-loads circuit * monte-carlo-untrimmed monte carlo deck (config=mos) -- generated by sim/monte-carlo-untrimmed/run_mc_untrimmed.py, do not edit

Circuit: * monte-carlo-untrimmed monte carlo deck (config=mos) -- generated by sim/monte-carlo-untrimmed/run_mc_untrimmed.py, do not edit

option SCALE: Scale is set to 1e-06 for instance and model parameters
option SCALE: Scale is set to 1e-06 for instance and model parameters
option SCALE: Scale is set to 1e-06 for instance and model parameters
option SCALE: Scale is set to 1e-06 for instance and model parameters
Doing analysis at TEMP = -40.000000 and TNOM = 27.000000

Using KLU as Direct Linear Solver

No. of Data Rows : 1
vout = 1.188832e+00
vgdrv = 1.966969e+00
Reset re-loads circuit * monte-carlo-untrimmed monte carlo deck (config=mos) -- generated by sim/monte-carlo-untrimmed/run_mc_untrimmed.py, do not edit

Circuit: * monte-carlo-untrimmed monte carlo deck (config=mos) -- generated by sim/monte-carlo-untrimmed/run_mc_untrimmed.py, do not edit

option SCALE: Scale is set to 1e-06 for instance and model parameters
option SCALE: Scale is set to 1e-06 for instance and model parameters
option SCALE: Scale is set to 1e-06 for instance and model parameters
option SCALE: Scale is set to 1e-06 for instance and model parameters
Doing analysis at TEMP = -40.000000 and TNOM = 27.000000

Using KLU as Direct Linear Solver

No. of Data Rows : 1
vout = 1.177141e+00
vgdrv = 1.971279e+00
Reset re-loads circuit * monte-carlo-untrimmed monte carlo deck (config=mos) -- generated by sim/monte-carlo-untrimmed/run_mc_untrimmed.py, do not edit

Circuit: * monte-carlo-untrimmed monte carlo deck (config=mos) -- generated by sim/monte-carlo-untrimmed/run_mc_untrimmed.py, do not edit

option SCALE: Scale is set to 1e-06 for instance and model parameters
option SCALE: Scale is set to 1e-06 for instance and model parameters
option SCALE: Scale is set to 1e-06 for instance and model parameters
option SCALE: Scale is set to 1e-06 for instance and model parameters
Doing analysis at TEMP = -40.000000 and TNOM = 27.000000

Using KLU as Direct Linear Solver

No. of Data Rows : 1
vout = 1.182331e+00
vgdrv = 1.970774e+00
Reset re-loads circuit * monte-carlo-untrimmed monte carlo deck (config=mos) -- generated by sim/monte-carlo-untrimmed/run_mc_untrimmed.py, do not edit

Circuit: * monte-carlo-untrimmed monte carlo deck (config=mos) -- generated by sim/monte-carlo-untrimmed/run_mc_untrimmed.py, do not edit

option SCALE: Scale is set to 1e-06 for instance and model parameters
option SCALE: Scale is set to 1e-06 for instance and model parameters
option SCALE: Scale is set to 1e-06 for instance and model parameters
option SCALE: Scale is set to 1e-06 for instance and model parameters
Doing analysis at TEMP = -40.000000 and TNOM = 27.000000

Using KLU as Direct Linear Solver

No. of Data Rows : 1
vout = 1.174155e+00
vgdrv = 1.975081e+00
Reset re-loads circuit * monte-carlo-untrimmed monte carlo deck (config=mos) -- generated by sim/monte-carlo-untrimmed/run_mc_untrimmed.py, do not edit

Circuit: * monte-carlo-untrimmed monte carlo deck (config=mos) -- generated by sim/monte-carlo-untrimmed/run_mc_untrimmed.py, do not edit

option SCALE: Scale is set to 1e-06 for instance and model parameters
option SCALE: Scale is set to 1e-06 for instance and model parameters
option SCALE: Scale is set to 1e-06 for instance and model parameters
option SCALE: Scale is set to 1e-06 for instance and model parameters
Doing analysis at TEMP = -40.000000 and TNOM = 27.000000

Using KLU as Direct Linear Solver

No. of Data Rows : 1
vout = 1.184132e+00
vgdrv = 1.975640e+00
Reset re-loads circuit * monte-carlo-untrimmed monte carlo deck (config=mos) -- generated by sim/monte-carlo-untrimmed/run_mc_untrimmed.py, do not edit

Circuit: * monte-carlo-untrimmed monte carlo deck (config=mos) -- generated by sim/monte-carlo-untrimmed/run_mc_untrimmed.py, do not edit

option SCALE: Scale is set to 1e-06 for instance and model parameters
option SCALE: Scale is set to 1e-06 for instance and model parameters
option SCALE: Scale is set to 1e-06 for instance and model parameters
option SCALE: Scale is set to 1e-06 for instance and model parameters
Doing analysis at TEMP = -40.000000 and TNOM = 27.000000

Using KLU as Direct Linear Solver

No. of Data Rows : 1
vout = 1.180244e+00
vgdrv = 1.969500e+00
Reset re-loads circuit * monte-carlo-untrimmed monte carlo deck (config=mos) -- generated by sim/monte-carlo-untrimmed/run_mc_untrimmed.py, do not edit

Circuit: * monte-carlo-untrimmed monte carlo deck (config=mos) -- generated by sim/monte-carlo-untrimmed/run_mc_untrimmed.py, do not edit

option SCALE: Scale is set to 1e-06 for instance and model parameters
option SCALE: Scale is set to 1e-06 for instance and model parameters
option SCALE: Scale is set to 1e-06 for instance and model parameters
option SCALE: Scale is set to 1e-06 for instance and model parameters
Doing analysis at TEMP = -40.000000 and TNOM = 27.000000

Using KLU as Direct Linear Solver

No. of Data Rows : 1
vout = 1.179008e+00
vgdrv = 1.971454e+00
Reset re-loads circuit * monte-carlo-untrimmed monte carlo deck (config=mos) -- generated by sim/monte-carlo-untrimmed/run_mc_untrimmed.py, do not edit

Circuit: * monte-carlo-untrimmed monte carlo deck (config=mos) -- generated by sim/monte-carlo-untrimmed/run_mc_untrimmed.py, do not edit

option SCALE: Scale is set to 1e-06 for instance and model parameters
option SCALE: Scale is set to 1e-06 for instance and model parameters
option SCALE: Scale is set to 1e-06 for instance and model parameters
option SCALE: Scale is set to 1e-06 for instance and model parameters
Doing analysis at TEMP = -40.000000 and TNOM = 27.000000

Using KLU as Direct Linear Solver

No. of Data Rows : 1
vout = 1.184916e+00
vgdrv = 1.970521e+00
Reset re-loads circuit * monte-carlo-untrimmed monte carlo deck (config=mos) -- generated by sim/monte-carlo-untrimmed/run_mc_untrimmed.py, do not edit

Circuit: * monte-carlo-untrimmed monte carlo deck (config=mos) -- generated by sim/monte-carlo-untrimmed/run_mc_untrimmed.py, do not edit

option SCALE: Scale is set to 1e-06 for instance and model parameters
option SCALE: Scale is set to 1e-06 for instance and model parameters
option SCALE: Scale is set to 1e-06 for instance and model parameters
option SCALE: Scale is set to 1e-06 for instance and model parameters
Doing analysis at TEMP = -40.000000 and TNOM = 27.000000

Using KLU as Direct Linear Solver

No. of Data Rows : 1
vout = 1.185489e+00
vgdrv = 1.969540e+00
Reset re-loads circuit * monte-carlo-untrimmed monte carlo deck (config=mos) -- generated by sim/monte-carlo-untrimmed/run_mc_untrimmed.py, do not edit

Circuit: * monte-carlo-untrimmed monte carlo deck (config=mos) -- generated by sim/monte-carlo-untrimmed/run_mc_untrimmed.py, do not edit

option SCALE: Scale is set to 1e-06 for instance and model parameters
option SCALE: Scale is set to 1e-06 for instance and model parameters
option SCALE: Scale is set to 1e-06 for instance and model parameters
option SCALE: Scale is set to 1e-06 for instance and model parameters
Doing analysis at TEMP = -40.000000 and TNOM = 27.000000

Using KLU as Direct Linear Solver

No. of Data Rows : 1
vout = 1.175803e+00
vgdrv = 1.970309e+00
Reset re-loads circuit * monte-carlo-untrimmed monte carlo deck (config=mos) -- generated by sim/monte-carlo-untrimmed/run_mc_untrimmed.py, do not edit

Circuit: * monte-carlo-untrimmed monte carlo deck (config=mos) -- generated by sim/monte-carlo-untrimmed/run_mc_untrimmed.py, do not edit

option SCALE: Scale is set to 1e-06 for instance and model parameters
option SCALE: Scale is set to 1e-06 for instance and model parameters
option SCALE: Scale is set to 1e-06 for instance and model parameters
option SCALE: Scale is set to 1e-06 for instance and model parameters
Doing analysis at TEMP = -40.000000 and TNOM = 27.000000

Using KLU as Direct Linear Solver
 Reference value :  0.00000e+00
No. of Data Rows : 1
vout = 1.177812e+00
vgdrv = 1.971095e+00
Reset re-loads circuit * monte-carlo-untrimmed monte carlo deck (config=mos) -- generated by sim/monte-carlo-untrimmed/run_mc_untrimmed.py, do not edit

Circuit: * monte-carlo-untrimmed monte carlo deck (config=mos) -- generated by sim/monte-carlo-untrimmed/run_mc_untrimmed.py, do not edit

option SCALE: Scale is set to 1e-06 for instance and model parameters
option SCALE: Scale is set to 1e-06 for instance and model parameters
option SCALE: Scale is set to 1e-06 for instance and model parameters
option SCALE: Scale is set to 1e-06 for instance and model parameters
Doing analysis at TEMP = -40.000000 and TNOM = 27.000000

Using KLU as Direct Linear Solver

No. of Data Rows : 1
vout = 1.177929e+00
vgdrv = 1.971484e+00
Reset re-loads circuit * monte-carlo-untrimmed monte carlo deck (config=mos) -- generated by sim/monte-carlo-untrimmed/run_mc_untrimmed.py, do not edit

Circuit: * monte-carlo-untrimmed monte carlo deck (config=mos) -- generated by sim/monte-carlo-untrimmed/run_mc_untrimmed.py, do not edit

option SCALE: Scale is set to 1e-06 for instance and model parameters
option SCALE: Scale is set to 1e-06 for instance and model parameters
option SCALE: Scale is set to 1e-06 for instance and model parameters
option SCALE: Scale is set to 1e-06 for instance and model parameters
Doing analysis at TEMP = -40.000000 and TNOM = 27.000000

Using KLU as Direct Linear Solver

No. of Data Rows : 1
vout = 1.172187e+00
vgdrv = 1.973670e+00
Reset re-loads circuit * monte-carlo-untrimmed monte carlo deck (config=mos) -- generated by sim/monte-carlo-untrimmed/run_mc_untrimmed.py, do not edit

Circuit: * monte-carlo-untrimmed monte carlo deck (config=mos) -- generated by sim/monte-carlo-untrimmed/run_mc_untrimmed.py, do not edit

option SCALE: Scale is set to 1e-06 for instance and model parameters
option SCALE: Scale is set to 1e-06 for instance and model parameters
option SCALE: Scale is set to 1e-06 for instance and model parameters
option SCALE: Scale is set to 1e-06 for instance and model parameters
Doing analysis at TEMP = -40.000000 and TNOM = 27.000000

Using KLU as Direct Linear Solver

No. of Data Rows : 1
vout = 1.183560e+00
vgdrv = 1.973454e+00
Reset re-loads circuit * monte-carlo-untrimmed monte carlo deck (config=mos) -- generated by sim/monte-carlo-untrimmed/run_mc_untrimmed.py, do not edit

Circuit: * monte-carlo-untrimmed monte carlo deck (config=mos) -- generated by sim/monte-carlo-untrimmed/run_mc_untrimmed.py, do not edit

option SCALE: Scale is set to 1e-06 for instance and model parameters
option SCALE: Scale is set to 1e-06 for instance and model parameters
option SCALE: Scale is set to 1e-06 for instance and model parameters
option SCALE: Scale is set to 1e-06 for instance and model parameters
Doing analysis at TEMP = -40.000000 and TNOM = 27.000000

Using KLU as Direct Linear Solver

No. of Data Rows : 1
vout = 1.184716e+00
vgdrv = 1.972637e+00
Reset re-loads circuit * monte-carlo-untrimmed monte carlo deck (config=mos) -- generated by sim/monte-carlo-untrimmed/run_mc_untrimmed.py, do not edit

Circuit: * monte-carlo-untrimmed monte carlo deck (config=mos) -- generated by sim/monte-carlo-untrimmed/run_mc_untrimmed.py, do not edit

option SCALE: Scale is set to 1e-06 for instance and model parameters
option SCALE: Scale is set to 1e-06 for instance and model parameters
option SCALE: Scale is set to 1e-06 for instance and model parameters
option SCALE: Scale is set to 1e-06 for instance and model parameters
Doing analysis at TEMP = -40.000000 and TNOM = 27.000000

Using KLU as Direct Linear Solver

No. of Data Rows : 1
vout = 1.172002e+00
vgdrv = 1.973698e+00
Reset re-loads circuit * monte-carlo-untrimmed monte carlo deck (config=mos) -- generated by sim/monte-carlo-untrimmed/run_mc_untrimmed.py, do not edit

Circuit: * monte-carlo-untrimmed monte carlo deck (config=mos) -- generated by sim/monte-carlo-untrimmed/run_mc_untrimmed.py, do not edit

option SCALE: Scale is set to 1e-06 for instance and model parameters
option SCALE: Scale is set to 1e-06 for instance and model parameters
option SCALE: Scale is set to 1e-06 for instance and model parameters
option SCALE: Scale is set to 1e-06 for instance and model parameters
Doing analysis at TEMP = -40.000000 and TNOM = 27.000000

Using KLU as Direct Linear Solver

No. of Data Rows : 1
vout = 1.177464e+00
vgdrv = 1.976009e+00
Reset re-loads circuit * monte-carlo-untrimmed monte carlo deck (config=mos) -- generated by sim/monte-carlo-untrimmed/run_mc_untrimmed.py, do not edit

Circuit: * monte-carlo-untrimmed monte carlo deck (config=mos) -- generated by sim/monte-carlo-untrimmed/run_mc_untrimmed.py, do not edit

option SCALE: Scale is set to 1e-06 for instance and model parameters
option SCALE: Scale is set to 1e-06 for instance and model parameters
option SCALE: Scale is set to 1e-06 for instance and model parameters
option SCALE: Scale is set to 1e-06 for instance and model parameters
Doing analysis at TEMP = -40.000000 and TNOM = 27.000000

Using KLU as Direct Linear Solver

No. of Data Rows : 1
vout = 1.180206e+00
vgdrv = 1.973340e+00
Reset re-loads circuit * monte-carlo-untrimmed monte carlo deck (config=mos) -- generated by sim/monte-carlo-untrimmed/run_mc_untrimmed.py, do not edit

Circuit: * monte-carlo-untrimmed monte carlo deck (config=mos) -- generated by sim/monte-carlo-untrimmed/run_mc_untrimmed.py, do not edit

option SCALE: Scale is set to 1e-06 for instance and model parameters
option SCALE: Scale is set to 1e-06 for instance and model parameters
option SCALE: Scale is set to 1e-06 for instance and model parameters
option SCALE: Scale is set to 1e-06 for instance and model parameters
Doing analysis at TEMP = -40.000000 and TNOM = 27.000000

Using KLU as Direct Linear Solver

No. of Data Rows : 1
vout = 1.183163e+00
vgdrv = 1.968305e+00
Reset re-loads circuit * monte-carlo-untrimmed monte carlo deck (config=mos) -- generated by sim/monte-carlo-untrimmed/run_mc_untrimmed.py, do not edit

Circuit: * monte-carlo-untrimmed monte carlo deck (config=mos) -- generated by sim/monte-carlo-untrimmed/run_mc_untrimmed.py, do not edit

option SCALE: Scale is set to 1e-06 for instance and model parameters
option SCALE: Scale is set to 1e-06 for instance and model parameters
option SCALE: Scale is set to 1e-06 for instance and model parameters
option SCALE: Scale is set to 1e-06 for instance and model parameters
Doing analysis at TEMP = -40.000000 and TNOM = 27.000000

Using KLU as Direct Linear Solver

No. of Data Rows : 1
vout = 1.179585e+00
vgdrv = 1.971277e+00
Reset re-loads circuit * monte-carlo-untrimmed monte carlo deck (config=mos) -- generated by sim/monte-carlo-untrimmed/run_mc_untrimmed.py, do not edit

Circuit: * monte-carlo-untrimmed monte carlo deck (config=mos) -- generated by sim/monte-carlo-untrimmed/run_mc_untrimmed.py, do not edit

option SCALE: Scale is set to 1e-06 for instance and model parameters
option SCALE: Scale is set to 1e-06 for instance and model parameters
option SCALE: Scale is set to 1e-06 for instance and model parameters
option SCALE: Scale is set to 1e-06 for instance and model parameters
Doing analysis at TEMP = -40.000000 and TNOM = 27.000000

Using KLU as Direct Linear Solver

No. of Data Rows : 1
vout = 1.172662e+00
vgdrv = 1.975128e+00
Reset re-loads circuit * monte-carlo-untrimmed monte carlo deck (config=mos) -- generated by sim/monte-carlo-untrimmed/run_mc_untrimmed.py, do not edit

Circuit: * monte-carlo-untrimmed monte carlo deck (config=mos) -- generated by sim/monte-carlo-untrimmed/run_mc_untrimmed.py, do not edit

option SCALE: Scale is set to 1e-06 for instance and model parameters
option SCALE: Scale is set to 1e-06 for instance and model parameters
option SCALE: Scale is set to 1e-06 for instance and model parameters
option SCALE: Scale is set to 1e-06 for instance and model parameters
Doing analysis at TEMP = -40.000000 and TNOM = 27.000000

Using KLU as Direct Linear Solver
 Reference value :  0.00000e+00
No. of Data Rows : 1
vout = 1.184055e+00
vgdrv = 1.967362e+00
Reset re-loads circuit * monte-carlo-untrimmed monte carlo deck (config=mos) -- generated by sim/monte-carlo-untrimmed/run_mc_untrimmed.py, do not edit

Circuit: * monte-carlo-untrimmed monte carlo deck (config=mos) -- generated by sim/monte-carlo-untrimmed/run_mc_untrimmed.py, do not edit

option SCALE: Scale is set to 1e-06 for instance and model parameters
option SCALE: Scale is set to 1e-06 for instance and model parameters
option SCALE: Scale is set to 1e-06 for instance and model parameters
option SCALE: Scale is set to 1e-06 for instance and model parameters
Doing analysis at TEMP = -40.000000 and TNOM = 27.000000

Using KLU as Direct Linear Solver

No. of Data Rows : 1
vout = 1.177449e+00
vgdrv = 1.974923e+00
Reset re-loads circuit * monte-carlo-untrimmed monte carlo deck (config=mos) -- generated by sim/monte-carlo-untrimmed/run_mc_untrimmed.py, do not edit

Circuit: * monte-carlo-untrimmed monte carlo deck (config=mos) -- generated by sim/monte-carlo-untrimmed/run_mc_untrimmed.py, do not edit

option SCALE: Scale is set to 1e-06 for instance and model parameters
option SCALE: Scale is set to 1e-06 for instance and model parameters
option SCALE: Scale is set to 1e-06 for instance and model parameters
option SCALE: Scale is set to 1e-06 for instance and model parameters
Doing analysis at TEMP = -40.000000 and TNOM = 27.000000

Using KLU as Direct Linear Solver

No. of Data Rows : 1
vout = 1.179567e+00
vgdrv = 1.976704e+00
Reset re-loads circuit * monte-carlo-untrimmed monte carlo deck (config=mos) -- generated by sim/monte-carlo-untrimmed/run_mc_untrimmed.py, do not edit

Circuit: * monte-carlo-untrimmed monte carlo deck (config=mos) -- generated by sim/monte-carlo-untrimmed/run_mc_untrimmed.py, do not edit

option SCALE: Scale is set to 1e-06 for instance and model parameters
option SCALE: Scale is set to 1e-06 for instance and model parameters
option SCALE: Scale is set to 1e-06 for instance and model parameters
option SCALE: Scale is set to 1e-06 for instance and model parameters
Doing analysis at TEMP = -40.000000 and TNOM = 27.000000

Using KLU as Direct Linear Solver

No. of Data Rows : 1
vout = 1.178858e+00
vgdrv = 1.974435e+00
Reset re-loads circuit * monte-carlo-untrimmed monte carlo deck (config=mos) -- generated by sim/monte-carlo-untrimmed/run_mc_untrimmed.py, do not edit

Circuit: * monte-carlo-untrimmed monte carlo deck (config=mos) -- generated by sim/monte-carlo-untrimmed/run_mc_untrimmed.py, do not edit

option SCALE: Scale is set to 1e-06 for instance and model parameters
option SCALE: Scale is set to 1e-06 for instance and model parameters
option SCALE: Scale is set to 1e-06 for instance and model parameters
option SCALE: Scale is set to 1e-06 for instance and model parameters
Doing analysis at TEMP = -40.000000 and TNOM = 27.000000

Using KLU as Direct Linear Solver

No. of Data Rows : 1
vout = 1.181538e+00
vgdrv = 1.971910e+00
Reset re-loads circuit * monte-carlo-untrimmed monte carlo deck (config=mos) -- generated by sim/monte-carlo-untrimmed/run_mc_untrimmed.py, do not edit

Circuit: * monte-carlo-untrimmed monte carlo deck (config=mos) -- generated by sim/monte-carlo-untrimmed/run_mc_untrimmed.py, do not edit

option SCALE: Scale is set to 1e-06 for instance and model parameters
option SCALE: Scale is set to 1e-06 for instance and model parameters
option SCALE: Scale is set to 1e-06 for instance and model parameters
option SCALE: Scale is set to 1e-06 for instance and model parameters
Doing analysis at TEMP = -40.000000 and TNOM = 27.000000

Using KLU as Direct Linear Solver

No. of Data Rows : 1
vout = 1.176830e+00
vgdrv = 1.974999e+00
Reset re-loads circuit * monte-carlo-untrimmed monte carlo deck (config=mos) -- generated by sim/monte-carlo-untrimmed/run_mc_untrimmed.py, do not edit

Circuit: * monte-carlo-untrimmed monte carlo deck (config=mos) -- generated by sim/monte-carlo-untrimmed/run_mc_untrimmed.py, do not edit

option SCALE: Scale is set to 1e-06 for instance and model parameters
option SCALE: Scale is set to 1e-06 for instance and model parameters
option SCALE: Scale is set to 1e-06 for instance and model parameters
option SCALE: Scale is set to 1e-06 for instance and model parameters
Doing analysis at TEMP = -40.000000 and TNOM = 27.000000

Using KLU as Direct Linear Solver

No. of Data Rows : 1
vout = 1.192374e+00
vgdrv = 1.968077e+00
Reset re-loads circuit * monte-carlo-untrimmed monte carlo deck (config=mos) -- generated by sim/monte-carlo-untrimmed/run_mc_untrimmed.py, do not edit

Circuit: * monte-carlo-untrimmed monte carlo deck (config=mos) -- generated by sim/monte-carlo-untrimmed/run_mc_untrimmed.py, do not edit

option SCALE: Scale is set to 1e-06 for instance and model parameters
option SCALE: Scale is set to 1e-06 for instance and model parameters
option SCALE: Scale is set to 1e-06 for instance and model parameters
option SCALE: Scale is set to 1e-06 for instance and model parameters
Doing analysis at TEMP = -40.000000 and TNOM = 27.000000

Using KLU as Direct Linear Solver

No. of Data Rows : 1
vout = 1.188065e+00
vgdrv = 1.971769e+00
Reset re-loads circuit * monte-carlo-untrimmed monte carlo deck (config=mos) -- generated by sim/monte-carlo-untrimmed/run_mc_untrimmed.py, do not edit

Circuit: * monte-carlo-untrimmed monte carlo deck (config=mos) -- generated by sim/monte-carlo-untrimmed/run_mc_untrimmed.py, do not edit

option SCALE: Scale is set to 1e-06 for instance and model parameters
option SCALE: Scale is set to 1e-06 for instance and model parameters
option SCALE: Scale is set to 1e-06 for instance and model parameters
option SCALE: Scale is set to 1e-06 for instance and model parameters
Doing analysis at TEMP = -40.000000 and TNOM = 27.000000

Using KLU as Direct Linear Solver

No. of Data Rows : 1
vout = 1.179864e+00
vgdrv = 1.972506e+00
Reset re-loads circuit * monte-carlo-untrimmed monte carlo deck (config=mos) -- generated by sim/monte-carlo-untrimmed/run_mc_untrimmed.py, do not edit

Circuit: * monte-carlo-untrimmed monte carlo deck (config=mos) -- generated by sim/monte-carlo-untrimmed/run_mc_untrimmed.py, do not edit

option SCALE: Scale is set to 1e-06 for instance and model parameters
option SCALE: Scale is set to 1e-06 for instance and model parameters
option SCALE: Scale is set to 1e-06 for instance and model parameters
option SCALE: Scale is set to 1e-06 for instance and model parameters
Doing analysis at TEMP = -40.000000 and TNOM = 27.000000

Using KLU as Direct Linear Solver

No. of Data Rows : 1
vout = 1.184351e+00
vgdrv = 1.970322e+00
Reset re-loads circuit * monte-carlo-untrimmed monte carlo deck (config=mos) -- generated by sim/monte-carlo-untrimmed/run_mc_untrimmed.py, do not edit

Circuit: * monte-carlo-untrimmed monte carlo deck (config=mos) -- generated by sim/monte-carlo-untrimmed/run_mc_untrimmed.py, do not edit

option SCALE: Scale is set to 1e-06 for instance and model parameters
option SCALE: Scale is set to 1e-06 for instance and model parameters
option SCALE: Scale is set to 1e-06 for instance and model parameters
option SCALE: Scale is set to 1e-06 for instance and model parameters
Doing analysis at TEMP = -40.000000 and TNOM = 27.000000

Using KLU as Direct Linear Solver

No. of Data Rows : 1
vout = 1.174241e+00
vgdrv = 1.973782e+00
Reset re-loads circuit * monte-carlo-untrimmed monte carlo deck (config=mos) -- generated by sim/monte-carlo-untrimmed/run_mc_untrimmed.py, do not edit

Circuit: * monte-carlo-untrimmed monte carlo deck (config=mos) -- generated by sim/monte-carlo-untrimmed/run_mc_untrimmed.py, do not edit

option SCALE: Scale is set to 1e-06 for instance and model parameters
option SCALE: Scale is set to 1e-06 for instance and model parameters
option SCALE: Scale is set to 1e-06 for instance and model parameters
option SCALE: Scale is set to 1e-06 for instance and model parameters
Doing analysis at TEMP = -40.000000 and TNOM = 27.000000

Using KLU as Direct Linear Solver
 Reference value :  0.00000e+00
No. of Data Rows : 1
vout = 1.188250e+00
vgdrv = 1.970075e+00
Reset re-loads circuit * monte-carlo-untrimmed monte carlo deck (config=mos) -- generated by sim/monte-carlo-untrimmed/run_mc_untrimmed.py, do not edit

Circuit: * monte-carlo-untrimmed monte carlo deck (config=mos) -- generated by sim/monte-carlo-untrimmed/run_mc_untrimmed.py, do not edit

option SCALE: Scale is set to 1e-06 for instance and model parameters
option SCALE: Scale is set to 1e-06 for instance and model parameters
option SCALE: Scale is set to 1e-06 for instance and model parameters
option SCALE: Scale is set to 1e-06 for instance and model parameters
Doing analysis at TEMP = -40.000000 and TNOM = 27.000000

Using KLU as Direct Linear Solver

No. of Data Rows : 1
vout = 1.186261e+00
vgdrv = 1.972462e+00
Reset re-loads circuit * monte-carlo-untrimmed monte carlo deck (config=mos) -- generated by sim/monte-carlo-untrimmed/run_mc_untrimmed.py, do not edit

Circuit: * monte-carlo-untrimmed monte carlo deck (config=mos) -- generated by sim/monte-carlo-untrimmed/run_mc_untrimmed.py, do not edit

option SCALE: Scale is set to 1e-06 for instance and model parameters
option SCALE: Scale is set to 1e-06 for instance and model parameters
option SCALE: Scale is set to 1e-06 for instance and model parameters
option SCALE: Scale is set to 1e-06 for instance and model parameters
Doing analysis at TEMP = -40.000000 and TNOM = 27.000000

Using KLU as Direct Linear Solver

No. of Data Rows : 1
vout = 1.175968e+00
vgdrv = 1.976817e+00
Reset re-loads circuit * monte-carlo-untrimmed monte carlo deck (config=mos) -- generated by sim/monte-carlo-untrimmed/run_mc_untrimmed.py, do not edit

Circuit: * monte-carlo-untrimmed monte carlo deck (config=mos) -- generated by sim/monte-carlo-untrimmed/run_mc_untrimmed.py, do not edit

option SCALE: Scale is set to 1e-06 for instance and model parameters
option SCALE: Scale is set to 1e-06 for instance and model parameters
option SCALE: Scale is set to 1e-06 for instance and model parameters
option SCALE: Scale is set to 1e-06 for instance and model parameters
Doing analysis at TEMP = -40.000000 and TNOM = 27.000000

Using KLU as Direct Linear Solver

No. of Data Rows : 1
vout = 1.182877e+00
vgdrv = 1.970332e+00
Reset re-loads circuit * monte-carlo-untrimmed monte carlo deck (config=mos) -- generated by sim/monte-carlo-untrimmed/run_mc_untrimmed.py, do not edit

Circuit: * monte-carlo-untrimmed monte carlo deck (config=mos) -- generated by sim/monte-carlo-untrimmed/run_mc_untrimmed.py, do not edit

option SCALE: Scale is set to 1e-06 for instance and model parameters
option SCALE: Scale is set to 1e-06 for instance and model parameters
option SCALE: Scale is set to 1e-06 for instance and model parameters
option SCALE: Scale is set to 1e-06 for instance and model parameters
Doing analysis at TEMP = -40.000000 and TNOM = 27.000000

Using KLU as Direct Linear Solver

No. of Data Rows : 1
vout = 1.179291e+00
vgdrv = 1.969413e+00
Reset re-loads circuit * monte-carlo-untrimmed monte carlo deck (config=mos) -- generated by sim/monte-carlo-untrimmed/run_mc_untrimmed.py, do not edit

Circuit: * monte-carlo-untrimmed monte carlo deck (config=mos) -- generated by sim/monte-carlo-untrimmed/run_mc_untrimmed.py, do not edit

option SCALE: Scale is set to 1e-06 for instance and model parameters
option SCALE: Scale is set to 1e-06 for instance and model parameters
option SCALE: Scale is set to 1e-06 for instance and model parameters
option SCALE: Scale is set to 1e-06 for instance and model parameters
Doing analysis at TEMP = -40.000000 and TNOM = 27.000000

Using KLU as Direct Linear Solver

No. of Data Rows : 1
vout = 1.170224e+00
vgdrv = 1.977022e+00
Reset re-loads circuit * monte-carlo-untrimmed monte carlo deck (config=mos) -- generated by sim/monte-carlo-untrimmed/run_mc_untrimmed.py, do not edit

Circuit: * monte-carlo-untrimmed monte carlo deck (config=mos) -- generated by sim/monte-carlo-untrimmed/run_mc_untrimmed.py, do not edit

option SCALE: Scale is set to 1e-06 for instance and model parameters
option SCALE: Scale is set to 1e-06 for instance and model parameters
option SCALE: Scale is set to 1e-06 for instance and model parameters
option SCALE: Scale is set to 1e-06 for instance and model parameters
Doing analysis at TEMP = -40.000000 and TNOM = 27.000000

Using KLU as Direct Linear Solver

No. of Data Rows : 1
vout = 1.173875e+00
vgdrv = 1.973611e+00
Reset re-loads circuit * monte-carlo-untrimmed monte carlo deck (config=mos) -- generated by sim/monte-carlo-untrimmed/run_mc_untrimmed.py, do not edit

Circuit: * monte-carlo-untrimmed monte carlo deck (config=mos) -- generated by sim/monte-carlo-untrimmed/run_mc_untrimmed.py, do not edit

option SCALE: Scale is set to 1e-06 for instance and model parameters
option SCALE: Scale is set to 1e-06 for instance and model parameters
option SCALE: Scale is set to 1e-06 for instance and model parameters
option SCALE: Scale is set to 1e-06 for instance and model parameters
Doing analysis at TEMP = -40.000000 and TNOM = 27.000000

Using KLU as Direct Linear Solver

No. of Data Rows : 1
vout = 1.179213e+00
vgdrv = 1.973941e+00
Reset re-loads circuit * monte-carlo-untrimmed monte carlo deck (config=mos) -- generated by sim/monte-carlo-untrimmed/run_mc_untrimmed.py, do not edit

Circuit: * monte-carlo-untrimmed monte carlo deck (config=mos) -- generated by sim/monte-carlo-untrimmed/run_mc_untrimmed.py, do not edit

option SCALE: Scale is set to 1e-06 for instance and model parameters
option SCALE: Scale is set to 1e-06 for instance and model parameters
option SCALE: Scale is set to 1e-06 for instance and model parameters
option SCALE: Scale is set to 1e-06 for instance and model parameters
Doing analysis at TEMP = -40.000000 and TNOM = 27.000000

Using KLU as Direct Linear Solver

No. of Data Rows : 1
vout = 1.177596e+00
vgdrv = 1.971153e+00
Reset re-loads circuit * monte-carlo-untrimmed monte carlo deck (config=mos) -- generated by sim/monte-carlo-untrimmed/run_mc_untrimmed.py, do not edit

Circuit: * monte-carlo-untrimmed monte carlo deck (config=mos) -- generated by sim/monte-carlo-untrimmed/run_mc_untrimmed.py, do not edit

option SCALE: Scale is set to 1e-06 for instance and model parameters
option SCALE: Scale is set to 1e-06 for instance and model parameters
option SCALE: Scale is set to 1e-06 for instance and model parameters
option SCALE: Scale is set to 1e-06 for instance and model parameters
Doing analysis at TEMP = -40.000000 and TNOM = 27.000000

Using KLU as Direct Linear Solver

No. of Data Rows : 1
vout = 1.189721e+00
vgdrv = 1.971399e+00
Reset re-loads circuit * monte-carlo-untrimmed monte carlo deck (config=mos) -- generated by sim/monte-carlo-untrimmed/run_mc_untrimmed.py, do not edit

Circuit: * monte-carlo-untrimmed monte carlo deck (config=mos) -- generated by sim/monte-carlo-untrimmed/run_mc_untrimmed.py, do not edit

option SCALE: Scale is set to 1e-06 for instance and model parameters
option SCALE: Scale is set to 1e-06 for instance and model parameters
option SCALE: Scale is set to 1e-06 for instance and model parameters
option SCALE: Scale is set to 1e-06 for instance and model parameters
Doing analysis at TEMP = -40.000000 and TNOM = 27.000000

Using KLU as Direct Linear Solver
 Reference value :  0.00000e+00
No. of Data Rows : 1
vout = 1.187703e+00
vgdrv = 1.967086e+00
Reset re-loads circuit * monte-carlo-untrimmed monte carlo deck (config=mos) -- generated by sim/monte-carlo-untrimmed/run_mc_untrimmed.py, do not edit

Circuit: * monte-carlo-untrimmed monte carlo deck (config=mos) -- generated by sim/monte-carlo-untrimmed/run_mc_untrimmed.py, do not edit

option SCALE: Scale is set to 1e-06 for instance and model parameters
option SCALE: Scale is set to 1e-06 for instance and model parameters
option SCALE: Scale is set to 1e-06 for instance and model parameters
option SCALE: Scale is set to 1e-06 for instance and model parameters
Doing analysis at TEMP = -40.000000 and TNOM = 27.000000

Using KLU as Direct Linear Solver

No. of Data Rows : 1
vout = 1.184030e+00
vgdrv = 1.969278e+00
Reset re-loads circuit * monte-carlo-untrimmed monte carlo deck (config=mos) -- generated by sim/monte-carlo-untrimmed/run_mc_untrimmed.py, do not edit

Circuit: * monte-carlo-untrimmed monte carlo deck (config=mos) -- generated by sim/monte-carlo-untrimmed/run_mc_untrimmed.py, do not edit

option SCALE: Scale is set to 1e-06 for instance and model parameters
option SCALE: Scale is set to 1e-06 for instance and model parameters
option SCALE: Scale is set to 1e-06 for instance and model parameters
option SCALE: Scale is set to 1e-06 for instance and model parameters
Doing analysis at TEMP = -40.000000 and TNOM = 27.000000

Using KLU as Direct Linear Solver

No. of Data Rows : 1
vout = 1.180595e+00
vgdrv = 1.970456e+00
Reset re-loads circuit * monte-carlo-untrimmed monte carlo deck (config=mos) -- generated by sim/monte-carlo-untrimmed/run_mc_untrimmed.py, do not edit

Circuit: * monte-carlo-untrimmed monte carlo deck (config=mos) -- generated by sim/monte-carlo-untrimmed/run_mc_untrimmed.py, do not edit

option SCALE: Scale is set to 1e-06 for instance and model parameters
option SCALE: Scale is set to 1e-06 for instance and model parameters
option SCALE: Scale is set to 1e-06 for instance and model parameters
option SCALE: Scale is set to 1e-06 for instance and model parameters
Doing analysis at TEMP = -40.000000 and TNOM = 27.000000

Using KLU as Direct Linear Solver

No. of Data Rows : 1
vout = 1.186694e+00
vgdrv = 1.970392e+00
Reset re-loads circuit * monte-carlo-untrimmed monte carlo deck (config=mos) -- generated by sim/monte-carlo-untrimmed/run_mc_untrimmed.py, do not edit

Circuit: * monte-carlo-untrimmed monte carlo deck (config=mos) -- generated by sim/monte-carlo-untrimmed/run_mc_untrimmed.py, do not edit

option SCALE: Scale is set to 1e-06 for instance and model parameters
option SCALE: Scale is set to 1e-06 for instance and model parameters
option SCALE: Scale is set to 1e-06 for instance and model parameters
option SCALE: Scale is set to 1e-06 for instance and model parameters
Doing analysis at TEMP = -40.000000 and TNOM = 27.000000

Using KLU as Direct Linear Solver

No. of Data Rows : 1
vout = 1.176902e+00
vgdrv = 1.978659e+00
Reset re-loads circuit * monte-carlo-untrimmed monte carlo deck (config=mos) -- generated by sim/monte-carlo-untrimmed/run_mc_untrimmed.py, do not edit

Circuit: * monte-carlo-untrimmed monte carlo deck (config=mos) -- generated by sim/monte-carlo-untrimmed/run_mc_untrimmed.py, do not edit

option SCALE: Scale is set to 1e-06 for instance and model parameters
option SCALE: Scale is set to 1e-06 for instance and model parameters
option SCALE: Scale is set to 1e-06 for instance and model parameters
option SCALE: Scale is set to 1e-06 for instance and model parameters
Doing analysis at TEMP = -40.000000 and TNOM = 27.000000

Using KLU as Direct Linear Solver

No. of Data Rows : 1
vout = 1.174552e+00
vgdrv = 1.972957e+00
Reset re-loads circuit * monte-carlo-untrimmed monte carlo deck (config=mos) -- generated by sim/monte-carlo-untrimmed/run_mc_untrimmed.py, do not edit

Circuit: * monte-carlo-untrimmed monte carlo deck (config=mos) -- generated by sim/monte-carlo-untrimmed/run_mc_untrimmed.py, do not edit

option SCALE: Scale is set to 1e-06 for instance and model parameters
option SCALE: Scale is set to 1e-06 for instance and model parameters
option SCALE: Scale is set to 1e-06 for instance and model parameters
option SCALE: Scale is set to 1e-06 for instance and model parameters
Doing analysis at TEMP = -40.000000 and TNOM = 27.000000

Using KLU as Direct Linear Solver

No. of Data Rows : 1
vout = 1.176469e+00
vgdrv = 1.975327e+00
Reset re-loads circuit * monte-carlo-untrimmed monte carlo deck (config=mos) -- generated by sim/monte-carlo-untrimmed/run_mc_untrimmed.py, do not edit

Circuit: * monte-carlo-untrimmed monte carlo deck (config=mos) -- generated by sim/monte-carlo-untrimmed/run_mc_untrimmed.py, do not edit

option SCALE: Scale is set to 1e-06 for instance and model parameters
option SCALE: Scale is set to 1e-06 for instance and model parameters
option SCALE: Scale is set to 1e-06 for instance and model parameters
option SCALE: Scale is set to 1e-06 for instance and model parameters
Doing analysis at TEMP = -40.000000 and TNOM = 27.000000

Using KLU as Direct Linear Solver

No. of Data Rows : 1
vout = 1.175643e+00
vgdrv = 1.975224e+00
Reset re-loads circuit * monte-carlo-untrimmed monte carlo deck (config=mos) -- generated by sim/monte-carlo-untrimmed/run_mc_untrimmed.py, do not edit

Circuit: * monte-carlo-untrimmed monte carlo deck (config=mos) -- generated by sim/monte-carlo-untrimmed/run_mc_untrimmed.py, do not edit

option SCALE: Scale is set to 1e-06 for instance and model parameters
option SCALE: Scale is set to 1e-06 for instance and model parameters
option SCALE: Scale is set to 1e-06 for instance and model parameters
option SCALE: Scale is set to 1e-06 for instance and model parameters
Doing analysis at TEMP = -40.000000 and TNOM = 27.000000

Using KLU as Direct Linear Solver

No. of Data Rows : 1
vout = 1.182076e+00
vgdrv = 1.971468e+00
Reset re-loads circuit * monte-carlo-untrimmed monte carlo deck (config=mos) -- generated by sim/monte-carlo-untrimmed/run_mc_untrimmed.py, do not edit

Circuit: * monte-carlo-untrimmed monte carlo deck (config=mos) -- generated by sim/monte-carlo-untrimmed/run_mc_untrimmed.py, do not edit

option SCALE: Scale is set to 1e-06 for instance and model parameters
option SCALE: Scale is set to 1e-06 for instance and model parameters
option SCALE: Scale is set to 1e-06 for instance and model parameters
option SCALE: Scale is set to 1e-06 for instance and model parameters
Doing analysis at TEMP = -40.000000 and TNOM = 27.000000

Using KLU as Direct Linear Solver

No. of Data Rows : 1
vout = 1.186974e+00
vgdrv = 1.966479e+00
Reset re-loads circuit * monte-carlo-untrimmed monte carlo deck (config=mos) -- generated by sim/monte-carlo-untrimmed/run_mc_untrimmed.py, do not edit

Circuit: * monte-carlo-untrimmed monte carlo deck (config=mos) -- generated by sim/monte-carlo-untrimmed/run_mc_untrimmed.py, do not edit

option SCALE: Scale is set to 1e-06 for instance and model parameters
option SCALE: Scale is set to 1e-06 for instance and model parameters
option SCALE: Scale is set to 1e-06 for instance and model parameters
option SCALE: Scale is set to 1e-06 for instance and model parameters
Doing analysis at TEMP = -40.000000 and TNOM = 27.000000

Using KLU as Direct Linear Solver
 Reference value :  0.00000e+00
No. of Data Rows : 1
vout = 1.179789e+00
vgdrv = 1.972103e+00
Reset re-loads circuit * monte-carlo-untrimmed monte carlo deck (config=mos) -- generated by sim/monte-carlo-untrimmed/run_mc_untrimmed.py, do not edit

Circuit: * monte-carlo-untrimmed monte carlo deck (config=mos) -- generated by sim/monte-carlo-untrimmed/run_mc_untrimmed.py, do not edit

option SCALE: Scale is set to 1e-06 for instance and model parameters
option SCALE: Scale is set to 1e-06 for instance and model parameters
option SCALE: Scale is set to 1e-06 for instance and model parameters
option SCALE: Scale is set to 1e-06 for instance and model parameters
Doing analysis at TEMP = -40.000000 and TNOM = 27.000000

Using KLU as Direct Linear Solver

No. of Data Rows : 1
vout = 1.172248e+00
vgdrv = 1.976878e+00
Reset re-loads circuit * monte-carlo-untrimmed monte carlo deck (config=mos) -- generated by sim/monte-carlo-untrimmed/run_mc_untrimmed.py, do not edit

Circuit: * monte-carlo-untrimmed monte carlo deck (config=mos) -- generated by sim/monte-carlo-untrimmed/run_mc_untrimmed.py, do not edit

option SCALE: Scale is set to 1e-06 for instance and model parameters
option SCALE: Scale is set to 1e-06 for instance and model parameters
option SCALE: Scale is set to 1e-06 for instance and model parameters
option SCALE: Scale is set to 1e-06 for instance and model parameters
Doing analysis at TEMP = -40.000000 and TNOM = 27.000000

Using KLU as Direct Linear Solver

No. of Data Rows : 1
vout = 1.182575e+00
vgdrv = 1.971096e+00
Reset re-loads circuit * monte-carlo-untrimmed monte carlo deck (config=mos) -- generated by sim/monte-carlo-untrimmed/run_mc_untrimmed.py, do not edit

Circuit: * monte-carlo-untrimmed monte carlo deck (config=mos) -- generated by sim/monte-carlo-untrimmed/run_mc_untrimmed.py, do not edit

option SCALE: Scale is set to 1e-06 for instance and model parameters
option SCALE: Scale is set to 1e-06 for instance and model parameters
option SCALE: Scale is set to 1e-06 for instance and model parameters
option SCALE: Scale is set to 1e-06 for instance and model parameters
Doing analysis at TEMP = -40.000000 and TNOM = 27.000000

Using KLU as Direct Linear Solver

No. of Data Rows : 1
vout = 1.184515e+00
vgdrv = 1.971342e+00
Reset re-loads circuit * monte-carlo-untrimmed monte carlo deck (config=mos) -- generated by sim/monte-carlo-untrimmed/run_mc_untrimmed.py, do not edit

Circuit: * monte-carlo-untrimmed monte carlo deck (config=mos) -- generated by sim/monte-carlo-untrimmed/run_mc_untrimmed.py, do not edit

option SCALE: Scale is set to 1e-06 for instance and model parameters
option SCALE: Scale is set to 1e-06 for instance and model parameters
option SCALE: Scale is set to 1e-06 for instance and model parameters
option SCALE: Scale is set to 1e-06 for instance and model parameters
Doing analysis at TEMP = -40.000000 and TNOM = 27.000000

Using KLU as Direct Linear Solver

No. of Data Rows : 1
vout = 1.180218e+00
vgdrv = 1.972319e+00
Reset re-loads circuit * monte-carlo-untrimmed monte carlo deck (config=mos) -- generated by sim/monte-carlo-untrimmed/run_mc_untrimmed.py, do not edit

Circuit: * monte-carlo-untrimmed monte carlo deck (config=mos) -- generated by sim/monte-carlo-untrimmed/run_mc_untrimmed.py, do not edit

option SCALE: Scale is set to 1e-06 for instance and model parameters
option SCALE: Scale is set to 1e-06 for instance and model parameters
option SCALE: Scale is set to 1e-06 for instance and model parameters
option SCALE: Scale is set to 1e-06 for instance and model parameters
Doing analysis at TEMP = -40.000000 and TNOM = 27.000000

Using KLU as Direct Linear Solver

No. of Data Rows : 1
vout = 1.180594e+00
vgdrv = 1.972880e+00
Reset re-loads circuit * monte-carlo-untrimmed monte carlo deck (config=mos) -- generated by sim/monte-carlo-untrimmed/run_mc_untrimmed.py, do not edit

Circuit: * monte-carlo-untrimmed monte carlo deck (config=mos) -- generated by sim/monte-carlo-untrimmed/run_mc_untrimmed.py, do not edit

option SCALE: Scale is set to 1e-06 for instance and model parameters
option SCALE: Scale is set to 1e-06 for instance and model parameters
option SCALE: Scale is set to 1e-06 for instance and model parameters
option SCALE: Scale is set to 1e-06 for instance and model parameters
Doing analysis at TEMP = -40.000000 and TNOM = 27.000000

Using KLU as Direct Linear Solver

No. of Data Rows : 1
vout = 1.193472e+00
vgdrv = 1.963617e+00
Reset re-loads circuit * monte-carlo-untrimmed monte carlo deck (config=mos) -- generated by sim/monte-carlo-untrimmed/run_mc_untrimmed.py, do not edit

Circuit: * monte-carlo-untrimmed monte carlo deck (config=mos) -- generated by sim/monte-carlo-untrimmed/run_mc_untrimmed.py, do not edit

option SCALE: Scale is set to 1e-06 for instance and model parameters
option SCALE: Scale is set to 1e-06 for instance and model parameters
option SCALE: Scale is set to 1e-06 for instance and model parameters
option SCALE: Scale is set to 1e-06 for instance and model parameters
Doing analysis at TEMP = -40.000000 and TNOM = 27.000000

Using KLU as Direct Linear Solver

No. of Data Rows : 1
vout = 1.172263e+00
vgdrv = 1.977979e+00
Reset re-loads circuit * monte-carlo-untrimmed monte carlo deck (config=mos) -- generated by sim/monte-carlo-untrimmed/run_mc_untrimmed.py, do not edit

Circuit: * monte-carlo-untrimmed monte carlo deck (config=mos) -- generated by sim/monte-carlo-untrimmed/run_mc_untrimmed.py, do not edit

option SCALE: Scale is set to 1e-06 for instance and model parameters
option SCALE: Scale is set to 1e-06 for instance and model parameters
option SCALE: Scale is set to 1e-06 for instance and model parameters
option SCALE: Scale is set to 1e-06 for instance and model parameters
Doing analysis at TEMP = -40.000000 and TNOM = 27.000000

Using KLU as Direct Linear Solver

No. of Data Rows : 1
vout = 1.187344e+00
vgdrv = 1.969720e+00
Reset re-loads circuit * monte-carlo-untrimmed monte carlo deck (config=mos) -- generated by sim/monte-carlo-untrimmed/run_mc_untrimmed.py, do not edit

Circuit: * monte-carlo-untrimmed monte carlo deck (config=mos) -- generated by sim/monte-carlo-untrimmed/run_mc_untrimmed.py, do not edit

option SCALE: Scale is set to 1e-06 for instance and model parameters
option SCALE: Scale is set to 1e-06 for instance and model parameters
option SCALE: Scale is set to 1e-06 for instance and model parameters
option SCALE: Scale is set to 1e-06 for instance and model parameters
Doing analysis at TEMP = -40.000000 and TNOM = 27.000000

Using KLU as Direct Linear Solver

No. of Data Rows : 1
vout = 1.186949e+00
vgdrv = 1.971601e+00
Reset re-loads circuit * monte-carlo-untrimmed monte carlo deck (config=mos) -- generated by sim/monte-carlo-untrimmed/run_mc_untrimmed.py, do not edit

Circuit: * monte-carlo-untrimmed monte carlo deck (config=mos) -- generated by sim/monte-carlo-untrimmed/run_mc_untrimmed.py, do not edit

option SCALE: Scale is set to 1e-06 for instance and model parameters
option SCALE: Scale is set to 1e-06 for instance and model parameters
option SCALE: Scale is set to 1e-06 for instance and model parameters
option SCALE: Scale is set to 1e-06 for instance and model parameters
Doing analysis at TEMP = -40.000000 and TNOM = 27.000000

Using KLU as Direct Linear Solver

No. of Data Rows : 1
vout = 1.177302e+00
vgdrv = 1.977965e+00
Reset re-loads circuit * monte-carlo-untrimmed monte carlo deck (config=mos) -- generated by sim/monte-carlo-untrimmed/run_mc_untrimmed.py, do not edit

Circuit: * monte-carlo-untrimmed monte carlo deck (config=mos) -- generated by sim/monte-carlo-untrimmed/run_mc_untrimmed.py, do not edit

option SCALE: Scale is set to 1e-06 for instance and model parameters
option SCALE: Scale is set to 1e-06 for instance and model parameters
option SCALE: Scale is set to 1e-06 for instance and model parameters
option SCALE: Scale is set to 1e-06 for instance and model parameters
Doing analysis at TEMP = -40.000000 and TNOM = 27.000000

Using KLU as Direct Linear Solver
 Reference value :  0.00000e+00
No. of Data Rows : 1
vout = 1.178481e+00
vgdrv = 1.972349e+00
Reset re-loads circuit * monte-carlo-untrimmed monte carlo deck (config=mos) -- generated by sim/monte-carlo-untrimmed/run_mc_untrimmed.py, do not edit

Circuit: * monte-carlo-untrimmed monte carlo deck (config=mos) -- generated by sim/monte-carlo-untrimmed/run_mc_untrimmed.py, do not edit

option SCALE: Scale is set to 1e-06 for instance and model parameters
option SCALE: Scale is set to 1e-06 for instance and model parameters
option SCALE: Scale is set to 1e-06 for instance and model parameters
option SCALE: Scale is set to 1e-06 for instance and model parameters
Doing analysis at TEMP = -40.000000 and TNOM = 27.000000

Using KLU as Direct Linear Solver

No. of Data Rows : 1
vout = 1.190080e+00
vgdrv = 1.966912e+00
Reset re-loads circuit * monte-carlo-untrimmed monte carlo deck (config=mos) -- generated by sim/monte-carlo-untrimmed/run_mc_untrimmed.py, do not edit

Circuit: * monte-carlo-untrimmed monte carlo deck (config=mos) -- generated by sim/monte-carlo-untrimmed/run_mc_untrimmed.py, do not edit

option SCALE: Scale is set to 1e-06 for instance and model parameters
option SCALE: Scale is set to 1e-06 for instance and model parameters
option SCALE: Scale is set to 1e-06 for instance and model parameters
option SCALE: Scale is set to 1e-06 for instance and model parameters
Doing analysis at TEMP = -40.000000 and TNOM = 27.000000

Using KLU as Direct Linear Solver

No. of Data Rows : 1
vout = 1.187444e+00
vgdrv = 1.972646e+00
Reset re-loads circuit * monte-carlo-untrimmed monte carlo deck (config=mos) -- generated by sim/monte-carlo-untrimmed/run_mc_untrimmed.py, do not edit

Circuit: * monte-carlo-untrimmed monte carlo deck (config=mos) -- generated by sim/monte-carlo-untrimmed/run_mc_untrimmed.py, do not edit

option SCALE: Scale is set to 1e-06 for instance and model parameters
option SCALE: Scale is set to 1e-06 for instance and model parameters
option SCALE: Scale is set to 1e-06 for instance and model parameters
option SCALE: Scale is set to 1e-06 for instance and model parameters
Doing analysis at TEMP = -40.000000 and TNOM = 27.000000

Using KLU as Direct Linear Solver

No. of Data Rows : 1
vout = 1.185391e+00
vgdrv = 1.969602e+00
Reset re-loads circuit * monte-carlo-untrimmed monte carlo deck (config=mos) -- generated by sim/monte-carlo-untrimmed/run_mc_untrimmed.py, do not edit

Circuit: * monte-carlo-untrimmed monte carlo deck (config=mos) -- generated by sim/monte-carlo-untrimmed/run_mc_untrimmed.py, do not edit

option SCALE: Scale is set to 1e-06 for instance and model parameters
option SCALE: Scale is set to 1e-06 for instance and model parameters
option SCALE: Scale is set to 1e-06 for instance and model parameters
option SCALE: Scale is set to 1e-06 for instance and model parameters
Doing analysis at TEMP = -40.000000 and TNOM = 27.000000

Using KLU as Direct Linear Solver

No. of Data Rows : 1
vout = 1.177839e+00
vgdrv = 1.971708e+00
Reset re-loads circuit * monte-carlo-untrimmed monte carlo deck (config=mos) -- generated by sim/monte-carlo-untrimmed/run_mc_untrimmed.py, do not edit

Circuit: * monte-carlo-untrimmed monte carlo deck (config=mos) -- generated by sim/monte-carlo-untrimmed/run_mc_untrimmed.py, do not edit

option SCALE: Scale is set to 1e-06 for instance and model parameters
option SCALE: Scale is set to 1e-06 for instance and model parameters
option SCALE: Scale is set to 1e-06 for instance and model parameters
option SCALE: Scale is set to 1e-06 for instance and model parameters
Doing analysis at TEMP = -40.000000 and TNOM = 27.000000

Using KLU as Direct Linear Solver

No. of Data Rows : 1
vout = 1.178877e+00
vgdrv = 1.973241e+00
Reset re-loads circuit * monte-carlo-untrimmed monte carlo deck (config=mos) -- generated by sim/monte-carlo-untrimmed/run_mc_untrimmed.py, do not edit

Circuit: * monte-carlo-untrimmed monte carlo deck (config=mos) -- generated by sim/monte-carlo-untrimmed/run_mc_untrimmed.py, do not edit

option SCALE: Scale is set to 1e-06 for instance and model parameters
option SCALE: Scale is set to 1e-06 for instance and model parameters
option SCALE: Scale is set to 1e-06 for instance and model parameters
option SCALE: Scale is set to 1e-06 for instance and model parameters
Doing analysis at TEMP = -40.000000 and TNOM = 27.000000

Using KLU as Direct Linear Solver

No. of Data Rows : 1
vout = 1.177973e+00
vgdrv = 1.968072e+00
Reset re-loads circuit * monte-carlo-untrimmed monte carlo deck (config=mos) -- generated by sim/monte-carlo-untrimmed/run_mc_untrimmed.py, do not edit

Circuit: * monte-carlo-untrimmed monte carlo deck (config=mos) -- generated by sim/monte-carlo-untrimmed/run_mc_untrimmed.py, do not edit

option SCALE: Scale is set to 1e-06 for instance and model parameters
option SCALE: Scale is set to 1e-06 for instance and model parameters
option SCALE: Scale is set to 1e-06 for instance and model parameters
option SCALE: Scale is set to 1e-06 for instance and model parameters
Doing analysis at TEMP = -40.000000 and TNOM = 27.000000

Using KLU as Direct Linear Solver

No. of Data Rows : 1
vout = 1.185955e+00
vgdrv = 1.970536e+00
Reset re-loads circuit * monte-carlo-untrimmed monte carlo deck (config=mos) -- generated by sim/monte-carlo-untrimmed/run_mc_untrimmed.py, do not edit

Circuit: * monte-carlo-untrimmed monte carlo deck (config=mos) -- generated by sim/monte-carlo-untrimmed/run_mc_untrimmed.py, do not edit

option SCALE: Scale is set to 1e-06 for instance and model parameters
option SCALE: Scale is set to 1e-06 for instance and model parameters
option SCALE: Scale is set to 1e-06 for instance and model parameters
option SCALE: Scale is set to 1e-06 for instance and model parameters
Doing analysis at TEMP = -40.000000 and TNOM = 27.000000

Using KLU as Direct Linear Solver

No. of Data Rows : 1
vout = 1.184487e+00
vgdrv = 1.971861e+00
Reset re-loads circuit * monte-carlo-untrimmed monte carlo deck (config=mos) -- generated by sim/monte-carlo-untrimmed/run_mc_untrimmed.py, do not edit

Circuit: * monte-carlo-untrimmed monte carlo deck (config=mos) -- generated by sim/monte-carlo-untrimmed/run_mc_untrimmed.py, do not edit

option SCALE: Scale is set to 1e-06 for instance and model parameters
option SCALE: Scale is set to 1e-06 for instance and model parameters
option SCALE: Scale is set to 1e-06 for instance and model parameters
option SCALE: Scale is set to 1e-06 for instance and model parameters
Doing analysis at TEMP = -40.000000 and TNOM = 27.000000

Using KLU as Direct Linear Solver

No. of Data Rows : 1
vout = 1.177835e+00
vgdrv = 1.976985e+00
Reset re-loads circuit * monte-carlo-untrimmed monte carlo deck (config=mos) -- generated by sim/monte-carlo-untrimmed/run_mc_untrimmed.py, do not edit

Circuit: * monte-carlo-untrimmed monte carlo deck (config=mos) -- generated by sim/monte-carlo-untrimmed/run_mc_untrimmed.py, do not edit

option SCALE: Scale is set to 1e-06 for instance and model parameters
option SCALE: Scale is set to 1e-06 for instance and model parameters
option SCALE: Scale is set to 1e-06 for instance and model parameters
option SCALE: Scale is set to 1e-06 for instance and model parameters
Doing analysis at TEMP = -40.000000 and TNOM = 27.000000

Using KLU as Direct Linear Solver
 Reference value :  0.00000e+00
No. of Data Rows : 1
vout = 1.187350e+00
vgdrv = 1.969248e+00
Reset re-loads circuit * monte-carlo-untrimmed monte carlo deck (config=mos) -- generated by sim/monte-carlo-untrimmed/run_mc_untrimmed.py, do not edit

Circuit: * monte-carlo-untrimmed monte carlo deck (config=mos) -- generated by sim/monte-carlo-untrimmed/run_mc_untrimmed.py, do not edit

option SCALE: Scale is set to 1e-06 for instance and model parameters
option SCALE: Scale is set to 1e-06 for instance and model parameters
option SCALE: Scale is set to 1e-06 for instance and model parameters
option SCALE: Scale is set to 1e-06 for instance and model parameters
Doing analysis at TEMP = -40.000000 and TNOM = 27.000000

Using KLU as Direct Linear Solver

No. of Data Rows : 1
vout = 1.183319e+00
vgdrv = 1.968451e+00
Reset re-loads circuit * monte-carlo-untrimmed monte carlo deck (config=mos) -- generated by sim/monte-carlo-untrimmed/run_mc_untrimmed.py, do not edit

Circuit: * monte-carlo-untrimmed monte carlo deck (config=mos) -- generated by sim/monte-carlo-untrimmed/run_mc_untrimmed.py, do not edit

option SCALE: Scale is set to 1e-06 for instance and model parameters
option SCALE: Scale is set to 1e-06 for instance and model parameters
option SCALE: Scale is set to 1e-06 for instance and model parameters
option SCALE: Scale is set to 1e-06 for instance and model parameters
Doing analysis at TEMP = -40.000000 and TNOM = 27.000000

Using KLU as Direct Linear Solver

No. of Data Rows : 1
vout = 1.186241e+00
vgdrv = 1.970559e+00
Reset re-loads circuit * monte-carlo-untrimmed monte carlo deck (config=mos) -- generated by sim/monte-carlo-untrimmed/run_mc_untrimmed.py, do not edit

Circuit: * monte-carlo-untrimmed monte carlo deck (config=mos) -- generated by sim/monte-carlo-untrimmed/run_mc_untrimmed.py, do not edit

option SCALE: Scale is set to 1e-06 for instance and model parameters
option SCALE: Scale is set to 1e-06 for instance and model parameters
option SCALE: Scale is set to 1e-06 for instance and model parameters
option SCALE: Scale is set to 1e-06 for instance and model parameters
Doing analysis at TEMP = -40.000000 and TNOM = 27.000000

Using KLU as Direct Linear Solver

No. of Data Rows : 1
vout = 1.164127e+00
vgdrv = 1.976842e+00
Reset re-loads circuit * monte-carlo-untrimmed monte carlo deck (config=mos) -- generated by sim/monte-carlo-untrimmed/run_mc_untrimmed.py, do not edit

Circuit: * monte-carlo-untrimmed monte carlo deck (config=mos) -- generated by sim/monte-carlo-untrimmed/run_mc_untrimmed.py, do not edit

option SCALE: Scale is set to 1e-06 for instance and model parameters
option SCALE: Scale is set to 1e-06 for instance and model parameters
option SCALE: Scale is set to 1e-06 for instance and model parameters
option SCALE: Scale is set to 1e-06 for instance and model parameters
Doing analysis at TEMP = -40.000000 and TNOM = 27.000000

Using KLU as Direct Linear Solver

No. of Data Rows : 1
vout = 1.181972e+00
vgdrv = 1.970718e+00
Reset re-loads circuit * monte-carlo-untrimmed monte carlo deck (config=mos) -- generated by sim/monte-carlo-untrimmed/run_mc_untrimmed.py, do not edit

Circuit: * monte-carlo-untrimmed monte carlo deck (config=mos) -- generated by sim/monte-carlo-untrimmed/run_mc_untrimmed.py, do not edit

option SCALE: Scale is set to 1e-06 for instance and model parameters
option SCALE: Scale is set to 1e-06 for instance and model parameters
option SCALE: Scale is set to 1e-06 for instance and model parameters
option SCALE: Scale is set to 1e-06 for instance and model parameters
Doing analysis at TEMP = -40.000000 and TNOM = 27.000000

Using KLU as Direct Linear Solver

No. of Data Rows : 1
vout = 1.182558e+00
vgdrv = 1.973912e+00
Reset re-loads circuit * monte-carlo-untrimmed monte carlo deck (config=mos) -- generated by sim/monte-carlo-untrimmed/run_mc_untrimmed.py, do not edit

Circuit: * monte-carlo-untrimmed monte carlo deck (config=mos) -- generated by sim/monte-carlo-untrimmed/run_mc_untrimmed.py, do not edit

option SCALE: Scale is set to 1e-06 for instance and model parameters
option SCALE: Scale is set to 1e-06 for instance and model parameters
option SCALE: Scale is set to 1e-06 for instance and model parameters
option SCALE: Scale is set to 1e-06 for instance and model parameters
Doing analysis at TEMP = -40.000000 and TNOM = 27.000000

Using KLU as Direct Linear Solver

No. of Data Rows : 1
vout = 1.175637e+00
vgdrv = 1.972976e+00
Reset re-loads circuit * monte-carlo-untrimmed monte carlo deck (config=mos) -- generated by sim/monte-carlo-untrimmed/run_mc_untrimmed.py, do not edit

Circuit: * monte-carlo-untrimmed monte carlo deck (config=mos) -- generated by sim/monte-carlo-untrimmed/run_mc_untrimmed.py, do not edit

option SCALE: Scale is set to 1e-06 for instance and model parameters
option SCALE: Scale is set to 1e-06 for instance and model parameters
option SCALE: Scale is set to 1e-06 for instance and model parameters
option SCALE: Scale is set to 1e-06 for instance and model parameters
Doing analysis at TEMP = -40.000000 and TNOM = 27.000000

Using KLU as Direct Linear Solver

No. of Data Rows : 1
vout = 1.168408e+00
vgdrv = 1.977263e+00
Reset re-loads circuit * monte-carlo-untrimmed monte carlo deck (config=mos) -- generated by sim/monte-carlo-untrimmed/run_mc_untrimmed.py, do not edit

Circuit: * monte-carlo-untrimmed monte carlo deck (config=mos) -- generated by sim/monte-carlo-untrimmed/run_mc_untrimmed.py, do not edit

option SCALE: Scale is set to 1e-06 for instance and model parameters
option SCALE: Scale is set to 1e-06 for instance and model parameters
option SCALE: Scale is set to 1e-06 for instance and model parameters
option SCALE: Scale is set to 1e-06 for instance and model parameters
Doing analysis at TEMP = -40.000000 and TNOM = 27.000000

Using KLU as Direct Linear Solver

No. of Data Rows : 1
vout = 1.174975e+00
vgdrv = 1.978161e+00
Reset re-loads circuit * monte-carlo-untrimmed monte carlo deck (config=mos) -- generated by sim/monte-carlo-untrimmed/run_mc_untrimmed.py, do not edit

Circuit: * monte-carlo-untrimmed monte carlo deck (config=mos) -- generated by sim/monte-carlo-untrimmed/run_mc_untrimmed.py, do not edit

option SCALE: Scale is set to 1e-06 for instance and model parameters
option SCALE: Scale is set to 1e-06 for instance and model parameters
option SCALE: Scale is set to 1e-06 for instance and model parameters
option SCALE: Scale is set to 1e-06 for instance and model parameters
Doing analysis at TEMP = -40.000000 and TNOM = 27.000000

Using KLU as Direct Linear Solver

No. of Data Rows : 1
vout = 1.189850e+00
vgdrv = 1.970859e+00
Reset re-loads circuit * monte-carlo-untrimmed monte carlo deck (config=mos) -- generated by sim/monte-carlo-untrimmed/run_mc_untrimmed.py, do not edit

Circuit: * monte-carlo-untrimmed monte carlo deck (config=mos) -- generated by sim/monte-carlo-untrimmed/run_mc_untrimmed.py, do not edit

option SCALE: Scale is set to 1e-06 for instance and model parameters
option SCALE: Scale is set to 1e-06 for instance and model parameters
option SCALE: Scale is set to 1e-06 for instance and model parameters
option SCALE: Scale is set to 1e-06 for instance and model parameters
Doing analysis at TEMP = -40.000000 and TNOM = 27.000000

Using KLU as Direct Linear Solver
 Reference value :  0.00000e+00
No. of Data Rows : 1
vout = 1.180618e+00
vgdrv = 1.970080e+00
Reset re-loads circuit * monte-carlo-untrimmed monte carlo deck (config=mos) -- generated by sim/monte-carlo-untrimmed/run_mc_untrimmed.py, do not edit

Circuit: * monte-carlo-untrimmed monte carlo deck (config=mos) -- generated by sim/monte-carlo-untrimmed/run_mc_untrimmed.py, do not edit

option SCALE: Scale is set to 1e-06 for instance and model parameters
option SCALE: Scale is set to 1e-06 for instance and model parameters
option SCALE: Scale is set to 1e-06 for instance and model parameters
option SCALE: Scale is set to 1e-06 for instance and model parameters
Doing analysis at TEMP = -40.000000 and TNOM = 27.000000

Using KLU as Direct Linear Solver

No. of Data Rows : 1
vout = 1.176888e+00
vgdrv = 1.967730e+00
Reset re-loads circuit * monte-carlo-untrimmed monte carlo deck (config=mos) -- generated by sim/monte-carlo-untrimmed/run_mc_untrimmed.py, do not edit

Circuit: * monte-carlo-untrimmed monte carlo deck (config=mos) -- generated by sim/monte-carlo-untrimmed/run_mc_untrimmed.py, do not edit

option SCALE: Scale is set to 1e-06 for instance and model parameters
option SCALE: Scale is set to 1e-06 for instance and model parameters
option SCALE: Scale is set to 1e-06 for instance and model parameters
option SCALE: Scale is set to 1e-06 for instance and model parameters
Doing analysis at TEMP = -40.000000 and TNOM = 27.000000

Using KLU as Direct Linear Solver

No. of Data Rows : 1
vout = 1.179288e+00
vgdrv = 1.974218e+00
Reset re-loads circuit * monte-carlo-untrimmed monte carlo deck (config=mos) -- generated by sim/monte-carlo-untrimmed/run_mc_untrimmed.py, do not edit

Circuit: * monte-carlo-untrimmed monte carlo deck (config=mos) -- generated by sim/monte-carlo-untrimmed/run_mc_untrimmed.py, do not edit

option SCALE: Scale is set to 1e-06 for instance and model parameters
option SCALE: Scale is set to 1e-06 for instance and model parameters
option SCALE: Scale is set to 1e-06 for instance and model parameters
option SCALE: Scale is set to 1e-06 for instance and model parameters
Doing analysis at TEMP = -40.000000 and TNOM = 27.000000

Using KLU as Direct Linear Solver

No. of Data Rows : 1
vout = 1.174740e+00
vgdrv = 1.975889e+00
Reset re-loads circuit * monte-carlo-untrimmed monte carlo deck (config=mos) -- generated by sim/monte-carlo-untrimmed/run_mc_untrimmed.py, do not edit

Circuit: * monte-carlo-untrimmed monte carlo deck (config=mos) -- generated by sim/monte-carlo-untrimmed/run_mc_untrimmed.py, do not edit

option SCALE: Scale is set to 1e-06 for instance and model parameters
option SCALE: Scale is set to 1e-06 for instance and model parameters
option SCALE: Scale is set to 1e-06 for instance and model parameters
option SCALE: Scale is set to 1e-06 for instance and model parameters
Doing analysis at TEMP = -40.000000 and TNOM = 27.000000

Using KLU as Direct Linear Solver

No. of Data Rows : 1
vout = 1.181058e+00
vgdrv = 1.974956e+00
Reset re-loads circuit * monte-carlo-untrimmed monte carlo deck (config=mos) -- generated by sim/monte-carlo-untrimmed/run_mc_untrimmed.py, do not edit

Circuit: * monte-carlo-untrimmed monte carlo deck (config=mos) -- generated by sim/monte-carlo-untrimmed/run_mc_untrimmed.py, do not edit

option SCALE: Scale is set to 1e-06 for instance and model parameters
option SCALE: Scale is set to 1e-06 for instance and model parameters
option SCALE: Scale is set to 1e-06 for instance and model parameters
option SCALE: Scale is set to 1e-06 for instance and model parameters
Doing analysis at TEMP = -40.000000 and TNOM = 27.000000

Using KLU as Direct Linear Solver

No. of Data Rows : 1
vout = 1.166658e+00
vgdrv = 1.973102e+00
Reset re-loads circuit * monte-carlo-untrimmed monte carlo deck (config=mos) -- generated by sim/monte-carlo-untrimmed/run_mc_untrimmed.py, do not edit

Circuit: * monte-carlo-untrimmed monte carlo deck (config=mos) -- generated by sim/monte-carlo-untrimmed/run_mc_untrimmed.py, do not edit

option SCALE: Scale is set to 1e-06 for instance and model parameters
option SCALE: Scale is set to 1e-06 for instance and model parameters
option SCALE: Scale is set to 1e-06 for instance and model parameters
option SCALE: Scale is set to 1e-06 for instance and model parameters
Doing analysis at TEMP = -40.000000 and TNOM = 27.000000

Using KLU as Direct Linear Solver

No. of Data Rows : 1
vout = 1.181582e+00
vgdrv = 1.971412e+00
Reset re-loads circuit * monte-carlo-untrimmed monte carlo deck (config=mos) -- generated by sim/monte-carlo-untrimmed/run_mc_untrimmed.py, do not edit

Circuit: * monte-carlo-untrimmed monte carlo deck (config=mos) -- generated by sim/monte-carlo-untrimmed/run_mc_untrimmed.py, do not edit

option SCALE: Scale is set to 1e-06 for instance and model parameters
option SCALE: Scale is set to 1e-06 for instance and model parameters
option SCALE: Scale is set to 1e-06 for instance and model parameters
option SCALE: Scale is set to 1e-06 for instance and model parameters
Doing analysis at TEMP = -40.000000 and TNOM = 27.000000

Using KLU as Direct Linear Solver

No. of Data Rows : 1
vout = 1.167654e+00
vgdrv = 1.976288e+00
Reset re-loads circuit * monte-carlo-untrimmed monte carlo deck (config=mos) -- generated by sim/monte-carlo-untrimmed/run_mc_untrimmed.py, do not edit

Circuit: * monte-carlo-untrimmed monte carlo deck (config=mos) -- generated by sim/monte-carlo-untrimmed/run_mc_untrimmed.py, do not edit

option SCALE: Scale is set to 1e-06 for instance and model parameters
option SCALE: Scale is set to 1e-06 for instance and model parameters
option SCALE: Scale is set to 1e-06 for instance and model parameters
option SCALE: Scale is set to 1e-06 for instance and model parameters
Doing analysis at TEMP = -40.000000 and TNOM = 27.000000

Using KLU as Direct Linear Solver

No. of Data Rows : 1
vout = 1.180028e+00
vgdrv = 1.968201e+00
Reset re-loads circuit * monte-carlo-untrimmed monte carlo deck (config=mos) -- generated by sim/monte-carlo-untrimmed/run_mc_untrimmed.py, do not edit

Circuit: * monte-carlo-untrimmed monte carlo deck (config=mos) -- generated by sim/monte-carlo-untrimmed/run_mc_untrimmed.py, do not edit

option SCALE: Scale is set to 1e-06 for instance and model parameters
option SCALE: Scale is set to 1e-06 for instance and model parameters
option SCALE: Scale is set to 1e-06 for instance and model parameters
option SCALE: Scale is set to 1e-06 for instance and model parameters
Doing analysis at TEMP = -40.000000 and TNOM = 27.000000

Using KLU as Direct Linear Solver

No. of Data Rows : 1
vout = 1.182148e+00
vgdrv = 1.971604e+00
Reset re-loads circuit * monte-carlo-untrimmed monte carlo deck (config=mos) -- generated by sim/monte-carlo-untrimmed/run_mc_untrimmed.py, do not edit

Circuit: * monte-carlo-untrimmed monte carlo deck (config=mos) -- generated by sim/monte-carlo-untrimmed/run_mc_untrimmed.py, do not edit

option SCALE: Scale is set to 1e-06 for instance and model parameters
option SCALE: Scale is set to 1e-06 for instance and model parameters
option SCALE: Scale is set to 1e-06 for instance and model parameters
option SCALE: Scale is set to 1e-06 for instance and model parameters
Doing analysis at TEMP = -40.000000 and TNOM = 27.000000

Using KLU as Direct Linear Solver
 Reference value :  0.00000e+00
No. of Data Rows : 1
vout = 1.186295e+00
vgdrv = 1.970602e+00
Reset re-loads circuit * monte-carlo-untrimmed monte carlo deck (config=mos) -- generated by sim/monte-carlo-untrimmed/run_mc_untrimmed.py, do not edit

Circuit: * monte-carlo-untrimmed monte carlo deck (config=mos) -- generated by sim/monte-carlo-untrimmed/run_mc_untrimmed.py, do not edit

option SCALE: Scale is set to 1e-06 for instance and model parameters
option SCALE: Scale is set to 1e-06 for instance and model parameters
option SCALE: Scale is set to 1e-06 for instance and model parameters
option SCALE: Scale is set to 1e-06 for instance and model parameters
Doing analysis at TEMP = -40.000000 and TNOM = 27.000000

Using KLU as Direct Linear Solver

No. of Data Rows : 1
vout = 1.189527e+00
vgdrv = 1.968458e+00
Reset re-loads circuit * monte-carlo-untrimmed monte carlo deck (config=mos) -- generated by sim/monte-carlo-untrimmed/run_mc_untrimmed.py, do not edit

Circuit: * monte-carlo-untrimmed monte carlo deck (config=mos) -- generated by sim/monte-carlo-untrimmed/run_mc_untrimmed.py, do not edit

option SCALE: Scale is set to 1e-06 for instance and model parameters
option SCALE: Scale is set to 1e-06 for instance and model parameters
option SCALE: Scale is set to 1e-06 for instance and model parameters
option SCALE: Scale is set to 1e-06 for instance and model parameters
Doing analysis at TEMP = -40.000000 and TNOM = 27.000000

Using KLU as Direct Linear Solver

No. of Data Rows : 1
vout = 1.176941e+00
vgdrv = 1.975203e+00
Reset re-loads circuit * monte-carlo-untrimmed monte carlo deck (config=mos) -- generated by sim/monte-carlo-untrimmed/run_mc_untrimmed.py, do not edit

Circuit: * monte-carlo-untrimmed monte carlo deck (config=mos) -- generated by sim/monte-carlo-untrimmed/run_mc_untrimmed.py, do not edit

option SCALE: Scale is set to 1e-06 for instance and model parameters
option SCALE: Scale is set to 1e-06 for instance and model parameters
option SCALE: Scale is set to 1e-06 for instance and model parameters
option SCALE: Scale is set to 1e-06 for instance and model parameters
Doing analysis at TEMP = -40.000000 and TNOM = 27.000000

Using KLU as Direct Linear Solver

No. of Data Rows : 1
vout = 1.198032e+00
vgdrv = 1.967196e+00
Reset re-loads circuit * monte-carlo-untrimmed monte carlo deck (config=mos) -- generated by sim/monte-carlo-untrimmed/run_mc_untrimmed.py, do not edit

Circuit: * monte-carlo-untrimmed monte carlo deck (config=mos) -- generated by sim/monte-carlo-untrimmed/run_mc_untrimmed.py, do not edit

option SCALE: Scale is set to 1e-06 for instance and model parameters
option SCALE: Scale is set to 1e-06 for instance and model parameters
option SCALE: Scale is set to 1e-06 for instance and model parameters
option SCALE: Scale is set to 1e-06 for instance and model parameters
Doing analysis at TEMP = -40.000000 and TNOM = 27.000000

Using KLU as Direct Linear Solver

No. of Data Rows : 1
vout = 1.189000e+00
vgdrv = 1.972650e+00
Reset re-loads circuit * monte-carlo-untrimmed monte carlo deck (config=mos) -- generated by sim/monte-carlo-untrimmed/run_mc_untrimmed.py, do not edit

Circuit: * monte-carlo-untrimmed monte carlo deck (config=mos) -- generated by sim/monte-carlo-untrimmed/run_mc_untrimmed.py, do not edit

option SCALE: Scale is set to 1e-06 for instance and model parameters
option SCALE: Scale is set to 1e-06 for instance and model parameters
option SCALE: Scale is set to 1e-06 for instance and model parameters
option SCALE: Scale is set to 1e-06 for instance and model parameters
Doing analysis at TEMP = -40.000000 and TNOM = 27.000000

Using KLU as Direct Linear Solver

No. of Data Rows : 1
vout = 1.185095e+00
vgdrv = 1.971954e+00
Reset re-loads circuit * monte-carlo-untrimmed monte carlo deck (config=mos) -- generated by sim/monte-carlo-untrimmed/run_mc_untrimmed.py, do not edit

Circuit: * monte-carlo-untrimmed monte carlo deck (config=mos) -- generated by sim/monte-carlo-untrimmed/run_mc_untrimmed.py, do not edit

option SCALE: Scale is set to 1e-06 for instance and model parameters
option SCALE: Scale is set to 1e-06 for instance and model parameters
option SCALE: Scale is set to 1e-06 for instance and model parameters
option SCALE: Scale is set to 1e-06 for instance and model parameters
Doing analysis at TEMP = -40.000000 and TNOM = 27.000000

Using KLU as Direct Linear Solver

No. of Data Rows : 1
vout = 1.193669e+00
vgdrv = 1.969516e+00
Reset re-loads circuit * monte-carlo-untrimmed monte carlo deck (config=mos) -- generated by sim/monte-carlo-untrimmed/run_mc_untrimmed.py, do not edit

Circuit: * monte-carlo-untrimmed monte carlo deck (config=mos) -- generated by sim/monte-carlo-untrimmed/run_mc_untrimmed.py, do not edit

option SCALE: Scale is set to 1e-06 for instance and model parameters
option SCALE: Scale is set to 1e-06 for instance and model parameters
option SCALE: Scale is set to 1e-06 for instance and model parameters
option SCALE: Scale is set to 1e-06 for instance and model parameters
Doing analysis at TEMP = -40.000000 and TNOM = 27.000000

Using KLU as Direct Linear Solver

No. of Data Rows : 1
vout = 1.175387e+00
vgdrv = 1.974267e+00
Reset re-loads circuit * monte-carlo-untrimmed monte carlo deck (config=mos) -- generated by sim/monte-carlo-untrimmed/run_mc_untrimmed.py, do not edit

Circuit: * monte-carlo-untrimmed monte carlo deck (config=mos) -- generated by sim/monte-carlo-untrimmed/run_mc_untrimmed.py, do not edit

option SCALE: Scale is set to 1e-06 for instance and model parameters
option SCALE: Scale is set to 1e-06 for instance and model parameters
option SCALE: Scale is set to 1e-06 for instance and model parameters
option SCALE: Scale is set to 1e-06 for instance and model parameters
Doing analysis at TEMP = -40.000000 and TNOM = 27.000000

Using KLU as Direct Linear Solver

No. of Data Rows : 1
vout = 1.181769e+00
vgdrv = 1.976413e+00
Reset re-loads circuit * monte-carlo-untrimmed monte carlo deck (config=mos) -- generated by sim/monte-carlo-untrimmed/run_mc_untrimmed.py, do not edit

Circuit: * monte-carlo-untrimmed monte carlo deck (config=mos) -- generated by sim/monte-carlo-untrimmed/run_mc_untrimmed.py, do not edit

option SCALE: Scale is set to 1e-06 for instance and model parameters
option SCALE: Scale is set to 1e-06 for instance and model parameters
option SCALE: Scale is set to 1e-06 for instance and model parameters
option SCALE: Scale is set to 1e-06 for instance and model parameters
Doing analysis at TEMP = -40.000000 and TNOM = 27.000000

Using KLU as Direct Linear Solver

No. of Data Rows : 1
vout = 1.181536e+00
vgdrv = 1.972516e+00
Reset re-loads circuit * monte-carlo-untrimmed monte carlo deck (config=mos) -- generated by sim/monte-carlo-untrimmed/run_mc_untrimmed.py, do not edit

Circuit: * monte-carlo-untrimmed monte carlo deck (config=mos) -- generated by sim/monte-carlo-untrimmed/run_mc_untrimmed.py, do not edit

option SCALE: Scale is set to 1e-06 for instance and model parameters
option SCALE: Scale is set to 1e-06 for instance and model parameters
option SCALE: Scale is set to 1e-06 for instance and model parameters
option SCALE: Scale is set to 1e-06 for instance and model parameters
Doing analysis at TEMP = -40.000000 and TNOM = 27.000000

Using KLU as Direct Linear Solver
 Reference value :  0.00000e+00
No. of Data Rows : 1
vout = 1.180812e+00
vgdrv = 1.966574e+00
Reset re-loads circuit * monte-carlo-untrimmed monte carlo deck (config=mos) -- generated by sim/monte-carlo-untrimmed/run_mc_untrimmed.py, do not edit

Circuit: * monte-carlo-untrimmed monte carlo deck (config=mos) -- generated by sim/monte-carlo-untrimmed/run_mc_untrimmed.py, do not edit

option SCALE: Scale is set to 1e-06 for instance and model parameters
option SCALE: Scale is set to 1e-06 for instance and model parameters
option SCALE: Scale is set to 1e-06 for instance and model parameters
option SCALE: Scale is set to 1e-06 for instance and model parameters
Doing analysis at TEMP = -40.000000 and TNOM = 27.000000

Using KLU as Direct Linear Solver

No. of Data Rows : 1
vout = 1.186651e+00
vgdrv = 1.967299e+00
Reset re-loads circuit * monte-carlo-untrimmed monte carlo deck (config=mos) -- generated by sim/monte-carlo-untrimmed/run_mc_untrimmed.py, do not edit

Circuit: * monte-carlo-untrimmed monte carlo deck (config=mos) -- generated by sim/monte-carlo-untrimmed/run_mc_untrimmed.py, do not edit

option SCALE: Scale is set to 1e-06 for instance and model parameters
option SCALE: Scale is set to 1e-06 for instance and model parameters
option SCALE: Scale is set to 1e-06 for instance and model parameters
option SCALE: Scale is set to 1e-06 for instance and model parameters
Doing analysis at TEMP = -40.000000 and TNOM = 27.000000

Using KLU as Direct Linear Solver

No. of Data Rows : 1
vout = 1.176553e+00
vgdrv = 1.972081e+00
Reset re-loads circuit * monte-carlo-untrimmed monte carlo deck (config=mos) -- generated by sim/monte-carlo-untrimmed/run_mc_untrimmed.py, do not edit

Circuit: * monte-carlo-untrimmed monte carlo deck (config=mos) -- generated by sim/monte-carlo-untrimmed/run_mc_untrimmed.py, do not edit

option SCALE: Scale is set to 1e-06 for instance and model parameters
option SCALE: Scale is set to 1e-06 for instance and model parameters
option SCALE: Scale is set to 1e-06 for instance and model parameters
option SCALE: Scale is set to 1e-06 for instance and model parameters
Doing analysis at TEMP = -40.000000 and TNOM = 27.000000

Using KLU as Direct Linear Solver

No. of Data Rows : 1
vout = 1.180247e+00
vgdrv = 1.968658e+00
Reset re-loads circuit * monte-carlo-untrimmed monte carlo deck (config=mos) -- generated by sim/monte-carlo-untrimmed/run_mc_untrimmed.py, do not edit

Circuit: * monte-carlo-untrimmed monte carlo deck (config=mos) -- generated by sim/monte-carlo-untrimmed/run_mc_untrimmed.py, do not edit

option SCALE: Scale is set to 1e-06 for instance and model parameters
option SCALE: Scale is set to 1e-06 for instance and model parameters
option SCALE: Scale is set to 1e-06 for instance and model parameters
option SCALE: Scale is set to 1e-06 for instance and model parameters
Doing analysis at TEMP = -40.000000 and TNOM = 27.000000

Using KLU as Direct Linear Solver

No. of Data Rows : 1
vout = 1.182838e+00
vgdrv = 1.971542e+00
Reset re-loads circuit * monte-carlo-untrimmed monte carlo deck (config=mos) -- generated by sim/monte-carlo-untrimmed/run_mc_untrimmed.py, do not edit

Circuit: * monte-carlo-untrimmed monte carlo deck (config=mos) -- generated by sim/monte-carlo-untrimmed/run_mc_untrimmed.py, do not edit

option SCALE: Scale is set to 1e-06 for instance and model parameters
option SCALE: Scale is set to 1e-06 for instance and model parameters
option SCALE: Scale is set to 1e-06 for instance and model parameters
option SCALE: Scale is set to 1e-06 for instance and model parameters
Doing analysis at TEMP = -40.000000 and TNOM = 27.000000

Using KLU as Direct Linear Solver

No. of Data Rows : 1
vout = 1.182495e+00
vgdrv = 1.971047e+00
Reset re-loads circuit * monte-carlo-untrimmed monte carlo deck (config=mos) -- generated by sim/monte-carlo-untrimmed/run_mc_untrimmed.py, do not edit

Circuit: * monte-carlo-untrimmed monte carlo deck (config=mos) -- generated by sim/monte-carlo-untrimmed/run_mc_untrimmed.py, do not edit

option SCALE: Scale is set to 1e-06 for instance and model parameters
option SCALE: Scale is set to 1e-06 for instance and model parameters
option SCALE: Scale is set to 1e-06 for instance and model parameters
option SCALE: Scale is set to 1e-06 for instance and model parameters
Doing analysis at TEMP = -40.000000 and TNOM = 27.000000

Using KLU as Direct Linear Solver

No. of Data Rows : 1
vout = 1.191935e+00
vgdrv = 1.970626e+00
Reset re-loads circuit * monte-carlo-untrimmed monte carlo deck (config=mos) -- generated by sim/monte-carlo-untrimmed/run_mc_untrimmed.py, do not edit

Circuit: * monte-carlo-untrimmed monte carlo deck (config=mos) -- generated by sim/monte-carlo-untrimmed/run_mc_untrimmed.py, do not edit

option SCALE: Scale is set to 1e-06 for instance and model parameters
option SCALE: Scale is set to 1e-06 for instance and model parameters
option SCALE: Scale is set to 1e-06 for instance and model parameters
option SCALE: Scale is set to 1e-06 for instance and model parameters
Doing analysis at TEMP = -40.000000 and TNOM = 27.000000

Using KLU as Direct Linear Solver

No. of Data Rows : 1
vout = 1.174720e+00
vgdrv = 1.974559e+00
Reset re-loads circuit * monte-carlo-untrimmed monte carlo deck (config=mos) -- generated by sim/monte-carlo-untrimmed/run_mc_untrimmed.py, do not edit

Circuit: * monte-carlo-untrimmed monte carlo deck (config=mos) -- generated by sim/monte-carlo-untrimmed/run_mc_untrimmed.py, do not edit

option SCALE: Scale is set to 1e-06 for instance and model parameters
option SCALE: Scale is set to 1e-06 for instance and model parameters
option SCALE: Scale is set to 1e-06 for instance and model parameters
option SCALE: Scale is set to 1e-06 for instance and model parameters
Doing analysis at TEMP = -40.000000 and TNOM = 27.000000

Using KLU as Direct Linear Solver
 Reference value :  0.00000e+00
No. of Data Rows : 1
vout = 1.178316e+00
vgdrv = 1.973880e+00
Reset re-loads circuit * monte-carlo-untrimmed monte carlo deck (config=mos) -- generated by sim/monte-carlo-untrimmed/run_mc_untrimmed.py, do not edit

Circuit: * monte-carlo-untrimmed monte carlo deck (config=mos) -- generated by sim/monte-carlo-untrimmed/run_mc_untrimmed.py, do not edit

option SCALE: Scale is set to 1e-06 for instance and model parameters
option SCALE: Scale is set to 1e-06 for instance and model parameters
option SCALE: Scale is set to 1e-06 for instance and model parameters
option SCALE: Scale is set to 1e-06 for instance and model parameters
Doing analysis at TEMP = -40.000000 and TNOM = 27.000000

Using KLU as Direct Linear Solver

No. of Data Rows : 1
vout = 1.180610e+00
vgdrv = 1.974368e+00
Reset re-loads circuit * monte-carlo-untrimmed monte carlo deck (config=mos) -- generated by sim/monte-carlo-untrimmed/run_mc_untrimmed.py, do not edit

Circuit: * monte-carlo-untrimmed monte carlo deck (config=mos) -- generated by sim/monte-carlo-untrimmed/run_mc_untrimmed.py, do not edit

option SCALE: Scale is set to 1e-06 for instance and model parameters
option SCALE: Scale is set to 1e-06 for instance and model parameters
option SCALE: Scale is set to 1e-06 for instance and model parameters
option SCALE: Scale is set to 1e-06 for instance and model parameters
Doing analysis at TEMP = -40.000000 and TNOM = 27.000000

Using KLU as Direct Linear Solver

No. of Data Rows : 1
vout = 1.185168e+00
vgdrv = 1.968357e+00
Reset re-loads circuit * monte-carlo-untrimmed monte carlo deck (config=mos) -- generated by sim/monte-carlo-untrimmed/run_mc_untrimmed.py, do not edit

Circuit: * monte-carlo-untrimmed monte carlo deck (config=mos) -- generated by sim/monte-carlo-untrimmed/run_mc_untrimmed.py, do not edit

option SCALE: Scale is set to 1e-06 for instance and model parameters
option SCALE: Scale is set to 1e-06 for instance and model parameters
option SCALE: Scale is set to 1e-06 for instance and model parameters
option SCALE: Scale is set to 1e-06 for instance and model parameters
Doing analysis at TEMP = -40.000000 and TNOM = 27.000000

Using KLU as Direct Linear Solver

No. of Data Rows : 1
vout = 1.177738e+00
vgdrv = 1.976008e+00
Reset re-loads circuit * monte-carlo-untrimmed monte carlo deck (config=mos) -- generated by sim/monte-carlo-untrimmed/run_mc_untrimmed.py, do not edit

Circuit: * monte-carlo-untrimmed monte carlo deck (config=mos) -- generated by sim/monte-carlo-untrimmed/run_mc_untrimmed.py, do not edit

option SCALE: Scale is set to 1e-06 for instance and model parameters
option SCALE: Scale is set to 1e-06 for instance and model parameters
option SCALE: Scale is set to 1e-06 for instance and model parameters
option SCALE: Scale is set to 1e-06 for instance and model parameters
Doing analysis at TEMP = -40.000000 and TNOM = 27.000000

Using KLU as Direct Linear Solver

No. of Data Rows : 1
vout = 1.173587e+00
vgdrv = 1.974400e+00
Reset re-loads circuit * monte-carlo-untrimmed monte carlo deck (config=mos) -- generated by sim/monte-carlo-untrimmed/run_mc_untrimmed.py, do not edit

Circuit: * monte-carlo-untrimmed monte carlo deck (config=mos) -- generated by sim/monte-carlo-untrimmed/run_mc_untrimmed.py, do not edit

option SCALE: Scale is set to 1e-06 for instance and model parameters
option SCALE: Scale is set to 1e-06 for instance and model parameters
option SCALE: Scale is set to 1e-06 for instance and model parameters
option SCALE: Scale is set to 1e-06 for instance and model parameters
Doing analysis at TEMP = -40.000000 and TNOM = 27.000000

Using KLU as Direct Linear Solver

No. of Data Rows : 1
vout = 1.171237e+00
vgdrv = 1.975469e+00
Reset re-loads circuit * monte-carlo-untrimmed monte carlo deck (config=mos) -- generated by sim/monte-carlo-untrimmed/run_mc_untrimmed.py, do not edit

Circuit: * monte-carlo-untrimmed monte carlo deck (config=mos) -- generated by sim/monte-carlo-untrimmed/run_mc_untrimmed.py, do not edit

option SCALE: Scale is set to 1e-06 for instance and model parameters
option SCALE: Scale is set to 1e-06 for instance and model parameters
option SCALE: Scale is set to 1e-06 for instance and model parameters
option SCALE: Scale is set to 1e-06 for instance and model parameters
Doing analysis at TEMP = -40.000000 and TNOM = 27.000000

Using KLU as Direct Linear Solver

No. of Data Rows : 1
vout = 1.188339e+00
vgdrv = 1.971528e+00
Reset re-loads circuit * monte-carlo-untrimmed monte carlo deck (config=mos) -- generated by sim/monte-carlo-untrimmed/run_mc_untrimmed.py, do not edit

Circuit: * monte-carlo-untrimmed monte carlo deck (config=mos) -- generated by sim/monte-carlo-untrimmed/run_mc_untrimmed.py, do not edit

option SCALE: Scale is set to 1e-06 for instance and model parameters
option SCALE: Scale is set to 1e-06 for instance and model parameters
option SCALE: Scale is set to 1e-06 for instance and model parameters
option SCALE: Scale is set to 1e-06 for instance and model parameters
Doing analysis at TEMP = -40.000000 and TNOM = 27.000000

Using KLU as Direct Linear Solver

No. of Data Rows : 1
vout = 1.181717e+00
vgdrv = 1.970377e+00
Reset re-loads circuit * monte-carlo-untrimmed monte carlo deck (config=mos) -- generated by sim/monte-carlo-untrimmed/run_mc_untrimmed.py, do not edit

Circuit: * monte-carlo-untrimmed monte carlo deck (config=mos) -- generated by sim/monte-carlo-untrimmed/run_mc_untrimmed.py, do not edit

option SCALE: Scale is set to 1e-06 for instance and model parameters
option SCALE: Scale is set to 1e-06 for instance and model parameters
option SCALE: Scale is set to 1e-06 for instance and model parameters
option SCALE: Scale is set to 1e-06 for instance and model parameters
Doing analysis at TEMP = -40.000000 and TNOM = 27.000000

Using KLU as Direct Linear Solver

No. of Data Rows : 1
vout = 1.177861e+00
vgdrv = 1.976696e+00
Reset re-loads circuit * monte-carlo-untrimmed monte carlo deck (config=mos) -- generated by sim/monte-carlo-untrimmed/run_mc_untrimmed.py, do not edit

Circuit: * monte-carlo-untrimmed monte carlo deck (config=mos) -- generated by sim/monte-carlo-untrimmed/run_mc_untrimmed.py, do not edit

option SCALE: Scale is set to 1e-06 for instance and model parameters
option SCALE: Scale is set to 1e-06 for instance and model parameters
option SCALE: Scale is set to 1e-06 for instance and model parameters
option SCALE: Scale is set to 1e-06 for instance and model parameters
Doing analysis at TEMP = -40.000000 and TNOM = 27.000000

Using KLU as Direct Linear Solver
 Reference value :  0.00000e+00
No. of Data Rows : 1
vout = 1.173193e+00
vgdrv = 1.977301e+00
Reset re-loads circuit * monte-carlo-untrimmed monte carlo deck (config=mos) -- generated by sim/monte-carlo-untrimmed/run_mc_untrimmed.py, do not edit

Circuit: * monte-carlo-untrimmed monte carlo deck (config=mos) -- generated by sim/monte-carlo-untrimmed/run_mc_untrimmed.py, do not edit

option SCALE: Scale is set to 1e-06 for instance and model parameters
option SCALE: Scale is set to 1e-06 for instance and model parameters
option SCALE: Scale is set to 1e-06 for instance and model parameters
option SCALE: Scale is set to 1e-06 for instance and model parameters
Doing analysis at TEMP = -40.000000 and TNOM = 27.000000

Using KLU as Direct Linear Solver

No. of Data Rows : 1
vout = 1.179454e+00
vgdrv = 1.976375e+00
Reset re-loads circuit * monte-carlo-untrimmed monte carlo deck (config=mos) -- generated by sim/monte-carlo-untrimmed/run_mc_untrimmed.py, do not edit

Circuit: * monte-carlo-untrimmed monte carlo deck (config=mos) -- generated by sim/monte-carlo-untrimmed/run_mc_untrimmed.py, do not edit

option SCALE: Scale is set to 1e-06 for instance and model parameters
option SCALE: Scale is set to 1e-06 for instance and model parameters
option SCALE: Scale is set to 1e-06 for instance and model parameters
option SCALE: Scale is set to 1e-06 for instance and model parameters
Doing analysis at TEMP = -40.000000 and TNOM = 27.000000

Using KLU as Direct Linear Solver

No. of Data Rows : 1
vout = 1.171072e+00
vgdrv = 1.972661e+00
Reset re-loads circuit * monte-carlo-untrimmed monte carlo deck (config=mos) -- generated by sim/monte-carlo-untrimmed/run_mc_untrimmed.py, do not edit

Circuit: * monte-carlo-untrimmed monte carlo deck (config=mos) -- generated by sim/monte-carlo-untrimmed/run_mc_untrimmed.py, do not edit

option SCALE: Scale is set to 1e-06 for instance and model parameters
option SCALE: Scale is set to 1e-06 for instance and model parameters
option SCALE: Scale is set to 1e-06 for instance and model parameters
option SCALE: Scale is set to 1e-06 for instance and model parameters
Doing analysis at TEMP = -40.000000 and TNOM = 27.000000

Using KLU as Direct Linear Solver

No. of Data Rows : 1
vout = 1.179568e+00
vgdrv = 1.975162e+00
Reset re-loads circuit * monte-carlo-untrimmed monte carlo deck (config=mos) -- generated by sim/monte-carlo-untrimmed/run_mc_untrimmed.py, do not edit

Circuit: * monte-carlo-untrimmed monte carlo deck (config=mos) -- generated by sim/monte-carlo-untrimmed/run_mc_untrimmed.py, do not edit

option SCALE: Scale is set to 1e-06 for instance and model parameters
option SCALE: Scale is set to 1e-06 for instance and model parameters
option SCALE: Scale is set to 1e-06 for instance and model parameters
option SCALE: Scale is set to 1e-06 for instance and model parameters
Doing analysis at TEMP = -40.000000 and TNOM = 27.000000

Using KLU as Direct Linear Solver

No. of Data Rows : 1
vout = 1.176441e+00
vgdrv = 1.972092e+00
Reset re-loads circuit * monte-carlo-untrimmed monte carlo deck (config=mos) -- generated by sim/monte-carlo-untrimmed/run_mc_untrimmed.py, do not edit

Circuit: * monte-carlo-untrimmed monte carlo deck (config=mos) -- generated by sim/monte-carlo-untrimmed/run_mc_untrimmed.py, do not edit

option SCALE: Scale is set to 1e-06 for instance and model parameters
option SCALE: Scale is set to 1e-06 for instance and model parameters
option SCALE: Scale is set to 1e-06 for instance and model parameters
option SCALE: Scale is set to 1e-06 for instance and model parameters
Doing analysis at TEMP = -40.000000 and TNOM = 27.000000

Using KLU as Direct Linear Solver

No. of Data Rows : 1
vout = 1.175631e+00
vgdrv = 1.976313e+00
Reset re-loads circuit * monte-carlo-untrimmed monte carlo deck (config=mos) -- generated by sim/monte-carlo-untrimmed/run_mc_untrimmed.py, do not edit

Circuit: * monte-carlo-untrimmed monte carlo deck (config=mos) -- generated by sim/monte-carlo-untrimmed/run_mc_untrimmed.py, do not edit

option SCALE: Scale is set to 1e-06 for instance and model parameters
option SCALE: Scale is set to 1e-06 for instance and model parameters
option SCALE: Scale is set to 1e-06 for instance and model parameters
option SCALE: Scale is set to 1e-06 for instance and model parameters
Doing analysis at TEMP = -40.000000 and TNOM = 27.000000

Using KLU as Direct Linear Solver

No. of Data Rows : 1
vout = 1.187971e+00
vgdrv = 1.967858e+00
Reset re-loads circuit * monte-carlo-untrimmed monte carlo deck (config=mos) -- generated by sim/monte-carlo-untrimmed/run_mc_untrimmed.py, do not edit

Circuit: * monte-carlo-untrimmed monte carlo deck (config=mos) -- generated by sim/monte-carlo-untrimmed/run_mc_untrimmed.py, do not edit

option SCALE: Scale is set to 1e-06 for instance and model parameters
option SCALE: Scale is set to 1e-06 for instance and model parameters
option SCALE: Scale is set to 1e-06 for instance and model parameters
option SCALE: Scale is set to 1e-06 for instance and model parameters
Doing analysis at TEMP = -40.000000 and TNOM = 27.000000

Using KLU as Direct Linear Solver

No. of Data Rows : 1
vout = 1.185461e+00
vgdrv = 1.969741e+00
Reset re-loads circuit * monte-carlo-untrimmed monte carlo deck (config=mos) -- generated by sim/monte-carlo-untrimmed/run_mc_untrimmed.py, do not edit

Circuit: * monte-carlo-untrimmed monte carlo deck (config=mos) -- generated by sim/monte-carlo-untrimmed/run_mc_untrimmed.py, do not edit

option SCALE: Scale is set to 1e-06 for instance and model parameters
option SCALE: Scale is set to 1e-06 for instance and model parameters
option SCALE: Scale is set to 1e-06 for instance and model parameters
option SCALE: Scale is set to 1e-06 for instance and model parameters
Doing analysis at TEMP = -40.000000 and TNOM = 27.000000

Using KLU as Direct Linear Solver

No. of Data Rows : 1
vout = 1.179606e+00
vgdrv = 1.971507e+00
Reset re-loads circuit * monte-carlo-untrimmed monte carlo deck (config=mos) -- generated by sim/monte-carlo-untrimmed/run_mc_untrimmed.py, do not edit

Circuit: * monte-carlo-untrimmed monte carlo deck (config=mos) -- generated by sim/monte-carlo-untrimmed/run_mc_untrimmed.py, do not edit

option SCALE: Scale is set to 1e-06 for instance and model parameters
option SCALE: Scale is set to 1e-06 for instance and model parameters
option SCALE: Scale is set to 1e-06 for instance and model parameters
option SCALE: Scale is set to 1e-06 for instance and model parameters
Doing analysis at TEMP = -40.000000 and TNOM = 27.000000

Using KLU as Direct Linear Solver
 Reference value :  0.00000e+00
No. of Data Rows : 1
vout = 1.179957e+00
vgdrv = 1.971305e+00
Reset re-loads circuit * monte-carlo-untrimmed monte carlo deck (config=mos) -- generated by sim/monte-carlo-untrimmed/run_mc_untrimmed.py, do not edit

Circuit: * monte-carlo-untrimmed monte carlo deck (config=mos) -- generated by sim/monte-carlo-untrimmed/run_mc_untrimmed.py, do not edit

option SCALE: Scale is set to 1e-06 for instance and model parameters
option SCALE: Scale is set to 1e-06 for instance and model parameters
option SCALE: Scale is set to 1e-06 for instance and model parameters
option SCALE: Scale is set to 1e-06 for instance and model parameters
Doing analysis at TEMP = -40.000000 and TNOM = 27.000000

Using KLU as Direct Linear Solver

No. of Data Rows : 1
vout = 1.180843e+00
vgdrv = 1.971354e+00
Reset re-loads circuit * monte-carlo-untrimmed monte carlo deck (config=mos) -- generated by sim/monte-carlo-untrimmed/run_mc_untrimmed.py, do not edit

Circuit: * monte-carlo-untrimmed monte carlo deck (config=mos) -- generated by sim/monte-carlo-untrimmed/run_mc_untrimmed.py, do not edit

option SCALE: Scale is set to 1e-06 for instance and model parameters
option SCALE: Scale is set to 1e-06 for instance and model parameters
option SCALE: Scale is set to 1e-06 for instance and model parameters
option SCALE: Scale is set to 1e-06 for instance and model parameters
Doing analysis at TEMP = -40.000000 and TNOM = 27.000000

Using KLU as Direct Linear Solver

No. of Data Rows : 1
vout = 1.183715e+00
vgdrv = 1.971271e+00
Reset re-loads circuit * monte-carlo-untrimmed monte carlo deck (config=mos) -- generated by sim/monte-carlo-untrimmed/run_mc_untrimmed.py, do not edit

Circuit: * monte-carlo-untrimmed monte carlo deck (config=mos) -- generated by sim/monte-carlo-untrimmed/run_mc_untrimmed.py, do not edit

option SCALE: Scale is set to 1e-06 for instance and model parameters
option SCALE: Scale is set to 1e-06 for instance and model parameters
option SCALE: Scale is set to 1e-06 for instance and model parameters
option SCALE: Scale is set to 1e-06 for instance and model parameters
Doing analysis at TEMP = -40.000000 and TNOM = 27.000000

Using KLU as Direct Linear Solver

No. of Data Rows : 1
vout = 1.175000e+00
vgdrv = 1.972299e+00
Reset re-loads circuit * monte-carlo-untrimmed monte carlo deck (config=mos) -- generated by sim/monte-carlo-untrimmed/run_mc_untrimmed.py, do not edit

Circuit: * monte-carlo-untrimmed monte carlo deck (config=mos) -- generated by sim/monte-carlo-untrimmed/run_mc_untrimmed.py, do not edit

option SCALE: Scale is set to 1e-06 for instance and model parameters
option SCALE: Scale is set to 1e-06 for instance and model parameters
option SCALE: Scale is set to 1e-06 for instance and model parameters
option SCALE: Scale is set to 1e-06 for instance and model parameters
Doing analysis at TEMP = -40.000000 and TNOM = 27.000000

Using KLU as Direct Linear Solver

No. of Data Rows : 1
vout = 1.177246e+00
vgdrv = 1.972754e+00
Reset re-loads circuit * monte-carlo-untrimmed monte carlo deck (config=mos) -- generated by sim/monte-carlo-untrimmed/run_mc_untrimmed.py, do not edit

Circuit: * monte-carlo-untrimmed monte carlo deck (config=mos) -- generated by sim/monte-carlo-untrimmed/run_mc_untrimmed.py, do not edit

option SCALE: Scale is set to 1e-06 for instance and model parameters
option SCALE: Scale is set to 1e-06 for instance and model parameters
option SCALE: Scale is set to 1e-06 for instance and model parameters
option SCALE: Scale is set to 1e-06 for instance and model parameters
Doing analysis at TEMP = -40.000000 and TNOM = 27.000000

Using KLU as Direct Linear Solver

No. of Data Rows : 1
vout = 1.185901e+00
vgdrv = 1.970851e+00
Reset re-loads circuit * monte-carlo-untrimmed monte carlo deck (config=mos) -- generated by sim/monte-carlo-untrimmed/run_mc_untrimmed.py, do not edit

Circuit: * monte-carlo-untrimmed monte carlo deck (config=mos) -- generated by sim/monte-carlo-untrimmed/run_mc_untrimmed.py, do not edit

option SCALE: Scale is set to 1e-06 for instance and model parameters
option SCALE: Scale is set to 1e-06 for instance and model parameters
option SCALE: Scale is set to 1e-06 for instance and model parameters
option SCALE: Scale is set to 1e-06 for instance and model parameters
Doing analysis at TEMP = -40.000000 and TNOM = 27.000000

Using KLU as Direct Linear Solver

No. of Data Rows : 1
vout = 1.187728e+00
vgdrv = 1.973331e+00
Reset re-loads circuit * monte-carlo-untrimmed monte carlo deck (config=mos) -- generated by sim/monte-carlo-untrimmed/run_mc_untrimmed.py, do not edit

Circuit: * monte-carlo-untrimmed monte carlo deck (config=mos) -- generated by sim/monte-carlo-untrimmed/run_mc_untrimmed.py, do not edit

option SCALE: Scale is set to 1e-06 for instance and model parameters
option SCALE: Scale is set to 1e-06 for instance and model parameters
option SCALE: Scale is set to 1e-06 for instance and model parameters
option SCALE: Scale is set to 1e-06 for instance and model parameters
Doing analysis at TEMP = -40.000000 and TNOM = 27.000000

Using KLU as Direct Linear Solver

No. of Data Rows : 1
vout = 1.187390e+00
vgdrv = 1.968507e+00
Reset re-loads circuit * monte-carlo-untrimmed monte carlo deck (config=mos) -- generated by sim/monte-carlo-untrimmed/run_mc_untrimmed.py, do not edit

Circuit: * monte-carlo-untrimmed monte carlo deck (config=mos) -- generated by sim/monte-carlo-untrimmed/run_mc_untrimmed.py, do not edit

option SCALE: Scale is set to 1e-06 for instance and model parameters
option SCALE: Scale is set to 1e-06 for instance and model parameters
option SCALE: Scale is set to 1e-06 for instance and model parameters
option SCALE: Scale is set to 1e-06 for instance and model parameters
Doing analysis at TEMP = -40.000000 and TNOM = 27.000000

Using KLU as Direct Linear Solver

No. of Data Rows : 1
vout = 1.175290e+00
vgdrv = 1.975347e+00
Reset re-loads circuit * monte-carlo-untrimmed monte carlo deck (config=mos) -- generated by sim/monte-carlo-untrimmed/run_mc_untrimmed.py, do not edit

Circuit: * monte-carlo-untrimmed monte carlo deck (config=mos) -- generated by sim/monte-carlo-untrimmed/run_mc_untrimmed.py, do not edit

option SCALE: Scale is set to 1e-06 for instance and model parameters
option SCALE: Scale is set to 1e-06 for instance and model parameters
option SCALE: Scale is set to 1e-06 for instance and model parameters
option SCALE: Scale is set to 1e-06 for instance and model parameters
Doing analysis at TEMP = -40.000000 and TNOM = 27.000000

Using KLU as Direct Linear Solver
 Reference value :  0.00000e+00
No. of Data Rows : 1
vout = 1.185883e+00
vgdrv = 1.968026e+00
Reset re-loads circuit * monte-carlo-untrimmed monte carlo deck (config=mos) -- generated by sim/monte-carlo-untrimmed/run_mc_untrimmed.py, do not edit

Circuit: * monte-carlo-untrimmed monte carlo deck (config=mos) -- generated by sim/monte-carlo-untrimmed/run_mc_untrimmed.py, do not edit

option SCALE: Scale is set to 1e-06 for instance and model parameters
option SCALE: Scale is set to 1e-06 for instance and model parameters
option SCALE: Scale is set to 1e-06 for instance and model parameters
option SCALE: Scale is set to 1e-06 for instance and model parameters
Doing analysis at TEMP = -40.000000 and TNOM = 27.000000

Using KLU as Direct Linear Solver

No. of Data Rows : 1
vout = 1.183643e+00
vgdrv = 1.972383e+00
Reset re-loads circuit * monte-carlo-untrimmed monte carlo deck (config=mos) -- generated by sim/monte-carlo-untrimmed/run_mc_untrimmed.py, do not edit

Circuit: * monte-carlo-untrimmed monte carlo deck (config=mos) -- generated by sim/monte-carlo-untrimmed/run_mc_untrimmed.py, do not edit

option SCALE: Scale is set to 1e-06 for instance and model parameters
option SCALE: Scale is set to 1e-06 for instance and model parameters
option SCALE: Scale is set to 1e-06 for instance and model parameters
option SCALE: Scale is set to 1e-06 for instance and model parameters
Doing analysis at TEMP = -40.000000 and TNOM = 27.000000

Using KLU as Direct Linear Solver

No. of Data Rows : 1
vout = 1.177830e+00
vgdrv = 1.972201e+00
Reset re-loads circuit * monte-carlo-untrimmed monte carlo deck (config=mos) -- generated by sim/monte-carlo-untrimmed/run_mc_untrimmed.py, do not edit

Circuit: * monte-carlo-untrimmed monte carlo deck (config=mos) -- generated by sim/monte-carlo-untrimmed/run_mc_untrimmed.py, do not edit

option SCALE: Scale is set to 1e-06 for instance and model parameters
option SCALE: Scale is set to 1e-06 for instance and model parameters
option SCALE: Scale is set to 1e-06 for instance and model parameters
option SCALE: Scale is set to 1e-06 for instance and model parameters
Doing analysis at TEMP = -40.000000 and TNOM = 27.000000

Using KLU as Direct Linear Solver

No. of Data Rows : 1
vout = 1.179151e+00
vgdrv = 1.974049e+00
Reset re-loads circuit * monte-carlo-untrimmed monte carlo deck (config=mos) -- generated by sim/monte-carlo-untrimmed/run_mc_untrimmed.py, do not edit

Circuit: * monte-carlo-untrimmed monte carlo deck (config=mos) -- generated by sim/monte-carlo-untrimmed/run_mc_untrimmed.py, do not edit

option SCALE: Scale is set to 1e-06 for instance and model parameters
option SCALE: Scale is set to 1e-06 for instance and model parameters
option SCALE: Scale is set to 1e-06 for instance and model parameters
option SCALE: Scale is set to 1e-06 for instance and model parameters
Doing analysis at TEMP = -40.000000 and TNOM = 27.000000

Using KLU as Direct Linear Solver

No. of Data Rows : 1
vout = 1.182761e+00
vgdrv = 1.970093e+00
Reset re-loads circuit * monte-carlo-untrimmed monte carlo deck (config=mos) -- generated by sim/monte-carlo-untrimmed/run_mc_untrimmed.py, do not edit

Circuit: * monte-carlo-untrimmed monte carlo deck (config=mos) -- generated by sim/monte-carlo-untrimmed/run_mc_untrimmed.py, do not edit

option SCALE: Scale is set to 1e-06 for instance and model parameters
option SCALE: Scale is set to 1e-06 for instance and model parameters
option SCALE: Scale is set to 1e-06 for instance and model parameters
option SCALE: Scale is set to 1e-06 for instance and model parameters
Doing analysis at TEMP = -40.000000 and TNOM = 27.000000

Using KLU as Direct Linear Solver

No. of Data Rows : 1
vout = 1.190256e+00
vgdrv = 1.969950e+00
Reset re-loads circuit * monte-carlo-untrimmed monte carlo deck (config=mos) -- generated by sim/monte-carlo-untrimmed/run_mc_untrimmed.py, do not edit

Circuit: * monte-carlo-untrimmed monte carlo deck (config=mos) -- generated by sim/monte-carlo-untrimmed/run_mc_untrimmed.py, do not edit

option SCALE: Scale is set to 1e-06 for instance and model parameters
option SCALE: Scale is set to 1e-06 for instance and model parameters
option SCALE: Scale is set to 1e-06 for instance and model parameters
option SCALE: Scale is set to 1e-06 for instance and model parameters
Doing analysis at TEMP = -40.000000 and TNOM = 27.000000

Using KLU as Direct Linear Solver

No. of Data Rows : 1
vout = 1.185996e+00
vgdrv = 1.975139e+00
Reset re-loads circuit * monte-carlo-untrimmed monte carlo deck (config=mos) -- generated by sim/monte-carlo-untrimmed/run_mc_untrimmed.py, do not edit

Circuit: * monte-carlo-untrimmed monte carlo deck (config=mos) -- generated by sim/monte-carlo-untrimmed/run_mc_untrimmed.py, do not edit

option SCALE: Scale is set to 1e-06 for instance and model parameters
option SCALE: Scale is set to 1e-06 for instance and model parameters
option SCALE: Scale is set to 1e-06 for instance and model parameters
option SCALE: Scale is set to 1e-06 for instance and model parameters
Doing analysis at TEMP = -40.000000 and TNOM = 27.000000

Using KLU as Direct Linear Solver

No. of Data Rows : 1
vout = 1.185574e+00
vgdrv = 1.968481e+00
Reset re-loads circuit * monte-carlo-untrimmed monte carlo deck (config=mos) -- generated by sim/monte-carlo-untrimmed/run_mc_untrimmed.py, do not edit

Circuit: * monte-carlo-untrimmed monte carlo deck (config=mos) -- generated by sim/monte-carlo-untrimmed/run_mc_untrimmed.py, do not edit

option SCALE: Scale is set to 1e-06 for instance and model parameters
option SCALE: Scale is set to 1e-06 for instance and model parameters
option SCALE: Scale is set to 1e-06 for instance and model parameters
option SCALE: Scale is set to 1e-06 for instance and model parameters
Doing analysis at TEMP = -40.000000 and TNOM = 27.000000

Using KLU as Direct Linear Solver

No. of Data Rows : 1
vout = 1.173958e+00
vgdrv = 1.973186e+00
Reset re-loads circuit * monte-carlo-untrimmed monte carlo deck (config=mos) -- generated by sim/monte-carlo-untrimmed/run_mc_untrimmed.py, do not edit

Circuit: * monte-carlo-untrimmed monte carlo deck (config=mos) -- generated by sim/monte-carlo-untrimmed/run_mc_untrimmed.py, do not edit

option SCALE: Scale is set to 1e-06 for instance and model parameters
option SCALE: Scale is set to 1e-06 for instance and model parameters
option SCALE: Scale is set to 1e-06 for instance and model parameters
option SCALE: Scale is set to 1e-06 for instance and model parameters
Doing analysis at TEMP = -40.000000 and TNOM = 27.000000

Using KLU as Direct Linear Solver
 Reference value :  0.00000e+00
No. of Data Rows : 1
vout = 1.178933e+00
vgdrv = 1.971011e+00
Reset re-loads circuit * monte-carlo-untrimmed monte carlo deck (config=mos) -- generated by sim/monte-carlo-untrimmed/run_mc_untrimmed.py, do not edit

Circuit: * monte-carlo-untrimmed monte carlo deck (config=mos) -- generated by sim/monte-carlo-untrimmed/run_mc_untrimmed.py, do not edit

option SCALE: Scale is set to 1e-06 for instance and model parameters
option SCALE: Scale is set to 1e-06 for instance and model parameters
option SCALE: Scale is set to 1e-06 for instance and model parameters
option SCALE: Scale is set to 1e-06 for instance and model parameters
Doing analysis at TEMP = -40.000000 and TNOM = 27.000000

Using KLU as Direct Linear Solver

No. of Data Rows : 1
vout = 1.184352e+00
vgdrv = 1.970355e+00
Reset re-loads circuit * monte-carlo-untrimmed monte carlo deck (config=mos) -- generated by sim/monte-carlo-untrimmed/run_mc_untrimmed.py, do not edit

Circuit: * monte-carlo-untrimmed monte carlo deck (config=mos) -- generated by sim/monte-carlo-untrimmed/run_mc_untrimmed.py, do not edit

option SCALE: Scale is set to 1e-06 for instance and model parameters
option SCALE: Scale is set to 1e-06 for instance and model parameters
option SCALE: Scale is set to 1e-06 for instance and model parameters
option SCALE: Scale is set to 1e-06 for instance and model parameters
Doing analysis at TEMP = -40.000000 and TNOM = 27.000000

Using KLU as Direct Linear Solver

No. of Data Rows : 1
vout = 1.188829e+00
vgdrv = 1.969750e+00
Reset re-loads circuit * monte-carlo-untrimmed monte carlo deck (config=mos) -- generated by sim/monte-carlo-untrimmed/run_mc_untrimmed.py, do not edit

Circuit: * monte-carlo-untrimmed monte carlo deck (config=mos) -- generated by sim/monte-carlo-untrimmed/run_mc_untrimmed.py, do not edit

option SCALE: Scale is set to 1e-06 for instance and model parameters
option SCALE: Scale is set to 1e-06 for instance and model parameters
option SCALE: Scale is set to 1e-06 for instance and model parameters
option SCALE: Scale is set to 1e-06 for instance and model parameters
Doing analysis at TEMP = -40.000000 and TNOM = 27.000000

Using KLU as Direct Linear Solver

No. of Data Rows : 1
vout = 1.175540e+00
vgdrv = 1.969528e+00
Reset re-loads circuit * monte-carlo-untrimmed monte carlo deck (config=mos) -- generated by sim/monte-carlo-untrimmed/run_mc_untrimmed.py, do not edit

Circuit: * monte-carlo-untrimmed monte carlo deck (config=mos) -- generated by sim/monte-carlo-untrimmed/run_mc_untrimmed.py, do not edit

option SCALE: Scale is set to 1e-06 for instance and model parameters
option SCALE: Scale is set to 1e-06 for instance and model parameters
option SCALE: Scale is set to 1e-06 for instance and model parameters
option SCALE: Scale is set to 1e-06 for instance and model parameters
Doing analysis at TEMP = -40.000000 and TNOM = 27.000000

Using KLU as Direct Linear Solver

No. of Data Rows : 1
vout = 1.179228e+00
vgdrv = 1.973324e+00
Reset re-loads circuit * monte-carlo-untrimmed monte carlo deck (config=mos) -- generated by sim/monte-carlo-untrimmed/run_mc_untrimmed.py, do not edit

Circuit: * monte-carlo-untrimmed monte carlo deck (config=mos) -- generated by sim/monte-carlo-untrimmed/run_mc_untrimmed.py, do not edit

option SCALE: Scale is set to 1e-06 for instance and model parameters
option SCALE: Scale is set to 1e-06 for instance and model parameters
option SCALE: Scale is set to 1e-06 for instance and model parameters
option SCALE: Scale is set to 1e-06 for instance and model parameters
Doing analysis at TEMP = -40.000000 and TNOM = 27.000000

Using KLU as Direct Linear Solver

No. of Data Rows : 1
vout = 1.169763e+00
vgdrv = 1.975166e+00
Reset re-loads circuit * monte-carlo-untrimmed monte carlo deck (config=mos) -- generated by sim/monte-carlo-untrimmed/run_mc_untrimmed.py, do not edit

Circuit: * monte-carlo-untrimmed monte carlo deck (config=mos) -- generated by sim/monte-carlo-untrimmed/run_mc_untrimmed.py, do not edit

option SCALE: Scale is set to 1e-06 for instance and model parameters
option SCALE: Scale is set to 1e-06 for instance and model parameters
option SCALE: Scale is set to 1e-06 for instance and model parameters
option SCALE: Scale is set to 1e-06 for instance and model parameters
Doing analysis at TEMP = -40.000000 and TNOM = 27.000000

Using KLU as Direct Linear Solver

No. of Data Rows : 1
vout = 1.181500e+00
vgdrv = 1.969444e+00
Reset re-loads circuit * monte-carlo-untrimmed monte carlo deck (config=mos) -- generated by sim/monte-carlo-untrimmed/run_mc_untrimmed.py, do not edit

Circuit: * monte-carlo-untrimmed monte carlo deck (config=mos) -- generated by sim/monte-carlo-untrimmed/run_mc_untrimmed.py, do not edit

option SCALE: Scale is set to 1e-06 for instance and model parameters
option SCALE: Scale is set to 1e-06 for instance and model parameters
option SCALE: Scale is set to 1e-06 for instance and model parameters
option SCALE: Scale is set to 1e-06 for instance and model parameters
Doing analysis at TEMP = -40.000000 and TNOM = 27.000000

Using KLU as Direct Linear Solver

No. of Data Rows : 1
vout = 1.174710e+00
vgdrv = 1.970646e+00
Reset re-loads circuit * monte-carlo-untrimmed monte carlo deck (config=mos) -- generated by sim/monte-carlo-untrimmed/run_mc_untrimmed.py, do not edit

Circuit: * monte-carlo-untrimmed monte carlo deck (config=mos) -- generated by sim/monte-carlo-untrimmed/run_mc_untrimmed.py, do not edit

option SCALE: Scale is set to 1e-06 for instance and model parameters
option SCALE: Scale is set to 1e-06 for instance and model parameters
option SCALE: Scale is set to 1e-06 for instance and model parameters
option SCALE: Scale is set to 1e-06 for instance and model parameters
Doing analysis at TEMP = -40.000000 and TNOM = 27.000000

Using KLU as Direct Linear Solver

No. of Data Rows : 1
vout = 1.171503e+00
vgdrv = 1.975496e+00
Reset re-loads circuit * monte-carlo-untrimmed monte carlo deck (config=mos) -- generated by sim/monte-carlo-untrimmed/run_mc_untrimmed.py, do not edit

Circuit: * monte-carlo-untrimmed monte carlo deck (config=mos) -- generated by sim/monte-carlo-untrimmed/run_mc_untrimmed.py, do not edit

option SCALE: Scale is set to 1e-06 for instance and model parameters
option SCALE: Scale is set to 1e-06 for instance and model parameters
option SCALE: Scale is set to 1e-06 for instance and model parameters
option SCALE: Scale is set to 1e-06 for instance and model parameters
Doing analysis at TEMP = -40.000000 and TNOM = 27.000000

Using KLU as Direct Linear Solver
 Reference value :  0.00000e+00
No. of Data Rows : 1
vout = 1.187587e+00
vgdrv = 1.969329e+00
Reset re-loads circuit * monte-carlo-untrimmed monte carlo deck (config=mos) -- generated by sim/monte-carlo-untrimmed/run_mc_untrimmed.py, do not edit

Circuit: * monte-carlo-untrimmed monte carlo deck (config=mos) -- generated by sim/monte-carlo-untrimmed/run_mc_untrimmed.py, do not edit

option SCALE: Scale is set to 1e-06 for instance and model parameters
option SCALE: Scale is set to 1e-06 for instance and model parameters
option SCALE: Scale is set to 1e-06 for instance and model parameters
option SCALE: Scale is set to 1e-06 for instance and model parameters
Doing analysis at TEMP = -40.000000 and TNOM = 27.000000

Using KLU as Direct Linear Solver

No. of Data Rows : 1
vout = 1.184510e+00
vgdrv = 1.970519e+00
Reset re-loads circuit * monte-carlo-untrimmed monte carlo deck (config=mos) -- generated by sim/monte-carlo-untrimmed/run_mc_untrimmed.py, do not edit

Circuit: * monte-carlo-untrimmed monte carlo deck (config=mos) -- generated by sim/monte-carlo-untrimmed/run_mc_untrimmed.py, do not edit

option SCALE: Scale is set to 1e-06 for instance and model parameters
option SCALE: Scale is set to 1e-06 for instance and model parameters
option SCALE: Scale is set to 1e-06 for instance and model parameters
option SCALE: Scale is set to 1e-06 for instance and model parameters
Doing analysis at TEMP = -40.000000 and TNOM = 27.000000

Using KLU as Direct Linear Solver

No. of Data Rows : 1
vout = 1.168628e+00
vgdrv = 1.976653e+00
Reset re-loads circuit * monte-carlo-untrimmed monte carlo deck (config=mos) -- generated by sim/monte-carlo-untrimmed/run_mc_untrimmed.py, do not edit

Circuit: * monte-carlo-untrimmed monte carlo deck (config=mos) -- generated by sim/monte-carlo-untrimmed/run_mc_untrimmed.py, do not edit

option SCALE: Scale is set to 1e-06 for instance and model parameters
option SCALE: Scale is set to 1e-06 for instance and model parameters
option SCALE: Scale is set to 1e-06 for instance and model parameters
option SCALE: Scale is set to 1e-06 for instance and model parameters
Doing analysis at TEMP = -40.000000 and TNOM = 27.000000

Using KLU as Direct Linear Solver

No. of Data Rows : 1
vout = 1.178897e+00
vgdrv = 1.969967e+00
Reset re-loads circuit * monte-carlo-untrimmed monte carlo deck (config=mos) -- generated by sim/monte-carlo-untrimmed/run_mc_untrimmed.py, do not edit

Circuit: * monte-carlo-untrimmed monte carlo deck (config=mos) -- generated by sim/monte-carlo-untrimmed/run_mc_untrimmed.py, do not edit

option SCALE: Scale is set to 1e-06 for instance and model parameters
option SCALE: Scale is set to 1e-06 for instance and model parameters
option SCALE: Scale is set to 1e-06 for instance and model parameters
option SCALE: Scale is set to 1e-06 for instance and model parameters
Doing analysis at TEMP = -40.000000 and TNOM = 27.000000

Using KLU as Direct Linear Solver

No. of Data Rows : 1
vout = 1.174781e+00
vgdrv = 1.974828e+00
Reset re-loads circuit * monte-carlo-untrimmed monte carlo deck (config=mos) -- generated by sim/monte-carlo-untrimmed/run_mc_untrimmed.py, do not edit

Circuit: * monte-carlo-untrimmed monte carlo deck (config=mos) -- generated by sim/monte-carlo-untrimmed/run_mc_untrimmed.py, do not edit

option SCALE: Scale is set to 1e-06 for instance and model parameters
option SCALE: Scale is set to 1e-06 for instance and model parameters
option SCALE: Scale is set to 1e-06 for instance and model parameters
option SCALE: Scale is set to 1e-06 for instance and model parameters
Doing analysis at TEMP = -40.000000 and TNOM = 27.000000

Using KLU as Direct Linear Solver

No. of Data Rows : 1
vout = 1.169584e+00
vgdrv = 1.971778e+00
Reset re-loads circuit * monte-carlo-untrimmed monte carlo deck (config=mos) -- generated by sim/monte-carlo-untrimmed/run_mc_untrimmed.py, do not edit

Circuit: * monte-carlo-untrimmed monte carlo deck (config=mos) -- generated by sim/monte-carlo-untrimmed/run_mc_untrimmed.py, do not edit

option SCALE: Scale is set to 1e-06 for instance and model parameters
option SCALE: Scale is set to 1e-06 for instance and model parameters
option SCALE: Scale is set to 1e-06 for instance and model parameters
option SCALE: Scale is set to 1e-06 for instance and model parameters
Doing analysis at TEMP = -40.000000 and TNOM = 27.000000

Using KLU as Direct Linear Solver

No. of Data Rows : 1
vout = 1.178331e+00
vgdrv = 1.974013e+00
Reset re-loads circuit * monte-carlo-untrimmed monte carlo deck (config=mos) -- generated by sim/monte-carlo-untrimmed/run_mc_untrimmed.py, do not edit

Circuit: * monte-carlo-untrimmed monte carlo deck (config=mos) -- generated by sim/monte-carlo-untrimmed/run_mc_untrimmed.py, do not edit

option SCALE: Scale is set to 1e-06 for instance and model parameters
option SCALE: Scale is set to 1e-06 for instance and model parameters
option SCALE: Scale is set to 1e-06 for instance and model parameters
option SCALE: Scale is set to 1e-06 for instance and model parameters
Doing analysis at TEMP = -40.000000 and TNOM = 27.000000

Using KLU as Direct Linear Solver

No. of Data Rows : 1
vout = 1.175690e+00
vgdrv = 1.971105e+00
Reset re-loads circuit * monte-carlo-untrimmed monte carlo deck (config=mos) -- generated by sim/monte-carlo-untrimmed/run_mc_untrimmed.py, do not edit

Circuit: * monte-carlo-untrimmed monte carlo deck (config=mos) -- generated by sim/monte-carlo-untrimmed/run_mc_untrimmed.py, do not edit

option SCALE: Scale is set to 1e-06 for instance and model parameters
option SCALE: Scale is set to 1e-06 for instance and model parameters
option SCALE: Scale is set to 1e-06 for instance and model parameters
option SCALE: Scale is set to 1e-06 for instance and model parameters
Doing analysis at TEMP = -40.000000 and TNOM = 27.000000

Using KLU as Direct Linear Solver

No. of Data Rows : 1
vout = 1.175525e+00
vgdrv = 1.975382e+00
Reset re-loads circuit * monte-carlo-untrimmed monte carlo deck (config=mos) -- generated by sim/monte-carlo-untrimmed/run_mc_untrimmed.py, do not edit

Circuit: * monte-carlo-untrimmed monte carlo deck (config=mos) -- generated by sim/monte-carlo-untrimmed/run_mc_untrimmed.py, do not edit

option SCALE: Scale is set to 1e-06 for instance and model parameters
option SCALE: Scale is set to 1e-06 for instance and model parameters
option SCALE: Scale is set to 1e-06 for instance and model parameters
option SCALE: Scale is set to 1e-06 for instance and model parameters
Doing analysis at TEMP = -40.000000 and TNOM = 27.000000

Using KLU as Direct Linear Solver
 Reference value :  0.00000e+00
No. of Data Rows : 1
vout = 1.184168e+00
vgdrv = 1.968334e+00
Reset re-loads circuit * monte-carlo-untrimmed monte carlo deck (config=mos) -- generated by sim/monte-carlo-untrimmed/run_mc_untrimmed.py, do not edit

Circuit: * monte-carlo-untrimmed monte carlo deck (config=mos) -- generated by sim/monte-carlo-untrimmed/run_mc_untrimmed.py, do not edit

option SCALE: Scale is set to 1e-06 for instance and model parameters
option SCALE: Scale is set to 1e-06 for instance and model parameters
option SCALE: Scale is set to 1e-06 for instance and model parameters
option SCALE: Scale is set to 1e-06 for instance and model parameters
Doing analysis at TEMP = -40.000000 and TNOM = 27.000000

Using KLU as Direct Linear Solver

No. of Data Rows : 1
vout = 1.184777e+00
vgdrv = 1.973269e+00
Reset re-loads circuit * monte-carlo-untrimmed monte carlo deck (config=mos) -- generated by sim/monte-carlo-untrimmed/run_mc_untrimmed.py, do not edit

Circuit: * monte-carlo-untrimmed monte carlo deck (config=mos) -- generated by sim/monte-carlo-untrimmed/run_mc_untrimmed.py, do not edit

option SCALE: Scale is set to 1e-06 for instance and model parameters
option SCALE: Scale is set to 1e-06 for instance and model parameters
option SCALE: Scale is set to 1e-06 for instance and model parameters
option SCALE: Scale is set to 1e-06 for instance and model parameters
Doing analysis at TEMP = -40.000000 and TNOM = 27.000000

Using KLU as Direct Linear Solver

No. of Data Rows : 1
vout = 1.174114e+00
vgdrv = 1.973624e+00
Reset re-loads circuit * monte-carlo-untrimmed monte carlo deck (config=mos) -- generated by sim/monte-carlo-untrimmed/run_mc_untrimmed.py, do not edit

Circuit: * monte-carlo-untrimmed monte carlo deck (config=mos) -- generated by sim/monte-carlo-untrimmed/run_mc_untrimmed.py, do not edit

option SCALE: Scale is set to 1e-06 for instance and model parameters
option SCALE: Scale is set to 1e-06 for instance and model parameters
option SCALE: Scale is set to 1e-06 for instance and model parameters
option SCALE: Scale is set to 1e-06 for instance and model parameters
Doing analysis at TEMP = -40.000000 and TNOM = 27.000000

Using KLU as Direct Linear Solver

No. of Data Rows : 1
vout = 1.177563e+00
vgdrv = 1.972708e+00
Reset re-loads circuit * monte-carlo-untrimmed monte carlo deck (config=mos) -- generated by sim/monte-carlo-untrimmed/run_mc_untrimmed.py, do not edit

Circuit: * monte-carlo-untrimmed monte carlo deck (config=mos) -- generated by sim/monte-carlo-untrimmed/run_mc_untrimmed.py, do not edit

option SCALE: Scale is set to 1e-06 for instance and model parameters
option SCALE: Scale is set to 1e-06 for instance and model parameters
option SCALE: Scale is set to 1e-06 for instance and model parameters
option SCALE: Scale is set to 1e-06 for instance and model parameters
Doing analysis at TEMP = -40.000000 and TNOM = 27.000000

Using KLU as Direct Linear Solver

No. of Data Rows : 1
vout = 1.185565e+00
vgdrv = 1.974614e+00
Reset re-loads circuit * monte-carlo-untrimmed monte carlo deck (config=mos) -- generated by sim/monte-carlo-untrimmed/run_mc_untrimmed.py, do not edit

Circuit: * monte-carlo-untrimmed monte carlo deck (config=mos) -- generated by sim/monte-carlo-untrimmed/run_mc_untrimmed.py, do not edit

option SCALE: Scale is set to 1e-06 for instance and model parameters
option SCALE: Scale is set to 1e-06 for instance and model parameters
option SCALE: Scale is set to 1e-06 for instance and model parameters
option SCALE: Scale is set to 1e-06 for instance and model parameters
Doing analysis at TEMP = -40.000000 and TNOM = 27.000000

Using KLU as Direct Linear Solver

No. of Data Rows : 1
vout = 1.178052e+00
vgdrv = 1.973815e+00
Reset re-loads circuit * monte-carlo-untrimmed monte carlo deck (config=mos) -- generated by sim/monte-carlo-untrimmed/run_mc_untrimmed.py, do not edit

Circuit: * monte-carlo-untrimmed monte carlo deck (config=mos) -- generated by sim/monte-carlo-untrimmed/run_mc_untrimmed.py, do not edit

option SCALE: Scale is set to 1e-06 for instance and model parameters
option SCALE: Scale is set to 1e-06 for instance and model parameters
option SCALE: Scale is set to 1e-06 for instance and model parameters
option SCALE: Scale is set to 1e-06 for instance and model parameters
Doing analysis at TEMP = -40.000000 and TNOM = 27.000000

Using KLU as Direct Linear Solver

No. of Data Rows : 1
vout = 1.176268e+00
vgdrv = 1.975964e+00
Reset re-loads circuit * monte-carlo-untrimmed monte carlo deck (config=mos) -- generated by sim/monte-carlo-untrimmed/run_mc_untrimmed.py, do not edit

Circuit: * monte-carlo-untrimmed monte carlo deck (config=mos) -- generated by sim/monte-carlo-untrimmed/run_mc_untrimmed.py, do not edit

option SCALE: Scale is set to 1e-06 for instance and model parameters
option SCALE: Scale is set to 1e-06 for instance and model parameters
option SCALE: Scale is set to 1e-06 for instance and model parameters
option SCALE: Scale is set to 1e-06 for instance and model parameters
Doing analysis at TEMP = -40.000000 and TNOM = 27.000000

Using KLU as Direct Linear Solver

No. of Data Rows : 1
vout = 1.189908e+00
vgdrv = 1.968300e+00
Reset re-loads circuit * monte-carlo-untrimmed monte carlo deck (config=mos) -- generated by sim/monte-carlo-untrimmed/run_mc_untrimmed.py, do not edit

Circuit: * monte-carlo-untrimmed monte carlo deck (config=mos) -- generated by sim/monte-carlo-untrimmed/run_mc_untrimmed.py, do not edit

option SCALE: Scale is set to 1e-06 for instance and model parameters
option SCALE: Scale is set to 1e-06 for instance and model parameters
option SCALE: Scale is set to 1e-06 for instance and model parameters
option SCALE: Scale is set to 1e-06 for instance and model parameters
Doing analysis at TEMP = -40.000000 and TNOM = 27.000000

Using KLU as Direct Linear Solver

No. of Data Rows : 1
vout = 1.178652e+00
vgdrv = 1.972172e+00
Reset re-loads circuit * monte-carlo-untrimmed monte carlo deck (config=mos) -- generated by sim/monte-carlo-untrimmed/run_mc_untrimmed.py, do not edit

Circuit: * monte-carlo-untrimmed monte carlo deck (config=mos) -- generated by sim/monte-carlo-untrimmed/run_mc_untrimmed.py, do not edit

option SCALE: Scale is set to 1e-06 for instance and model parameters
option SCALE: Scale is set to 1e-06 for instance and model parameters
option SCALE: Scale is set to 1e-06 for instance and model parameters
option SCALE: Scale is set to 1e-06 for instance and model parameters
Doing analysis at TEMP = -40.000000 and TNOM = 27.000000

Using KLU as Direct Linear Solver
 Reference value :  0.00000e+00
No. of Data Rows : 1
vout = 1.191111e+00
vgdrv = 1.967300e+00
Reset re-loads circuit * monte-carlo-untrimmed monte carlo deck (config=mos) -- generated by sim/monte-carlo-untrimmed/run_mc_untrimmed.py, do not edit

Circuit: * monte-carlo-untrimmed monte carlo deck (config=mos) -- generated by sim/monte-carlo-untrimmed/run_mc_untrimmed.py, do not edit

option SCALE: Scale is set to 1e-06 for instance and model parameters
option SCALE: Scale is set to 1e-06 for instance and model parameters
option SCALE: Scale is set to 1e-06 for instance and model parameters
option SCALE: Scale is set to 1e-06 for instance and model parameters
Doing analysis at TEMP = -40.000000 and TNOM = 27.000000

Using KLU as Direct Linear Solver

No. of Data Rows : 1
vout = 1.174672e+00
vgdrv = 1.977832e+00
Reset re-loads circuit * monte-carlo-untrimmed monte carlo deck (config=mos) -- generated by sim/monte-carlo-untrimmed/run_mc_untrimmed.py, do not edit

Circuit: * monte-carlo-untrimmed monte carlo deck (config=mos) -- generated by sim/monte-carlo-untrimmed/run_mc_untrimmed.py, do not edit

option SCALE: Scale is set to 1e-06 for instance and model parameters
option SCALE: Scale is set to 1e-06 for instance and model parameters
option SCALE: Scale is set to 1e-06 for instance and model parameters
option SCALE: Scale is set to 1e-06 for instance and model parameters
Doing analysis at TEMP = -40.000000 and TNOM = 27.000000

Using KLU as Direct Linear Solver

No. of Data Rows : 1
vout = 1.182547e+00
vgdrv = 1.970466e+00
Reset re-loads circuit * monte-carlo-untrimmed monte carlo deck (config=mos) -- generated by sim/monte-carlo-untrimmed/run_mc_untrimmed.py, do not edit

Circuit: * monte-carlo-untrimmed monte carlo deck (config=mos) -- generated by sim/monte-carlo-untrimmed/run_mc_untrimmed.py, do not edit

option SCALE: Scale is set to 1e-06 for instance and model parameters
option SCALE: Scale is set to 1e-06 for instance and model parameters
option SCALE: Scale is set to 1e-06 for instance and model parameters
option SCALE: Scale is set to 1e-06 for instance and model parameters
Doing analysis at TEMP = -40.000000 and TNOM = 27.000000

Using KLU as Direct Linear Solver

No. of Data Rows : 1
vout = 1.170868e+00
vgdrv = 1.977275e+00
Reset re-loads circuit * monte-carlo-untrimmed monte carlo deck (config=mos) -- generated by sim/monte-carlo-untrimmed/run_mc_untrimmed.py, do not edit

Circuit: * monte-carlo-untrimmed monte carlo deck (config=mos) -- generated by sim/monte-carlo-untrimmed/run_mc_untrimmed.py, do not edit

option SCALE: Scale is set to 1e-06 for instance and model parameters
option SCALE: Scale is set to 1e-06 for instance and model parameters
option SCALE: Scale is set to 1e-06 for instance and model parameters
option SCALE: Scale is set to 1e-06 for instance and model parameters
Doing analysis at TEMP = -40.000000 and TNOM = 27.000000

Using KLU as Direct Linear Solver

No. of Data Rows : 1
vout = 1.184104e+00
vgdrv = 1.970055e+00
Reset re-loads circuit * monte-carlo-untrimmed monte carlo deck (config=mos) -- generated by sim/monte-carlo-untrimmed/run_mc_untrimmed.py, do not edit

Circuit: * monte-carlo-untrimmed monte carlo deck (config=mos) -- generated by sim/monte-carlo-untrimmed/run_mc_untrimmed.py, do not edit

option SCALE: Scale is set to 1e-06 for instance and model parameters
option SCALE: Scale is set to 1e-06 for instance and model parameters
option SCALE: Scale is set to 1e-06 for instance and model parameters
option SCALE: Scale is set to 1e-06 for instance and model parameters
Doing analysis at TEMP = -40.000000 and TNOM = 27.000000

Using KLU as Direct Linear Solver

No. of Data Rows : 1
vout = 1.180899e+00
vgdrv = 1.973938e+00
Reset re-loads circuit * monte-carlo-untrimmed monte carlo deck (config=mos) -- generated by sim/monte-carlo-untrimmed/run_mc_untrimmed.py, do not edit

Circuit: * monte-carlo-untrimmed monte carlo deck (config=mos) -- generated by sim/monte-carlo-untrimmed/run_mc_untrimmed.py, do not edit

option SCALE: Scale is set to 1e-06 for instance and model parameters
option SCALE: Scale is set to 1e-06 for instance and model parameters
option SCALE: Scale is set to 1e-06 for instance and model parameters
option SCALE: Scale is set to 1e-06 for instance and model parameters
Doing analysis at TEMP = -40.000000 and TNOM = 27.000000

Using KLU as Direct Linear Solver

No. of Data Rows : 1
vout = 1.178277e+00
vgdrv = 1.974672e+00
Reset re-loads circuit * monte-carlo-untrimmed monte carlo deck (config=mos) -- generated by sim/monte-carlo-untrimmed/run_mc_untrimmed.py, do not edit

Circuit: * monte-carlo-untrimmed monte carlo deck (config=mos) -- generated by sim/monte-carlo-untrimmed/run_mc_untrimmed.py, do not edit

option SCALE: Scale is set to 1e-06 for instance and model parameters
option SCALE: Scale is set to 1e-06 for instance and model parameters
option SCALE: Scale is set to 1e-06 for instance and model parameters
option SCALE: Scale is set to 1e-06 for instance and model parameters
Doing analysis at TEMP = -40.000000 and TNOM = 27.000000

Using KLU as Direct Linear Solver

No. of Data Rows : 1
vout = 1.172652e+00
vgdrv = 1.973954e+00
Reset re-loads circuit * monte-carlo-untrimmed monte carlo deck (config=mos) -- generated by sim/monte-carlo-untrimmed/run_mc_untrimmed.py, do not edit

Circuit: * monte-carlo-untrimmed monte carlo deck (config=mos) -- generated by sim/monte-carlo-untrimmed/run_mc_untrimmed.py, do not edit

option SCALE: Scale is set to 1e-06 for instance and model parameters
option SCALE: Scale is set to 1e-06 for instance and model parameters
option SCALE: Scale is set to 1e-06 for instance and model parameters
option SCALE: Scale is set to 1e-06 for instance and model parameters
Doing analysis at TEMP = -40.000000 and TNOM = 27.000000

Using KLU as Direct Linear Solver

No. of Data Rows : 1
vout = 1.176387e+00
vgdrv = 1.978712e+00
Reset re-loads circuit * monte-carlo-untrimmed monte carlo deck (config=mos) -- generated by sim/monte-carlo-untrimmed/run_mc_untrimmed.py, do not edit

Circuit: * monte-carlo-untrimmed monte carlo deck (config=mos) -- generated by sim/monte-carlo-untrimmed/run_mc_untrimmed.py, do not edit

option SCALE: Scale is set to 1e-06 for instance and model parameters
option SCALE: Scale is set to 1e-06 for instance and model parameters
option SCALE: Scale is set to 1e-06 for instance and model parameters
option SCALE: Scale is set to 1e-06 for instance and model parameters
Doing analysis at TEMP = -40.000000 and TNOM = 27.000000

Using KLU as Direct Linear Solver
 Reference value :  0.00000e+00
No. of Data Rows : 1
vout = 1.176075e+00
vgdrv = 1.973117e+00
Reset re-loads circuit * monte-carlo-untrimmed monte carlo deck (config=mos) -- generated by sim/monte-carlo-untrimmed/run_mc_untrimmed.py, do not edit

Circuit: * monte-carlo-untrimmed monte carlo deck (config=mos) -- generated by sim/monte-carlo-untrimmed/run_mc_untrimmed.py, do not edit

option SCALE: Scale is set to 1e-06 for instance and model parameters
option SCALE: Scale is set to 1e-06 for instance and model parameters
option SCALE: Scale is set to 1e-06 for instance and model parameters
option SCALE: Scale is set to 1e-06 for instance and model parameters
Doing analysis at TEMP = -40.000000 and TNOM = 27.000000

Using KLU as Direct Linear Solver

No. of Data Rows : 1
vout = 1.175863e+00
vgdrv = 1.971020e+00
Reset re-loads circuit * monte-carlo-untrimmed monte carlo deck (config=mos) -- generated by sim/monte-carlo-untrimmed/run_mc_untrimmed.py, do not edit

Circuit: * monte-carlo-untrimmed monte carlo deck (config=mos) -- generated by sim/monte-carlo-untrimmed/run_mc_untrimmed.py, do not edit

option SCALE: Scale is set to 1e-06 for instance and model parameters
option SCALE: Scale is set to 1e-06 for instance and model parameters
option SCALE: Scale is set to 1e-06 for instance and model parameters
option SCALE: Scale is set to 1e-06 for instance and model parameters
Doing analysis at TEMP = -40.000000 and TNOM = 27.000000

Using KLU as Direct Linear Solver

No. of Data Rows : 1
vout = 1.183938e+00
vgdrv = 1.971557e+00
Reset re-loads circuit * monte-carlo-untrimmed monte carlo deck (config=mos) -- generated by sim/monte-carlo-untrimmed/run_mc_untrimmed.py, do not edit

Circuit: * monte-carlo-untrimmed monte carlo deck (config=mos) -- generated by sim/monte-carlo-untrimmed/run_mc_untrimmed.py, do not edit

option SCALE: Scale is set to 1e-06 for instance and model parameters
option SCALE: Scale is set to 1e-06 for instance and model parameters
option SCALE: Scale is set to 1e-06 for instance and model parameters
option SCALE: Scale is set to 1e-06 for instance and model parameters
Doing analysis at TEMP = -40.000000 and TNOM = 27.000000

Using KLU as Direct Linear Solver

No. of Data Rows : 1
vout = 1.176042e+00
vgdrv = 1.973328e+00
Reset re-loads circuit * monte-carlo-untrimmed monte carlo deck (config=mos) -- generated by sim/monte-carlo-untrimmed/run_mc_untrimmed.py, do not edit

Circuit: * monte-carlo-untrimmed monte carlo deck (config=mos) -- generated by sim/monte-carlo-untrimmed/run_mc_untrimmed.py, do not edit

option SCALE: Scale is set to 1e-06 for instance and model parameters
option SCALE: Scale is set to 1e-06 for instance and model parameters
option SCALE: Scale is set to 1e-06 for instance and model parameters
option SCALE: Scale is set to 1e-06 for instance and model parameters
Doing analysis at TEMP = -40.000000 and TNOM = 27.000000

Using KLU as Direct Linear Solver

No. of Data Rows : 1
vout = 1.184150e+00
vgdrv = 1.969400e+00
Reset re-loads circuit * monte-carlo-untrimmed monte carlo deck (config=mos) -- generated by sim/monte-carlo-untrimmed/run_mc_untrimmed.py, do not edit

Circuit: * monte-carlo-untrimmed monte carlo deck (config=mos) -- generated by sim/monte-carlo-untrimmed/run_mc_untrimmed.py, do not edit

option SCALE: Scale is set to 1e-06 for instance and model parameters
option SCALE: Scale is set to 1e-06 for instance and model parameters
option SCALE: Scale is set to 1e-06 for instance and model parameters
option SCALE: Scale is set to 1e-06 for instance and model parameters
Doing analysis at TEMP = -40.000000 and TNOM = 27.000000

Using KLU as Direct Linear Solver

No. of Data Rows : 1
vout = 1.180098e+00
vgdrv = 1.970690e+00
Reset re-loads circuit * monte-carlo-untrimmed monte carlo deck (config=mos) -- generated by sim/monte-carlo-untrimmed/run_mc_untrimmed.py, do not edit

Circuit: * monte-carlo-untrimmed monte carlo deck (config=mos) -- generated by sim/monte-carlo-untrimmed/run_mc_untrimmed.py, do not edit

option SCALE: Scale is set to 1e-06 for instance and model parameters
option SCALE: Scale is set to 1e-06 for instance and model parameters
option SCALE: Scale is set to 1e-06 for instance and model parameters
option SCALE: Scale is set to 1e-06 for instance and model parameters
Doing analysis at TEMP = -40.000000 and TNOM = 27.000000

Using KLU as Direct Linear Solver

No. of Data Rows : 1
vout = 1.180359e+00
vgdrv = 1.972330e+00
Reset re-loads circuit * monte-carlo-untrimmed monte carlo deck (config=mos) -- generated by sim/monte-carlo-untrimmed/run_mc_untrimmed.py, do not edit

Circuit: * monte-carlo-untrimmed monte carlo deck (config=mos) -- generated by sim/monte-carlo-untrimmed/run_mc_untrimmed.py, do not edit

option SCALE: Scale is set to 1e-06 for instance and model parameters
option SCALE: Scale is set to 1e-06 for instance and model parameters
option SCALE: Scale is set to 1e-06 for instance and model parameters
option SCALE: Scale is set to 1e-06 for instance and model parameters
Doing analysis at TEMP = -40.000000 and TNOM = 27.000000

Using KLU as Direct Linear Solver

No. of Data Rows : 1
vout = 1.165566e+00
vgdrv = 1.975089e+00
Reset re-loads circuit * monte-carlo-untrimmed monte carlo deck (config=mos) -- generated by sim/monte-carlo-untrimmed/run_mc_untrimmed.py, do not edit

Circuit: * monte-carlo-untrimmed monte carlo deck (config=mos) -- generated by sim/monte-carlo-untrimmed/run_mc_untrimmed.py, do not edit

option SCALE: Scale is set to 1e-06 for instance and model parameters
option SCALE: Scale is set to 1e-06 for instance and model parameters
option SCALE: Scale is set to 1e-06 for instance and model parameters
option SCALE: Scale is set to 1e-06 for instance and model parameters
Doing analysis at TEMP = -40.000000 and TNOM = 27.000000

Using KLU as Direct Linear Solver

No. of Data Rows : 1
vout = 1.178642e+00
vgdrv = 1.973484e+00
Reset re-loads circuit * monte-carlo-untrimmed monte carlo deck (config=mos) -- generated by sim/monte-carlo-untrimmed/run_mc_untrimmed.py, do not edit

Circuit: * monte-carlo-untrimmed monte carlo deck (config=mos) -- generated by sim/monte-carlo-untrimmed/run_mc_untrimmed.py, do not edit

option SCALE: Scale is set to 1e-06 for instance and model parameters
option SCALE: Scale is set to 1e-06 for instance and model parameters
option SCALE: Scale is set to 1e-06 for instance and model parameters
option SCALE: Scale is set to 1e-06 for instance and model parameters
Doing analysis at TEMP = -40.000000 and TNOM = 27.000000

Using KLU as Direct Linear Solver
 Reference value :  0.00000e+00
No. of Data Rows : 1
vout = 1.185704e+00
vgdrv = 1.970295e+00
Reset re-loads circuit * monte-carlo-untrimmed monte carlo deck (config=mos) -- generated by sim/monte-carlo-untrimmed/run_mc_untrimmed.py, do not edit

Circuit: * monte-carlo-untrimmed monte carlo deck (config=mos) -- generated by sim/monte-carlo-untrimmed/run_mc_untrimmed.py, do not edit

option SCALE: Scale is set to 1e-06 for instance and model parameters
option SCALE: Scale is set to 1e-06 for instance and model parameters
option SCALE: Scale is set to 1e-06 for instance and model parameters
option SCALE: Scale is set to 1e-06 for instance and model parameters
Doing analysis at TEMP = -40.000000 and TNOM = 27.000000

Using KLU as Direct Linear Solver

No. of Data Rows : 1
vout = 1.187213e+00
vgdrv = 1.972493e+00
Reset re-loads circuit * monte-carlo-untrimmed monte carlo deck (config=mos) -- generated by sim/monte-carlo-untrimmed/run_mc_untrimmed.py, do not edit

Circuit: * monte-carlo-untrimmed monte carlo deck (config=mos) -- generated by sim/monte-carlo-untrimmed/run_mc_untrimmed.py, do not edit

option SCALE: Scale is set to 1e-06 for instance and model parameters
option SCALE: Scale is set to 1e-06 for instance and model parameters
option SCALE: Scale is set to 1e-06 for instance and model parameters
option SCALE: Scale is set to 1e-06 for instance and model parameters
Doing analysis at TEMP = -40.000000 and TNOM = 27.000000

Using KLU as Direct Linear Solver

No. of Data Rows : 1
vout = 1.177391e+00
vgdrv = 1.975311e+00
Reset re-loads circuit * monte-carlo-untrimmed monte carlo deck (config=mos) -- generated by sim/monte-carlo-untrimmed/run_mc_untrimmed.py, do not edit

Circuit: * monte-carlo-untrimmed monte carlo deck (config=mos) -- generated by sim/monte-carlo-untrimmed/run_mc_untrimmed.py, do not edit

option SCALE: Scale is set to 1e-06 for instance and model parameters
option SCALE: Scale is set to 1e-06 for instance and model parameters
option SCALE: Scale is set to 1e-06 for instance and model parameters
option SCALE: Scale is set to 1e-06 for instance and model parameters
Doing analysis at TEMP = -40.000000 and TNOM = 27.000000

Using KLU as Direct Linear Solver

No. of Data Rows : 1
vout = 1.186880e+00
vgdrv = 1.968343e+00
Reset re-loads circuit * monte-carlo-untrimmed monte carlo deck (config=mos) -- generated by sim/monte-carlo-untrimmed/run_mc_untrimmed.py, do not edit

Circuit: * monte-carlo-untrimmed monte carlo deck (config=mos) -- generated by sim/monte-carlo-untrimmed/run_mc_untrimmed.py, do not edit

option SCALE: Scale is set to 1e-06 for instance and model parameters
option SCALE: Scale is set to 1e-06 for instance and model parameters
option SCALE: Scale is set to 1e-06 for instance and model parameters
option SCALE: Scale is set to 1e-06 for instance and model parameters
Doing analysis at TEMP = -40.000000 and TNOM = 27.000000

Using KLU as Direct Linear Solver

No. of Data Rows : 1
vout = 1.183271e+00
vgdrv = 1.971056e+00
Reset re-loads circuit * monte-carlo-untrimmed monte carlo deck (config=mos) -- generated by sim/monte-carlo-untrimmed/run_mc_untrimmed.py, do not edit

Circuit: * monte-carlo-untrimmed monte carlo deck (config=mos) -- generated by sim/monte-carlo-untrimmed/run_mc_untrimmed.py, do not edit

option SCALE: Scale is set to 1e-06 for instance and model parameters
option SCALE: Scale is set to 1e-06 for instance and model parameters
option SCALE: Scale is set to 1e-06 for instance and model parameters
option SCALE: Scale is set to 1e-06 for instance and model parameters
Doing analysis at TEMP = -40.000000 and TNOM = 27.000000

Using KLU as Direct Linear Solver

No. of Data Rows : 1
vout = 1.173530e+00
vgdrv = 1.972237e+00
Reset re-loads circuit * monte-carlo-untrimmed monte carlo deck (config=mos) -- generated by sim/monte-carlo-untrimmed/run_mc_untrimmed.py, do not edit

Circuit: * monte-carlo-untrimmed monte carlo deck (config=mos) -- generated by sim/monte-carlo-untrimmed/run_mc_untrimmed.py, do not edit

option SCALE: Scale is set to 1e-06 for instance and model parameters
option SCALE: Scale is set to 1e-06 for instance and model parameters
option SCALE: Scale is set to 1e-06 for instance and model parameters
option SCALE: Scale is set to 1e-06 for instance and model parameters
Doing analysis at TEMP = -40.000000 and TNOM = 27.000000

Using KLU as Direct Linear Solver

No. of Data Rows : 1
vout = 1.181790e+00
vgdrv = 1.975850e+00
Reset re-loads circuit * monte-carlo-untrimmed monte carlo deck (config=mos) -- generated by sim/monte-carlo-untrimmed/run_mc_untrimmed.py, do not edit

Circuit: * monte-carlo-untrimmed monte carlo deck (config=mos) -- generated by sim/monte-carlo-untrimmed/run_mc_untrimmed.py, do not edit

option SCALE: Scale is set to 1e-06 for instance and model parameters
option SCALE: Scale is set to 1e-06 for instance and model parameters
option SCALE: Scale is set to 1e-06 for instance and model parameters
option SCALE: Scale is set to 1e-06 for instance and model parameters
Doing analysis at TEMP = -40.000000 and TNOM = 27.000000

Using KLU as Direct Linear Solver

No. of Data Rows : 1
vout = 1.188190e+00
vgdrv = 1.966994e+00
Reset re-loads circuit * monte-carlo-untrimmed monte carlo deck (config=mos) -- generated by sim/monte-carlo-untrimmed/run_mc_untrimmed.py, do not edit

Circuit: * monte-carlo-untrimmed monte carlo deck (config=mos) -- generated by sim/monte-carlo-untrimmed/run_mc_untrimmed.py, do not edit

option SCALE: Scale is set to 1e-06 for instance and model parameters
option SCALE: Scale is set to 1e-06 for instance and model parameters
option SCALE: Scale is set to 1e-06 for instance and model parameters
option SCALE: Scale is set to 1e-06 for instance and model parameters
Doing analysis at TEMP = -40.000000 and TNOM = 27.000000

Using KLU as Direct Linear Solver
 Reference value :  0.00000e+00
No. of Data Rows : 1
vout = 1.183115e+00
vgdrv = 1.974908e+00
Reset re-loads circuit * monte-carlo-untrimmed monte carlo deck (config=mos) -- generated by sim/monte-carlo-untrimmed/run_mc_untrimmed.py, do not edit

Circuit: * monte-carlo-untrimmed monte carlo deck (config=mos) -- generated by sim/monte-carlo-untrimmed/run_mc_untrimmed.py, do not edit

option SCALE: Scale is set to 1e-06 for instance and model parameters
option SCALE: Scale is set to 1e-06 for instance and model parameters
option SCALE: Scale is set to 1e-06 for instance and model parameters
option SCALE: Scale is set to 1e-06 for instance and model parameters
Doing analysis at TEMP = -40.000000 and TNOM = 27.000000

Using KLU as Direct Linear Solver

No. of Data Rows : 1
vout = 1.176932e+00
vgdrv = 1.970226e+00
Reset re-loads circuit * monte-carlo-untrimmed monte carlo deck (config=mos) -- generated by sim/monte-carlo-untrimmed/run_mc_untrimmed.py, do not edit

Circuit: * monte-carlo-untrimmed monte carlo deck (config=mos) -- generated by sim/monte-carlo-untrimmed/run_mc_untrimmed.py, do not edit

option SCALE: Scale is set to 1e-06 for instance and model parameters
option SCALE: Scale is set to 1e-06 for instance and model parameters
option SCALE: Scale is set to 1e-06 for instance and model parameters
option SCALE: Scale is set to 1e-06 for instance and model parameters
Doing analysis at TEMP = -40.000000 and TNOM = 27.000000

Using KLU as Direct Linear Solver

No. of Data Rows : 1
vout = 1.175255e+00
vgdrv = 1.976134e+00
Reset re-loads circuit * monte-carlo-untrimmed monte carlo deck (config=mos) -- generated by sim/monte-carlo-untrimmed/run_mc_untrimmed.py, do not edit

Circuit: * monte-carlo-untrimmed monte carlo deck (config=mos) -- generated by sim/monte-carlo-untrimmed/run_mc_untrimmed.py, do not edit

option SCALE: Scale is set to 1e-06 for instance and model parameters
option SCALE: Scale is set to 1e-06 for instance and model parameters
option SCALE: Scale is set to 1e-06 for instance and model parameters
option SCALE: Scale is set to 1e-06 for instance and model parameters
Doing analysis at TEMP = -40.000000 and TNOM = 27.000000

Using KLU as Direct Linear Solver

No. of Data Rows : 1
vout = 1.177743e+00
vgdrv = 1.974763e+00
Reset re-loads circuit * monte-carlo-untrimmed monte carlo deck (config=mos) -- generated by sim/monte-carlo-untrimmed/run_mc_untrimmed.py, do not edit

Circuit: * monte-carlo-untrimmed monte carlo deck (config=mos) -- generated by sim/monte-carlo-untrimmed/run_mc_untrimmed.py, do not edit

option SCALE: Scale is set to 1e-06 for instance and model parameters
option SCALE: Scale is set to 1e-06 for instance and model parameters
option SCALE: Scale is set to 1e-06 for instance and model parameters
option SCALE: Scale is set to 1e-06 for instance and model parameters
Doing analysis at TEMP = -40.000000 and TNOM = 27.000000

Using KLU as Direct Linear Solver

No. of Data Rows : 1
vout = 1.189911e+00
vgdrv = 1.969815e+00
Reset re-loads circuit * monte-carlo-untrimmed monte carlo deck (config=mos) -- generated by sim/monte-carlo-untrimmed/run_mc_untrimmed.py, do not edit

Circuit: * monte-carlo-untrimmed monte carlo deck (config=mos) -- generated by sim/monte-carlo-untrimmed/run_mc_untrimmed.py, do not edit

option SCALE: Scale is set to 1e-06 for instance and model parameters
option SCALE: Scale is set to 1e-06 for instance and model parameters
option SCALE: Scale is set to 1e-06 for instance and model parameters
option SCALE: Scale is set to 1e-06 for instance and model parameters
Doing analysis at TEMP = -40.000000 and TNOM = 27.000000

Using KLU as Direct Linear Solver

No. of Data Rows : 1
vout = 1.172761e+00
vgdrv = 1.975736e+00
Reset re-loads circuit * monte-carlo-untrimmed monte carlo deck (config=mos) -- generated by sim/monte-carlo-untrimmed/run_mc_untrimmed.py, do not edit

Circuit: * monte-carlo-untrimmed monte carlo deck (config=mos) -- generated by sim/monte-carlo-untrimmed/run_mc_untrimmed.py, do not edit

option SCALE: Scale is set to 1e-06 for instance and model parameters
option SCALE: Scale is set to 1e-06 for instance and model parameters
option SCALE: Scale is set to 1e-06 for instance and model parameters
option SCALE: Scale is set to 1e-06 for instance and model parameters
Doing analysis at TEMP = -40.000000 and TNOM = 27.000000

Using KLU as Direct Linear Solver

No. of Data Rows : 1
vout = 1.181582e+00
vgdrv = 1.970639e+00
Reset re-loads circuit * monte-carlo-untrimmed monte carlo deck (config=mos) -- generated by sim/monte-carlo-untrimmed/run_mc_untrimmed.py, do not edit

Circuit: * monte-carlo-untrimmed monte carlo deck (config=mos) -- generated by sim/monte-carlo-untrimmed/run_mc_untrimmed.py, do not edit

option SCALE: Scale is set to 1e-06 for instance and model parameters
option SCALE: Scale is set to 1e-06 for instance and model parameters
option SCALE: Scale is set to 1e-06 for instance and model parameters
option SCALE: Scale is set to 1e-06 for instance and model parameters
Doing analysis at TEMP = -40.000000 and TNOM = 27.000000

Using KLU as Direct Linear Solver

No. of Data Rows : 1
vout = 1.178971e+00
vgdrv = 1.974437e+00
Reset re-loads circuit * monte-carlo-untrimmed monte carlo deck (config=mos) -- generated by sim/monte-carlo-untrimmed/run_mc_untrimmed.py, do not edit

Circuit: * monte-carlo-untrimmed monte carlo deck (config=mos) -- generated by sim/monte-carlo-untrimmed/run_mc_untrimmed.py, do not edit

option SCALE: Scale is set to 1e-06 for instance and model parameters
option SCALE: Scale is set to 1e-06 for instance and model parameters
option SCALE: Scale is set to 1e-06 for instance and model parameters
option SCALE: Scale is set to 1e-06 for instance and model parameters
Doing analysis at TEMP = -40.000000 and TNOM = 27.000000

Using KLU as Direct Linear Solver
 Reference value :  0.00000e+00
No. of Data Rows : 1
vout = 1.180735e+00
vgdrv = 1.971747e+00
Reset re-loads circuit * monte-carlo-untrimmed monte carlo deck (config=mos) -- generated by sim/monte-carlo-untrimmed/run_mc_untrimmed.py, do not edit

Circuit: * monte-carlo-untrimmed monte carlo deck (config=mos) -- generated by sim/monte-carlo-untrimmed/run_mc_untrimmed.py, do not edit

option SCALE: Scale is set to 1e-06 for instance and model parameters
option SCALE: Scale is set to 1e-06 for instance and model parameters
option SCALE: Scale is set to 1e-06 for instance and model parameters
option SCALE: Scale is set to 1e-06 for instance and model parameters
Doing analysis at TEMP = -40.000000 and TNOM = 27.000000

Using KLU as Direct Linear Solver

No. of Data Rows : 1
vout = 1.174924e+00
vgdrv = 1.972783e+00
Reset re-loads circuit * monte-carlo-untrimmed monte carlo deck (config=mos) -- generated by sim/monte-carlo-untrimmed/run_mc_untrimmed.py, do not edit

Circuit: * monte-carlo-untrimmed monte carlo deck (config=mos) -- generated by sim/monte-carlo-untrimmed/run_mc_untrimmed.py, do not edit

option SCALE: Scale is set to 1e-06 for instance and model parameters
option SCALE: Scale is set to 1e-06 for instance and model parameters
option SCALE: Scale is set to 1e-06 for instance and model parameters
option SCALE: Scale is set to 1e-06 for instance and model parameters
Doing analysis at TEMP = -40.000000 and TNOM = 27.000000

Using KLU as Direct Linear Solver

No. of Data Rows : 1
vout = 1.183667e+00
vgdrv = 1.969655e+00
Reset re-loads circuit * monte-carlo-untrimmed monte carlo deck (config=mos) -- generated by sim/monte-carlo-untrimmed/run_mc_untrimmed.py, do not edit

Circuit: * monte-carlo-untrimmed monte carlo deck (config=mos) -- generated by sim/monte-carlo-untrimmed/run_mc_untrimmed.py, do not edit

option SCALE: Scale is set to 1e-06 for instance and model parameters
option SCALE: Scale is set to 1e-06 for instance and model parameters
option SCALE: Scale is set to 1e-06 for instance and model parameters
option SCALE: Scale is set to 1e-06 for instance and model parameters
Doing analysis at TEMP = -40.000000 and TNOM = 27.000000

Using KLU as Direct Linear Solver

No. of Data Rows : 1
vout = 1.191915e+00
vgdrv = 1.970122e+00
Reset re-loads circuit * monte-carlo-untrimmed monte carlo deck (config=mos) -- generated by sim/monte-carlo-untrimmed/run_mc_untrimmed.py, do not edit

Circuit: * monte-carlo-untrimmed monte carlo deck (config=mos) -- generated by sim/monte-carlo-untrimmed/run_mc_untrimmed.py, do not edit

option SCALE: Scale is set to 1e-06 for instance and model parameters
option SCALE: Scale is set to 1e-06 for instance and model parameters
option SCALE: Scale is set to 1e-06 for instance and model parameters
option SCALE: Scale is set to 1e-06 for instance and model parameters
Doing analysis at TEMP = -40.000000 and TNOM = 27.000000

Using KLU as Direct Linear Solver

No. of Data Rows : 1
vout = 1.176844e+00
vgdrv = 1.969128e+00
Reset re-loads circuit * monte-carlo-untrimmed monte carlo deck (config=mos) -- generated by sim/monte-carlo-untrimmed/run_mc_untrimmed.py, do not edit

Circuit: * monte-carlo-untrimmed monte carlo deck (config=mos) -- generated by sim/monte-carlo-untrimmed/run_mc_untrimmed.py, do not edit

option SCALE: Scale is set to 1e-06 for instance and model parameters
option SCALE: Scale is set to 1e-06 for instance and model parameters
option SCALE: Scale is set to 1e-06 for instance and model parameters
option SCALE: Scale is set to 1e-06 for instance and model parameters
Doing analysis at TEMP = -40.000000 and TNOM = 27.000000

Using KLU as Direct Linear Solver

No. of Data Rows : 1
vout = 1.168261e+00
vgdrv = 1.976106e+00
Reset re-loads circuit * monte-carlo-untrimmed monte carlo deck (config=mos) -- generated by sim/monte-carlo-untrimmed/run_mc_untrimmed.py, do not edit

Circuit: * monte-carlo-untrimmed monte carlo deck (config=mos) -- generated by sim/monte-carlo-untrimmed/run_mc_untrimmed.py, do not edit

option SCALE: Scale is set to 1e-06 for instance and model parameters
option SCALE: Scale is set to 1e-06 for instance and model parameters
option SCALE: Scale is set to 1e-06 for instance and model parameters
option SCALE: Scale is set to 1e-06 for instance and model parameters
Doing analysis at TEMP = -40.000000 and TNOM = 27.000000

Using KLU as Direct Linear Solver

No. of Data Rows : 1
vout = 1.184727e+00
vgdrv = 1.969504e+00
Reset re-loads circuit * monte-carlo-untrimmed monte carlo deck (config=mos) -- generated by sim/monte-carlo-untrimmed/run_mc_untrimmed.py, do not edit

Circuit: * monte-carlo-untrimmed monte carlo deck (config=mos) -- generated by sim/monte-carlo-untrimmed/run_mc_untrimmed.py, do not edit

option SCALE: Scale is set to 1e-06 for instance and model parameters
option SCALE: Scale is set to 1e-06 for instance and model parameters
option SCALE: Scale is set to 1e-06 for instance and model parameters
option SCALE: Scale is set to 1e-06 for instance and model parameters
Doing analysis at TEMP = -40.000000 and TNOM = 27.000000

Using KLU as Direct Linear Solver
 Reference value :  0.00000e+00
No. of Data Rows : 1
vout = 1.175446e+00
vgdrv = 1.969343e+00
Reset re-loads circuit * monte-carlo-untrimmed monte carlo deck (config=mos) -- generated by sim/monte-carlo-untrimmed/run_mc_untrimmed.py, do not edit

Circuit: * monte-carlo-untrimmed monte carlo deck (config=mos) -- generated by sim/monte-carlo-untrimmed/run_mc_untrimmed.py, do not edit

option SCALE: Scale is set to 1e-06 for instance and model parameters
option SCALE: Scale is set to 1e-06 for instance and model parameters
option SCALE: Scale is set to 1e-06 for instance and model parameters
option SCALE: Scale is set to 1e-06 for instance and model parameters
Doing analysis at TEMP = -40.000000 and TNOM = 27.000000

Using KLU as Direct Linear Solver

No. of Data Rows : 1
vout = 1.174546e+00
vgdrv = 1.976034e+00
Reset re-loads circuit * monte-carlo-untrimmed monte carlo deck (config=mos) -- generated by sim/monte-carlo-untrimmed/run_mc_untrimmed.py, do not edit

Circuit: * monte-carlo-untrimmed monte carlo deck (config=mos) -- generated by sim/monte-carlo-untrimmed/run_mc_untrimmed.py, do not edit

option SCALE: Scale is set to 1e-06 for instance and model parameters
option SCALE: Scale is set to 1e-06 for instance and model parameters
option SCALE: Scale is set to 1e-06 for instance and model parameters
option SCALE: Scale is set to 1e-06 for instance and model parameters
Doing analysis at TEMP = -40.000000 and TNOM = 27.000000

Using KLU as Direct Linear Solver

No. of Data Rows : 1
vout = 1.177500e+00
vgdrv = 1.971882e+00
Reset re-loads circuit * monte-carlo-untrimmed monte carlo deck (config=mos) -- generated by sim/monte-carlo-untrimmed/run_mc_untrimmed.py, do not edit

Circuit: * monte-carlo-untrimmed monte carlo deck (config=mos) -- generated by sim/monte-carlo-untrimmed/run_mc_untrimmed.py, do not edit

option SCALE: Scale is set to 1e-06 for instance and model parameters
option SCALE: Scale is set to 1e-06 for instance and model parameters
option SCALE: Scale is set to 1e-06 for instance and model parameters
option SCALE: Scale is set to 1e-06 for instance and model parameters
Doing analysis at TEMP = -40.000000 and TNOM = 27.000000

Using KLU as Direct Linear Solver

No. of Data Rows : 1
vout = 1.178981e+00
vgdrv = 1.971804e+00
Reset re-loads circuit * monte-carlo-untrimmed monte carlo deck (config=mos) -- generated by sim/monte-carlo-untrimmed/run_mc_untrimmed.py, do not edit

Circuit: * monte-carlo-untrimmed monte carlo deck (config=mos) -- generated by sim/monte-carlo-untrimmed/run_mc_untrimmed.py, do not edit

option SCALE: Scale is set to 1e-06 for instance and model parameters
option SCALE: Scale is set to 1e-06 for instance and model parameters
option SCALE: Scale is set to 1e-06 for instance and model parameters
option SCALE: Scale is set to 1e-06 for instance and model parameters
Doing analysis at TEMP = -40.000000 and TNOM = 27.000000

Using KLU as Direct Linear Solver

No. of Data Rows : 1
vout = 1.170191e+00
vgdrv = 1.974888e+00
Reset re-loads circuit * monte-carlo-untrimmed monte carlo deck (config=mos) -- generated by sim/monte-carlo-untrimmed/run_mc_untrimmed.py, do not edit

Circuit: * monte-carlo-untrimmed monte carlo deck (config=mos) -- generated by sim/monte-carlo-untrimmed/run_mc_untrimmed.py, do not edit

option SCALE: Scale is set to 1e-06 for instance and model parameters
option SCALE: Scale is set to 1e-06 for instance and model parameters
option SCALE: Scale is set to 1e-06 for instance and model parameters
option SCALE: Scale is set to 1e-06 for instance and model parameters
Doing analysis at TEMP = -40.000000 and TNOM = 27.000000

Using KLU as Direct Linear Solver

No. of Data Rows : 1
vout = 1.174854e+00
vgdrv = 1.972316e+00
Reset re-loads circuit * monte-carlo-untrimmed monte carlo deck (config=mos) -- generated by sim/monte-carlo-untrimmed/run_mc_untrimmed.py, do not edit

Circuit: * monte-carlo-untrimmed monte carlo deck (config=mos) -- generated by sim/monte-carlo-untrimmed/run_mc_untrimmed.py, do not edit

option SCALE: Scale is set to 1e-06 for instance and model parameters
option SCALE: Scale is set to 1e-06 for instance and model parameters
option SCALE: Scale is set to 1e-06 for instance and model parameters
option SCALE: Scale is set to 1e-06 for instance and model parameters
Doing analysis at TEMP = -40.000000 and TNOM = 27.000000

Using KLU as Direct Linear Solver

No. of Data Rows : 1
vout = 1.180024e+00
vgdrv = 1.974610e+00
Reset re-loads circuit * monte-carlo-untrimmed monte carlo deck (config=mos) -- generated by sim/monte-carlo-untrimmed/run_mc_untrimmed.py, do not edit

Circuit: * monte-carlo-untrimmed monte carlo deck (config=mos) -- generated by sim/monte-carlo-untrimmed/run_mc_untrimmed.py, do not edit

option SCALE: Scale is set to 1e-06 for instance and model parameters
option SCALE: Scale is set to 1e-06 for instance and model parameters
option SCALE: Scale is set to 1e-06 for instance and model parameters
option SCALE: Scale is set to 1e-06 for instance and model parameters
Doing analysis at TEMP = -40.000000 and TNOM = 27.000000

Using KLU as Direct Linear Solver
 Reference value :  0.00000e+00
No. of Data Rows : 1
vout = 1.174569e+00
vgdrv = 1.973055e+00
Reset re-loads circuit * monte-carlo-untrimmed monte carlo deck (config=mos) -- generated by sim/monte-carlo-untrimmed/run_mc_untrimmed.py, do not edit

Circuit: * monte-carlo-untrimmed monte carlo deck (config=mos) -- generated by sim/monte-carlo-untrimmed/run_mc_untrimmed.py, do not edit

option SCALE: Scale is set to 1e-06 for instance and model parameters
option SCALE: Scale is set to 1e-06 for instance and model parameters
option SCALE: Scale is set to 1e-06 for instance and model parameters
option SCALE: Scale is set to 1e-06 for instance and model parameters
Doing analysis at TEMP = -40.000000 and TNOM = 27.000000

Using KLU as Direct Linear Solver

No. of Data Rows : 1
vout = 1.179375e+00
vgdrv = 1.972326e+00
Reset re-loads circuit * monte-carlo-untrimmed monte carlo deck (config=mos) -- generated by sim/monte-carlo-untrimmed/run_mc_untrimmed.py, do not edit

Circuit: * monte-carlo-untrimmed monte carlo deck (config=mos) -- generated by sim/monte-carlo-untrimmed/run_mc_untrimmed.py, do not edit

option SCALE: Scale is set to 1e-06 for instance and model parameters
option SCALE: Scale is set to 1e-06 for instance and model parameters
option SCALE: Scale is set to 1e-06 for instance and model parameters
option SCALE: Scale is set to 1e-06 for instance and model parameters
Doing analysis at TEMP = -40.000000 and TNOM = 27.000000

Using KLU as Direct Linear Solver

No. of Data Rows : 1
vout = 1.181972e+00
vgdrv = 1.968687e+00
Reset re-loads circuit * monte-carlo-untrimmed monte carlo deck (config=mos) -- generated by sim/monte-carlo-untrimmed/run_mc_untrimmed.py, do not edit

Circuit: * monte-carlo-untrimmed monte carlo deck (config=mos) -- generated by sim/monte-carlo-untrimmed/run_mc_untrimmed.py, do not edit

option SCALE: Scale is set to 1e-06 for instance and model parameters
option SCALE: Scale is set to 1e-06 for instance and model parameters
option SCALE: Scale is set to 1e-06 for instance and model parameters
option SCALE: Scale is set to 1e-06 for instance and model parameters
Doing analysis at TEMP = -40.000000 and TNOM = 27.000000

Using KLU as Direct Linear Solver

No. of Data Rows : 1
vout = 1.185647e+00
vgdrv = 1.970808e+00
Reset re-loads circuit * monte-carlo-untrimmed monte carlo deck (config=mos) -- generated by sim/monte-carlo-untrimmed/run_mc_untrimmed.py, do not edit

Circuit: * monte-carlo-untrimmed monte carlo deck (config=mos) -- generated by sim/monte-carlo-untrimmed/run_mc_untrimmed.py, do not edit

option SCALE: Scale is set to 1e-06 for instance and model parameters
option SCALE: Scale is set to 1e-06 for instance and model parameters
option SCALE: Scale is set to 1e-06 for instance and model parameters
option SCALE: Scale is set to 1e-06 for instance and model parameters
Doing analysis at TEMP = -40.000000 and TNOM = 27.000000

Using KLU as Direct Linear Solver

No. of Data Rows : 1
vout = 1.183967e+00
vgdrv = 1.971519e+00
Reset re-loads circuit * monte-carlo-untrimmed monte carlo deck (config=mos) -- generated by sim/monte-carlo-untrimmed/run_mc_untrimmed.py, do not edit

Circuit: * monte-carlo-untrimmed monte carlo deck (config=mos) -- generated by sim/monte-carlo-untrimmed/run_mc_untrimmed.py, do not edit

option SCALE: Scale is set to 1e-06 for instance and model parameters
option SCALE: Scale is set to 1e-06 for instance and model parameters
option SCALE: Scale is set to 1e-06 for instance and model parameters
option SCALE: Scale is set to 1e-06 for instance and model parameters
Doing analysis at TEMP = -40.000000 and TNOM = 27.000000

Using KLU as Direct Linear Solver

No. of Data Rows : 1
vout = 1.198513e+00
vgdrv = 1.966066e+00
Reset re-loads circuit * monte-carlo-untrimmed monte carlo deck (config=mos) -- generated by sim/monte-carlo-untrimmed/run_mc_untrimmed.py, do not edit

Circuit: * monte-carlo-untrimmed monte carlo deck (config=mos) -- generated by sim/monte-carlo-untrimmed/run_mc_untrimmed.py, do not edit

option SCALE: Scale is set to 1e-06 for instance and model parameters
option SCALE: Scale is set to 1e-06 for instance and model parameters
option SCALE: Scale is set to 1e-06 for instance and model parameters
option SCALE: Scale is set to 1e-06 for instance and model parameters
Doing analysis at TEMP = -40.000000 and TNOM = 27.000000

Using KLU as Direct Linear Solver

No. of Data Rows : 1
vout = 1.180660e+00
vgdrv = 1.972622e+00
Reset re-loads circuit * monte-carlo-untrimmed monte carlo deck (config=mos) -- generated by sim/monte-carlo-untrimmed/run_mc_untrimmed.py, do not edit

Circuit: * monte-carlo-untrimmed monte carlo deck (config=mos) -- generated by sim/monte-carlo-untrimmed/run_mc_untrimmed.py, do not edit

option SCALE: Scale is set to 1e-06 for instance and model parameters
option SCALE: Scale is set to 1e-06 for instance and model parameters
option SCALE: Scale is set to 1e-06 for instance and model parameters
option SCALE: Scale is set to 1e-06 for instance and model parameters
Doing analysis at TEMP = -40.000000 and TNOM = 27.000000

Using KLU as Direct Linear Solver

No. of Data Rows : 1
vout = 1.189685e+00
vgdrv = 1.966701e+00
Reset re-loads circuit * monte-carlo-untrimmed monte carlo deck (config=mos) -- generated by sim/monte-carlo-untrimmed/run_mc_untrimmed.py, do not edit

Circuit: * monte-carlo-untrimmed monte carlo deck (config=mos) -- generated by sim/monte-carlo-untrimmed/run_mc_untrimmed.py, do not edit

option SCALE: Scale is set to 1e-06 for instance and model parameters
option SCALE: Scale is set to 1e-06 for instance and model parameters
option SCALE: Scale is set to 1e-06 for instance and model parameters
option SCALE: Scale is set to 1e-06 for instance and model parameters
Doing analysis at TEMP = -40.000000 and TNOM = 27.000000

Using KLU as Direct Linear Solver
 Reference value :  0.00000e+00
No. of Data Rows : 1
vout = 1.176486e+00
vgdrv = 1.970610e+00
Reset re-loads circuit * monte-carlo-untrimmed monte carlo deck (config=mos) -- generated by sim/monte-carlo-untrimmed/run_mc_untrimmed.py, do not edit

Circuit: * monte-carlo-untrimmed monte carlo deck (config=mos) -- generated by sim/monte-carlo-untrimmed/run_mc_untrimmed.py, do not edit

option SCALE: Scale is set to 1e-06 for instance and model parameters
option SCALE: Scale is set to 1e-06 for instance and model parameters
option SCALE: Scale is set to 1e-06 for instance and model parameters
option SCALE: Scale is set to 1e-06 for instance and model parameters
Doing analysis at TEMP = -40.000000 and TNOM = 27.000000

Using KLU as Direct Linear Solver

No. of Data Rows : 1
vout = 1.184051e+00
vgdrv = 1.970640e+00
Reset re-loads circuit * monte-carlo-untrimmed monte carlo deck (config=mos) -- generated by sim/monte-carlo-untrimmed/run_mc_untrimmed.py, do not edit

Circuit: * monte-carlo-untrimmed monte carlo deck (config=mos) -- generated by sim/monte-carlo-untrimmed/run_mc_untrimmed.py, do not edit

option SCALE: Scale is set to 1e-06 for instance and model parameters
option SCALE: Scale is set to 1e-06 for instance and model parameters
option SCALE: Scale is set to 1e-06 for instance and model parameters
option SCALE: Scale is set to 1e-06 for instance and model parameters
Doing analysis at TEMP = -40.000000 and TNOM = 27.000000

Using KLU as Direct Linear Solver

No. of Data Rows : 1
vout = 1.181065e+00
vgdrv = 1.969552e+00
Reset re-loads circuit * monte-carlo-untrimmed monte carlo deck (config=mos) -- generated by sim/monte-carlo-untrimmed/run_mc_untrimmed.py, do not edit

Circuit: * monte-carlo-untrimmed monte carlo deck (config=mos) -- generated by sim/monte-carlo-untrimmed/run_mc_untrimmed.py, do not edit

option SCALE: Scale is set to 1e-06 for instance and model parameters
option SCALE: Scale is set to 1e-06 for instance and model parameters
option SCALE: Scale is set to 1e-06 for instance and model parameters
option SCALE: Scale is set to 1e-06 for instance and model parameters
Doing analysis at TEMP = -40.000000 and TNOM = 27.000000

Using KLU as Direct Linear Solver

No. of Data Rows : 1
vout = 1.178051e+00
vgdrv = 1.972754e+00
Reset re-loads circuit * monte-carlo-untrimmed monte carlo deck (config=mos) -- generated by sim/monte-carlo-untrimmed/run_mc_untrimmed.py, do not edit

Circuit: * monte-carlo-untrimmed monte carlo deck (config=mos) -- generated by sim/monte-carlo-untrimmed/run_mc_untrimmed.py, do not edit

option SCALE: Scale is set to 1e-06 for instance and model parameters
option SCALE: Scale is set to 1e-06 for instance and model parameters
option SCALE: Scale is set to 1e-06 for instance and model parameters
option SCALE: Scale is set to 1e-06 for instance and model parameters
Doing analysis at TEMP = -40.000000 and TNOM = 27.000000

Using KLU as Direct Linear Solver

No. of Data Rows : 1
vout = 1.175874e+00
vgdrv = 1.971036e+00
Reset re-loads circuit * monte-carlo-untrimmed monte carlo deck (config=mos) -- generated by sim/monte-carlo-untrimmed/run_mc_untrimmed.py, do not edit

Circuit: * monte-carlo-untrimmed monte carlo deck (config=mos) -- generated by sim/monte-carlo-untrimmed/run_mc_untrimmed.py, do not edit

option SCALE: Scale is set to 1e-06 for instance and model parameters
option SCALE: Scale is set to 1e-06 for instance and model parameters
option SCALE: Scale is set to 1e-06 for instance and model parameters
option SCALE: Scale is set to 1e-06 for instance and model parameters
Doing analysis at TEMP = -40.000000 and TNOM = 27.000000

Using KLU as Direct Linear Solver

No. of Data Rows : 1
vout = 1.173594e+00
vgdrv = 1.973733e+00
Reset re-loads circuit * monte-carlo-untrimmed monte carlo deck (config=mos) -- generated by sim/monte-carlo-untrimmed/run_mc_untrimmed.py, do not edit

Circuit: * monte-carlo-untrimmed monte carlo deck (config=mos) -- generated by sim/monte-carlo-untrimmed/run_mc_untrimmed.py, do not edit

option SCALE: Scale is set to 1e-06 for instance and model parameters
option SCALE: Scale is set to 1e-06 for instance and model parameters
option SCALE: Scale is set to 1e-06 for instance and model parameters
option SCALE: Scale is set to 1e-06 for instance and model parameters
Doing analysis at TEMP = -40.000000 and TNOM = 27.000000

Using KLU as Direct Linear Solver

No. of Data Rows : 1
vout = 1.170279e+00
vgdrv = 1.974788e+00
Reset re-loads circuit * monte-carlo-untrimmed monte carlo deck (config=mos) -- generated by sim/monte-carlo-untrimmed/run_mc_untrimmed.py, do not edit

Circuit: * monte-carlo-untrimmed monte carlo deck (config=mos) -- generated by sim/monte-carlo-untrimmed/run_mc_untrimmed.py, do not edit

option SCALE: Scale is set to 1e-06 for instance and model parameters
option SCALE: Scale is set to 1e-06 for instance and model parameters
option SCALE: Scale is set to 1e-06 for instance and model parameters
option SCALE: Scale is set to 1e-06 for instance and model parameters
Doing analysis at TEMP = -40.000000 and TNOM = 27.000000

Using KLU as Direct Linear Solver

No. of Data Rows : 1
vout = 1.190933e+00
vgdrv = 1.970090e+00
Reset re-loads circuit * monte-carlo-untrimmed monte carlo deck (config=mos) -- generated by sim/monte-carlo-untrimmed/run_mc_untrimmed.py, do not edit

Circuit: * monte-carlo-untrimmed monte carlo deck (config=mos) -- generated by sim/monte-carlo-untrimmed/run_mc_untrimmed.py, do not edit

option SCALE: Scale is set to 1e-06 for instance and model parameters
option SCALE: Scale is set to 1e-06 for instance and model parameters
option SCALE: Scale is set to 1e-06 for instance and model parameters
option SCALE: Scale is set to 1e-06 for instance and model parameters
Doing analysis at TEMP = -40.000000 and TNOM = 27.000000

Using KLU as Direct Linear Solver

No. of Data Rows : 1
vout = 1.174065e+00
vgdrv = 1.972325e+00
Reset re-loads circuit * monte-carlo-untrimmed monte carlo deck (config=mos) -- generated by sim/monte-carlo-untrimmed/run_mc_untrimmed.py, do not edit

Circuit: * monte-carlo-untrimmed monte carlo deck (config=mos) -- generated by sim/monte-carlo-untrimmed/run_mc_untrimmed.py, do not edit

option SCALE: Scale is set to 1e-06 for instance and model parameters
option SCALE: Scale is set to 1e-06 for instance and model parameters
option SCALE: Scale is set to 1e-06 for instance and model parameters
option SCALE: Scale is set to 1e-06 for instance and model parameters
Doing analysis at TEMP = -40.000000 and TNOM = 27.000000

Using KLU as Direct Linear Solver
 Reference value :  0.00000e+00
No. of Data Rows : 1
vout = 1.179690e+00
vgdrv = 1.974738e+00
Reset re-loads circuit * monte-carlo-untrimmed monte carlo deck (config=mos) -- generated by sim/monte-carlo-untrimmed/run_mc_untrimmed.py, do not edit

Circuit: * monte-carlo-untrimmed monte carlo deck (config=mos) -- generated by sim/monte-carlo-untrimmed/run_mc_untrimmed.py, do not edit

option SCALE: Scale is set to 1e-06 for instance and model parameters
option SCALE: Scale is set to 1e-06 for instance and model parameters
option SCALE: Scale is set to 1e-06 for instance and model parameters
option SCALE: Scale is set to 1e-06 for instance and model parameters
Doing analysis at TEMP = -40.000000 and TNOM = 27.000000

Using KLU as Direct Linear Solver

No. of Data Rows : 1
vout = 1.185276e+00
vgdrv = 1.972778e+00
Reset re-loads circuit * monte-carlo-untrimmed monte carlo deck (config=mos) -- generated by sim/monte-carlo-untrimmed/run_mc_untrimmed.py, do not edit

Circuit: * monte-carlo-untrimmed monte carlo deck (config=mos) -- generated by sim/monte-carlo-untrimmed/run_mc_untrimmed.py, do not edit

option SCALE: Scale is set to 1e-06 for instance and model parameters
option SCALE: Scale is set to 1e-06 for instance and model parameters
option SCALE: Scale is set to 1e-06 for instance and model parameters
option SCALE: Scale is set to 1e-06 for instance and model parameters
Doing analysis at TEMP = -40.000000 and TNOM = 27.000000

Using KLU as Direct Linear Solver

No. of Data Rows : 1
vout = 1.181627e+00
vgdrv = 1.973377e+00
Reset re-loads circuit * monte-carlo-untrimmed monte carlo deck (config=mos) -- generated by sim/monte-carlo-untrimmed/run_mc_untrimmed.py, do not edit

Circuit: * monte-carlo-untrimmed monte carlo deck (config=mos) -- generated by sim/monte-carlo-untrimmed/run_mc_untrimmed.py, do not edit

option SCALE: Scale is set to 1e-06 for instance and model parameters
option SCALE: Scale is set to 1e-06 for instance and model parameters
option SCALE: Scale is set to 1e-06 for instance and model parameters
option SCALE: Scale is set to 1e-06 for instance and model parameters
Doing analysis at TEMP = -40.000000 and TNOM = 27.000000

Using KLU as Direct Linear Solver

No. of Data Rows : 1
vout = 1.188632e+00
vgdrv = 1.969241e+00
Reset re-loads circuit * monte-carlo-untrimmed monte carlo deck (config=mos) -- generated by sim/monte-carlo-untrimmed/run_mc_untrimmed.py, do not edit

Circuit: * monte-carlo-untrimmed monte carlo deck (config=mos) -- generated by sim/monte-carlo-untrimmed/run_mc_untrimmed.py, do not edit

option SCALE: Scale is set to 1e-06 for instance and model parameters
option SCALE: Scale is set to 1e-06 for instance and model parameters
option SCALE: Scale is set to 1e-06 for instance and model parameters
option SCALE: Scale is set to 1e-06 for instance and model parameters
Doing analysis at TEMP = -40.000000 and TNOM = 27.000000

Using KLU as Direct Linear Solver

No. of Data Rows : 1
vout = 1.176376e+00
vgdrv = 1.974016e+00
Reset re-loads circuit * monte-carlo-untrimmed monte carlo deck (config=mos) -- generated by sim/monte-carlo-untrimmed/run_mc_untrimmed.py, do not edit

Circuit: * monte-carlo-untrimmed monte carlo deck (config=mos) -- generated by sim/monte-carlo-untrimmed/run_mc_untrimmed.py, do not edit

option SCALE: Scale is set to 1e-06 for instance and model parameters
option SCALE: Scale is set to 1e-06 for instance and model parameters
option SCALE: Scale is set to 1e-06 for instance and model parameters
option SCALE: Scale is set to 1e-06 for instance and model parameters
Doing analysis at TEMP = -40.000000 and TNOM = 27.000000

Using KLU as Direct Linear Solver

No. of Data Rows : 1
vout = 1.176919e+00
vgdrv = 1.973705e+00
Reset re-loads circuit * monte-carlo-untrimmed monte carlo deck (config=mos) -- generated by sim/monte-carlo-untrimmed/run_mc_untrimmed.py, do not edit

Circuit: * monte-carlo-untrimmed monte carlo deck (config=mos) -- generated by sim/monte-carlo-untrimmed/run_mc_untrimmed.py, do not edit

option SCALE: Scale is set to 1e-06 for instance and model parameters
option SCALE: Scale is set to 1e-06 for instance and model parameters
option SCALE: Scale is set to 1e-06 for instance and model parameters
option SCALE: Scale is set to 1e-06 for instance and model parameters
Doing analysis at TEMP = -40.000000 and TNOM = 27.000000

Using KLU as Direct Linear Solver

No. of Data Rows : 1
vout = 1.180691e+00
vgdrv = 1.970452e+00
Reset re-loads circuit * monte-carlo-untrimmed monte carlo deck (config=mos) -- generated by sim/monte-carlo-untrimmed/run_mc_untrimmed.py, do not edit

Circuit: * monte-carlo-untrimmed monte carlo deck (config=mos) -- generated by sim/monte-carlo-untrimmed/run_mc_untrimmed.py, do not edit

option SCALE: Scale is set to 1e-06 for instance and model parameters
option SCALE: Scale is set to 1e-06 for instance and model parameters
option SCALE: Scale is set to 1e-06 for instance and model parameters
option SCALE: Scale is set to 1e-06 for instance and model parameters
Doing analysis at TEMP = -40.000000 and TNOM = 27.000000

Using KLU as Direct Linear Solver
 Reference value :  0.00000e+00
No. of Data Rows : 1
vout = 1.185083e+00
vgdrv = 1.971815e+00
Reset re-loads circuit * monte-carlo-untrimmed monte carlo deck (config=mos) -- generated by sim/monte-carlo-untrimmed/run_mc_untrimmed.py, do not edit

Circuit: * monte-carlo-untrimmed monte carlo deck (config=mos) -- generated by sim/monte-carlo-untrimmed/run_mc_untrimmed.py, do not edit

option SCALE: Scale is set to 1e-06 for instance and model parameters
option SCALE: Scale is set to 1e-06 for instance and model parameters
option SCALE: Scale is set to 1e-06 for instance and model parameters
option SCALE: Scale is set to 1e-06 for instance and model parameters
Doing analysis at TEMP = -40.000000 and TNOM = 27.000000

Using KLU as Direct Linear Solver

No. of Data Rows : 1
vout = 1.176749e+00
vgdrv = 1.972420e+00
Reset re-loads circuit * monte-carlo-untrimmed monte carlo deck (config=mos) -- generated by sim/monte-carlo-untrimmed/run_mc_untrimmed.py, do not edit

Circuit: * monte-carlo-untrimmed monte carlo deck (config=mos) -- generated by sim/monte-carlo-untrimmed/run_mc_untrimmed.py, do not edit

option SCALE: Scale is set to 1e-06 for instance and model parameters
option SCALE: Scale is set to 1e-06 for instance and model parameters
option SCALE: Scale is set to 1e-06 for instance and model parameters
option SCALE: Scale is set to 1e-06 for instance and model parameters
Doing analysis at TEMP = -40.000000 and TNOM = 27.000000

Using KLU as Direct Linear Solver

No. of Data Rows : 1
vout = 1.184548e+00
vgdrv = 1.969119e+00
Reset re-loads circuit * monte-carlo-untrimmed monte carlo deck (config=mos) -- generated by sim/monte-carlo-untrimmed/run_mc_untrimmed.py, do not edit

Circuit: * monte-carlo-untrimmed monte carlo deck (config=mos) -- generated by sim/monte-carlo-untrimmed/run_mc_untrimmed.py, do not edit

option SCALE: Scale is set to 1e-06 for instance and model parameters
option SCALE: Scale is set to 1e-06 for instance and model parameters
option SCALE: Scale is set to 1e-06 for instance and model parameters
option SCALE: Scale is set to 1e-06 for instance and model parameters
Doing analysis at TEMP = -40.000000 and TNOM = 27.000000

Using KLU as Direct Linear Solver

No. of Data Rows : 1
vout = 1.175023e+00
vgdrv = 1.974874e+00
Reset re-loads circuit * monte-carlo-untrimmed monte carlo deck (config=mos) -- generated by sim/monte-carlo-untrimmed/run_mc_untrimmed.py, do not edit

Circuit: * monte-carlo-untrimmed monte carlo deck (config=mos) -- generated by sim/monte-carlo-untrimmed/run_mc_untrimmed.py, do not edit

option SCALE: Scale is set to 1e-06 for instance and model parameters
option SCALE: Scale is set to 1e-06 for instance and model parameters
option SCALE: Scale is set to 1e-06 for instance and model parameters
option SCALE: Scale is set to 1e-06 for instance and model parameters
Doing analysis at TEMP = -40.000000 and TNOM = 27.000000

Using KLU as Direct Linear Solver

No. of Data Rows : 1
vout = 1.180451e+00
vgdrv = 1.970475e+00
Reset re-loads circuit * monte-carlo-untrimmed monte carlo deck (config=mos) -- generated by sim/monte-carlo-untrimmed/run_mc_untrimmed.py, do not edit

Circuit: * monte-carlo-untrimmed monte carlo deck (config=mos) -- generated by sim/monte-carlo-untrimmed/run_mc_untrimmed.py, do not edit

option SCALE: Scale is set to 1e-06 for instance and model parameters
option SCALE: Scale is set to 1e-06 for instance and model parameters
option SCALE: Scale is set to 1e-06 for instance and model parameters
option SCALE: Scale is set to 1e-06 for instance and model parameters
Doing analysis at TEMP = -40.000000 and TNOM = 27.000000

Using KLU as Direct Linear Solver

No. of Data Rows : 1
vout = 1.177706e+00
vgdrv = 1.973711e+00
Reset re-loads circuit * monte-carlo-untrimmed monte carlo deck (config=mos) -- generated by sim/monte-carlo-untrimmed/run_mc_untrimmed.py, do not edit

Circuit: * monte-carlo-untrimmed monte carlo deck (config=mos) -- generated by sim/monte-carlo-untrimmed/run_mc_untrimmed.py, do not edit

option SCALE: Scale is set to 1e-06 for instance and model parameters
option SCALE: Scale is set to 1e-06 for instance and model parameters
option SCALE: Scale is set to 1e-06 for instance and model parameters
option SCALE: Scale is set to 1e-06 for instance and model parameters
Doing analysis at TEMP = -40.000000 and TNOM = 27.000000

Using KLU as Direct Linear Solver

No. of Data Rows : 1
vout = 1.176094e+00
vgdrv = 1.975195e+00
Reset re-loads circuit * monte-carlo-untrimmed monte carlo deck (config=mos) -- generated by sim/monte-carlo-untrimmed/run_mc_untrimmed.py, do not edit

Circuit: * monte-carlo-untrimmed monte carlo deck (config=mos) -- generated by sim/monte-carlo-untrimmed/run_mc_untrimmed.py, do not edit

option SCALE: Scale is set to 1e-06 for instance and model parameters
option SCALE: Scale is set to 1e-06 for instance and model parameters
option SCALE: Scale is set to 1e-06 for instance and model parameters
option SCALE: Scale is set to 1e-06 for instance and model parameters
Doing analysis at TEMP = -40.000000 and TNOM = 27.000000

Using KLU as Direct Linear Solver

No. of Data Rows : 1
vout = 1.191352e+00
vgdrv = 1.969782e+00
Reset re-loads circuit * monte-carlo-untrimmed monte carlo deck (config=mos) -- generated by sim/monte-carlo-untrimmed/run_mc_untrimmed.py, do not edit

Circuit: * monte-carlo-untrimmed monte carlo deck (config=mos) -- generated by sim/monte-carlo-untrimmed/run_mc_untrimmed.py, do not edit

option SCALE: Scale is set to 1e-06 for instance and model parameters
option SCALE: Scale is set to 1e-06 for instance and model parameters
option SCALE: Scale is set to 1e-06 for instance and model parameters
option SCALE: Scale is set to 1e-06 for instance and model parameters
Doing analysis at TEMP = -40.000000 and TNOM = 27.000000

Using KLU as Direct Linear Solver
 Reference value :  0.00000e+00
No. of Data Rows : 1
vout = 1.176208e+00
vgdrv = 1.970198e+00
Reset re-loads circuit * monte-carlo-untrimmed monte carlo deck (config=mos) -- generated by sim/monte-carlo-untrimmed/run_mc_untrimmed.py, do not edit

Circuit: * monte-carlo-untrimmed monte carlo deck (config=mos) -- generated by sim/monte-carlo-untrimmed/run_mc_untrimmed.py, do not edit

option SCALE: Scale is set to 1e-06 for instance and model parameters
option SCALE: Scale is set to 1e-06 for instance and model parameters
option SCALE: Scale is set to 1e-06 for instance and model parameters
option SCALE: Scale is set to 1e-06 for instance and model parameters
Doing analysis at TEMP = -40.000000 and TNOM = 27.000000

Using KLU as Direct Linear Solver

No. of Data Rows : 1
vout = 1.174954e+00
vgdrv = 1.972084e+00
Reset re-loads circuit * monte-carlo-untrimmed monte carlo deck (config=mos) -- generated by sim/monte-carlo-untrimmed/run_mc_untrimmed.py, do not edit

Circuit: * monte-carlo-untrimmed monte carlo deck (config=mos) -- generated by sim/monte-carlo-untrimmed/run_mc_untrimmed.py, do not edit

option SCALE: Scale is set to 1e-06 for instance and model parameters
option SCALE: Scale is set to 1e-06 for instance and model parameters
option SCALE: Scale is set to 1e-06 for instance and model parameters
option SCALE: Scale is set to 1e-06 for instance and model parameters
Doing analysis at TEMP = -40.000000 and TNOM = 27.000000

Using KLU as Direct Linear Solver

No. of Data Rows : 1
vout = 1.169246e+00
vgdrv = 1.974225e+00
Reset re-loads circuit * monte-carlo-untrimmed monte carlo deck (config=mos) -- generated by sim/monte-carlo-untrimmed/run_mc_untrimmed.py, do not edit

Circuit: * monte-carlo-untrimmed monte carlo deck (config=mos) -- generated by sim/monte-carlo-untrimmed/run_mc_untrimmed.py, do not edit

option SCALE: Scale is set to 1e-06 for instance and model parameters
option SCALE: Scale is set to 1e-06 for instance and model parameters
option SCALE: Scale is set to 1e-06 for instance and model parameters
option SCALE: Scale is set to 1e-06 for instance and model parameters
Doing analysis at TEMP = -40.000000 and TNOM = 27.000000

Using KLU as Direct Linear Solver

No. of Data Rows : 1
vout = 1.170004e+00
vgdrv = 1.973069e+00
Reset re-loads circuit * monte-carlo-untrimmed monte carlo deck (config=mos) -- generated by sim/monte-carlo-untrimmed/run_mc_untrimmed.py, do not edit

Circuit: * monte-carlo-untrimmed monte carlo deck (config=mos) -- generated by sim/monte-carlo-untrimmed/run_mc_untrimmed.py, do not edit

option SCALE: Scale is set to 1e-06 for instance and model parameters
option SCALE: Scale is set to 1e-06 for instance and model parameters
option SCALE: Scale is set to 1e-06 for instance and model parameters
option SCALE: Scale is set to 1e-06 for instance and model parameters
Doing analysis at TEMP = -40.000000 and TNOM = 27.000000

Using KLU as Direct Linear Solver

No. of Data Rows : 1
vout = 1.186621e+00
vgdrv = 1.972532e+00
Reset re-loads circuit * monte-carlo-untrimmed monte carlo deck (config=mos) -- generated by sim/monte-carlo-untrimmed/run_mc_untrimmed.py, do not edit

Circuit: * monte-carlo-untrimmed monte carlo deck (config=mos) -- generated by sim/monte-carlo-untrimmed/run_mc_untrimmed.py, do not edit

option SCALE: Scale is set to 1e-06 for instance and model parameters
option SCALE: Scale is set to 1e-06 for instance and model parameters
option SCALE: Scale is set to 1e-06 for instance and model parameters
option SCALE: Scale is set to 1e-06 for instance and model parameters
Doing analysis at TEMP = -40.000000 and TNOM = 27.000000

Using KLU as Direct Linear Solver

No. of Data Rows : 1
vout = 1.177261e+00
vgdrv = 1.973269e+00
Reset re-loads circuit * monte-carlo-untrimmed monte carlo deck (config=mos) -- generated by sim/monte-carlo-untrimmed/run_mc_untrimmed.py, do not edit

Circuit: * monte-carlo-untrimmed monte carlo deck (config=mos) -- generated by sim/monte-carlo-untrimmed/run_mc_untrimmed.py, do not edit

option SCALE: Scale is set to 1e-06 for instance and model parameters
option SCALE: Scale is set to 1e-06 for instance and model parameters
option SCALE: Scale is set to 1e-06 for instance and model parameters
option SCALE: Scale is set to 1e-06 for instance and model parameters
Doing analysis at TEMP = -40.000000 and TNOM = 27.000000

Using KLU as Direct Linear Solver

No. of Data Rows : 1
vout = 1.172153e+00
vgdrv = 1.977571e+00
Reset re-loads circuit * monte-carlo-untrimmed monte carlo deck (config=mos) -- generated by sim/monte-carlo-untrimmed/run_mc_untrimmed.py, do not edit

Circuit: * monte-carlo-untrimmed monte carlo deck (config=mos) -- generated by sim/monte-carlo-untrimmed/run_mc_untrimmed.py, do not edit

option SCALE: Scale is set to 1e-06 for instance and model parameters
option SCALE: Scale is set to 1e-06 for instance and model parameters
option SCALE: Scale is set to 1e-06 for instance and model parameters
option SCALE: Scale is set to 1e-06 for instance and model parameters
Doing analysis at TEMP = -40.000000 and TNOM = 27.000000

Using KLU as Direct Linear Solver
 Reference value :  0.00000e+00
No. of Data Rows : 1
vout = 1.186831e+00
vgdrv = 1.968989e+00
Reset re-loads circuit * monte-carlo-untrimmed monte carlo deck (config=mos) -- generated by sim/monte-carlo-untrimmed/run_mc_untrimmed.py, do not edit

Circuit: * monte-carlo-untrimmed monte carlo deck (config=mos) -- generated by sim/monte-carlo-untrimmed/run_mc_untrimmed.py, do not edit

option SCALE: Scale is set to 1e-06 for instance and model parameters
option SCALE: Scale is set to 1e-06 for instance and model parameters
option SCALE: Scale is set to 1e-06 for instance and model parameters
option SCALE: Scale is set to 1e-06 for instance and model parameters
Doing analysis at TEMP = -40.000000 and TNOM = 27.000000

Using KLU as Direct Linear Solver

No. of Data Rows : 1
vout = 1.184425e+00
vgdrv = 1.970158e+00
Reset re-loads circuit * monte-carlo-untrimmed monte carlo deck (config=mos) -- generated by sim/monte-carlo-untrimmed/run_mc_untrimmed.py, do not edit

Circuit: * monte-carlo-untrimmed monte carlo deck (config=mos) -- generated by sim/monte-carlo-untrimmed/run_mc_untrimmed.py, do not edit

option SCALE: Scale is set to 1e-06 for instance and model parameters
option SCALE: Scale is set to 1e-06 for instance and model parameters
option SCALE: Scale is set to 1e-06 for instance and model parameters
option SCALE: Scale is set to 1e-06 for instance and model parameters
Doing analysis at TEMP = -40.000000 and TNOM = 27.000000

Using KLU as Direct Linear Solver

No. of Data Rows : 1
vout = 1.179224e+00
vgdrv = 1.973262e+00
Reset re-loads circuit * monte-carlo-untrimmed monte carlo deck (config=mos) -- generated by sim/monte-carlo-untrimmed/run_mc_untrimmed.py, do not edit

Circuit: * monte-carlo-untrimmed monte carlo deck (config=mos) -- generated by sim/monte-carlo-untrimmed/run_mc_untrimmed.py, do not edit

option SCALE: Scale is set to 1e-06 for instance and model parameters
option SCALE: Scale is set to 1e-06 for instance and model parameters
option SCALE: Scale is set to 1e-06 for instance and model parameters
option SCALE: Scale is set to 1e-06 for instance and model parameters
Doing analysis at TEMP = -40.000000 and TNOM = 27.000000

Using KLU as Direct Linear Solver

No. of Data Rows : 1
vout = 1.178211e+00
vgdrv = 1.974135e+00
Reset re-loads circuit * monte-carlo-untrimmed monte carlo deck (config=mos) -- generated by sim/monte-carlo-untrimmed/run_mc_untrimmed.py, do not edit

Circuit: * monte-carlo-untrimmed monte carlo deck (config=mos) -- generated by sim/monte-carlo-untrimmed/run_mc_untrimmed.py, do not edit

option SCALE: Scale is set to 1e-06 for instance and model parameters
option SCALE: Scale is set to 1e-06 for instance and model parameters
option SCALE: Scale is set to 1e-06 for instance and model parameters
option SCALE: Scale is set to 1e-06 for instance and model parameters
Doing analysis at TEMP = -40.000000 and TNOM = 27.000000

Using KLU as Direct Linear Solver

No. of Data Rows : 1
vout = 1.174086e+00
vgdrv = 1.972013e+00
Reset re-loads circuit * monte-carlo-untrimmed monte carlo deck (config=mos) -- generated by sim/monte-carlo-untrimmed/run_mc_untrimmed.py, do not edit

Circuit: * monte-carlo-untrimmed monte carlo deck (config=mos) -- generated by sim/monte-carlo-untrimmed/run_mc_untrimmed.py, do not edit

option SCALE: Scale is set to 1e-06 for instance and model parameters
option SCALE: Scale is set to 1e-06 for instance and model parameters
option SCALE: Scale is set to 1e-06 for instance and model parameters
option SCALE: Scale is set to 1e-06 for instance and model parameters
Doing analysis at TEMP = -40.000000 and TNOM = 27.000000

Using KLU as Direct Linear Solver

No. of Data Rows : 1
vout = 1.177351e+00
vgdrv = 1.971038e+00
Reset re-loads circuit * monte-carlo-untrimmed monte carlo deck (config=mos) -- generated by sim/monte-carlo-untrimmed/run_mc_untrimmed.py, do not edit

Circuit: * monte-carlo-untrimmed monte carlo deck (config=mos) -- generated by sim/monte-carlo-untrimmed/run_mc_untrimmed.py, do not edit

option SCALE: Scale is set to 1e-06 for instance and model parameters
option SCALE: Scale is set to 1e-06 for instance and model parameters
option SCALE: Scale is set to 1e-06 for instance and model parameters
option SCALE: Scale is set to 1e-06 for instance and model parameters
Doing analysis at TEMP = -40.000000 and TNOM = 27.000000

Using KLU as Direct Linear Solver

No. of Data Rows : 1
vout = 1.181707e+00
vgdrv = 1.964852e+00
Reset re-loads circuit * monte-carlo-untrimmed monte carlo deck (config=mos) -- generated by sim/monte-carlo-untrimmed/run_mc_untrimmed.py, do not edit

Circuit: * monte-carlo-untrimmed monte carlo deck (config=mos) -- generated by sim/monte-carlo-untrimmed/run_mc_untrimmed.py, do not edit

option SCALE: Scale is set to 1e-06 for instance and model parameters
option SCALE: Scale is set to 1e-06 for instance and model parameters
option SCALE: Scale is set to 1e-06 for instance and model parameters
option SCALE: Scale is set to 1e-06 for instance and model parameters
Doing analysis at TEMP = -40.000000 and TNOM = 27.000000

Using KLU as Direct Linear Solver

No. of Data Rows : 1
vout = 1.183668e+00
vgdrv = 1.969562e+00
Reset re-loads circuit * monte-carlo-untrimmed monte carlo deck (config=mos) -- generated by sim/monte-carlo-untrimmed/run_mc_untrimmed.py, do not edit

Circuit: * monte-carlo-untrimmed monte carlo deck (config=mos) -- generated by sim/monte-carlo-untrimmed/run_mc_untrimmed.py, do not edit

option SCALE: Scale is set to 1e-06 for instance and model parameters
option SCALE: Scale is set to 1e-06 for instance and model parameters
option SCALE: Scale is set to 1e-06 for instance and model parameters
option SCALE: Scale is set to 1e-06 for instance and model parameters
Doing analysis at TEMP = -40.000000 and TNOM = 27.000000

Using KLU as Direct Linear Solver
 Reference value :  0.00000e+00
No. of Data Rows : 1
vout = 1.181185e+00
vgdrv = 1.973074e+00
Reset re-loads circuit * monte-carlo-untrimmed monte carlo deck (config=mos) -- generated by sim/monte-carlo-untrimmed/run_mc_untrimmed.py, do not edit

Circuit: * monte-carlo-untrimmed monte carlo deck (config=mos) -- generated by sim/monte-carlo-untrimmed/run_mc_untrimmed.py, do not edit

option SCALE: Scale is set to 1e-06 for instance and model parameters
option SCALE: Scale is set to 1e-06 for instance and model parameters
option SCALE: Scale is set to 1e-06 for instance and model parameters
option SCALE: Scale is set to 1e-06 for instance and model parameters
Doing analysis at TEMP = -40.000000 and TNOM = 27.000000

Using KLU as Direct Linear Solver

No. of Data Rows : 1
vout = 1.174107e+00
vgdrv = 1.977949e+00
Reset re-loads circuit * monte-carlo-untrimmed monte carlo deck (config=mos) -- generated by sim/monte-carlo-untrimmed/run_mc_untrimmed.py, do not edit

Circuit: * monte-carlo-untrimmed monte carlo deck (config=mos) -- generated by sim/monte-carlo-untrimmed/run_mc_untrimmed.py, do not edit

option SCALE: Scale is set to 1e-06 for instance and model parameters
option SCALE: Scale is set to 1e-06 for instance and model parameters
option SCALE: Scale is set to 1e-06 for instance and model parameters
option SCALE: Scale is set to 1e-06 for instance and model parameters
Doing analysis at TEMP = -40.000000 and TNOM = 27.000000

Using KLU as Direct Linear Solver

No. of Data Rows : 1
vout = 1.179639e+00
vgdrv = 1.978337e+00
Reset re-loads circuit * monte-carlo-untrimmed monte carlo deck (config=mos) -- generated by sim/monte-carlo-untrimmed/run_mc_untrimmed.py, do not edit

Circuit: * monte-carlo-untrimmed monte carlo deck (config=mos) -- generated by sim/monte-carlo-untrimmed/run_mc_untrimmed.py, do not edit

option SCALE: Scale is set to 1e-06 for instance and model parameters
option SCALE: Scale is set to 1e-06 for instance and model parameters
option SCALE: Scale is set to 1e-06 for instance and model parameters
option SCALE: Scale is set to 1e-06 for instance and model parameters
Doing analysis at TEMP = -40.000000 and TNOM = 27.000000

Using KLU as Direct Linear Solver

No. of Data Rows : 1
vout = 1.173523e+00
vgdrv = 1.973057e+00
Reset re-loads circuit * monte-carlo-untrimmed monte carlo deck (config=mos) -- generated by sim/monte-carlo-untrimmed/run_mc_untrimmed.py, do not edit

Circuit: * monte-carlo-untrimmed monte carlo deck (config=mos) -- generated by sim/monte-carlo-untrimmed/run_mc_untrimmed.py, do not edit

option SCALE: Scale is set to 1e-06 for instance and model parameters
option SCALE: Scale is set to 1e-06 for instance and model parameters
option SCALE: Scale is set to 1e-06 for instance and model parameters
option SCALE: Scale is set to 1e-06 for instance and model parameters
Doing analysis at TEMP = -40.000000 and TNOM = 27.000000

Using KLU as Direct Linear Solver

No. of Data Rows : 1
vout = 1.179354e+00
vgdrv = 1.972532e+00
Reset re-loads circuit * monte-carlo-untrimmed monte carlo deck (config=mos) -- generated by sim/monte-carlo-untrimmed/run_mc_untrimmed.py, do not edit

Circuit: * monte-carlo-untrimmed monte carlo deck (config=mos) -- generated by sim/monte-carlo-untrimmed/run_mc_untrimmed.py, do not edit

option SCALE: Scale is set to 1e-06 for instance and model parameters
option SCALE: Scale is set to 1e-06 for instance and model parameters
option SCALE: Scale is set to 1e-06 for instance and model parameters
option SCALE: Scale is set to 1e-06 for instance and model parameters
Doing analysis at TEMP = -40.000000 and TNOM = 27.000000

Using KLU as Direct Linear Solver

No. of Data Rows : 1
vout = 1.182702e+00
vgdrv = 1.971534e+00
Reset re-loads circuit * monte-carlo-untrimmed monte carlo deck (config=mos) -- generated by sim/monte-carlo-untrimmed/run_mc_untrimmed.py, do not edit

Circuit: * monte-carlo-untrimmed monte carlo deck (config=mos) -- generated by sim/monte-carlo-untrimmed/run_mc_untrimmed.py, do not edit

option SCALE: Scale is set to 1e-06 for instance and model parameters
option SCALE: Scale is set to 1e-06 for instance and model parameters
option SCALE: Scale is set to 1e-06 for instance and model parameters
option SCALE: Scale is set to 1e-06 for instance and model parameters
Doing analysis at TEMP = -40.000000 and TNOM = 27.000000

Using KLU as Direct Linear Solver

No. of Data Rows : 1
vout = 1.167834e+00
vgdrv = 1.978070e+00
Reset re-loads circuit * monte-carlo-untrimmed monte carlo deck (config=mos) -- generated by sim/monte-carlo-untrimmed/run_mc_untrimmed.py, do not edit

Circuit: * monte-carlo-untrimmed monte carlo deck (config=mos) -- generated by sim/monte-carlo-untrimmed/run_mc_untrimmed.py, do not edit

option SCALE: Scale is set to 1e-06 for instance and model parameters
option SCALE: Scale is set to 1e-06 for instance and model parameters
option SCALE: Scale is set to 1e-06 for instance and model parameters
option SCALE: Scale is set to 1e-06 for instance and model parameters
Doing analysis at TEMP = -40.000000 and TNOM = 27.000000

Using KLU as Direct Linear Solver
 Reference value :  0.00000e+00
No. of Data Rows : 1
vout = 1.166254e+00
vgdrv = 1.974966e+00
Reset re-loads circuit * monte-carlo-untrimmed monte carlo deck (config=mos) -- generated by sim/monte-carlo-untrimmed/run_mc_untrimmed.py, do not edit

Circuit: * monte-carlo-untrimmed monte carlo deck (config=mos) -- generated by sim/monte-carlo-untrimmed/run_mc_untrimmed.py, do not edit

option SCALE: Scale is set to 1e-06 for instance and model parameters
option SCALE: Scale is set to 1e-06 for instance and model parameters
option SCALE: Scale is set to 1e-06 for instance and model parameters
option SCALE: Scale is set to 1e-06 for instance and model parameters
Doing analysis at TEMP = -40.000000 and TNOM = 27.000000

Using KLU as Direct Linear Solver

No. of Data Rows : 1
vout = 1.184687e+00
vgdrv = 1.964538e+00
Reset re-loads circuit * monte-carlo-untrimmed monte carlo deck (config=mos) -- generated by sim/monte-carlo-untrimmed/run_mc_untrimmed.py, do not edit

Circuit: * monte-carlo-untrimmed monte carlo deck (config=mos) -- generated by sim/monte-carlo-untrimmed/run_mc_untrimmed.py, do not edit

option SCALE: Scale is set to 1e-06 for instance and model parameters
option SCALE: Scale is set to 1e-06 for instance and model parameters
option SCALE: Scale is set to 1e-06 for instance and model parameters
option SCALE: Scale is set to 1e-06 for instance and model parameters
Doing analysis at TEMP = -40.000000 and TNOM = 27.000000

Using KLU as Direct Linear Solver

No. of Data Rows : 1
vout = 1.179508e+00
vgdrv = 1.971870e+00
Reset re-loads circuit * monte-carlo-untrimmed monte carlo deck (config=mos) -- generated by sim/monte-carlo-untrimmed/run_mc_untrimmed.py, do not edit

Circuit: * monte-carlo-untrimmed monte carlo deck (config=mos) -- generated by sim/monte-carlo-untrimmed/run_mc_untrimmed.py, do not edit

option SCALE: Scale is set to 1e-06 for instance and model parameters
option SCALE: Scale is set to 1e-06 for instance and model parameters
option SCALE: Scale is set to 1e-06 for instance and model parameters
option SCALE: Scale is set to 1e-06 for instance and model parameters
Doing analysis at TEMP = -40.000000 and TNOM = 27.000000

Using KLU as Direct Linear Solver

No. of Data Rows : 1
vout = 1.181856e+00
vgdrv = 1.970811e+00
Reset re-loads circuit * monte-carlo-untrimmed monte carlo deck (config=mos) -- generated by sim/monte-carlo-untrimmed/run_mc_untrimmed.py, do not edit

Circuit: * monte-carlo-untrimmed monte carlo deck (config=mos) -- generated by sim/monte-carlo-untrimmed/run_mc_untrimmed.py, do not edit

option SCALE: Scale is set to 1e-06 for instance and model parameters
option SCALE: Scale is set to 1e-06 for instance and model parameters
option SCALE: Scale is set to 1e-06 for instance and model parameters
option SCALE: Scale is set to 1e-06 for instance and model parameters
Doing analysis at TEMP = -40.000000 and TNOM = 27.000000

Using KLU as Direct Linear Solver

No. of Data Rows : 1
vout = 1.189244e+00
vgdrv = 1.966747e+00
Reset re-loads circuit * monte-carlo-untrimmed monte carlo deck (config=mos) -- generated by sim/monte-carlo-untrimmed/run_mc_untrimmed.py, do not edit

Circuit: * monte-carlo-untrimmed monte carlo deck (config=mos) -- generated by sim/monte-carlo-untrimmed/run_mc_untrimmed.py, do not edit

option SCALE: Scale is set to 1e-06 for instance and model parameters
option SCALE: Scale is set to 1e-06 for instance and model parameters
option SCALE: Scale is set to 1e-06 for instance and model parameters
option SCALE: Scale is set to 1e-06 for instance and model parameters
Doing analysis at TEMP = -40.000000 and TNOM = 27.000000

Using KLU as Direct Linear Solver

No. of Data Rows : 1
vout = 1.168486e+00
vgdrv = 1.972783e+00
Reset re-loads circuit * monte-carlo-untrimmed monte carlo deck (config=mos) -- generated by sim/monte-carlo-untrimmed/run_mc_untrimmed.py, do not edit

Circuit: * monte-carlo-untrimmed monte carlo deck (config=mos) -- generated by sim/monte-carlo-untrimmed/run_mc_untrimmed.py, do not edit

option SCALE: Scale is set to 1e-06 for instance and model parameters
option SCALE: Scale is set to 1e-06 for instance and model parameters
option SCALE: Scale is set to 1e-06 for instance and model parameters
option SCALE: Scale is set to 1e-06 for instance and model parameters
Doing analysis at TEMP = -40.000000 and TNOM = 27.000000

Using KLU as Direct Linear Solver

No. of Data Rows : 1
vout = 1.184768e+00
vgdrv = 1.972528e+00
Reset re-loads circuit * monte-carlo-untrimmed monte carlo deck (config=mos) -- generated by sim/monte-carlo-untrimmed/run_mc_untrimmed.py, do not edit

Circuit: * monte-carlo-untrimmed monte carlo deck (config=mos) -- generated by sim/monte-carlo-untrimmed/run_mc_untrimmed.py, do not edit

option SCALE: Scale is set to 1e-06 for instance and model parameters
option SCALE: Scale is set to 1e-06 for instance and model parameters
option SCALE: Scale is set to 1e-06 for instance and model parameters
option SCALE: Scale is set to 1e-06 for instance and model parameters
Doing analysis at TEMP = -40.000000 and TNOM = 27.000000

Using KLU as Direct Linear Solver
 Reference value :  0.00000e+00
No. of Data Rows : 1
vout = 1.185880e+00
vgdrv = 1.972158e+00
Reset re-loads circuit * monte-carlo-untrimmed monte carlo deck (config=mos) -- generated by sim/monte-carlo-untrimmed/run_mc_untrimmed.py, do not edit

Circuit: * monte-carlo-untrimmed monte carlo deck (config=mos) -- generated by sim/monte-carlo-untrimmed/run_mc_untrimmed.py, do not edit

option SCALE: Scale is set to 1e-06 for instance and model parameters
option SCALE: Scale is set to 1e-06 for instance and model parameters
option SCALE: Scale is set to 1e-06 for instance and model parameters
option SCALE: Scale is set to 1e-06 for instance and model parameters
Doing analysis at TEMP = -40.000000 and TNOM = 27.000000

Using KLU as Direct Linear Solver

No. of Data Rows : 1
vout = 1.178724e+00
vgdrv = 1.969802e+00
Reset re-loads circuit * monte-carlo-untrimmed monte carlo deck (config=mos) -- generated by sim/monte-carlo-untrimmed/run_mc_untrimmed.py, do not edit

Circuit: * monte-carlo-untrimmed monte carlo deck (config=mos) -- generated by sim/monte-carlo-untrimmed/run_mc_untrimmed.py, do not edit

option SCALE: Scale is set to 1e-06 for instance and model parameters
option SCALE: Scale is set to 1e-06 for instance and model parameters
option SCALE: Scale is set to 1e-06 for instance and model parameters
option SCALE: Scale is set to 1e-06 for instance and model parameters
Doing analysis at TEMP = -40.000000 and TNOM = 27.000000

Using KLU as Direct Linear Solver

No. of Data Rows : 1
vout = 1.184295e+00
vgdrv = 1.968878e+00
Reset re-loads circuit * monte-carlo-untrimmed monte carlo deck (config=mos) -- generated by sim/monte-carlo-untrimmed/run_mc_untrimmed.py, do not edit

Circuit: * monte-carlo-untrimmed monte carlo deck (config=mos) -- generated by sim/monte-carlo-untrimmed/run_mc_untrimmed.py, do not edit

option SCALE: Scale is set to 1e-06 for instance and model parameters
option SCALE: Scale is set to 1e-06 for instance and model parameters
option SCALE: Scale is set to 1e-06 for instance and model parameters
option SCALE: Scale is set to 1e-06 for instance and model parameters
Doing analysis at TEMP = -40.000000 and TNOM = 27.000000

Using KLU as Direct Linear Solver

No. of Data Rows : 1
vout = 1.174877e+00
vgdrv = 1.975013e+00
Reset re-loads circuit * monte-carlo-untrimmed monte carlo deck (config=mos) -- generated by sim/monte-carlo-untrimmed/run_mc_untrimmed.py, do not edit

Circuit: * monte-carlo-untrimmed monte carlo deck (config=mos) -- generated by sim/monte-carlo-untrimmed/run_mc_untrimmed.py, do not edit

option SCALE: Scale is set to 1e-06 for instance and model parameters
option SCALE: Scale is set to 1e-06 for instance and model parameters
option SCALE: Scale is set to 1e-06 for instance and model parameters
option SCALE: Scale is set to 1e-06 for instance and model parameters
Doing analysis at TEMP = -40.000000 and TNOM = 27.000000

Using KLU as Direct Linear Solver

No. of Data Rows : 1
vout = 1.180038e+00
vgdrv = 1.974283e+00
Reset re-loads circuit * monte-carlo-untrimmed monte carlo deck (config=mos) -- generated by sim/monte-carlo-untrimmed/run_mc_untrimmed.py, do not edit

Circuit: * monte-carlo-untrimmed monte carlo deck (config=mos) -- generated by sim/monte-carlo-untrimmed/run_mc_untrimmed.py, do not edit

option SCALE: Scale is set to 1e-06 for instance and model parameters
option SCALE: Scale is set to 1e-06 for instance and model parameters
option SCALE: Scale is set to 1e-06 for instance and model parameters
option SCALE: Scale is set to 1e-06 for instance and model parameters
Doing analysis at TEMP = -40.000000 and TNOM = 27.000000

Using KLU as Direct Linear Solver

No. of Data Rows : 1
vout = 1.192791e+00
vgdrv = 1.969501e+00
Reset re-loads circuit * monte-carlo-untrimmed monte carlo deck (config=mos) -- generated by sim/monte-carlo-untrimmed/run_mc_untrimmed.py, do not edit

Circuit: * monte-carlo-untrimmed monte carlo deck (config=mos) -- generated by sim/monte-carlo-untrimmed/run_mc_untrimmed.py, do not edit

option SCALE: Scale is set to 1e-06 for instance and model parameters
option SCALE: Scale is set to 1e-06 for instance and model parameters
option SCALE: Scale is set to 1e-06 for instance and model parameters
option SCALE: Scale is set to 1e-06 for instance and model parameters
Doing analysis at TEMP = -40.000000 and TNOM = 27.000000

Using KLU as Direct Linear Solver

No. of Data Rows : 1
vout = 1.186716e+00
vgdrv = 1.969972e+00
Reset re-loads circuit * monte-carlo-untrimmed monte carlo deck (config=mos) -- generated by sim/monte-carlo-untrimmed/run_mc_untrimmed.py, do not edit

Circuit: * monte-carlo-untrimmed monte carlo deck (config=mos) -- generated by sim/monte-carlo-untrimmed/run_mc_untrimmed.py, do not edit

option SCALE: Scale is set to 1e-06 for instance and model parameters
option SCALE: Scale is set to 1e-06 for instance and model parameters
option SCALE: Scale is set to 1e-06 for instance and model parameters
option SCALE: Scale is set to 1e-06 for instance and model parameters
Doing analysis at TEMP = -40.000000 and TNOM = 27.000000

Using KLU as Direct Linear Solver
 Reference value :  0.00000e+00
No. of Data Rows : 1
vout = 1.179674e+00
vgdrv = 1.972789e+00
Reset re-loads circuit * monte-carlo-untrimmed monte carlo deck (config=mos) -- generated by sim/monte-carlo-untrimmed/run_mc_untrimmed.py, do not edit

Circuit: * monte-carlo-untrimmed monte carlo deck (config=mos) -- generated by sim/monte-carlo-untrimmed/run_mc_untrimmed.py, do not edit

option SCALE: Scale is set to 1e-06 for instance and model parameters
option SCALE: Scale is set to 1e-06 for instance and model parameters
option SCALE: Scale is set to 1e-06 for instance and model parameters
option SCALE: Scale is set to 1e-06 for instance and model parameters
Doing analysis at TEMP = -40.000000 and TNOM = 27.000000

Using KLU as Direct Linear Solver

No. of Data Rows : 1
vout = 1.181724e+00
vgdrv = 1.968719e+00
Reset re-loads circuit * monte-carlo-untrimmed monte carlo deck (config=mos) -- generated by sim/monte-carlo-untrimmed/run_mc_untrimmed.py, do not edit

Circuit: * monte-carlo-untrimmed monte carlo deck (config=mos) -- generated by sim/monte-carlo-untrimmed/run_mc_untrimmed.py, do not edit

option SCALE: Scale is set to 1e-06 for instance and model parameters
option SCALE: Scale is set to 1e-06 for instance and model parameters
option SCALE: Scale is set to 1e-06 for instance and model parameters
option SCALE: Scale is set to 1e-06 for instance and model parameters
Doing analysis at TEMP = -40.000000 and TNOM = 27.000000

Using KLU as Direct Linear Solver

No. of Data Rows : 1
vout = 1.179426e+00
vgdrv = 1.974441e+00
Reset re-loads circuit * monte-carlo-untrimmed monte carlo deck (config=mos) -- generated by sim/monte-carlo-untrimmed/run_mc_untrimmed.py, do not edit

Circuit: * monte-carlo-untrimmed monte carlo deck (config=mos) -- generated by sim/monte-carlo-untrimmed/run_mc_untrimmed.py, do not edit

option SCALE: Scale is set to 1e-06 for instance and model parameters
option SCALE: Scale is set to 1e-06 for instance and model parameters
option SCALE: Scale is set to 1e-06 for instance and model parameters
option SCALE: Scale is set to 1e-06 for instance and model parameters
Doing analysis at TEMP = -40.000000 and TNOM = 27.000000

Using KLU as Direct Linear Solver

No. of Data Rows : 1
vout = 1.170192e+00
vgdrv = 1.973937e+00
Reset re-loads circuit * monte-carlo-untrimmed monte carlo deck (config=mos) -- generated by sim/monte-carlo-untrimmed/run_mc_untrimmed.py, do not edit

Circuit: * monte-carlo-untrimmed monte carlo deck (config=mos) -- generated by sim/monte-carlo-untrimmed/run_mc_untrimmed.py, do not edit

option SCALE: Scale is set to 1e-06 for instance and model parameters
option SCALE: Scale is set to 1e-06 for instance and model parameters
option SCALE: Scale is set to 1e-06 for instance and model parameters
option SCALE: Scale is set to 1e-06 for instance and model parameters
Doing analysis at TEMP = -40.000000 and TNOM = 27.000000

Using KLU as Direct Linear Solver

No. of Data Rows : 1
vout = 1.179584e+00
vgdrv = 1.972027e+00
Reset re-loads circuit * monte-carlo-untrimmed monte carlo deck (config=mos) -- generated by sim/monte-carlo-untrimmed/run_mc_untrimmed.py, do not edit

Circuit: * monte-carlo-untrimmed monte carlo deck (config=mos) -- generated by sim/monte-carlo-untrimmed/run_mc_untrimmed.py, do not edit

option SCALE: Scale is set to 1e-06 for instance and model parameters
option SCALE: Scale is set to 1e-06 for instance and model parameters
option SCALE: Scale is set to 1e-06 for instance and model parameters
option SCALE: Scale is set to 1e-06 for instance and model parameters
Doing analysis at TEMP = -40.000000 and TNOM = 27.000000

Using KLU as Direct Linear Solver

No. of Data Rows : 1
vout = 1.176143e+00
vgdrv = 1.974656e+00
Reset re-loads circuit * monte-carlo-untrimmed monte carlo deck (config=mos) -- generated by sim/monte-carlo-untrimmed/run_mc_untrimmed.py, do not edit

Circuit: * monte-carlo-untrimmed monte carlo deck (config=mos) -- generated by sim/monte-carlo-untrimmed/run_mc_untrimmed.py, do not edit

option SCALE: Scale is set to 1e-06 for instance and model parameters
option SCALE: Scale is set to 1e-06 for instance and model parameters
option SCALE: Scale is set to 1e-06 for instance and model parameters
option SCALE: Scale is set to 1e-06 for instance and model parameters
Doing analysis at TEMP = -40.000000 and TNOM = 27.000000

Using KLU as Direct Linear Solver

No. of Data Rows : 1
vout = 1.181363e+00
vgdrv = 1.970129e+00
Reset re-loads circuit * monte-carlo-untrimmed monte carlo deck (config=mos) -- generated by sim/monte-carlo-untrimmed/run_mc_untrimmed.py, do not edit

Circuit: * monte-carlo-untrimmed monte carlo deck (config=mos) -- generated by sim/monte-carlo-untrimmed/run_mc_untrimmed.py, do not edit

option SCALE: Scale is set to 1e-06 for instance and model parameters
option SCALE: Scale is set to 1e-06 for instance and model parameters
option SCALE: Scale is set to 1e-06 for instance and model parameters
option SCALE: Scale is set to 1e-06 for instance and model parameters
Doing analysis at TEMP = -40.000000 and TNOM = 27.000000

Using KLU as Direct Linear Solver
 Reference value :  0.00000e+00
No. of Data Rows : 1
vout = 1.186352e+00
vgdrv = 1.973299e+00
Reset re-loads circuit * monte-carlo-untrimmed monte carlo deck (config=mos) -- generated by sim/monte-carlo-untrimmed/run_mc_untrimmed.py, do not edit

Circuit: * monte-carlo-untrimmed monte carlo deck (config=mos) -- generated by sim/monte-carlo-untrimmed/run_mc_untrimmed.py, do not edit

option SCALE: Scale is set to 1e-06 for instance and model parameters
option SCALE: Scale is set to 1e-06 for instance and model parameters
option SCALE: Scale is set to 1e-06 for instance and model parameters
option SCALE: Scale is set to 1e-06 for instance and model parameters
Doing analysis at TEMP = -40.000000 and TNOM = 27.000000

Using KLU as Direct Linear Solver

No. of Data Rows : 1
vout = 1.181592e+00
vgdrv = 1.974860e+00
ngspice-47 done
Note: Starting dynamic gmin stepping
Note: Dynamic gmin stepping completed
Note: Starting dynamic gmin stepping
Note: Dynamic gmin stepping completed
Note: Starting dynamic gmin stepping
Note: Dynamic gmin stepping completed
Note: Starting dynamic gmin stepping
Note: Dynamic gmin stepping completed
Note: Starting dynamic gmin stepping
Note: Dynamic gmin stepping completed
Note: Starting dynamic gmin stepping
Note: Dynamic gmin stepping completed
Note: Starting dynamic gmin stepping
Note: Dynamic gmin stepping completed
