# point: tt_mm_all_27c_3.30v_seed-b
# record: 20260816-091855-69a8867
# role: seed-check -- seed-stability: same point (all families), different setseed -- the samples must change while sigma must not, i.e. the reported spread is a property of the model, not of one lucky draw
# config=all section=tt_mm temp=27C supply=3.30V seed=20260804 samples=300
# pdk: sky130A @ open_pdks c6d73a35f524070e85faff4a6a9eef49553ebc2b (/Users/rwalters/.volare/sky130A/libs.tech/combined/sky130.lib.spice)
# ngspice exit: 0
# run (UTC): 2026-08-16T09:18:55Z

# ==== .spiceinit (exact) ====
| * ngspice init settings for the sky130 PDK model libraries.
| *
| * The corner runner copies this file into its scratch run directory as
| * `.spiceinit` before invoking ngspice, so runs do not depend on whatever
| * happens to be in ~/.spiceinit. To drive ngspice by hand with the same
| * settings, copy this file to `.spiceinit` in your working directory.
| *
| * Derived from the PDK's own libs.tech/ngspice/spinit; kept in-repo so the
| * settings a record was produced under are versioned with the harness.
| 
| set ngbehavior=hsa     ; HSPICE-ish compatibility, required to read PDK libs
| set skywaterpdk        ; skip some checks for faster lib loading
| set ng_nomodcheck      ; do not check model parameters
| option noinit          ; do not dump operating point data into the log
| option klu             ; KLU direct linear solver

# ==== deck (exact input given to ngspice) ====
| * monte-carlo-untrimmed Monte Carlo deck (config=all) -- generated by sim/monte-carlo-untrimmed/run_mc_untrimmed.py, do not edit
| * point: tt_mm_all_27c_3.30v_seed-b
| .option wnflag=1
| .temp 27
| .param vsup=3.3
| .lib "/Users/rwalters/.volare/sky130A/libs.tech/combined/sky130.lib.spice" tt_mm
| ** sch_path: sim/output-voltage-tc/testbench/tb_vref_tc.sch
| **.subckt tb_vref_tc
| V1 VDD 0 'vsup'
| .save i(v1)
| XBG VREF GDRV VDD 0 bandgap_core
| **** begin user architecture code
| 
| 
| * DC-solver seed, not a forced solution: see the header note. Without it the
| * solver can settle on the core's degenerate zero-current state, which is
| * what issue #10's startup circuit exists to prevent in silicon.
| .nodeset v(vref)=1.2 v(gdrv)=2.2
| 
| 
| **** end user architecture code
| **.ends
| 
| * expanding   symbol:  design/bandgap_core.sym # of pins=4
| ** sym_path: design/bandgap_core.sym
| ** sch_path: design/bandgap_core.sch
| .subckt bandgap_core VOUT GDRV VDD VSS
| *.opin VOUT
| *.iopin GDRV
| *.iopin VDD
| *.iopin VSS
| **** begin user architecture code
| 
| 
| * ---- Kuijk core parameters (issue #8) ----
| * PNP emitter-area ratio N is built ONLY from paralleled unit devices:
| *   N = (n_pnp_ptat * 11.56 um2) / (n_pnp_ctat * 0.4624 um2)
| * Keep both counts equal to hold the pair's measured dVBE while lowering the
| * per-unit current and sigma(dVBE); raise n_pnp_ptat alone for more PTAT.
| .param n_pnp_ctat=8
| .param n_pnp_ptat=8
| * res_high_po unit segment: W = r_w um, L = r_lseg um (R ~ 380 + 325*L ohm)
| .param r_w=1
| .param r_lseg=5
| * segment counts. K = R2/R1 (each leg has its own head resistance, so
| * K != n_r2/n_r1 exactly -- see the header comment). n_r2 was RESIZED 54 -> 50
| * by issue #99 (see RESIZE STATUS below); n_r1 held at 7. The #46 single-
| * device investigation (why the OLD n_r2=54 was chosen, and why +1 was
| * rejected there) is retained in the header Sizing rationale, superseded by
| * the resize.
| * RESIZE STATUS (issue #99 / DR-003, RESOLVED): n_r1/n_r2 are now sized
| * against the ROUTED LAYOUT's real chained-array topology -- the ground truth
| * the fabricated part experiences -- NOT the single-res_high_po-device-per-leg
| * model this schematic's own XR1/XR2A/XR2B lines still draw. Issue #98/DR-003
| * (sim/res-array-head-resistance/) established that the routed layout draws
| * each leg as N separately-contacted unit instances in series
| * (layout/bin/gen_bandgap_routed.py's bus_res_series), paying real per-instance
| * head resistance: at the old n_r2=54 that made the REAL part's K=R2/R1 read
| * 8.1474 vs the single-device model's 7.4973, pushing VOUT(27 degC) to
| * ~1.233 V (outside the draft +/-1% window 1.188..1.212 V) at all 5
| * (process,supply) corners and collapsing regulation at ff/2.97 V and
| * fs/2.97 V. Resizing n_r2 54 -> 50 (n_r1 left at 7 so branch current -- and
| * therefore hot-corner headroom -- is not raised while K is corrected) brings
| * the real chained topology's K back to 7.576 and VOUT(27 degC) back to
| * ~1.198 V, IN the +/-1% window at ALL 5 corners with NO hot-corner collapse,
| * and the DR-002 downward 0..-16 trim range still covering. Full PVT + trim
| * re-verification: sim/res-array-resize/records/ (issue #99).
| * CONSEQUENCE for the single-device model: because these XR1/XR2A/XR2B lines
| * still model each leg as ONE res_high_po device (omitting the per-instance
| * head resistance the real part pays), simulating THIS schematic as-drawn
| * (e.g. sim/output-voltage-tc's single-device tb_vref_tc, netlisted by xschem)
| * now reads VOUT(27 degC) ~1.165 V -- LOW *by design*. That ~33 mV gap IS the
| * head resistance the routed part uses to reach 1.198 V; it is not an error,
| * and the single-device harness is no longer the sizing reference of record
| * (DR-003: every single-device record models a topology the layout does not
| * build). NEXT INCREMENT (not done here, per one-lever-per-increment): the
| * routed layout generator (gen_bandgap_routed.py's N_R1/SCH_N_R2/N_R2_COARSE,
| * currently still transcribing n_r2=54) must be re-transcribed to n_r2=50 and
| * re-verified through klayout DRC/LVS -- see DR-003's closure and
| * layout/matching-plan.md Section 7x.
| .param n_r1=7
| .param n_r2=50
| * PMOS mirror multiplicities (unit device W=8u L=2u)
| .param m_out=2
| .param m_ampbias=2
| * ---- Trim network (issue #13), DOWNWARD ONLY -- see DR-002 ----
| * Ladder-tap length added to R2A/R2B equally (metal option, no switches).
| * n_r2_trim: valid range 0..-16 only. r_lseg_trim: 1 um/code (~1.7 mV/code)
| * in DR-002's original SINGLE-DEVICE model. Positive codes are REJECTED:
| * this is the same R2/R1 ratio issue #46 found causes ff/2.97V, fs/2.97V
| * hot-corner (>~123C) operating-point collapse at even a +5 um increase
| * (n_r2=55). sim/trim-range-monotonicity/ reconfirms it for trim and finds
| * codes +1/+2 ALSO collapse (VOUT -> ~2.8V) while +3/+4 happen not to --
| * non-monotonic-in-code, i.e. no positive code is a certified-safe point,
| * not a safe zone at +3/+4. Only downward (R2 decrease) moves away from
| * that edge; confirmed monotonic, collapse-free to -16 across corners. See
| * DR-002 and the sim record for the full case.
| * LSB REVISION (issue #106, DR-002 revision): the routed layout's fine trim
| * chain does NOT draw one length-tapped device -- it chains N separately-
| * contacted res_high_po unit instances (layout/bin/gen_bandgap_routed.py's
| * bus_res_series), each paying a real per-instance head/fringe resistance
| * term this schematic's single-device XR2A/XR2B lines do not model (DR-003,
| * sim/res-array-head-resistance/). Re-deriving DR-002's <=3.000 mV/code LSB
| * comfort bound against that REAL chained topology at the adopted
| * n_r1=7/n_r2=50 sizing (sim/trim-lsb-chained/) found the shipped
| * r_lseg_trim=1 per-code step reads 3.12-3.15 mV/code across all 5 corners
| * -- a real, measured violation of the comfort bound (smaller than an
| * earlier, now-superseded estimate against an abandoned n_r1=6/n_r2=42
| * sizing, but still a violation). Halving the fine unit's drawn length to
| * 0.5 um fixes it: the per-instance head-resistance term (~379.7 ohm, the
| * DOMINANT piece of the per-code step) is a PDK-model-card constant
| * independent of the unit's drawn length, so only the smaller `rbody`
| * fringe term shrinks -- re-verified at r_lseg_trim=0.5 to read
| * 2.40-2.42 mV/code, PASS at all 5 corners, with the same certified 0..-16
| * code range and downward span still clearing DR-002's 1.5x-of-3sigma
| * coverage target. See sim/trim-lsb-chained/records/ for the full
| * re-derivation. NEXT INCREMENT (not done here, per one-lever-per-
| * increment): layout/bin/gen_bandgap_routed.py's
| * R_LSEG_TRIM_UM/SCH_R_LSEG_TRIM_UM (currently still transcribing 1 um)
| * must be re-transcribed to 0.5 um and the routed cell re-verified through
| * klayout DRC/LVS -- klayout's extraction backend is not available in this
| * run environment, so that is a follow-up issue, the same split issue #99
| * used for #107/#108.
| .param n_r2_trim=0
| .param r_lseg_trim=0.5
| 
| 
| **** end user architecture code
| XMPOUT VOUT GDRV VDD VDD sky130_fd_pr__pfet_g5v0d10v5 L=2 W=8 nf=1 ad=2.32 as=2.32 pd=16.58 ps=16.58 nrd=0.03625 nrs=0.03625 sa=0 sb=0
| + sd=0 mult='m_out' m='m_out'
| XMPAMP TAIL GDRV VDD VDD sky130_fd_pr__pfet_g5v0d10v5 L=2 W=8 nf=1 ad=2.32 as=2.32 pd=16.58 ps=16.58 nrd=0.03625 nrs=0.03625 sa=0 sb=0
| + sd=0 mult='m_ampbias' m='m_ampbias'
| XAMP VB VA GDRV TAIL VDD VSS error_amp
| XR2A VA VOUT VSS sky130_fd_pr__res_high_po W='r_w' L='r_lseg*n_r2+r_lseg_trim*n_r2_trim' mult=1 m=1
| XR2B VB VOUT VSS sky130_fd_pr__res_high_po W='r_w' L='r_lseg*n_r2+r_lseg_trim*n_r2_trim' mult=1 m=1
| XQ1 VSS VSS VA sky130_fd_pr__pnp_05v5_W0p68L0p68 m='n_pnp_ctat' mult='n_pnp_ctat'
| XR1 VBQ VB VSS sky130_fd_pr__res_high_po W='r_w' L='r_lseg*n_r1' mult=1 m=1
| XQ2 VSS VSS VBQ sky130_fd_pr__pnp_05v5_W3p40L3p40 m='n_pnp_ptat' mult='n_pnp_ptat'
| .ends
| 
| 
| * expanding   symbol:  design/error_amp.sym # of pins=6
| ** sym_path: design/error_amp.sym
| ** sch_path: design/error_amp.sch
| .subckt error_amp VINP VINN AOUT ITAIL VDD VSS
| *.ipin VINP
| *.ipin VINN
| *.opin AOUT
| *.iopin ITAIL
| *.iopin VDD
| *.iopin VSS
| **** begin user architecture code
| 
| 
| * ---- error-amp device multiplicities (issue #9 sizing, amp_m_in revised by #170) ----
| * Unit geometry is fixed on the instances below; mult is the matching axis
| * (sigma(Vth) scales as 1/sqrt(W*L*mult) in the PDK's own model).
| * amp_m_in    : input-pair PMOS units   (W=20u L=10u each -> 1600 um^2 total;
| *               16 -> 8 by issue #170, DR-008 Option B PSRR margin increase
| *               -- see the header's amp_m_in: 16 -> 8 section)
| * amp_m_nmirr : NMOS load/mirror units  (W=8u  L=20u each ->  640 um^2 total)
| * amp_m_pmirr : PMOS mirror units       (W=6u  L=20u each ->  960 um^2 total)
| * amp_m_cc    : MOS-capacitor units     (W=30u L=20u each -> 9600 um^2 total)
| .param amp_m_in=8
| .param amp_m_nmirr=4
| .param amp_m_pmirr=8
| .param amp_m_cc=16
| 
| 
| **** end user architecture code
| XMP1 D1 VINP ITAIL VDD sky130_fd_pr__pfet_g5v0d10v5 L=10 W=20 nf=1 ad=5.8 as=5.8 pd=40.58 ps=40.58 nrd=0.0145 nrs=0.0145 sa=0 sb=0
| + sd=0 mult='amp_m_in' m='amp_m_in'
| XMP2 D2 VINN ITAIL VDD sky130_fd_pr__pfet_g5v0d10v5 L=10 W=20 nf=1 ad=5.8 as=5.8 pd=40.58 ps=40.58 nrd=0.0145 nrs=0.0145 sa=0 sb=0
| + sd=0 mult='amp_m_in' m='amp_m_in'
| XMN1 D1 D1 VSS VSS sky130_fd_pr__nfet_g5v0d10v5 L=20 W=8 nf=1 ad=2.32 as=2.32 pd=16.58 ps=16.58 nrd=0.03625 nrs=0.03625 sa=0 sb=0 sd=0
| + mult='amp_m_nmirr' m='amp_m_nmirr'
| XMN2 D2 D2 VSS VSS sky130_fd_pr__nfet_g5v0d10v5 L=20 W=8 nf=1 ad=2.32 as=2.32 pd=16.58 ps=16.58 nrd=0.03625 nrs=0.03625 sa=0 sb=0 sd=0
| + mult='amp_m_nmirr' m='amp_m_nmirr'
| XMN3 AOUT D1 VSS VSS sky130_fd_pr__nfet_g5v0d10v5 L=20 W=8 nf=1 ad=2.32 as=2.32 pd=16.58 ps=16.58 nrd=0.03625 nrs=0.03625 sa=0 sb=0
| + sd=0 mult='amp_m_nmirr' m='amp_m_nmirr'
| XMN4 PN D2 VSS VSS sky130_fd_pr__nfet_g5v0d10v5 L=20 W=8 nf=1 ad=2.32 as=2.32 pd=16.58 ps=16.58 nrd=0.03625 nrs=0.03625 sa=0 sb=0 sd=0
| + mult='amp_m_nmirr' m='amp_m_nmirr'
| XMP4 AOUT PN VDD VDD sky130_fd_pr__pfet_g5v0d10v5 L=20 W=6 nf=1 ad=1.74 as=1.74 pd=12.58 ps=12.58 nrd=0.0483333333333333 nrs=0.0483333333333333
| + sa=0 sb=0 sd=0 mult='amp_m_pmirr' m='amp_m_pmirr'
| XMP3 PN PN VDD VDD sky130_fd_pr__pfet_g5v0d10v5 L=20 W=6 nf=1 ad=1.74 as=1.74 pd=12.58 ps=12.58 nrd=0.0483333333333333 nrs=0.0483333333333333
| + sa=0 sb=0 sd=0 mult='amp_m_pmirr' m='amp_m_pmirr'
| XMCC VDD AOUT VDD VDD sky130_fd_pr__pfet_g5v0d10v5 L=20 W=30 nf=1 ad=8.7 as=8.7 pd=60.58 ps=60.58 nrd=0.00966666666666667 nrs=0.00966666666666667
| + sa=0 sb=0 sd=0 mult='amp_m_cc' m='amp_m_cc'
| .ends
| 
| .control
| setseed 20260804
| set width = 512
| set height = 100000
| let nruns = 300
| let run = 0
| dowhile run < nruns
|   reset
|   save all
|   op
|   let vout = v(vref)
|   let vgdrv = v(gdrv)
|   print vout vgdrv
|   let run = run + 1
| end
| quit
| .endc
| .end

# ==== ngspice stdout+stderr ====

Note: Compatibility modes selected: hs a


Circuit: * monte-carlo-untrimmed monte carlo deck (config=all) -- generated by sim/monte-carlo-untrimmed/run_mc_untrimmed.py, do not edit

option SCALE: Scale is set to 1e-06 for instance and model parameters
option SCALE: Scale is set to 1e-06 for instance and model parameters
option SCALE: Scale is set to 1e-06 for instance and model parameters
option SCALE: Scale is set to 1e-06 for instance and model parameters
Reset re-loads circuit * monte-carlo-untrimmed monte carlo deck (config=all) -- generated by sim/monte-carlo-untrimmed/run_mc_untrimmed.py, do not edit

Circuit: * monte-carlo-untrimmed monte carlo deck (config=all) -- generated by sim/monte-carlo-untrimmed/run_mc_untrimmed.py, do not edit

option SCALE: Scale is set to 1e-06 for instance and model parameters
option SCALE: Scale is set to 1e-06 for instance and model parameters
option SCALE: Scale is set to 1e-06 for instance and model parameters
option SCALE: Scale is set to 1e-06 for instance and model parameters
Doing analysis at TEMP = 27.000000 and TNOM = 27.000000

Using KLU as Direct Linear Solver
 Reference value :  0.00000e+00
No. of Data Rows : 1
vout = 1.162084e+00
vgdrv = 2.035175e+00
Reset re-loads circuit * monte-carlo-untrimmed monte carlo deck (config=all) -- generated by sim/monte-carlo-untrimmed/run_mc_untrimmed.py, do not edit

Circuit: * monte-carlo-untrimmed monte carlo deck (config=all) -- generated by sim/monte-carlo-untrimmed/run_mc_untrimmed.py, do not edit

option SCALE: Scale is set to 1e-06 for instance and model parameters
option SCALE: Scale is set to 1e-06 for instance and model parameters
option SCALE: Scale is set to 1e-06 for instance and model parameters
option SCALE: Scale is set to 1e-06 for instance and model parameters
Doing analysis at TEMP = 27.000000 and TNOM = 27.000000

Using KLU as Direct Linear Solver

No. of Data Rows : 1
vout = 1.158209e+00
vgdrv = 2.039281e+00
Reset re-loads circuit * monte-carlo-untrimmed monte carlo deck (config=all) -- generated by sim/monte-carlo-untrimmed/run_mc_untrimmed.py, do not edit

Circuit: * monte-carlo-untrimmed monte carlo deck (config=all) -- generated by sim/monte-carlo-untrimmed/run_mc_untrimmed.py, do not edit

option SCALE: Scale is set to 1e-06 for instance and model parameters
option SCALE: Scale is set to 1e-06 for instance and model parameters
option SCALE: Scale is set to 1e-06 for instance and model parameters
option SCALE: Scale is set to 1e-06 for instance and model parameters
Doing analysis at TEMP = 27.000000 and TNOM = 27.000000

Using KLU as Direct Linear Solver

No. of Data Rows : 1
vout = 1.166874e+00
vgdrv = 2.034388e+00
Reset re-loads circuit * monte-carlo-untrimmed monte carlo deck (config=all) -- generated by sim/monte-carlo-untrimmed/run_mc_untrimmed.py, do not edit

Circuit: * monte-carlo-untrimmed monte carlo deck (config=all) -- generated by sim/monte-carlo-untrimmed/run_mc_untrimmed.py, do not edit

option SCALE: Scale is set to 1e-06 for instance and model parameters
option SCALE: Scale is set to 1e-06 for instance and model parameters
option SCALE: Scale is set to 1e-06 for instance and model parameters
option SCALE: Scale is set to 1e-06 for instance and model parameters
Doing analysis at TEMP = 27.000000 and TNOM = 27.000000

Using KLU as Direct Linear Solver

No. of Data Rows : 1
vout = 1.160321e+00
vgdrv = 2.039215e+00
Reset re-loads circuit * monte-carlo-untrimmed monte carlo deck (config=all) -- generated by sim/monte-carlo-untrimmed/run_mc_untrimmed.py, do not edit

Circuit: * monte-carlo-untrimmed monte carlo deck (config=all) -- generated by sim/monte-carlo-untrimmed/run_mc_untrimmed.py, do not edit

option SCALE: Scale is set to 1e-06 for instance and model parameters
option SCALE: Scale is set to 1e-06 for instance and model parameters
option SCALE: Scale is set to 1e-06 for instance and model parameters
option SCALE: Scale is set to 1e-06 for instance and model parameters
Doing analysis at TEMP = 27.000000 and TNOM = 27.000000

Using KLU as Direct Linear Solver

No. of Data Rows : 1
vout = 1.161768e+00
vgdrv = 2.042516e+00
Reset re-loads circuit * monte-carlo-untrimmed monte carlo deck (config=all) -- generated by sim/monte-carlo-untrimmed/run_mc_untrimmed.py, do not edit

Circuit: * monte-carlo-untrimmed monte carlo deck (config=all) -- generated by sim/monte-carlo-untrimmed/run_mc_untrimmed.py, do not edit

option SCALE: Scale is set to 1e-06 for instance and model parameters
option SCALE: Scale is set to 1e-06 for instance and model parameters
option SCALE: Scale is set to 1e-06 for instance and model parameters
option SCALE: Scale is set to 1e-06 for instance and model parameters
Doing analysis at TEMP = 27.000000 and TNOM = 27.000000

Using KLU as Direct Linear Solver

No. of Data Rows : 1
vout = 1.162069e+00
vgdrv = 2.036677e+00
Reset re-loads circuit * monte-carlo-untrimmed monte carlo deck (config=all) -- generated by sim/monte-carlo-untrimmed/run_mc_untrimmed.py, do not edit

Circuit: * monte-carlo-untrimmed monte carlo deck (config=all) -- generated by sim/monte-carlo-untrimmed/run_mc_untrimmed.py, do not edit

option SCALE: Scale is set to 1e-06 for instance and model parameters
option SCALE: Scale is set to 1e-06 for instance and model parameters
option SCALE: Scale is set to 1e-06 for instance and model parameters
option SCALE: Scale is set to 1e-06 for instance and model parameters
Doing analysis at TEMP = 27.000000 and TNOM = 27.000000

Using KLU as Direct Linear Solver

No. of Data Rows : 1
vout = 1.174905e+00
vgdrv = 2.035371e+00
Reset re-loads circuit * monte-carlo-untrimmed monte carlo deck (config=all) -- generated by sim/monte-carlo-untrimmed/run_mc_untrimmed.py, do not edit

Circuit: * monte-carlo-untrimmed monte carlo deck (config=all) -- generated by sim/monte-carlo-untrimmed/run_mc_untrimmed.py, do not edit

option SCALE: Scale is set to 1e-06 for instance and model parameters
option SCALE: Scale is set to 1e-06 for instance and model parameters
option SCALE: Scale is set to 1e-06 for instance and model parameters
option SCALE: Scale is set to 1e-06 for instance and model parameters
Doing analysis at TEMP = 27.000000 and TNOM = 27.000000

Using KLU as Direct Linear Solver

No. of Data Rows : 1
vout = 1.162561e+00
vgdrv = 2.037694e+00
Reset re-loads circuit * monte-carlo-untrimmed monte carlo deck (config=all) -- generated by sim/monte-carlo-untrimmed/run_mc_untrimmed.py, do not edit

Circuit: * monte-carlo-untrimmed monte carlo deck (config=all) -- generated by sim/monte-carlo-untrimmed/run_mc_untrimmed.py, do not edit

option SCALE: Scale is set to 1e-06 for instance and model parameters
option SCALE: Scale is set to 1e-06 for instance and model parameters
option SCALE: Scale is set to 1e-06 for instance and model parameters
option SCALE: Scale is set to 1e-06 for instance and model parameters
Doing analysis at TEMP = 27.000000 and TNOM = 27.000000

Using KLU as Direct Linear Solver

No. of Data Rows : 1
vout = 1.161033e+00
vgdrv = 2.042691e+00
Reset re-loads circuit * monte-carlo-untrimmed monte carlo deck (config=all) -- generated by sim/monte-carlo-untrimmed/run_mc_untrimmed.py, do not edit

Circuit: * monte-carlo-untrimmed monte carlo deck (config=all) -- generated by sim/monte-carlo-untrimmed/run_mc_untrimmed.py, do not edit

option SCALE: Scale is set to 1e-06 for instance and model parameters
option SCALE: Scale is set to 1e-06 for instance and model parameters
option SCALE: Scale is set to 1e-06 for instance and model parameters
option SCALE: Scale is set to 1e-06 for instance and model parameters
Doing analysis at TEMP = 27.000000 and TNOM = 27.000000

Using KLU as Direct Linear Solver

No. of Data Rows : 1
vout = 1.172240e+00
vgdrv = 2.036361e+00
Reset re-loads circuit * monte-carlo-untrimmed monte carlo deck (config=all) -- generated by sim/monte-carlo-untrimmed/run_mc_untrimmed.py, do not edit

Circuit: * monte-carlo-untrimmed monte carlo deck (config=all) -- generated by sim/monte-carlo-untrimmed/run_mc_untrimmed.py, do not edit

option SCALE: Scale is set to 1e-06 for instance and model parameters
option SCALE: Scale is set to 1e-06 for instance and model parameters
option SCALE: Scale is set to 1e-06 for instance and model parameters
option SCALE: Scale is set to 1e-06 for instance and model parameters
Doing analysis at TEMP = 27.000000 and TNOM = 27.000000

Using KLU as Direct Linear Solver

No. of Data Rows : 1
vout = 1.166930e+00
vgdrv = 2.034094e+00
Reset re-loads circuit * monte-carlo-untrimmed monte carlo deck (config=all) -- generated by sim/monte-carlo-untrimmed/run_mc_untrimmed.py, do not edit

Circuit: * monte-carlo-untrimmed monte carlo deck (config=all) -- generated by sim/monte-carlo-untrimmed/run_mc_untrimmed.py, do not edit

option SCALE: Scale is set to 1e-06 for instance and model parameters
option SCALE: Scale is set to 1e-06 for instance and model parameters
option SCALE: Scale is set to 1e-06 for instance and model parameters
option SCALE: Scale is set to 1e-06 for instance and model parameters
Doing analysis at TEMP = 27.000000 and TNOM = 27.000000

Using KLU as Direct Linear Solver
 Reference value :  0.00000e+00
No. of Data Rows : 1
vout = 1.166892e+00
vgdrv = 2.036748e+00
Reset re-loads circuit * monte-carlo-untrimmed monte carlo deck (config=all) -- generated by sim/monte-carlo-untrimmed/run_mc_untrimmed.py, do not edit

Circuit: * monte-carlo-untrimmed monte carlo deck (config=all) -- generated by sim/monte-carlo-untrimmed/run_mc_untrimmed.py, do not edit

option SCALE: Scale is set to 1e-06 for instance and model parameters
option SCALE: Scale is set to 1e-06 for instance and model parameters
option SCALE: Scale is set to 1e-06 for instance and model parameters
option SCALE: Scale is set to 1e-06 for instance and model parameters
Doing analysis at TEMP = 27.000000 and TNOM = 27.000000

Using KLU as Direct Linear Solver

No. of Data Rows : 1
vout = 1.173003e+00
vgdrv = 2.033298e+00
Reset re-loads circuit * monte-carlo-untrimmed monte carlo deck (config=all) -- generated by sim/monte-carlo-untrimmed/run_mc_untrimmed.py, do not edit

Circuit: * monte-carlo-untrimmed monte carlo deck (config=all) -- generated by sim/monte-carlo-untrimmed/run_mc_untrimmed.py, do not edit

option SCALE: Scale is set to 1e-06 for instance and model parameters
option SCALE: Scale is set to 1e-06 for instance and model parameters
option SCALE: Scale is set to 1e-06 for instance and model parameters
option SCALE: Scale is set to 1e-06 for instance and model parameters
Doing analysis at TEMP = 27.000000 and TNOM = 27.000000

Using KLU as Direct Linear Solver

No. of Data Rows : 1
vout = 1.166202e+00
vgdrv = 2.034055e+00
Reset re-loads circuit * monte-carlo-untrimmed monte carlo deck (config=all) -- generated by sim/monte-carlo-untrimmed/run_mc_untrimmed.py, do not edit

Circuit: * monte-carlo-untrimmed monte carlo deck (config=all) -- generated by sim/monte-carlo-untrimmed/run_mc_untrimmed.py, do not edit

option SCALE: Scale is set to 1e-06 for instance and model parameters
option SCALE: Scale is set to 1e-06 for instance and model parameters
option SCALE: Scale is set to 1e-06 for instance and model parameters
option SCALE: Scale is set to 1e-06 for instance and model parameters
Doing analysis at TEMP = 27.000000 and TNOM = 27.000000

Using KLU as Direct Linear Solver

No. of Data Rows : 1
vout = 1.168192e+00
vgdrv = 2.034901e+00
Reset re-loads circuit * monte-carlo-untrimmed monte carlo deck (config=all) -- generated by sim/monte-carlo-untrimmed/run_mc_untrimmed.py, do not edit

Circuit: * monte-carlo-untrimmed monte carlo deck (config=all) -- generated by sim/monte-carlo-untrimmed/run_mc_untrimmed.py, do not edit

option SCALE: Scale is set to 1e-06 for instance and model parameters
option SCALE: Scale is set to 1e-06 for instance and model parameters
option SCALE: Scale is set to 1e-06 for instance and model parameters
option SCALE: Scale is set to 1e-06 for instance and model parameters
Doing analysis at TEMP = 27.000000 and TNOM = 27.000000

Using KLU as Direct Linear Solver

No. of Data Rows : 1
vout = 1.153473e+00
vgdrv = 2.042106e+00
Reset re-loads circuit * monte-carlo-untrimmed monte carlo deck (config=all) -- generated by sim/monte-carlo-untrimmed/run_mc_untrimmed.py, do not edit

Circuit: * monte-carlo-untrimmed monte carlo deck (config=all) -- generated by sim/monte-carlo-untrimmed/run_mc_untrimmed.py, do not edit

option SCALE: Scale is set to 1e-06 for instance and model parameters
option SCALE: Scale is set to 1e-06 for instance and model parameters
option SCALE: Scale is set to 1e-06 for instance and model parameters
option SCALE: Scale is set to 1e-06 for instance and model parameters
Doing analysis at TEMP = 27.000000 and TNOM = 27.000000

Using KLU as Direct Linear Solver

No. of Data Rows : 1
vout = 1.155149e+00
vgdrv = 2.041888e+00
Reset re-loads circuit * monte-carlo-untrimmed monte carlo deck (config=all) -- generated by sim/monte-carlo-untrimmed/run_mc_untrimmed.py, do not edit

Circuit: * monte-carlo-untrimmed monte carlo deck (config=all) -- generated by sim/monte-carlo-untrimmed/run_mc_untrimmed.py, do not edit

option SCALE: Scale is set to 1e-06 for instance and model parameters
option SCALE: Scale is set to 1e-06 for instance and model parameters
option SCALE: Scale is set to 1e-06 for instance and model parameters
option SCALE: Scale is set to 1e-06 for instance and model parameters
Doing analysis at TEMP = 27.000000 and TNOM = 27.000000

Using KLU as Direct Linear Solver

No. of Data Rows : 1
vout = 1.163248e+00
vgdrv = 2.037431e+00
Reset re-loads circuit * monte-carlo-untrimmed monte carlo deck (config=all) -- generated by sim/monte-carlo-untrimmed/run_mc_untrimmed.py, do not edit

Circuit: * monte-carlo-untrimmed monte carlo deck (config=all) -- generated by sim/monte-carlo-untrimmed/run_mc_untrimmed.py, do not edit

option SCALE: Scale is set to 1e-06 for instance and model parameters
option SCALE: Scale is set to 1e-06 for instance and model parameters
option SCALE: Scale is set to 1e-06 for instance and model parameters
option SCALE: Scale is set to 1e-06 for instance and model parameters
Doing analysis at TEMP = 27.000000 and TNOM = 27.000000

Using KLU as Direct Linear Solver

No. of Data Rows : 1
vout = 1.165746e+00
vgdrv = 2.036385e+00
Reset re-loads circuit * monte-carlo-untrimmed monte carlo deck (config=all) -- generated by sim/monte-carlo-untrimmed/run_mc_untrimmed.py, do not edit

Circuit: * monte-carlo-untrimmed monte carlo deck (config=all) -- generated by sim/monte-carlo-untrimmed/run_mc_untrimmed.py, do not edit

option SCALE: Scale is set to 1e-06 for instance and model parameters
option SCALE: Scale is set to 1e-06 for instance and model parameters
option SCALE: Scale is set to 1e-06 for instance and model parameters
option SCALE: Scale is set to 1e-06 for instance and model parameters
Doing analysis at TEMP = 27.000000 and TNOM = 27.000000

Using KLU as Direct Linear Solver

No. of Data Rows : 1
vout = 1.156856e+00
vgdrv = 2.036452e+00
Reset re-loads circuit * monte-carlo-untrimmed monte carlo deck (config=all) -- generated by sim/monte-carlo-untrimmed/run_mc_untrimmed.py, do not edit

Circuit: * monte-carlo-untrimmed monte carlo deck (config=all) -- generated by sim/monte-carlo-untrimmed/run_mc_untrimmed.py, do not edit

option SCALE: Scale is set to 1e-06 for instance and model parameters
option SCALE: Scale is set to 1e-06 for instance and model parameters
option SCALE: Scale is set to 1e-06 for instance and model parameters
option SCALE: Scale is set to 1e-06 for instance and model parameters
Doing analysis at TEMP = 27.000000 and TNOM = 27.000000

Using KLU as Direct Linear Solver

No. of Data Rows : 1
vout = 1.159921e+00
vgdrv = 2.035938e+00
Reset re-loads circuit * monte-carlo-untrimmed monte carlo deck (config=all) -- generated by sim/monte-carlo-untrimmed/run_mc_untrimmed.py, do not edit

Circuit: * monte-carlo-untrimmed monte carlo deck (config=all) -- generated by sim/monte-carlo-untrimmed/run_mc_untrimmed.py, do not edit

option SCALE: Scale is set to 1e-06 for instance and model parameters
option SCALE: Scale is set to 1e-06 for instance and model parameters
option SCALE: Scale is set to 1e-06 for instance and model parameters
option SCALE: Scale is set to 1e-06 for instance and model parameters
Doing analysis at TEMP = 27.000000 and TNOM = 27.000000

Using KLU as Direct Linear Solver

No. of Data Rows : 1
vout = 1.160597e+00
vgdrv = 2.038684e+00
Reset re-loads circuit * monte-carlo-untrimmed monte carlo deck (config=all) -- generated by sim/monte-carlo-untrimmed/run_mc_untrimmed.py, do not edit

Circuit: * monte-carlo-untrimmed monte carlo deck (config=all) -- generated by sim/monte-carlo-untrimmed/run_mc_untrimmed.py, do not edit

option SCALE: Scale is set to 1e-06 for instance and model parameters
option SCALE: Scale is set to 1e-06 for instance and model parameters
option SCALE: Scale is set to 1e-06 for instance and model parameters
option SCALE: Scale is set to 1e-06 for instance and model parameters
Doing analysis at TEMP = 27.000000 and TNOM = 27.000000

Using KLU as Direct Linear Solver
 Reference value :  0.00000e+00
No. of Data Rows : 1
vout = 1.161933e+00
vgdrv = 2.035860e+00
Reset re-loads circuit * monte-carlo-untrimmed monte carlo deck (config=all) -- generated by sim/monte-carlo-untrimmed/run_mc_untrimmed.py, do not edit

Circuit: * monte-carlo-untrimmed monte carlo deck (config=all) -- generated by sim/monte-carlo-untrimmed/run_mc_untrimmed.py, do not edit

option SCALE: Scale is set to 1e-06 for instance and model parameters
option SCALE: Scale is set to 1e-06 for instance and model parameters
option SCALE: Scale is set to 1e-06 for instance and model parameters
option SCALE: Scale is set to 1e-06 for instance and model parameters
Doing analysis at TEMP = 27.000000 and TNOM = 27.000000

Using KLU as Direct Linear Solver

No. of Data Rows : 1
vout = 1.184486e+00
vgdrv = 2.030730e+00
Reset re-loads circuit * monte-carlo-untrimmed monte carlo deck (config=all) -- generated by sim/monte-carlo-untrimmed/run_mc_untrimmed.py, do not edit

Circuit: * monte-carlo-untrimmed monte carlo deck (config=all) -- generated by sim/monte-carlo-untrimmed/run_mc_untrimmed.py, do not edit

option SCALE: Scale is set to 1e-06 for instance and model parameters
option SCALE: Scale is set to 1e-06 for instance and model parameters
option SCALE: Scale is set to 1e-06 for instance and model parameters
option SCALE: Scale is set to 1e-06 for instance and model parameters
Doing analysis at TEMP = 27.000000 and TNOM = 27.000000

Using KLU as Direct Linear Solver

No. of Data Rows : 1
vout = 1.169746e+00
vgdrv = 2.037278e+00
Reset re-loads circuit * monte-carlo-untrimmed monte carlo deck (config=all) -- generated by sim/monte-carlo-untrimmed/run_mc_untrimmed.py, do not edit

Circuit: * monte-carlo-untrimmed monte carlo deck (config=all) -- generated by sim/monte-carlo-untrimmed/run_mc_untrimmed.py, do not edit

option SCALE: Scale is set to 1e-06 for instance and model parameters
option SCALE: Scale is set to 1e-06 for instance and model parameters
option SCALE: Scale is set to 1e-06 for instance and model parameters
option SCALE: Scale is set to 1e-06 for instance and model parameters
Doing analysis at TEMP = 27.000000 and TNOM = 27.000000

Using KLU as Direct Linear Solver

No. of Data Rows : 1
vout = 1.173536e+00
vgdrv = 2.037980e+00
Reset re-loads circuit * monte-carlo-untrimmed monte carlo deck (config=all) -- generated by sim/monte-carlo-untrimmed/run_mc_untrimmed.py, do not edit

Circuit: * monte-carlo-untrimmed monte carlo deck (config=all) -- generated by sim/monte-carlo-untrimmed/run_mc_untrimmed.py, do not edit

option SCALE: Scale is set to 1e-06 for instance and model parameters
option SCALE: Scale is set to 1e-06 for instance and model parameters
option SCALE: Scale is set to 1e-06 for instance and model parameters
option SCALE: Scale is set to 1e-06 for instance and model parameters
Doing analysis at TEMP = 27.000000 and TNOM = 27.000000

Using KLU as Direct Linear Solver

No. of Data Rows : 1
vout = 1.161271e+00
vgdrv = 2.040364e+00
Reset re-loads circuit * monte-carlo-untrimmed monte carlo deck (config=all) -- generated by sim/monte-carlo-untrimmed/run_mc_untrimmed.py, do not edit

Circuit: * monte-carlo-untrimmed monte carlo deck (config=all) -- generated by sim/monte-carlo-untrimmed/run_mc_untrimmed.py, do not edit

option SCALE: Scale is set to 1e-06 for instance and model parameters
option SCALE: Scale is set to 1e-06 for instance and model parameters
option SCALE: Scale is set to 1e-06 for instance and model parameters
option SCALE: Scale is set to 1e-06 for instance and model parameters
Doing analysis at TEMP = 27.000000 and TNOM = 27.000000

Using KLU as Direct Linear Solver

No. of Data Rows : 1
vout = 1.169073e+00
vgdrv = 2.036652e+00
Reset re-loads circuit * monte-carlo-untrimmed monte carlo deck (config=all) -- generated by sim/monte-carlo-untrimmed/run_mc_untrimmed.py, do not edit

Circuit: * monte-carlo-untrimmed monte carlo deck (config=all) -- generated by sim/monte-carlo-untrimmed/run_mc_untrimmed.py, do not edit

option SCALE: Scale is set to 1e-06 for instance and model parameters
option SCALE: Scale is set to 1e-06 for instance and model parameters
option SCALE: Scale is set to 1e-06 for instance and model parameters
option SCALE: Scale is set to 1e-06 for instance and model parameters
Doing analysis at TEMP = 27.000000 and TNOM = 27.000000

Using KLU as Direct Linear Solver

No. of Data Rows : 1
vout = 1.155883e+00
vgdrv = 2.040045e+00
Reset re-loads circuit * monte-carlo-untrimmed monte carlo deck (config=all) -- generated by sim/monte-carlo-untrimmed/run_mc_untrimmed.py, do not edit

Circuit: * monte-carlo-untrimmed monte carlo deck (config=all) -- generated by sim/monte-carlo-untrimmed/run_mc_untrimmed.py, do not edit

option SCALE: Scale is set to 1e-06 for instance and model parameters
option SCALE: Scale is set to 1e-06 for instance and model parameters
option SCALE: Scale is set to 1e-06 for instance and model parameters
option SCALE: Scale is set to 1e-06 for instance and model parameters
Doing analysis at TEMP = 27.000000 and TNOM = 27.000000

Using KLU as Direct Linear Solver

No. of Data Rows : 1
vout = 1.162457e+00
vgdrv = 2.041335e+00
Reset re-loads circuit * monte-carlo-untrimmed monte carlo deck (config=all) -- generated by sim/monte-carlo-untrimmed/run_mc_untrimmed.py, do not edit

Circuit: * monte-carlo-untrimmed monte carlo deck (config=all) -- generated by sim/monte-carlo-untrimmed/run_mc_untrimmed.py, do not edit

option SCALE: Scale is set to 1e-06 for instance and model parameters
option SCALE: Scale is set to 1e-06 for instance and model parameters
option SCALE: Scale is set to 1e-06 for instance and model parameters
option SCALE: Scale is set to 1e-06 for instance and model parameters
Doing analysis at TEMP = 27.000000 and TNOM = 27.000000

Using KLU as Direct Linear Solver

No. of Data Rows : 1
vout = 1.170640e+00
vgdrv = 2.035730e+00
Reset re-loads circuit * monte-carlo-untrimmed monte carlo deck (config=all) -- generated by sim/monte-carlo-untrimmed/run_mc_untrimmed.py, do not edit

Circuit: * monte-carlo-untrimmed monte carlo deck (config=all) -- generated by sim/monte-carlo-untrimmed/run_mc_untrimmed.py, do not edit

option SCALE: Scale is set to 1e-06 for instance and model parameters
option SCALE: Scale is set to 1e-06 for instance and model parameters
option SCALE: Scale is set to 1e-06 for instance and model parameters
option SCALE: Scale is set to 1e-06 for instance and model parameters
Doing analysis at TEMP = 27.000000 and TNOM = 27.000000

Using KLU as Direct Linear Solver

No. of Data Rows : 1
vout = 1.162271e+00
vgdrv = 2.039141e+00
Reset re-loads circuit * monte-carlo-untrimmed monte carlo deck (config=all) -- generated by sim/monte-carlo-untrimmed/run_mc_untrimmed.py, do not edit

Circuit: * monte-carlo-untrimmed monte carlo deck (config=all) -- generated by sim/monte-carlo-untrimmed/run_mc_untrimmed.py, do not edit

option SCALE: Scale is set to 1e-06 for instance and model parameters
option SCALE: Scale is set to 1e-06 for instance and model parameters
option SCALE: Scale is set to 1e-06 for instance and model parameters
option SCALE: Scale is set to 1e-06 for instance and model parameters
Doing analysis at TEMP = 27.000000 and TNOM = 27.000000

Using KLU as Direct Linear Solver

No. of Data Rows : 1
vout = 1.165813e+00
vgdrv = 2.037915e+00
Reset re-loads circuit * monte-carlo-untrimmed monte carlo deck (config=all) -- generated by sim/monte-carlo-untrimmed/run_mc_untrimmed.py, do not edit

Circuit: * monte-carlo-untrimmed monte carlo deck (config=all) -- generated by sim/monte-carlo-untrimmed/run_mc_untrimmed.py, do not edit

option SCALE: Scale is set to 1e-06 for instance and model parameters
option SCALE: Scale is set to 1e-06 for instance and model parameters
option SCALE: Scale is set to 1e-06 for instance and model parameters
option SCALE: Scale is set to 1e-06 for instance and model parameters
Doing analysis at TEMP = 27.000000 and TNOM = 27.000000

Using KLU as Direct Linear Solver
 Reference value :  0.00000e+00
No. of Data Rows : 1
vout = 1.162045e+00
vgdrv = 2.036621e+00
Reset re-loads circuit * monte-carlo-untrimmed monte carlo deck (config=all) -- generated by sim/monte-carlo-untrimmed/run_mc_untrimmed.py, do not edit

Circuit: * monte-carlo-untrimmed monte carlo deck (config=all) -- generated by sim/monte-carlo-untrimmed/run_mc_untrimmed.py, do not edit

option SCALE: Scale is set to 1e-06 for instance and model parameters
option SCALE: Scale is set to 1e-06 for instance and model parameters
option SCALE: Scale is set to 1e-06 for instance and model parameters
option SCALE: Scale is set to 1e-06 for instance and model parameters
Doing analysis at TEMP = 27.000000 and TNOM = 27.000000

Using KLU as Direct Linear Solver

No. of Data Rows : 1
vout = 1.165092e+00
vgdrv = 2.038245e+00
Reset re-loads circuit * monte-carlo-untrimmed monte carlo deck (config=all) -- generated by sim/monte-carlo-untrimmed/run_mc_untrimmed.py, do not edit

Circuit: * monte-carlo-untrimmed monte carlo deck (config=all) -- generated by sim/monte-carlo-untrimmed/run_mc_untrimmed.py, do not edit

option SCALE: Scale is set to 1e-06 for instance and model parameters
option SCALE: Scale is set to 1e-06 for instance and model parameters
option SCALE: Scale is set to 1e-06 for instance and model parameters
option SCALE: Scale is set to 1e-06 for instance and model parameters
Doing analysis at TEMP = 27.000000 and TNOM = 27.000000

Using KLU as Direct Linear Solver

No. of Data Rows : 1
vout = 1.169423e+00
vgdrv = 2.032923e+00
Reset re-loads circuit * monte-carlo-untrimmed monte carlo deck (config=all) -- generated by sim/monte-carlo-untrimmed/run_mc_untrimmed.py, do not edit

Circuit: * monte-carlo-untrimmed monte carlo deck (config=all) -- generated by sim/monte-carlo-untrimmed/run_mc_untrimmed.py, do not edit

option SCALE: Scale is set to 1e-06 for instance and model parameters
option SCALE: Scale is set to 1e-06 for instance and model parameters
option SCALE: Scale is set to 1e-06 for instance and model parameters
option SCALE: Scale is set to 1e-06 for instance and model parameters
Doing analysis at TEMP = 27.000000 and TNOM = 27.000000

Using KLU as Direct Linear Solver

No. of Data Rows : 1
vout = 1.167956e+00
vgdrv = 2.038877e+00
Reset re-loads circuit * monte-carlo-untrimmed monte carlo deck (config=all) -- generated by sim/monte-carlo-untrimmed/run_mc_untrimmed.py, do not edit

Circuit: * monte-carlo-untrimmed monte carlo deck (config=all) -- generated by sim/monte-carlo-untrimmed/run_mc_untrimmed.py, do not edit

option SCALE: Scale is set to 1e-06 for instance and model parameters
option SCALE: Scale is set to 1e-06 for instance and model parameters
option SCALE: Scale is set to 1e-06 for instance and model parameters
option SCALE: Scale is set to 1e-06 for instance and model parameters
Doing analysis at TEMP = 27.000000 and TNOM = 27.000000

Using KLU as Direct Linear Solver

No. of Data Rows : 1
vout = 1.168068e+00
vgdrv = 2.038356e+00
Reset re-loads circuit * monte-carlo-untrimmed monte carlo deck (config=all) -- generated by sim/monte-carlo-untrimmed/run_mc_untrimmed.py, do not edit

Circuit: * monte-carlo-untrimmed monte carlo deck (config=all) -- generated by sim/monte-carlo-untrimmed/run_mc_untrimmed.py, do not edit

option SCALE: Scale is set to 1e-06 for instance and model parameters
option SCALE: Scale is set to 1e-06 for instance and model parameters
option SCALE: Scale is set to 1e-06 for instance and model parameters
option SCALE: Scale is set to 1e-06 for instance and model parameters
Doing analysis at TEMP = 27.000000 and TNOM = 27.000000

Using KLU as Direct Linear Solver

No. of Data Rows : 1
vout = 1.154739e+00
vgdrv = 2.041133e+00
Reset re-loads circuit * monte-carlo-untrimmed monte carlo deck (config=all) -- generated by sim/monte-carlo-untrimmed/run_mc_untrimmed.py, do not edit

Circuit: * monte-carlo-untrimmed monte carlo deck (config=all) -- generated by sim/monte-carlo-untrimmed/run_mc_untrimmed.py, do not edit

option SCALE: Scale is set to 1e-06 for instance and model parameters
option SCALE: Scale is set to 1e-06 for instance and model parameters
option SCALE: Scale is set to 1e-06 for instance and model parameters
option SCALE: Scale is set to 1e-06 for instance and model parameters
Doing analysis at TEMP = 27.000000 and TNOM = 27.000000

Using KLU as Direct Linear Solver

No. of Data Rows : 1
vout = 1.174688e+00
vgdrv = 2.032547e+00
Reset re-loads circuit * monte-carlo-untrimmed monte carlo deck (config=all) -- generated by sim/monte-carlo-untrimmed/run_mc_untrimmed.py, do not edit

Circuit: * monte-carlo-untrimmed monte carlo deck (config=all) -- generated by sim/monte-carlo-untrimmed/run_mc_untrimmed.py, do not edit

option SCALE: Scale is set to 1e-06 for instance and model parameters
option SCALE: Scale is set to 1e-06 for instance and model parameters
option SCALE: Scale is set to 1e-06 for instance and model parameters
option SCALE: Scale is set to 1e-06 for instance and model parameters
Doing analysis at TEMP = 27.000000 and TNOM = 27.000000

Using KLU as Direct Linear Solver

No. of Data Rows : 1
vout = 1.167464e+00
vgdrv = 2.037923e+00
Reset re-loads circuit * monte-carlo-untrimmed monte carlo deck (config=all) -- generated by sim/monte-carlo-untrimmed/run_mc_untrimmed.py, do not edit

Circuit: * monte-carlo-untrimmed monte carlo deck (config=all) -- generated by sim/monte-carlo-untrimmed/run_mc_untrimmed.py, do not edit

option SCALE: Scale is set to 1e-06 for instance and model parameters
option SCALE: Scale is set to 1e-06 for instance and model parameters
option SCALE: Scale is set to 1e-06 for instance and model parameters
option SCALE: Scale is set to 1e-06 for instance and model parameters
Doing analysis at TEMP = 27.000000 and TNOM = 27.000000

Using KLU as Direct Linear Solver

No. of Data Rows : 1
vout = 1.166580e+00
vgdrv = 2.036257e+00
Reset re-loads circuit * monte-carlo-untrimmed monte carlo deck (config=all) -- generated by sim/monte-carlo-untrimmed/run_mc_untrimmed.py, do not edit

Circuit: * monte-carlo-untrimmed monte carlo deck (config=all) -- generated by sim/monte-carlo-untrimmed/run_mc_untrimmed.py, do not edit

option SCALE: Scale is set to 1e-06 for instance and model parameters
option SCALE: Scale is set to 1e-06 for instance and model parameters
option SCALE: Scale is set to 1e-06 for instance and model parameters
option SCALE: Scale is set to 1e-06 for instance and model parameters
Doing analysis at TEMP = 27.000000 and TNOM = 27.000000

Using KLU as Direct Linear Solver

No. of Data Rows : 1
vout = 1.167669e+00
vgdrv = 2.032317e+00
Reset re-loads circuit * monte-carlo-untrimmed monte carlo deck (config=all) -- generated by sim/monte-carlo-untrimmed/run_mc_untrimmed.py, do not edit

Circuit: * monte-carlo-untrimmed monte carlo deck (config=all) -- generated by sim/monte-carlo-untrimmed/run_mc_untrimmed.py, do not edit

option SCALE: Scale is set to 1e-06 for instance and model parameters
option SCALE: Scale is set to 1e-06 for instance and model parameters
option SCALE: Scale is set to 1e-06 for instance and model parameters
option SCALE: Scale is set to 1e-06 for instance and model parameters
Doing analysis at TEMP = 27.000000 and TNOM = 27.000000

Using KLU as Direct Linear Solver

No. of Data Rows : 1
vout = 1.159990e+00
vgdrv = 2.037394e+00
Reset re-loads circuit * monte-carlo-untrimmed monte carlo deck (config=all) -- generated by sim/monte-carlo-untrimmed/run_mc_untrimmed.py, do not edit

Circuit: * monte-carlo-untrimmed monte carlo deck (config=all) -- generated by sim/monte-carlo-untrimmed/run_mc_untrimmed.py, do not edit

option SCALE: Scale is set to 1e-06 for instance and model parameters
option SCALE: Scale is set to 1e-06 for instance and model parameters
option SCALE: Scale is set to 1e-06 for instance and model parameters
option SCALE: Scale is set to 1e-06 for instance and model parameters
Doing analysis at TEMP = 27.000000 and TNOM = 27.000000

Using KLU as Direct Linear Solver
 Reference value :  0.00000e+00
No. of Data Rows : 1
vout = 1.158219e+00
vgdrv = 2.039952e+00
Reset re-loads circuit * monte-carlo-untrimmed monte carlo deck (config=all) -- generated by sim/monte-carlo-untrimmed/run_mc_untrimmed.py, do not edit

Circuit: * monte-carlo-untrimmed monte carlo deck (config=all) -- generated by sim/monte-carlo-untrimmed/run_mc_untrimmed.py, do not edit

option SCALE: Scale is set to 1e-06 for instance and model parameters
option SCALE: Scale is set to 1e-06 for instance and model parameters
option SCALE: Scale is set to 1e-06 for instance and model parameters
option SCALE: Scale is set to 1e-06 for instance and model parameters
Doing analysis at TEMP = 27.000000 and TNOM = 27.000000

Using KLU as Direct Linear Solver

No. of Data Rows : 1
vout = 1.179981e+00
vgdrv = 2.032767e+00
Reset re-loads circuit * monte-carlo-untrimmed monte carlo deck (config=all) -- generated by sim/monte-carlo-untrimmed/run_mc_untrimmed.py, do not edit

Circuit: * monte-carlo-untrimmed monte carlo deck (config=all) -- generated by sim/monte-carlo-untrimmed/run_mc_untrimmed.py, do not edit

option SCALE: Scale is set to 1e-06 for instance and model parameters
option SCALE: Scale is set to 1e-06 for instance and model parameters
option SCALE: Scale is set to 1e-06 for instance and model parameters
option SCALE: Scale is set to 1e-06 for instance and model parameters
Doing analysis at TEMP = 27.000000 and TNOM = 27.000000

Using KLU as Direct Linear Solver

No. of Data Rows : 1
vout = 1.178996e+00
vgdrv = 2.035263e+00
Reset re-loads circuit * monte-carlo-untrimmed monte carlo deck (config=all) -- generated by sim/monte-carlo-untrimmed/run_mc_untrimmed.py, do not edit

Circuit: * monte-carlo-untrimmed monte carlo deck (config=all) -- generated by sim/monte-carlo-untrimmed/run_mc_untrimmed.py, do not edit

option SCALE: Scale is set to 1e-06 for instance and model parameters
option SCALE: Scale is set to 1e-06 for instance and model parameters
option SCALE: Scale is set to 1e-06 for instance and model parameters
option SCALE: Scale is set to 1e-06 for instance and model parameters
Doing analysis at TEMP = 27.000000 and TNOM = 27.000000

Using KLU as Direct Linear Solver

No. of Data Rows : 1
vout = 1.165520e+00
vgdrv = 2.043637e+00
Reset re-loads circuit * monte-carlo-untrimmed monte carlo deck (config=all) -- generated by sim/monte-carlo-untrimmed/run_mc_untrimmed.py, do not edit

Circuit: * monte-carlo-untrimmed monte carlo deck (config=all) -- generated by sim/monte-carlo-untrimmed/run_mc_untrimmed.py, do not edit

option SCALE: Scale is set to 1e-06 for instance and model parameters
option SCALE: Scale is set to 1e-06 for instance and model parameters
option SCALE: Scale is set to 1e-06 for instance and model parameters
option SCALE: Scale is set to 1e-06 for instance and model parameters
Doing analysis at TEMP = 27.000000 and TNOM = 27.000000

Using KLU as Direct Linear Solver

No. of Data Rows : 1
vout = 1.163238e+00
vgdrv = 2.042023e+00
Reset re-loads circuit * monte-carlo-untrimmed monte carlo deck (config=all) -- generated by sim/monte-carlo-untrimmed/run_mc_untrimmed.py, do not edit

Circuit: * monte-carlo-untrimmed monte carlo deck (config=all) -- generated by sim/monte-carlo-untrimmed/run_mc_untrimmed.py, do not edit

option SCALE: Scale is set to 1e-06 for instance and model parameters
option SCALE: Scale is set to 1e-06 for instance and model parameters
option SCALE: Scale is set to 1e-06 for instance and model parameters
option SCALE: Scale is set to 1e-06 for instance and model parameters
Doing analysis at TEMP = 27.000000 and TNOM = 27.000000

Using KLU as Direct Linear Solver

No. of Data Rows : 1
vout = 1.178074e+00
vgdrv = 2.033717e+00
Reset re-loads circuit * monte-carlo-untrimmed monte carlo deck (config=all) -- generated by sim/monte-carlo-untrimmed/run_mc_untrimmed.py, do not edit

Circuit: * monte-carlo-untrimmed monte carlo deck (config=all) -- generated by sim/monte-carlo-untrimmed/run_mc_untrimmed.py, do not edit

option SCALE: Scale is set to 1e-06 for instance and model parameters
option SCALE: Scale is set to 1e-06 for instance and model parameters
option SCALE: Scale is set to 1e-06 for instance and model parameters
option SCALE: Scale is set to 1e-06 for instance and model parameters
Doing analysis at TEMP = 27.000000 and TNOM = 27.000000

Using KLU as Direct Linear Solver

No. of Data Rows : 1
vout = 1.167682e+00
vgdrv = 2.033270e+00
Reset re-loads circuit * monte-carlo-untrimmed monte carlo deck (config=all) -- generated by sim/monte-carlo-untrimmed/run_mc_untrimmed.py, do not edit

Circuit: * monte-carlo-untrimmed monte carlo deck (config=all) -- generated by sim/monte-carlo-untrimmed/run_mc_untrimmed.py, do not edit

option SCALE: Scale is set to 1e-06 for instance and model parameters
option SCALE: Scale is set to 1e-06 for instance and model parameters
option SCALE: Scale is set to 1e-06 for instance and model parameters
option SCALE: Scale is set to 1e-06 for instance and model parameters
Doing analysis at TEMP = 27.000000 and TNOM = 27.000000

Using KLU as Direct Linear Solver

No. of Data Rows : 1
vout = 1.166524e+00
vgdrv = 2.036034e+00
Reset re-loads circuit * monte-carlo-untrimmed monte carlo deck (config=all) -- generated by sim/monte-carlo-untrimmed/run_mc_untrimmed.py, do not edit

Circuit: * monte-carlo-untrimmed monte carlo deck (config=all) -- generated by sim/monte-carlo-untrimmed/run_mc_untrimmed.py, do not edit

option SCALE: Scale is set to 1e-06 for instance and model parameters
option SCALE: Scale is set to 1e-06 for instance and model parameters
option SCALE: Scale is set to 1e-06 for instance and model parameters
option SCALE: Scale is set to 1e-06 for instance and model parameters
Doing analysis at TEMP = 27.000000 and TNOM = 27.000000

Using KLU as Direct Linear Solver

No. of Data Rows : 1
vout = 1.157801e+00
vgdrv = 2.039741e+00
Reset re-loads circuit * monte-carlo-untrimmed monte carlo deck (config=all) -- generated by sim/monte-carlo-untrimmed/run_mc_untrimmed.py, do not edit

Circuit: * monte-carlo-untrimmed monte carlo deck (config=all) -- generated by sim/monte-carlo-untrimmed/run_mc_untrimmed.py, do not edit

option SCALE: Scale is set to 1e-06 for instance and model parameters
option SCALE: Scale is set to 1e-06 for instance and model parameters
option SCALE: Scale is set to 1e-06 for instance and model parameters
option SCALE: Scale is set to 1e-06 for instance and model parameters
Doing analysis at TEMP = 27.000000 and TNOM = 27.000000

Using KLU as Direct Linear Solver

No. of Data Rows : 1
vout = 1.169329e+00
vgdrv = 2.036623e+00
Reset re-loads circuit * monte-carlo-untrimmed monte carlo deck (config=all) -- generated by sim/monte-carlo-untrimmed/run_mc_untrimmed.py, do not edit

Circuit: * monte-carlo-untrimmed monte carlo deck (config=all) -- generated by sim/monte-carlo-untrimmed/run_mc_untrimmed.py, do not edit

option SCALE: Scale is set to 1e-06 for instance and model parameters
option SCALE: Scale is set to 1e-06 for instance and model parameters
option SCALE: Scale is set to 1e-06 for instance and model parameters
option SCALE: Scale is set to 1e-06 for instance and model parameters
Doing analysis at TEMP = 27.000000 and TNOM = 27.000000

Using KLU as Direct Linear Solver
 Reference value :  0.00000e+00
No. of Data Rows : 1
vout = 1.155164e+00
vgdrv = 2.038728e+00
Reset re-loads circuit * monte-carlo-untrimmed monte carlo deck (config=all) -- generated by sim/monte-carlo-untrimmed/run_mc_untrimmed.py, do not edit

Circuit: * monte-carlo-untrimmed monte carlo deck (config=all) -- generated by sim/monte-carlo-untrimmed/run_mc_untrimmed.py, do not edit

option SCALE: Scale is set to 1e-06 for instance and model parameters
option SCALE: Scale is set to 1e-06 for instance and model parameters
option SCALE: Scale is set to 1e-06 for instance and model parameters
option SCALE: Scale is set to 1e-06 for instance and model parameters
Doing analysis at TEMP = 27.000000 and TNOM = 27.000000

Using KLU as Direct Linear Solver

No. of Data Rows : 1
vout = 1.165305e+00
vgdrv = 2.033949e+00
Reset re-loads circuit * monte-carlo-untrimmed monte carlo deck (config=all) -- generated by sim/monte-carlo-untrimmed/run_mc_untrimmed.py, do not edit

Circuit: * monte-carlo-untrimmed monte carlo deck (config=all) -- generated by sim/monte-carlo-untrimmed/run_mc_untrimmed.py, do not edit

option SCALE: Scale is set to 1e-06 for instance and model parameters
option SCALE: Scale is set to 1e-06 for instance and model parameters
option SCALE: Scale is set to 1e-06 for instance and model parameters
option SCALE: Scale is set to 1e-06 for instance and model parameters
Doing analysis at TEMP = 27.000000 and TNOM = 27.000000

Using KLU as Direct Linear Solver

No. of Data Rows : 1
vout = 1.167315e+00
vgdrv = 2.036030e+00
Reset re-loads circuit * monte-carlo-untrimmed monte carlo deck (config=all) -- generated by sim/monte-carlo-untrimmed/run_mc_untrimmed.py, do not edit

Circuit: * monte-carlo-untrimmed monte carlo deck (config=all) -- generated by sim/monte-carlo-untrimmed/run_mc_untrimmed.py, do not edit

option SCALE: Scale is set to 1e-06 for instance and model parameters
option SCALE: Scale is set to 1e-06 for instance and model parameters
option SCALE: Scale is set to 1e-06 for instance and model parameters
option SCALE: Scale is set to 1e-06 for instance and model parameters
Doing analysis at TEMP = 27.000000 and TNOM = 27.000000

Using KLU as Direct Linear Solver

No. of Data Rows : 1
vout = 1.168427e+00
vgdrv = 2.037109e+00
Reset re-loads circuit * monte-carlo-untrimmed monte carlo deck (config=all) -- generated by sim/monte-carlo-untrimmed/run_mc_untrimmed.py, do not edit

Circuit: * monte-carlo-untrimmed monte carlo deck (config=all) -- generated by sim/monte-carlo-untrimmed/run_mc_untrimmed.py, do not edit

option SCALE: Scale is set to 1e-06 for instance and model parameters
option SCALE: Scale is set to 1e-06 for instance and model parameters
option SCALE: Scale is set to 1e-06 for instance and model parameters
option SCALE: Scale is set to 1e-06 for instance and model parameters
Doing analysis at TEMP = 27.000000 and TNOM = 27.000000

Using KLU as Direct Linear Solver

No. of Data Rows : 1
vout = 1.171124e+00
vgdrv = 2.036263e+00
Reset re-loads circuit * monte-carlo-untrimmed monte carlo deck (config=all) -- generated by sim/monte-carlo-untrimmed/run_mc_untrimmed.py, do not edit

Circuit: * monte-carlo-untrimmed monte carlo deck (config=all) -- generated by sim/monte-carlo-untrimmed/run_mc_untrimmed.py, do not edit

option SCALE: Scale is set to 1e-06 for instance and model parameters
option SCALE: Scale is set to 1e-06 for instance and model parameters
option SCALE: Scale is set to 1e-06 for instance and model parameters
option SCALE: Scale is set to 1e-06 for instance and model parameters
Doing analysis at TEMP = 27.000000 and TNOM = 27.000000

Using KLU as Direct Linear Solver

No. of Data Rows : 1
vout = 1.171766e+00
vgdrv = 2.035385e+00
Reset re-loads circuit * monte-carlo-untrimmed monte carlo deck (config=all) -- generated by sim/monte-carlo-untrimmed/run_mc_untrimmed.py, do not edit

Circuit: * monte-carlo-untrimmed monte carlo deck (config=all) -- generated by sim/monte-carlo-untrimmed/run_mc_untrimmed.py, do not edit

option SCALE: Scale is set to 1e-06 for instance and model parameters
option SCALE: Scale is set to 1e-06 for instance and model parameters
option SCALE: Scale is set to 1e-06 for instance and model parameters
option SCALE: Scale is set to 1e-06 for instance and model parameters
Doing analysis at TEMP = 27.000000 and TNOM = 27.000000

Using KLU as Direct Linear Solver

No. of Data Rows : 1
vout = 1.173612e+00
vgdrv = 2.039349e+00
Reset re-loads circuit * monte-carlo-untrimmed monte carlo deck (config=all) -- generated by sim/monte-carlo-untrimmed/run_mc_untrimmed.py, do not edit

Circuit: * monte-carlo-untrimmed monte carlo deck (config=all) -- generated by sim/monte-carlo-untrimmed/run_mc_untrimmed.py, do not edit

option SCALE: Scale is set to 1e-06 for instance and model parameters
option SCALE: Scale is set to 1e-06 for instance and model parameters
option SCALE: Scale is set to 1e-06 for instance and model parameters
option SCALE: Scale is set to 1e-06 for instance and model parameters
Doing analysis at TEMP = 27.000000 and TNOM = 27.000000

Using KLU as Direct Linear Solver

No. of Data Rows : 1
vout = 1.163022e+00
vgdrv = 2.033705e+00
Reset re-loads circuit * monte-carlo-untrimmed monte carlo deck (config=all) -- generated by sim/monte-carlo-untrimmed/run_mc_untrimmed.py, do not edit

Circuit: * monte-carlo-untrimmed monte carlo deck (config=all) -- generated by sim/monte-carlo-untrimmed/run_mc_untrimmed.py, do not edit

option SCALE: Scale is set to 1e-06 for instance and model parameters
option SCALE: Scale is set to 1e-06 for instance and model parameters
option SCALE: Scale is set to 1e-06 for instance and model parameters
option SCALE: Scale is set to 1e-06 for instance and model parameters
Doing analysis at TEMP = 27.000000 and TNOM = 27.000000

Using KLU as Direct Linear Solver

No. of Data Rows : 1
vout = 1.162719e+00
vgdrv = 2.035642e+00
Reset re-loads circuit * monte-carlo-untrimmed monte carlo deck (config=all) -- generated by sim/monte-carlo-untrimmed/run_mc_untrimmed.py, do not edit

Circuit: * monte-carlo-untrimmed monte carlo deck (config=all) -- generated by sim/monte-carlo-untrimmed/run_mc_untrimmed.py, do not edit

option SCALE: Scale is set to 1e-06 for instance and model parameters
option SCALE: Scale is set to 1e-06 for instance and model parameters
option SCALE: Scale is set to 1e-06 for instance and model parameters
option SCALE: Scale is set to 1e-06 for instance and model parameters
Doing analysis at TEMP = 27.000000 and TNOM = 27.000000

Using KLU as Direct Linear Solver

No. of Data Rows : 1
vout = 1.164826e+00
vgdrv = 2.038990e+00
Reset re-loads circuit * monte-carlo-untrimmed monte carlo deck (config=all) -- generated by sim/monte-carlo-untrimmed/run_mc_untrimmed.py, do not edit

Circuit: * monte-carlo-untrimmed monte carlo deck (config=all) -- generated by sim/monte-carlo-untrimmed/run_mc_untrimmed.py, do not edit

option SCALE: Scale is set to 1e-06 for instance and model parameters
option SCALE: Scale is set to 1e-06 for instance and model parameters
option SCALE: Scale is set to 1e-06 for instance and model parameters
option SCALE: Scale is set to 1e-06 for instance and model parameters
Doing analysis at TEMP = 27.000000 and TNOM = 27.000000

Using KLU as Direct Linear Solver
 Reference value :  0.00000e+00
No. of Data Rows : 1
vout = 1.152207e+00
vgdrv = 2.037062e+00
Reset re-loads circuit * monte-carlo-untrimmed monte carlo deck (config=all) -- generated by sim/monte-carlo-untrimmed/run_mc_untrimmed.py, do not edit

Circuit: * monte-carlo-untrimmed monte carlo deck (config=all) -- generated by sim/monte-carlo-untrimmed/run_mc_untrimmed.py, do not edit

option SCALE: Scale is set to 1e-06 for instance and model parameters
option SCALE: Scale is set to 1e-06 for instance and model parameters
option SCALE: Scale is set to 1e-06 for instance and model parameters
option SCALE: Scale is set to 1e-06 for instance and model parameters
Doing analysis at TEMP = 27.000000 and TNOM = 27.000000

Using KLU as Direct Linear Solver

No. of Data Rows : 1
vout = 1.170813e+00
vgdrv = 2.033155e+00
Reset re-loads circuit * monte-carlo-untrimmed monte carlo deck (config=all) -- generated by sim/monte-carlo-untrimmed/run_mc_untrimmed.py, do not edit

Circuit: * monte-carlo-untrimmed monte carlo deck (config=all) -- generated by sim/monte-carlo-untrimmed/run_mc_untrimmed.py, do not edit

option SCALE: Scale is set to 1e-06 for instance and model parameters
option SCALE: Scale is set to 1e-06 for instance and model parameters
option SCALE: Scale is set to 1e-06 for instance and model parameters
option SCALE: Scale is set to 1e-06 for instance and model parameters
Doing analysis at TEMP = 27.000000 and TNOM = 27.000000

Using KLU as Direct Linear Solver

No. of Data Rows : 1
vout = 1.159786e+00
vgdrv = 2.034678e+00
Reset re-loads circuit * monte-carlo-untrimmed monte carlo deck (config=all) -- generated by sim/monte-carlo-untrimmed/run_mc_untrimmed.py, do not edit

Circuit: * monte-carlo-untrimmed monte carlo deck (config=all) -- generated by sim/monte-carlo-untrimmed/run_mc_untrimmed.py, do not edit

option SCALE: Scale is set to 1e-06 for instance and model parameters
option SCALE: Scale is set to 1e-06 for instance and model parameters
option SCALE: Scale is set to 1e-06 for instance and model parameters
option SCALE: Scale is set to 1e-06 for instance and model parameters
Doing analysis at TEMP = 27.000000 and TNOM = 27.000000

Using KLU as Direct Linear Solver

No. of Data Rows : 1
vout = 1.149475e+00
vgdrv = 2.043741e+00
Reset re-loads circuit * monte-carlo-untrimmed monte carlo deck (config=all) -- generated by sim/monte-carlo-untrimmed/run_mc_untrimmed.py, do not edit

Circuit: * monte-carlo-untrimmed monte carlo deck (config=all) -- generated by sim/monte-carlo-untrimmed/run_mc_untrimmed.py, do not edit

option SCALE: Scale is set to 1e-06 for instance and model parameters
option SCALE: Scale is set to 1e-06 for instance and model parameters
option SCALE: Scale is set to 1e-06 for instance and model parameters
option SCALE: Scale is set to 1e-06 for instance and model parameters
Doing analysis at TEMP = 27.000000 and TNOM = 27.000000

Using KLU as Direct Linear Solver

No. of Data Rows : 1
vout = 1.167906e+00
vgdrv = 2.033190e+00
Reset re-loads circuit * monte-carlo-untrimmed monte carlo deck (config=all) -- generated by sim/monte-carlo-untrimmed/run_mc_untrimmed.py, do not edit

Circuit: * monte-carlo-untrimmed monte carlo deck (config=all) -- generated by sim/monte-carlo-untrimmed/run_mc_untrimmed.py, do not edit

option SCALE: Scale is set to 1e-06 for instance and model parameters
option SCALE: Scale is set to 1e-06 for instance and model parameters
option SCALE: Scale is set to 1e-06 for instance and model parameters
option SCALE: Scale is set to 1e-06 for instance and model parameters
Doing analysis at TEMP = 27.000000 and TNOM = 27.000000

Using KLU as Direct Linear Solver

No. of Data Rows : 1
vout = 1.175262e+00
vgdrv = 2.035420e+00
Reset re-loads circuit * monte-carlo-untrimmed monte carlo deck (config=all) -- generated by sim/monte-carlo-untrimmed/run_mc_untrimmed.py, do not edit

Circuit: * monte-carlo-untrimmed monte carlo deck (config=all) -- generated by sim/monte-carlo-untrimmed/run_mc_untrimmed.py, do not edit

option SCALE: Scale is set to 1e-06 for instance and model parameters
option SCALE: Scale is set to 1e-06 for instance and model parameters
option SCALE: Scale is set to 1e-06 for instance and model parameters
option SCALE: Scale is set to 1e-06 for instance and model parameters
Doing analysis at TEMP = 27.000000 and TNOM = 27.000000

Using KLU as Direct Linear Solver

No. of Data Rows : 1
vout = 1.168706e+00
vgdrv = 2.034082e+00
Reset re-loads circuit * monte-carlo-untrimmed monte carlo deck (config=all) -- generated by sim/monte-carlo-untrimmed/run_mc_untrimmed.py, do not edit

Circuit: * monte-carlo-untrimmed monte carlo deck (config=all) -- generated by sim/monte-carlo-untrimmed/run_mc_untrimmed.py, do not edit

option SCALE: Scale is set to 1e-06 for instance and model parameters
option SCALE: Scale is set to 1e-06 for instance and model parameters
option SCALE: Scale is set to 1e-06 for instance and model parameters
option SCALE: Scale is set to 1e-06 for instance and model parameters
Doing analysis at TEMP = 27.000000 and TNOM = 27.000000

Using KLU as Direct Linear Solver

No. of Data Rows : 1
vout = 1.164095e+00
vgdrv = 2.034665e+00
Reset re-loads circuit * monte-carlo-untrimmed monte carlo deck (config=all) -- generated by sim/monte-carlo-untrimmed/run_mc_untrimmed.py, do not edit

Circuit: * monte-carlo-untrimmed monte carlo deck (config=all) -- generated by sim/monte-carlo-untrimmed/run_mc_untrimmed.py, do not edit

option SCALE: Scale is set to 1e-06 for instance and model parameters
option SCALE: Scale is set to 1e-06 for instance and model parameters
option SCALE: Scale is set to 1e-06 for instance and model parameters
option SCALE: Scale is set to 1e-06 for instance and model parameters
Doing analysis at TEMP = 27.000000 and TNOM = 27.000000

Using KLU as Direct Linear Solver

No. of Data Rows : 1
vout = 1.157767e+00
vgdrv = 2.040354e+00
Reset re-loads circuit * monte-carlo-untrimmed monte carlo deck (config=all) -- generated by sim/monte-carlo-untrimmed/run_mc_untrimmed.py, do not edit

Circuit: * monte-carlo-untrimmed monte carlo deck (config=all) -- generated by sim/monte-carlo-untrimmed/run_mc_untrimmed.py, do not edit

option SCALE: Scale is set to 1e-06 for instance and model parameters
option SCALE: Scale is set to 1e-06 for instance and model parameters
option SCALE: Scale is set to 1e-06 for instance and model parameters
option SCALE: Scale is set to 1e-06 for instance and model parameters
Doing analysis at TEMP = 27.000000 and TNOM = 27.000000

Using KLU as Direct Linear Solver
 Reference value :  0.00000e+00
No. of Data Rows : 1
vout = 1.166568e+00
vgdrv = 2.037530e+00
Reset re-loads circuit * monte-carlo-untrimmed monte carlo deck (config=all) -- generated by sim/monte-carlo-untrimmed/run_mc_untrimmed.py, do not edit

Circuit: * monte-carlo-untrimmed monte carlo deck (config=all) -- generated by sim/monte-carlo-untrimmed/run_mc_untrimmed.py, do not edit

option SCALE: Scale is set to 1e-06 for instance and model parameters
option SCALE: Scale is set to 1e-06 for instance and model parameters
option SCALE: Scale is set to 1e-06 for instance and model parameters
option SCALE: Scale is set to 1e-06 for instance and model parameters
Doing analysis at TEMP = 27.000000 and TNOM = 27.000000

Using KLU as Direct Linear Solver

No. of Data Rows : 1
vout = 1.166455e+00
vgdrv = 2.036567e+00
Reset re-loads circuit * monte-carlo-untrimmed monte carlo deck (config=all) -- generated by sim/monte-carlo-untrimmed/run_mc_untrimmed.py, do not edit

Circuit: * monte-carlo-untrimmed monte carlo deck (config=all) -- generated by sim/monte-carlo-untrimmed/run_mc_untrimmed.py, do not edit

option SCALE: Scale is set to 1e-06 for instance and model parameters
option SCALE: Scale is set to 1e-06 for instance and model parameters
option SCALE: Scale is set to 1e-06 for instance and model parameters
option SCALE: Scale is set to 1e-06 for instance and model parameters
Doing analysis at TEMP = 27.000000 and TNOM = 27.000000

Using KLU as Direct Linear Solver

No. of Data Rows : 1
vout = 1.176639e+00
vgdrv = 2.034370e+00
Reset re-loads circuit * monte-carlo-untrimmed monte carlo deck (config=all) -- generated by sim/monte-carlo-untrimmed/run_mc_untrimmed.py, do not edit

Circuit: * monte-carlo-untrimmed monte carlo deck (config=all) -- generated by sim/monte-carlo-untrimmed/run_mc_untrimmed.py, do not edit

option SCALE: Scale is set to 1e-06 for instance and model parameters
option SCALE: Scale is set to 1e-06 for instance and model parameters
option SCALE: Scale is set to 1e-06 for instance and model parameters
option SCALE: Scale is set to 1e-06 for instance and model parameters
Doing analysis at TEMP = 27.000000 and TNOM = 27.000000

Using KLU as Direct Linear Solver

No. of Data Rows : 1
vout = 1.157327e+00
vgdrv = 2.040931e+00
Reset re-loads circuit * monte-carlo-untrimmed monte carlo deck (config=all) -- generated by sim/monte-carlo-untrimmed/run_mc_untrimmed.py, do not edit

Circuit: * monte-carlo-untrimmed monte carlo deck (config=all) -- generated by sim/monte-carlo-untrimmed/run_mc_untrimmed.py, do not edit

option SCALE: Scale is set to 1e-06 for instance and model parameters
option SCALE: Scale is set to 1e-06 for instance and model parameters
option SCALE: Scale is set to 1e-06 for instance and model parameters
option SCALE: Scale is set to 1e-06 for instance and model parameters
Doing analysis at TEMP = 27.000000 and TNOM = 27.000000

Using KLU as Direct Linear Solver

No. of Data Rows : 1
vout = 1.168297e+00
vgdrv = 2.035095e+00
Reset re-loads circuit * monte-carlo-untrimmed monte carlo deck (config=all) -- generated by sim/monte-carlo-untrimmed/run_mc_untrimmed.py, do not edit

Circuit: * monte-carlo-untrimmed monte carlo deck (config=all) -- generated by sim/monte-carlo-untrimmed/run_mc_untrimmed.py, do not edit

option SCALE: Scale is set to 1e-06 for instance and model parameters
option SCALE: Scale is set to 1e-06 for instance and model parameters
option SCALE: Scale is set to 1e-06 for instance and model parameters
option SCALE: Scale is set to 1e-06 for instance and model parameters
Doing analysis at TEMP = 27.000000 and TNOM = 27.000000

Using KLU as Direct Linear Solver

No. of Data Rows : 1
vout = 1.154520e+00
vgdrv = 2.041913e+00
Reset re-loads circuit * monte-carlo-untrimmed monte carlo deck (config=all) -- generated by sim/monte-carlo-untrimmed/run_mc_untrimmed.py, do not edit

Circuit: * monte-carlo-untrimmed monte carlo deck (config=all) -- generated by sim/monte-carlo-untrimmed/run_mc_untrimmed.py, do not edit

option SCALE: Scale is set to 1e-06 for instance and model parameters
option SCALE: Scale is set to 1e-06 for instance and model parameters
option SCALE: Scale is set to 1e-06 for instance and model parameters
option SCALE: Scale is set to 1e-06 for instance and model parameters
Doing analysis at TEMP = 27.000000 and TNOM = 27.000000

Using KLU as Direct Linear Solver

No. of Data Rows : 1
vout = 1.159439e+00
vgdrv = 2.036223e+00
Reset re-loads circuit * monte-carlo-untrimmed monte carlo deck (config=all) -- generated by sim/monte-carlo-untrimmed/run_mc_untrimmed.py, do not edit

Circuit: * monte-carlo-untrimmed monte carlo deck (config=all) -- generated by sim/monte-carlo-untrimmed/run_mc_untrimmed.py, do not edit

option SCALE: Scale is set to 1e-06 for instance and model parameters
option SCALE: Scale is set to 1e-06 for instance and model parameters
option SCALE: Scale is set to 1e-06 for instance and model parameters
option SCALE: Scale is set to 1e-06 for instance and model parameters
Doing analysis at TEMP = 27.000000 and TNOM = 27.000000

Using KLU as Direct Linear Solver

No. of Data Rows : 1
vout = 1.167554e+00
vgdrv = 2.034261e+00
Reset re-loads circuit * monte-carlo-untrimmed monte carlo deck (config=all) -- generated by sim/monte-carlo-untrimmed/run_mc_untrimmed.py, do not edit

Circuit: * monte-carlo-untrimmed monte carlo deck (config=all) -- generated by sim/monte-carlo-untrimmed/run_mc_untrimmed.py, do not edit

option SCALE: Scale is set to 1e-06 for instance and model parameters
option SCALE: Scale is set to 1e-06 for instance and model parameters
option SCALE: Scale is set to 1e-06 for instance and model parameters
option SCALE: Scale is set to 1e-06 for instance and model parameters
Doing analysis at TEMP = 27.000000 and TNOM = 27.000000

Using KLU as Direct Linear Solver

No. of Data Rows : 1
vout = 1.166712e+00
vgdrv = 2.036152e+00
Reset re-loads circuit * monte-carlo-untrimmed monte carlo deck (config=all) -- generated by sim/monte-carlo-untrimmed/run_mc_untrimmed.py, do not edit

Circuit: * monte-carlo-untrimmed monte carlo deck (config=all) -- generated by sim/monte-carlo-untrimmed/run_mc_untrimmed.py, do not edit

option SCALE: Scale is set to 1e-06 for instance and model parameters
option SCALE: Scale is set to 1e-06 for instance and model parameters
option SCALE: Scale is set to 1e-06 for instance and model parameters
option SCALE: Scale is set to 1e-06 for instance and model parameters
Doing analysis at TEMP = 27.000000 and TNOM = 27.000000

Using KLU as Direct Linear Solver
 Reference value :  0.00000e+00
No. of Data Rows : 1
vout = 1.159704e+00
vgdrv = 2.035572e+00
Reset re-loads circuit * monte-carlo-untrimmed monte carlo deck (config=all) -- generated by sim/monte-carlo-untrimmed/run_mc_untrimmed.py, do not edit

Circuit: * monte-carlo-untrimmed monte carlo deck (config=all) -- generated by sim/monte-carlo-untrimmed/run_mc_untrimmed.py, do not edit

option SCALE: Scale is set to 1e-06 for instance and model parameters
option SCALE: Scale is set to 1e-06 for instance and model parameters
option SCALE: Scale is set to 1e-06 for instance and model parameters
option SCALE: Scale is set to 1e-06 for instance and model parameters
Doing analysis at TEMP = 27.000000 and TNOM = 27.000000

Using KLU as Direct Linear Solver

No. of Data Rows : 1
vout = 1.178748e+00
vgdrv = 2.032074e+00
Reset re-loads circuit * monte-carlo-untrimmed monte carlo deck (config=all) -- generated by sim/monte-carlo-untrimmed/run_mc_untrimmed.py, do not edit

Circuit: * monte-carlo-untrimmed monte carlo deck (config=all) -- generated by sim/monte-carlo-untrimmed/run_mc_untrimmed.py, do not edit

option SCALE: Scale is set to 1e-06 for instance and model parameters
option SCALE: Scale is set to 1e-06 for instance and model parameters
option SCALE: Scale is set to 1e-06 for instance and model parameters
option SCALE: Scale is set to 1e-06 for instance and model parameters
Doing analysis at TEMP = 27.000000 and TNOM = 27.000000

Using KLU as Direct Linear Solver

No. of Data Rows : 1
vout = 1.167098e+00
vgdrv = 2.034151e+00
Reset re-loads circuit * monte-carlo-untrimmed monte carlo deck (config=all) -- generated by sim/monte-carlo-untrimmed/run_mc_untrimmed.py, do not edit

Circuit: * monte-carlo-untrimmed monte carlo deck (config=all) -- generated by sim/monte-carlo-untrimmed/run_mc_untrimmed.py, do not edit

option SCALE: Scale is set to 1e-06 for instance and model parameters
option SCALE: Scale is set to 1e-06 for instance and model parameters
option SCALE: Scale is set to 1e-06 for instance and model parameters
option SCALE: Scale is set to 1e-06 for instance and model parameters
Doing analysis at TEMP = 27.000000 and TNOM = 27.000000

Using KLU as Direct Linear Solver

No. of Data Rows : 1
vout = 1.165412e+00
vgdrv = 2.037975e+00
Reset re-loads circuit * monte-carlo-untrimmed monte carlo deck (config=all) -- generated by sim/monte-carlo-untrimmed/run_mc_untrimmed.py, do not edit

Circuit: * monte-carlo-untrimmed monte carlo deck (config=all) -- generated by sim/monte-carlo-untrimmed/run_mc_untrimmed.py, do not edit

option SCALE: Scale is set to 1e-06 for instance and model parameters
option SCALE: Scale is set to 1e-06 for instance and model parameters
option SCALE: Scale is set to 1e-06 for instance and model parameters
option SCALE: Scale is set to 1e-06 for instance and model parameters
Doing analysis at TEMP = 27.000000 and TNOM = 27.000000

Using KLU as Direct Linear Solver

No. of Data Rows : 1
vout = 1.157599e+00
vgdrv = 2.042430e+00
Reset re-loads circuit * monte-carlo-untrimmed monte carlo deck (config=all) -- generated by sim/monte-carlo-untrimmed/run_mc_untrimmed.py, do not edit

Circuit: * monte-carlo-untrimmed monte carlo deck (config=all) -- generated by sim/monte-carlo-untrimmed/run_mc_untrimmed.py, do not edit

option SCALE: Scale is set to 1e-06 for instance and model parameters
option SCALE: Scale is set to 1e-06 for instance and model parameters
option SCALE: Scale is set to 1e-06 for instance and model parameters
option SCALE: Scale is set to 1e-06 for instance and model parameters
Doing analysis at TEMP = 27.000000 and TNOM = 27.000000

Using KLU as Direct Linear Solver

No. of Data Rows : 1
vout = 1.163874e+00
vgdrv = 2.034448e+00
Reset re-loads circuit * monte-carlo-untrimmed monte carlo deck (config=all) -- generated by sim/monte-carlo-untrimmed/run_mc_untrimmed.py, do not edit

Circuit: * monte-carlo-untrimmed monte carlo deck (config=all) -- generated by sim/monte-carlo-untrimmed/run_mc_untrimmed.py, do not edit

option SCALE: Scale is set to 1e-06 for instance and model parameters
option SCALE: Scale is set to 1e-06 for instance and model parameters
option SCALE: Scale is set to 1e-06 for instance and model parameters
option SCALE: Scale is set to 1e-06 for instance and model parameters
Doing analysis at TEMP = 27.000000 and TNOM = 27.000000

Using KLU as Direct Linear Solver

No. of Data Rows : 1
vout = 1.158820e+00
vgdrv = 2.037837e+00
Reset re-loads circuit * monte-carlo-untrimmed monte carlo deck (config=all) -- generated by sim/monte-carlo-untrimmed/run_mc_untrimmed.py, do not edit

Circuit: * monte-carlo-untrimmed monte carlo deck (config=all) -- generated by sim/monte-carlo-untrimmed/run_mc_untrimmed.py, do not edit

option SCALE: Scale is set to 1e-06 for instance and model parameters
option SCALE: Scale is set to 1e-06 for instance and model parameters
option SCALE: Scale is set to 1e-06 for instance and model parameters
option SCALE: Scale is set to 1e-06 for instance and model parameters
Doing analysis at TEMP = 27.000000 and TNOM = 27.000000

Using KLU as Direct Linear Solver

No. of Data Rows : 1
vout = 1.160715e+00
vgdrv = 2.040644e+00
Reset re-loads circuit * monte-carlo-untrimmed monte carlo deck (config=all) -- generated by sim/monte-carlo-untrimmed/run_mc_untrimmed.py, do not edit

Circuit: * monte-carlo-untrimmed monte carlo deck (config=all) -- generated by sim/monte-carlo-untrimmed/run_mc_untrimmed.py, do not edit

option SCALE: Scale is set to 1e-06 for instance and model parameters
option SCALE: Scale is set to 1e-06 for instance and model parameters
option SCALE: Scale is set to 1e-06 for instance and model parameters
option SCALE: Scale is set to 1e-06 for instance and model parameters
Doing analysis at TEMP = 27.000000 and TNOM = 27.000000

Using KLU as Direct Linear Solver

No. of Data Rows : 1
vout = 1.158715e+00
vgdrv = 2.038474e+00
Reset re-loads circuit * monte-carlo-untrimmed monte carlo deck (config=all) -- generated by sim/monte-carlo-untrimmed/run_mc_untrimmed.py, do not edit

Circuit: * monte-carlo-untrimmed monte carlo deck (config=all) -- generated by sim/monte-carlo-untrimmed/run_mc_untrimmed.py, do not edit

option SCALE: Scale is set to 1e-06 for instance and model parameters
option SCALE: Scale is set to 1e-06 for instance and model parameters
option SCALE: Scale is set to 1e-06 for instance and model parameters
option SCALE: Scale is set to 1e-06 for instance and model parameters
Doing analysis at TEMP = 27.000000 and TNOM = 27.000000

Using KLU as Direct Linear Solver

No. of Data Rows : 1
vout = 1.161082e+00
vgdrv = 2.033093e+00
Reset re-loads circuit * monte-carlo-untrimmed monte carlo deck (config=all) -- generated by sim/monte-carlo-untrimmed/run_mc_untrimmed.py, do not edit

Circuit: * monte-carlo-untrimmed monte carlo deck (config=all) -- generated by sim/monte-carlo-untrimmed/run_mc_untrimmed.py, do not edit

option SCALE: Scale is set to 1e-06 for instance and model parameters
option SCALE: Scale is set to 1e-06 for instance and model parameters
option SCALE: Scale is set to 1e-06 for instance and model parameters
option SCALE: Scale is set to 1e-06 for instance and model parameters
Doing analysis at TEMP = 27.000000 and TNOM = 27.000000

Using KLU as Direct Linear Solver
 Reference value :  0.00000e+00
No. of Data Rows : 1
vout = 1.172001e+00
vgdrv = 2.036328e+00
Reset re-loads circuit * monte-carlo-untrimmed monte carlo deck (config=all) -- generated by sim/monte-carlo-untrimmed/run_mc_untrimmed.py, do not edit

Circuit: * monte-carlo-untrimmed monte carlo deck (config=all) -- generated by sim/monte-carlo-untrimmed/run_mc_untrimmed.py, do not edit

option SCALE: Scale is set to 1e-06 for instance and model parameters
option SCALE: Scale is set to 1e-06 for instance and model parameters
option SCALE: Scale is set to 1e-06 for instance and model parameters
option SCALE: Scale is set to 1e-06 for instance and model parameters
Doing analysis at TEMP = 27.000000 and TNOM = 27.000000

Using KLU as Direct Linear Solver

No. of Data Rows : 1
vout = 1.165938e+00
vgdrv = 2.040976e+00
Reset re-loads circuit * monte-carlo-untrimmed monte carlo deck (config=all) -- generated by sim/monte-carlo-untrimmed/run_mc_untrimmed.py, do not edit

Circuit: * monte-carlo-untrimmed monte carlo deck (config=all) -- generated by sim/monte-carlo-untrimmed/run_mc_untrimmed.py, do not edit

option SCALE: Scale is set to 1e-06 for instance and model parameters
option SCALE: Scale is set to 1e-06 for instance and model parameters
option SCALE: Scale is set to 1e-06 for instance and model parameters
option SCALE: Scale is set to 1e-06 for instance and model parameters
Doing analysis at TEMP = 27.000000 and TNOM = 27.000000

Using KLU as Direct Linear Solver

No. of Data Rows : 1
vout = 1.155670e+00
vgdrv = 2.039951e+00
Reset re-loads circuit * monte-carlo-untrimmed monte carlo deck (config=all) -- generated by sim/monte-carlo-untrimmed/run_mc_untrimmed.py, do not edit

Circuit: * monte-carlo-untrimmed monte carlo deck (config=all) -- generated by sim/monte-carlo-untrimmed/run_mc_untrimmed.py, do not edit

option SCALE: Scale is set to 1e-06 for instance and model parameters
option SCALE: Scale is set to 1e-06 for instance and model parameters
option SCALE: Scale is set to 1e-06 for instance and model parameters
option SCALE: Scale is set to 1e-06 for instance and model parameters
Doing analysis at TEMP = 27.000000 and TNOM = 27.000000

Using KLU as Direct Linear Solver

No. of Data Rows : 1
vout = 1.165079e+00
vgdrv = 2.037550e+00
Reset re-loads circuit * monte-carlo-untrimmed monte carlo deck (config=all) -- generated by sim/monte-carlo-untrimmed/run_mc_untrimmed.py, do not edit

Circuit: * monte-carlo-untrimmed monte carlo deck (config=all) -- generated by sim/monte-carlo-untrimmed/run_mc_untrimmed.py, do not edit

option SCALE: Scale is set to 1e-06 for instance and model parameters
option SCALE: Scale is set to 1e-06 for instance and model parameters
option SCALE: Scale is set to 1e-06 for instance and model parameters
option SCALE: Scale is set to 1e-06 for instance and model parameters
Doing analysis at TEMP = 27.000000 and TNOM = 27.000000

Using KLU as Direct Linear Solver

No. of Data Rows : 1
vout = 1.168879e+00
vgdrv = 2.034378e+00
Reset re-loads circuit * monte-carlo-untrimmed monte carlo deck (config=all) -- generated by sim/monte-carlo-untrimmed/run_mc_untrimmed.py, do not edit

Circuit: * monte-carlo-untrimmed monte carlo deck (config=all) -- generated by sim/monte-carlo-untrimmed/run_mc_untrimmed.py, do not edit

option SCALE: Scale is set to 1e-06 for instance and model parameters
option SCALE: Scale is set to 1e-06 for instance and model parameters
option SCALE: Scale is set to 1e-06 for instance and model parameters
option SCALE: Scale is set to 1e-06 for instance and model parameters
Doing analysis at TEMP = 27.000000 and TNOM = 27.000000

Using KLU as Direct Linear Solver

No. of Data Rows : 1
vout = 1.171879e+00
vgdrv = 2.038577e+00
Reset re-loads circuit * monte-carlo-untrimmed monte carlo deck (config=all) -- generated by sim/monte-carlo-untrimmed/run_mc_untrimmed.py, do not edit

Circuit: * monte-carlo-untrimmed monte carlo deck (config=all) -- generated by sim/monte-carlo-untrimmed/run_mc_untrimmed.py, do not edit

option SCALE: Scale is set to 1e-06 for instance and model parameters
option SCALE: Scale is set to 1e-06 for instance and model parameters
option SCALE: Scale is set to 1e-06 for instance and model parameters
option SCALE: Scale is set to 1e-06 for instance and model parameters
Doing analysis at TEMP = 27.000000 and TNOM = 27.000000

Using KLU as Direct Linear Solver

No. of Data Rows : 1
vout = 1.172993e+00
vgdrv = 2.031215e+00
Reset re-loads circuit * monte-carlo-untrimmed monte carlo deck (config=all) -- generated by sim/monte-carlo-untrimmed/run_mc_untrimmed.py, do not edit

Circuit: * monte-carlo-untrimmed monte carlo deck (config=all) -- generated by sim/monte-carlo-untrimmed/run_mc_untrimmed.py, do not edit

option SCALE: Scale is set to 1e-06 for instance and model parameters
option SCALE: Scale is set to 1e-06 for instance and model parameters
option SCALE: Scale is set to 1e-06 for instance and model parameters
option SCALE: Scale is set to 1e-06 for instance and model parameters
Doing analysis at TEMP = 27.000000 and TNOM = 27.000000

Using KLU as Direct Linear Solver

No. of Data Rows : 1
vout = 1.163621e+00
vgdrv = 2.036950e+00
Reset re-loads circuit * monte-carlo-untrimmed monte carlo deck (config=all) -- generated by sim/monte-carlo-untrimmed/run_mc_untrimmed.py, do not edit

Circuit: * monte-carlo-untrimmed monte carlo deck (config=all) -- generated by sim/monte-carlo-untrimmed/run_mc_untrimmed.py, do not edit

option SCALE: Scale is set to 1e-06 for instance and model parameters
option SCALE: Scale is set to 1e-06 for instance and model parameters
option SCALE: Scale is set to 1e-06 for instance and model parameters
option SCALE: Scale is set to 1e-06 for instance and model parameters
Doing analysis at TEMP = 27.000000 and TNOM = 27.000000

Using KLU as Direct Linear Solver

No. of Data Rows : 1
vout = 1.178599e+00
vgdrv = 2.037727e+00
Reset re-loads circuit * monte-carlo-untrimmed monte carlo deck (config=all) -- generated by sim/monte-carlo-untrimmed/run_mc_untrimmed.py, do not edit

Circuit: * monte-carlo-untrimmed monte carlo deck (config=all) -- generated by sim/monte-carlo-untrimmed/run_mc_untrimmed.py, do not edit

option SCALE: Scale is set to 1e-06 for instance and model parameters
option SCALE: Scale is set to 1e-06 for instance and model parameters
option SCALE: Scale is set to 1e-06 for instance and model parameters
option SCALE: Scale is set to 1e-06 for instance and model parameters
Doing analysis at TEMP = 27.000000 and TNOM = 27.000000

Using KLU as Direct Linear Solver
 Reference value :  0.00000e+00
No. of Data Rows : 1
vout = 1.154068e+00
vgdrv = 2.039234e+00
Reset re-loads circuit * monte-carlo-untrimmed monte carlo deck (config=all) -- generated by sim/monte-carlo-untrimmed/run_mc_untrimmed.py, do not edit

Circuit: * monte-carlo-untrimmed monte carlo deck (config=all) -- generated by sim/monte-carlo-untrimmed/run_mc_untrimmed.py, do not edit

option SCALE: Scale is set to 1e-06 for instance and model parameters
option SCALE: Scale is set to 1e-06 for instance and model parameters
option SCALE: Scale is set to 1e-06 for instance and model parameters
option SCALE: Scale is set to 1e-06 for instance and model parameters
Doing analysis at TEMP = 27.000000 and TNOM = 27.000000

Using KLU as Direct Linear Solver

No. of Data Rows : 1
vout = 1.161918e+00
vgdrv = 2.036670e+00
Reset re-loads circuit * monte-carlo-untrimmed monte carlo deck (config=all) -- generated by sim/monte-carlo-untrimmed/run_mc_untrimmed.py, do not edit

Circuit: * monte-carlo-untrimmed monte carlo deck (config=all) -- generated by sim/monte-carlo-untrimmed/run_mc_untrimmed.py, do not edit

option SCALE: Scale is set to 1e-06 for instance and model parameters
option SCALE: Scale is set to 1e-06 for instance and model parameters
option SCALE: Scale is set to 1e-06 for instance and model parameters
option SCALE: Scale is set to 1e-06 for instance and model parameters
Doing analysis at TEMP = 27.000000 and TNOM = 27.000000

Using KLU as Direct Linear Solver

No. of Data Rows : 1
vout = 1.165357e+00
vgdrv = 2.032816e+00
Reset re-loads circuit * monte-carlo-untrimmed monte carlo deck (config=all) -- generated by sim/monte-carlo-untrimmed/run_mc_untrimmed.py, do not edit

Circuit: * monte-carlo-untrimmed monte carlo deck (config=all) -- generated by sim/monte-carlo-untrimmed/run_mc_untrimmed.py, do not edit

option SCALE: Scale is set to 1e-06 for instance and model parameters
option SCALE: Scale is set to 1e-06 for instance and model parameters
option SCALE: Scale is set to 1e-06 for instance and model parameters
option SCALE: Scale is set to 1e-06 for instance and model parameters
Doing analysis at TEMP = 27.000000 and TNOM = 27.000000

Using KLU as Direct Linear Solver

No. of Data Rows : 1
vout = 1.159913e+00
vgdrv = 2.037063e+00
Reset re-loads circuit * monte-carlo-untrimmed monte carlo deck (config=all) -- generated by sim/monte-carlo-untrimmed/run_mc_untrimmed.py, do not edit

Circuit: * monte-carlo-untrimmed monte carlo deck (config=all) -- generated by sim/monte-carlo-untrimmed/run_mc_untrimmed.py, do not edit

option SCALE: Scale is set to 1e-06 for instance and model parameters
option SCALE: Scale is set to 1e-06 for instance and model parameters
option SCALE: Scale is set to 1e-06 for instance and model parameters
option SCALE: Scale is set to 1e-06 for instance and model parameters
Doing analysis at TEMP = 27.000000 and TNOM = 27.000000

Using KLU as Direct Linear Solver

No. of Data Rows : 1
vout = 1.166140e+00
vgdrv = 2.034234e+00
Reset re-loads circuit * monte-carlo-untrimmed monte carlo deck (config=all) -- generated by sim/monte-carlo-untrimmed/run_mc_untrimmed.py, do not edit

Circuit: * monte-carlo-untrimmed monte carlo deck (config=all) -- generated by sim/monte-carlo-untrimmed/run_mc_untrimmed.py, do not edit

option SCALE: Scale is set to 1e-06 for instance and model parameters
option SCALE: Scale is set to 1e-06 for instance and model parameters
option SCALE: Scale is set to 1e-06 for instance and model parameters
option SCALE: Scale is set to 1e-06 for instance and model parameters
Doing analysis at TEMP = 27.000000 and TNOM = 27.000000

Using KLU as Direct Linear Solver

No. of Data Rows : 1
vout = 1.164490e+00
vgdrv = 2.033637e+00
Reset re-loads circuit * monte-carlo-untrimmed monte carlo deck (config=all) -- generated by sim/monte-carlo-untrimmed/run_mc_untrimmed.py, do not edit

Circuit: * monte-carlo-untrimmed monte carlo deck (config=all) -- generated by sim/monte-carlo-untrimmed/run_mc_untrimmed.py, do not edit

option SCALE: Scale is set to 1e-06 for instance and model parameters
option SCALE: Scale is set to 1e-06 for instance and model parameters
option SCALE: Scale is set to 1e-06 for instance and model parameters
option SCALE: Scale is set to 1e-06 for instance and model parameters
Doing analysis at TEMP = 27.000000 and TNOM = 27.000000

Using KLU as Direct Linear Solver

No. of Data Rows : 1
vout = 1.175416e+00
vgdrv = 2.036675e+00
Reset re-loads circuit * monte-carlo-untrimmed monte carlo deck (config=all) -- generated by sim/monte-carlo-untrimmed/run_mc_untrimmed.py, do not edit

Circuit: * monte-carlo-untrimmed monte carlo deck (config=all) -- generated by sim/monte-carlo-untrimmed/run_mc_untrimmed.py, do not edit

option SCALE: Scale is set to 1e-06 for instance and model parameters
option SCALE: Scale is set to 1e-06 for instance and model parameters
option SCALE: Scale is set to 1e-06 for instance and model parameters
option SCALE: Scale is set to 1e-06 for instance and model parameters
Doing analysis at TEMP = 27.000000 and TNOM = 27.000000

Using KLU as Direct Linear Solver

No. of Data Rows : 1
vout = 1.156738e+00
vgdrv = 2.040970e+00
Reset re-loads circuit * monte-carlo-untrimmed monte carlo deck (config=all) -- generated by sim/monte-carlo-untrimmed/run_mc_untrimmed.py, do not edit

Circuit: * monte-carlo-untrimmed monte carlo deck (config=all) -- generated by sim/monte-carlo-untrimmed/run_mc_untrimmed.py, do not edit

option SCALE: Scale is set to 1e-06 for instance and model parameters
option SCALE: Scale is set to 1e-06 for instance and model parameters
option SCALE: Scale is set to 1e-06 for instance and model parameters
option SCALE: Scale is set to 1e-06 for instance and model parameters
Doing analysis at TEMP = 27.000000 and TNOM = 27.000000

Using KLU as Direct Linear Solver

No. of Data Rows : 1
vout = 1.158439e+00
vgdrv = 2.038565e+00
Reset re-loads circuit * monte-carlo-untrimmed monte carlo deck (config=all) -- generated by sim/monte-carlo-untrimmed/run_mc_untrimmed.py, do not edit

Circuit: * monte-carlo-untrimmed monte carlo deck (config=all) -- generated by sim/monte-carlo-untrimmed/run_mc_untrimmed.py, do not edit

option SCALE: Scale is set to 1e-06 for instance and model parameters
option SCALE: Scale is set to 1e-06 for instance and model parameters
option SCALE: Scale is set to 1e-06 for instance and model parameters
option SCALE: Scale is set to 1e-06 for instance and model parameters
Doing analysis at TEMP = 27.000000 and TNOM = 27.000000

Using KLU as Direct Linear Solver
 Reference value :  0.00000e+00
No. of Data Rows : 1
vout = 1.170426e+00
vgdrv = 2.035742e+00
Reset re-loads circuit * monte-carlo-untrimmed monte carlo deck (config=all) -- generated by sim/monte-carlo-untrimmed/run_mc_untrimmed.py, do not edit

Circuit: * monte-carlo-untrimmed monte carlo deck (config=all) -- generated by sim/monte-carlo-untrimmed/run_mc_untrimmed.py, do not edit

option SCALE: Scale is set to 1e-06 for instance and model parameters
option SCALE: Scale is set to 1e-06 for instance and model parameters
option SCALE: Scale is set to 1e-06 for instance and model parameters
option SCALE: Scale is set to 1e-06 for instance and model parameters
Doing analysis at TEMP = 27.000000 and TNOM = 27.000000

Using KLU as Direct Linear Solver

No. of Data Rows : 1
vout = 1.154439e+00
vgdrv = 2.040419e+00
Reset re-loads circuit * monte-carlo-untrimmed monte carlo deck (config=all) -- generated by sim/monte-carlo-untrimmed/run_mc_untrimmed.py, do not edit

Circuit: * monte-carlo-untrimmed monte carlo deck (config=all) -- generated by sim/monte-carlo-untrimmed/run_mc_untrimmed.py, do not edit

option SCALE: Scale is set to 1e-06 for instance and model parameters
option SCALE: Scale is set to 1e-06 for instance and model parameters
option SCALE: Scale is set to 1e-06 for instance and model parameters
option SCALE: Scale is set to 1e-06 for instance and model parameters
Doing analysis at TEMP = 27.000000 and TNOM = 27.000000

Using KLU as Direct Linear Solver

No. of Data Rows : 1
vout = 1.164177e+00
vgdrv = 2.041590e+00
Reset re-loads circuit * monte-carlo-untrimmed monte carlo deck (config=all) -- generated by sim/monte-carlo-untrimmed/run_mc_untrimmed.py, do not edit

Circuit: * monte-carlo-untrimmed monte carlo deck (config=all) -- generated by sim/monte-carlo-untrimmed/run_mc_untrimmed.py, do not edit

option SCALE: Scale is set to 1e-06 for instance and model parameters
option SCALE: Scale is set to 1e-06 for instance and model parameters
option SCALE: Scale is set to 1e-06 for instance and model parameters
option SCALE: Scale is set to 1e-06 for instance and model parameters
Doing analysis at TEMP = 27.000000 and TNOM = 27.000000

Using KLU as Direct Linear Solver

No. of Data Rows : 1
vout = 1.160999e+00
vgdrv = 2.037949e+00
Reset re-loads circuit * monte-carlo-untrimmed monte carlo deck (config=all) -- generated by sim/monte-carlo-untrimmed/run_mc_untrimmed.py, do not edit

Circuit: * monte-carlo-untrimmed monte carlo deck (config=all) -- generated by sim/monte-carlo-untrimmed/run_mc_untrimmed.py, do not edit

option SCALE: Scale is set to 1e-06 for instance and model parameters
option SCALE: Scale is set to 1e-06 for instance and model parameters
option SCALE: Scale is set to 1e-06 for instance and model parameters
option SCALE: Scale is set to 1e-06 for instance and model parameters
Doing analysis at TEMP = 27.000000 and TNOM = 27.000000

Using KLU as Direct Linear Solver

No. of Data Rows : 1
vout = 1.176623e+00
vgdrv = 2.034610e+00
Reset re-loads circuit * monte-carlo-untrimmed monte carlo deck (config=all) -- generated by sim/monte-carlo-untrimmed/run_mc_untrimmed.py, do not edit

Circuit: * monte-carlo-untrimmed monte carlo deck (config=all) -- generated by sim/monte-carlo-untrimmed/run_mc_untrimmed.py, do not edit

option SCALE: Scale is set to 1e-06 for instance and model parameters
option SCALE: Scale is set to 1e-06 for instance and model parameters
option SCALE: Scale is set to 1e-06 for instance and model parameters
option SCALE: Scale is set to 1e-06 for instance and model parameters
Doing analysis at TEMP = 27.000000 and TNOM = 27.000000

Using KLU as Direct Linear Solver

No. of Data Rows : 1
vout = 1.160949e+00
vgdrv = 2.043145e+00
Reset re-loads circuit * monte-carlo-untrimmed monte carlo deck (config=all) -- generated by sim/monte-carlo-untrimmed/run_mc_untrimmed.py, do not edit

Circuit: * monte-carlo-untrimmed monte carlo deck (config=all) -- generated by sim/monte-carlo-untrimmed/run_mc_untrimmed.py, do not edit

option SCALE: Scale is set to 1e-06 for instance and model parameters
option SCALE: Scale is set to 1e-06 for instance and model parameters
option SCALE: Scale is set to 1e-06 for instance and model parameters
option SCALE: Scale is set to 1e-06 for instance and model parameters
Doing analysis at TEMP = 27.000000 and TNOM = 27.000000

Using KLU as Direct Linear Solver

No. of Data Rows : 1
vout = 1.160507e+00
vgdrv = 2.037554e+00
Reset re-loads circuit * monte-carlo-untrimmed monte carlo deck (config=all) -- generated by sim/monte-carlo-untrimmed/run_mc_untrimmed.py, do not edit

Circuit: * monte-carlo-untrimmed monte carlo deck (config=all) -- generated by sim/monte-carlo-untrimmed/run_mc_untrimmed.py, do not edit

option SCALE: Scale is set to 1e-06 for instance and model parameters
option SCALE: Scale is set to 1e-06 for instance and model parameters
option SCALE: Scale is set to 1e-06 for instance and model parameters
option SCALE: Scale is set to 1e-06 for instance and model parameters
Doing analysis at TEMP = 27.000000 and TNOM = 27.000000

Using KLU as Direct Linear Solver

No. of Data Rows : 1
vout = 1.162341e+00
vgdrv = 2.038048e+00
Reset re-loads circuit * monte-carlo-untrimmed monte carlo deck (config=all) -- generated by sim/monte-carlo-untrimmed/run_mc_untrimmed.py, do not edit

Circuit: * monte-carlo-untrimmed monte carlo deck (config=all) -- generated by sim/monte-carlo-untrimmed/run_mc_untrimmed.py, do not edit

option SCALE: Scale is set to 1e-06 for instance and model parameters
option SCALE: Scale is set to 1e-06 for instance and model parameters
option SCALE: Scale is set to 1e-06 for instance and model parameters
option SCALE: Scale is set to 1e-06 for instance and model parameters
Doing analysis at TEMP = 27.000000 and TNOM = 27.000000

Using KLU as Direct Linear Solver

No. of Data Rows : 1
vout = 1.166355e+00
vgdrv = 2.039715e+00
Reset re-loads circuit * monte-carlo-untrimmed monte carlo deck (config=all) -- generated by sim/monte-carlo-untrimmed/run_mc_untrimmed.py, do not edit

Circuit: * monte-carlo-untrimmed monte carlo deck (config=all) -- generated by sim/monte-carlo-untrimmed/run_mc_untrimmed.py, do not edit

option SCALE: Scale is set to 1e-06 for instance and model parameters
option SCALE: Scale is set to 1e-06 for instance and model parameters
option SCALE: Scale is set to 1e-06 for instance and model parameters
option SCALE: Scale is set to 1e-06 for instance and model parameters
Doing analysis at TEMP = 27.000000 and TNOM = 27.000000

Using KLU as Direct Linear Solver
 Reference value :  0.00000e+00
No. of Data Rows : 1
vout = 1.163450e+00
vgdrv = 2.038261e+00
Reset re-loads circuit * monte-carlo-untrimmed monte carlo deck (config=all) -- generated by sim/monte-carlo-untrimmed/run_mc_untrimmed.py, do not edit

Circuit: * monte-carlo-untrimmed monte carlo deck (config=all) -- generated by sim/monte-carlo-untrimmed/run_mc_untrimmed.py, do not edit

option SCALE: Scale is set to 1e-06 for instance and model parameters
option SCALE: Scale is set to 1e-06 for instance and model parameters
option SCALE: Scale is set to 1e-06 for instance and model parameters
option SCALE: Scale is set to 1e-06 for instance and model parameters
Doing analysis at TEMP = 27.000000 and TNOM = 27.000000

Using KLU as Direct Linear Solver

No. of Data Rows : 1
vout = 1.161108e+00
vgdrv = 2.039680e+00
Reset re-loads circuit * monte-carlo-untrimmed monte carlo deck (config=all) -- generated by sim/monte-carlo-untrimmed/run_mc_untrimmed.py, do not edit

Circuit: * monte-carlo-untrimmed monte carlo deck (config=all) -- generated by sim/monte-carlo-untrimmed/run_mc_untrimmed.py, do not edit

option SCALE: Scale is set to 1e-06 for instance and model parameters
option SCALE: Scale is set to 1e-06 for instance and model parameters
option SCALE: Scale is set to 1e-06 for instance and model parameters
option SCALE: Scale is set to 1e-06 for instance and model parameters
Doing analysis at TEMP = 27.000000 and TNOM = 27.000000

Using KLU as Direct Linear Solver

No. of Data Rows : 1
vout = 1.162648e+00
vgdrv = 2.037701e+00
Reset re-loads circuit * monte-carlo-untrimmed monte carlo deck (config=all) -- generated by sim/monte-carlo-untrimmed/run_mc_untrimmed.py, do not edit

Circuit: * monte-carlo-untrimmed monte carlo deck (config=all) -- generated by sim/monte-carlo-untrimmed/run_mc_untrimmed.py, do not edit

option SCALE: Scale is set to 1e-06 for instance and model parameters
option SCALE: Scale is set to 1e-06 for instance and model parameters
option SCALE: Scale is set to 1e-06 for instance and model parameters
option SCALE: Scale is set to 1e-06 for instance and model parameters
Doing analysis at TEMP = 27.000000 and TNOM = 27.000000

Using KLU as Direct Linear Solver

No. of Data Rows : 1
vout = 1.158948e+00
vgdrv = 2.039712e+00
Reset re-loads circuit * monte-carlo-untrimmed monte carlo deck (config=all) -- generated by sim/monte-carlo-untrimmed/run_mc_untrimmed.py, do not edit

Circuit: * monte-carlo-untrimmed monte carlo deck (config=all) -- generated by sim/monte-carlo-untrimmed/run_mc_untrimmed.py, do not edit

option SCALE: Scale is set to 1e-06 for instance and model parameters
option SCALE: Scale is set to 1e-06 for instance and model parameters
option SCALE: Scale is set to 1e-06 for instance and model parameters
option SCALE: Scale is set to 1e-06 for instance and model parameters
Doing analysis at TEMP = 27.000000 and TNOM = 27.000000

Using KLU as Direct Linear Solver

No. of Data Rows : 1
vout = 1.166084e+00
vgdrv = 2.032596e+00
Reset re-loads circuit * monte-carlo-untrimmed monte carlo deck (config=all) -- generated by sim/monte-carlo-untrimmed/run_mc_untrimmed.py, do not edit

Circuit: * monte-carlo-untrimmed monte carlo deck (config=all) -- generated by sim/monte-carlo-untrimmed/run_mc_untrimmed.py, do not edit

option SCALE: Scale is set to 1e-06 for instance and model parameters
option SCALE: Scale is set to 1e-06 for instance and model parameters
option SCALE: Scale is set to 1e-06 for instance and model parameters
option SCALE: Scale is set to 1e-06 for instance and model parameters
Doing analysis at TEMP = 27.000000 and TNOM = 27.000000

Using KLU as Direct Linear Solver

No. of Data Rows : 1
vout = 1.163297e+00
vgdrv = 2.037786e+00
Reset re-loads circuit * monte-carlo-untrimmed monte carlo deck (config=all) -- generated by sim/monte-carlo-untrimmed/run_mc_untrimmed.py, do not edit

Circuit: * monte-carlo-untrimmed monte carlo deck (config=all) -- generated by sim/monte-carlo-untrimmed/run_mc_untrimmed.py, do not edit

option SCALE: Scale is set to 1e-06 for instance and model parameters
option SCALE: Scale is set to 1e-06 for instance and model parameters
option SCALE: Scale is set to 1e-06 for instance and model parameters
option SCALE: Scale is set to 1e-06 for instance and model parameters
Doing analysis at TEMP = 27.000000 and TNOM = 27.000000

Using KLU as Direct Linear Solver

No. of Data Rows : 1
vout = 1.160767e+00
vgdrv = 2.038635e+00
Reset re-loads circuit * monte-carlo-untrimmed monte carlo deck (config=all) -- generated by sim/monte-carlo-untrimmed/run_mc_untrimmed.py, do not edit

Circuit: * monte-carlo-untrimmed monte carlo deck (config=all) -- generated by sim/monte-carlo-untrimmed/run_mc_untrimmed.py, do not edit

option SCALE: Scale is set to 1e-06 for instance and model parameters
option SCALE: Scale is set to 1e-06 for instance and model parameters
option SCALE: Scale is set to 1e-06 for instance and model parameters
option SCALE: Scale is set to 1e-06 for instance and model parameters
Doing analysis at TEMP = 27.000000 and TNOM = 27.000000

Using KLU as Direct Linear Solver

No. of Data Rows : 1
vout = 1.163866e+00
vgdrv = 2.037704e+00
Reset re-loads circuit * monte-carlo-untrimmed monte carlo deck (config=all) -- generated by sim/monte-carlo-untrimmed/run_mc_untrimmed.py, do not edit

Circuit: * monte-carlo-untrimmed monte carlo deck (config=all) -- generated by sim/monte-carlo-untrimmed/run_mc_untrimmed.py, do not edit

option SCALE: Scale is set to 1e-06 for instance and model parameters
option SCALE: Scale is set to 1e-06 for instance and model parameters
option SCALE: Scale is set to 1e-06 for instance and model parameters
option SCALE: Scale is set to 1e-06 for instance and model parameters
Doing analysis at TEMP = 27.000000 and TNOM = 27.000000

Using KLU as Direct Linear Solver

No. of Data Rows : 1
vout = 1.169619e+00
vgdrv = 2.035194e+00
Reset re-loads circuit * monte-carlo-untrimmed monte carlo deck (config=all) -- generated by sim/monte-carlo-untrimmed/run_mc_untrimmed.py, do not edit

Circuit: * monte-carlo-untrimmed monte carlo deck (config=all) -- generated by sim/monte-carlo-untrimmed/run_mc_untrimmed.py, do not edit

option SCALE: Scale is set to 1e-06 for instance and model parameters
option SCALE: Scale is set to 1e-06 for instance and model parameters
option SCALE: Scale is set to 1e-06 for instance and model parameters
option SCALE: Scale is set to 1e-06 for instance and model parameters
Doing analysis at TEMP = 27.000000 and TNOM = 27.000000

Using KLU as Direct Linear Solver
 Reference value :  0.00000e+00
No. of Data Rows : 1
vout = 1.163935e+00
vgdrv = 2.035972e+00
Reset re-loads circuit * monte-carlo-untrimmed monte carlo deck (config=all) -- generated by sim/monte-carlo-untrimmed/run_mc_untrimmed.py, do not edit

Circuit: * monte-carlo-untrimmed monte carlo deck (config=all) -- generated by sim/monte-carlo-untrimmed/run_mc_untrimmed.py, do not edit

option SCALE: Scale is set to 1e-06 for instance and model parameters
option SCALE: Scale is set to 1e-06 for instance and model parameters
option SCALE: Scale is set to 1e-06 for instance and model parameters
option SCALE: Scale is set to 1e-06 for instance and model parameters
Doing analysis at TEMP = 27.000000 and TNOM = 27.000000

Using KLU as Direct Linear Solver

No. of Data Rows : 1
vout = 1.160525e+00
vgdrv = 2.037529e+00
Reset re-loads circuit * monte-carlo-untrimmed monte carlo deck (config=all) -- generated by sim/monte-carlo-untrimmed/run_mc_untrimmed.py, do not edit

Circuit: * monte-carlo-untrimmed monte carlo deck (config=all) -- generated by sim/monte-carlo-untrimmed/run_mc_untrimmed.py, do not edit

option SCALE: Scale is set to 1e-06 for instance and model parameters
option SCALE: Scale is set to 1e-06 for instance and model parameters
option SCALE: Scale is set to 1e-06 for instance and model parameters
option SCALE: Scale is set to 1e-06 for instance and model parameters
Doing analysis at TEMP = 27.000000 and TNOM = 27.000000

Using KLU as Direct Linear Solver

No. of Data Rows : 1
vout = 1.158346e+00
vgdrv = 2.044496e+00
Reset re-loads circuit * monte-carlo-untrimmed monte carlo deck (config=all) -- generated by sim/monte-carlo-untrimmed/run_mc_untrimmed.py, do not edit

Circuit: * monte-carlo-untrimmed monte carlo deck (config=all) -- generated by sim/monte-carlo-untrimmed/run_mc_untrimmed.py, do not edit

option SCALE: Scale is set to 1e-06 for instance and model parameters
option SCALE: Scale is set to 1e-06 for instance and model parameters
option SCALE: Scale is set to 1e-06 for instance and model parameters
option SCALE: Scale is set to 1e-06 for instance and model parameters
Doing analysis at TEMP = 27.000000 and TNOM = 27.000000

Using KLU as Direct Linear Solver

No. of Data Rows : 1
vout = 1.171237e+00
vgdrv = 2.031569e+00
Reset re-loads circuit * monte-carlo-untrimmed monte carlo deck (config=all) -- generated by sim/monte-carlo-untrimmed/run_mc_untrimmed.py, do not edit

Circuit: * monte-carlo-untrimmed monte carlo deck (config=all) -- generated by sim/monte-carlo-untrimmed/run_mc_untrimmed.py, do not edit

option SCALE: Scale is set to 1e-06 for instance and model parameters
option SCALE: Scale is set to 1e-06 for instance and model parameters
option SCALE: Scale is set to 1e-06 for instance and model parameters
option SCALE: Scale is set to 1e-06 for instance and model parameters
Doing analysis at TEMP = 27.000000 and TNOM = 27.000000

Using KLU as Direct Linear Solver

No. of Data Rows : 1
vout = 1.155954e+00
vgdrv = 2.039976e+00
Reset re-loads circuit * monte-carlo-untrimmed monte carlo deck (config=all) -- generated by sim/monte-carlo-untrimmed/run_mc_untrimmed.py, do not edit

Circuit: * monte-carlo-untrimmed monte carlo deck (config=all) -- generated by sim/monte-carlo-untrimmed/run_mc_untrimmed.py, do not edit

option SCALE: Scale is set to 1e-06 for instance and model parameters
option SCALE: Scale is set to 1e-06 for instance and model parameters
option SCALE: Scale is set to 1e-06 for instance and model parameters
option SCALE: Scale is set to 1e-06 for instance and model parameters
Doing analysis at TEMP = 27.000000 and TNOM = 27.000000

Using KLU as Direct Linear Solver

No. of Data Rows : 1
vout = 1.166683e+00
vgdrv = 2.038088e+00
Reset re-loads circuit * monte-carlo-untrimmed monte carlo deck (config=all) -- generated by sim/monte-carlo-untrimmed/run_mc_untrimmed.py, do not edit

Circuit: * monte-carlo-untrimmed monte carlo deck (config=all) -- generated by sim/monte-carlo-untrimmed/run_mc_untrimmed.py, do not edit

option SCALE: Scale is set to 1e-06 for instance and model parameters
option SCALE: Scale is set to 1e-06 for instance and model parameters
option SCALE: Scale is set to 1e-06 for instance and model parameters
option SCALE: Scale is set to 1e-06 for instance and model parameters
Doing analysis at TEMP = 27.000000 and TNOM = 27.000000

Using KLU as Direct Linear Solver

No. of Data Rows : 1
vout = 1.157599e+00
vgdrv = 2.037797e+00
Reset re-loads circuit * monte-carlo-untrimmed monte carlo deck (config=all) -- generated by sim/monte-carlo-untrimmed/run_mc_untrimmed.py, do not edit

Circuit: * monte-carlo-untrimmed monte carlo deck (config=all) -- generated by sim/monte-carlo-untrimmed/run_mc_untrimmed.py, do not edit

option SCALE: Scale is set to 1e-06 for instance and model parameters
option SCALE: Scale is set to 1e-06 for instance and model parameters
option SCALE: Scale is set to 1e-06 for instance and model parameters
option SCALE: Scale is set to 1e-06 for instance and model parameters
Doing analysis at TEMP = 27.000000 and TNOM = 27.000000

Using KLU as Direct Linear Solver

No. of Data Rows : 1
vout = 1.165225e+00
vgdrv = 2.037435e+00
Reset re-loads circuit * monte-carlo-untrimmed monte carlo deck (config=all) -- generated by sim/monte-carlo-untrimmed/run_mc_untrimmed.py, do not edit

Circuit: * monte-carlo-untrimmed monte carlo deck (config=all) -- generated by sim/monte-carlo-untrimmed/run_mc_untrimmed.py, do not edit

option SCALE: Scale is set to 1e-06 for instance and model parameters
option SCALE: Scale is set to 1e-06 for instance and model parameters
option SCALE: Scale is set to 1e-06 for instance and model parameters
option SCALE: Scale is set to 1e-06 for instance and model parameters
Doing analysis at TEMP = 27.000000 and TNOM = 27.000000

Using KLU as Direct Linear Solver

No. of Data Rows : 1
vout = 1.160857e+00
vgdrv = 2.041118e+00
Reset re-loads circuit * monte-carlo-untrimmed monte carlo deck (config=all) -- generated by sim/monte-carlo-untrimmed/run_mc_untrimmed.py, do not edit

Circuit: * monte-carlo-untrimmed monte carlo deck (config=all) -- generated by sim/monte-carlo-untrimmed/run_mc_untrimmed.py, do not edit

option SCALE: Scale is set to 1e-06 for instance and model parameters
option SCALE: Scale is set to 1e-06 for instance and model parameters
option SCALE: Scale is set to 1e-06 for instance and model parameters
option SCALE: Scale is set to 1e-06 for instance and model parameters
Doing analysis at TEMP = 27.000000 and TNOM = 27.000000

Using KLU as Direct Linear Solver
 Reference value :  0.00000e+00
No. of Data Rows : 1
vout = 1.169260e+00
vgdrv = 2.038092e+00
Reset re-loads circuit * monte-carlo-untrimmed monte carlo deck (config=all) -- generated by sim/monte-carlo-untrimmed/run_mc_untrimmed.py, do not edit

Circuit: * monte-carlo-untrimmed monte carlo deck (config=all) -- generated by sim/monte-carlo-untrimmed/run_mc_untrimmed.py, do not edit

option SCALE: Scale is set to 1e-06 for instance and model parameters
option SCALE: Scale is set to 1e-06 for instance and model parameters
option SCALE: Scale is set to 1e-06 for instance and model parameters
option SCALE: Scale is set to 1e-06 for instance and model parameters
Doing analysis at TEMP = 27.000000 and TNOM = 27.000000

Using KLU as Direct Linear Solver

No. of Data Rows : 1
vout = 1.167829e+00
vgdrv = 2.034614e+00
Reset re-loads circuit * monte-carlo-untrimmed monte carlo deck (config=all) -- generated by sim/monte-carlo-untrimmed/run_mc_untrimmed.py, do not edit

Circuit: * monte-carlo-untrimmed monte carlo deck (config=all) -- generated by sim/monte-carlo-untrimmed/run_mc_untrimmed.py, do not edit

option SCALE: Scale is set to 1e-06 for instance and model parameters
option SCALE: Scale is set to 1e-06 for instance and model parameters
option SCALE: Scale is set to 1e-06 for instance and model parameters
option SCALE: Scale is set to 1e-06 for instance and model parameters
Doing analysis at TEMP = 27.000000 and TNOM = 27.000000

Using KLU as Direct Linear Solver

No. of Data Rows : 1
vout = 1.168541e+00
vgdrv = 2.033705e+00
Reset re-loads circuit * monte-carlo-untrimmed monte carlo deck (config=all) -- generated by sim/monte-carlo-untrimmed/run_mc_untrimmed.py, do not edit

Circuit: * monte-carlo-untrimmed monte carlo deck (config=all) -- generated by sim/monte-carlo-untrimmed/run_mc_untrimmed.py, do not edit

option SCALE: Scale is set to 1e-06 for instance and model parameters
option SCALE: Scale is set to 1e-06 for instance and model parameters
option SCALE: Scale is set to 1e-06 for instance and model parameters
option SCALE: Scale is set to 1e-06 for instance and model parameters
Doing analysis at TEMP = 27.000000 and TNOM = 27.000000

Using KLU as Direct Linear Solver

No. of Data Rows : 1
vout = 1.168737e+00
vgdrv = 2.035326e+00
Reset re-loads circuit * monte-carlo-untrimmed monte carlo deck (config=all) -- generated by sim/monte-carlo-untrimmed/run_mc_untrimmed.py, do not edit

Circuit: * monte-carlo-untrimmed monte carlo deck (config=all) -- generated by sim/monte-carlo-untrimmed/run_mc_untrimmed.py, do not edit

option SCALE: Scale is set to 1e-06 for instance and model parameters
option SCALE: Scale is set to 1e-06 for instance and model parameters
option SCALE: Scale is set to 1e-06 for instance and model parameters
option SCALE: Scale is set to 1e-06 for instance and model parameters
Doing analysis at TEMP = 27.000000 and TNOM = 27.000000

Using KLU as Direct Linear Solver

No. of Data Rows : 1
vout = 1.167664e+00
vgdrv = 2.037597e+00
Reset re-loads circuit * monte-carlo-untrimmed monte carlo deck (config=all) -- generated by sim/monte-carlo-untrimmed/run_mc_untrimmed.py, do not edit

Circuit: * monte-carlo-untrimmed monte carlo deck (config=all) -- generated by sim/monte-carlo-untrimmed/run_mc_untrimmed.py, do not edit

option SCALE: Scale is set to 1e-06 for instance and model parameters
option SCALE: Scale is set to 1e-06 for instance and model parameters
option SCALE: Scale is set to 1e-06 for instance and model parameters
option SCALE: Scale is set to 1e-06 for instance and model parameters
Doing analysis at TEMP = 27.000000 and TNOM = 27.000000

Using KLU as Direct Linear Solver

No. of Data Rows : 1
vout = 1.163585e+00
vgdrv = 2.034717e+00
Reset re-loads circuit * monte-carlo-untrimmed monte carlo deck (config=all) -- generated by sim/monte-carlo-untrimmed/run_mc_untrimmed.py, do not edit

Circuit: * monte-carlo-untrimmed monte carlo deck (config=all) -- generated by sim/monte-carlo-untrimmed/run_mc_untrimmed.py, do not edit

option SCALE: Scale is set to 1e-06 for instance and model parameters
option SCALE: Scale is set to 1e-06 for instance and model parameters
option SCALE: Scale is set to 1e-06 for instance and model parameters
option SCALE: Scale is set to 1e-06 for instance and model parameters
Doing analysis at TEMP = 27.000000 and TNOM = 27.000000

Using KLU as Direct Linear Solver

No. of Data Rows : 1
vout = 1.164624e+00
vgdrv = 2.037051e+00
Reset re-loads circuit * monte-carlo-untrimmed monte carlo deck (config=all) -- generated by sim/monte-carlo-untrimmed/run_mc_untrimmed.py, do not edit

Circuit: * monte-carlo-untrimmed monte carlo deck (config=all) -- generated by sim/monte-carlo-untrimmed/run_mc_untrimmed.py, do not edit

option SCALE: Scale is set to 1e-06 for instance and model parameters
option SCALE: Scale is set to 1e-06 for instance and model parameters
option SCALE: Scale is set to 1e-06 for instance and model parameters
option SCALE: Scale is set to 1e-06 for instance and model parameters
Doing analysis at TEMP = 27.000000 and TNOM = 27.000000

Using KLU as Direct Linear Solver

No. of Data Rows : 1
vout = 1.162463e+00
vgdrv = 2.038864e+00
Reset re-loads circuit * monte-carlo-untrimmed monte carlo deck (config=all) -- generated by sim/monte-carlo-untrimmed/run_mc_untrimmed.py, do not edit

Circuit: * monte-carlo-untrimmed monte carlo deck (config=all) -- generated by sim/monte-carlo-untrimmed/run_mc_untrimmed.py, do not edit

option SCALE: Scale is set to 1e-06 for instance and model parameters
option SCALE: Scale is set to 1e-06 for instance and model parameters
option SCALE: Scale is set to 1e-06 for instance and model parameters
option SCALE: Scale is set to 1e-06 for instance and model parameters
Doing analysis at TEMP = 27.000000 and TNOM = 27.000000

Using KLU as Direct Linear Solver

No. of Data Rows : 1
vout = 1.163760e+00
vgdrv = 2.037514e+00
Reset re-loads circuit * monte-carlo-untrimmed monte carlo deck (config=all) -- generated by sim/monte-carlo-untrimmed/run_mc_untrimmed.py, do not edit

Circuit: * monte-carlo-untrimmed monte carlo deck (config=all) -- generated by sim/monte-carlo-untrimmed/run_mc_untrimmed.py, do not edit

option SCALE: Scale is set to 1e-06 for instance and model parameters
option SCALE: Scale is set to 1e-06 for instance and model parameters
option SCALE: Scale is set to 1e-06 for instance and model parameters
option SCALE: Scale is set to 1e-06 for instance and model parameters
Doing analysis at TEMP = 27.000000 and TNOM = 27.000000

Using KLU as Direct Linear Solver
 Reference value :  0.00000e+00
No. of Data Rows : 1
vout = 1.167406e+00
vgdrv = 2.036883e+00
Reset re-loads circuit * monte-carlo-untrimmed monte carlo deck (config=all) -- generated by sim/monte-carlo-untrimmed/run_mc_untrimmed.py, do not edit

Circuit: * monte-carlo-untrimmed monte carlo deck (config=all) -- generated by sim/monte-carlo-untrimmed/run_mc_untrimmed.py, do not edit

option SCALE: Scale is set to 1e-06 for instance and model parameters
option SCALE: Scale is set to 1e-06 for instance and model parameters
option SCALE: Scale is set to 1e-06 for instance and model parameters
option SCALE: Scale is set to 1e-06 for instance and model parameters
Doing analysis at TEMP = 27.000000 and TNOM = 27.000000

Using KLU as Direct Linear Solver

No. of Data Rows : 1
vout = 1.159959e+00
vgdrv = 2.038781e+00
Reset re-loads circuit * monte-carlo-untrimmed monte carlo deck (config=all) -- generated by sim/monte-carlo-untrimmed/run_mc_untrimmed.py, do not edit

Circuit: * monte-carlo-untrimmed monte carlo deck (config=all) -- generated by sim/monte-carlo-untrimmed/run_mc_untrimmed.py, do not edit

option SCALE: Scale is set to 1e-06 for instance and model parameters
option SCALE: Scale is set to 1e-06 for instance and model parameters
option SCALE: Scale is set to 1e-06 for instance and model parameters
option SCALE: Scale is set to 1e-06 for instance and model parameters
Doing analysis at TEMP = 27.000000 and TNOM = 27.000000

Using KLU as Direct Linear Solver

No. of Data Rows : 1
vout = 1.159472e+00
vgdrv = 2.037116e+00
Reset re-loads circuit * monte-carlo-untrimmed monte carlo deck (config=all) -- generated by sim/monte-carlo-untrimmed/run_mc_untrimmed.py, do not edit

Circuit: * monte-carlo-untrimmed monte carlo deck (config=all) -- generated by sim/monte-carlo-untrimmed/run_mc_untrimmed.py, do not edit

option SCALE: Scale is set to 1e-06 for instance and model parameters
option SCALE: Scale is set to 1e-06 for instance and model parameters
option SCALE: Scale is set to 1e-06 for instance and model parameters
option SCALE: Scale is set to 1e-06 for instance and model parameters
Doing analysis at TEMP = 27.000000 and TNOM = 27.000000

Using KLU as Direct Linear Solver

No. of Data Rows : 1
vout = 1.158084e+00
vgdrv = 2.037012e+00
Reset re-loads circuit * monte-carlo-untrimmed monte carlo deck (config=all) -- generated by sim/monte-carlo-untrimmed/run_mc_untrimmed.py, do not edit

Circuit: * monte-carlo-untrimmed monte carlo deck (config=all) -- generated by sim/monte-carlo-untrimmed/run_mc_untrimmed.py, do not edit

option SCALE: Scale is set to 1e-06 for instance and model parameters
option SCALE: Scale is set to 1e-06 for instance and model parameters
option SCALE: Scale is set to 1e-06 for instance and model parameters
option SCALE: Scale is set to 1e-06 for instance and model parameters
Doing analysis at TEMP = 27.000000 and TNOM = 27.000000

Using KLU as Direct Linear Solver

No. of Data Rows : 1
vout = 1.155134e+00
vgdrv = 2.037254e+00
Reset re-loads circuit * monte-carlo-untrimmed monte carlo deck (config=all) -- generated by sim/monte-carlo-untrimmed/run_mc_untrimmed.py, do not edit

Circuit: * monte-carlo-untrimmed monte carlo deck (config=all) -- generated by sim/monte-carlo-untrimmed/run_mc_untrimmed.py, do not edit

option SCALE: Scale is set to 1e-06 for instance and model parameters
option SCALE: Scale is set to 1e-06 for instance and model parameters
option SCALE: Scale is set to 1e-06 for instance and model parameters
option SCALE: Scale is set to 1e-06 for instance and model parameters
Doing analysis at TEMP = 27.000000 and TNOM = 27.000000

Using KLU as Direct Linear Solver

No. of Data Rows : 1
vout = 1.158622e+00
vgdrv = 2.037211e+00
Reset re-loads circuit * monte-carlo-untrimmed monte carlo deck (config=all) -- generated by sim/monte-carlo-untrimmed/run_mc_untrimmed.py, do not edit

Circuit: * monte-carlo-untrimmed monte carlo deck (config=all) -- generated by sim/monte-carlo-untrimmed/run_mc_untrimmed.py, do not edit

option SCALE: Scale is set to 1e-06 for instance and model parameters
option SCALE: Scale is set to 1e-06 for instance and model parameters
option SCALE: Scale is set to 1e-06 for instance and model parameters
option SCALE: Scale is set to 1e-06 for instance and model parameters
Doing analysis at TEMP = 27.000000 and TNOM = 27.000000

Using KLU as Direct Linear Solver

No. of Data Rows : 1
vout = 1.162777e+00
vgdrv = 2.039374e+00
Reset re-loads circuit * monte-carlo-untrimmed monte carlo deck (config=all) -- generated by sim/monte-carlo-untrimmed/run_mc_untrimmed.py, do not edit

Circuit: * monte-carlo-untrimmed monte carlo deck (config=all) -- generated by sim/monte-carlo-untrimmed/run_mc_untrimmed.py, do not edit

option SCALE: Scale is set to 1e-06 for instance and model parameters
option SCALE: Scale is set to 1e-06 for instance and model parameters
option SCALE: Scale is set to 1e-06 for instance and model parameters
option SCALE: Scale is set to 1e-06 for instance and model parameters
Doing analysis at TEMP = 27.000000 and TNOM = 27.000000

Using KLU as Direct Linear Solver

No. of Data Rows : 1
vout = 1.171690e+00
vgdrv = 2.036012e+00
Reset re-loads circuit * monte-carlo-untrimmed monte carlo deck (config=all) -- generated by sim/monte-carlo-untrimmed/run_mc_untrimmed.py, do not edit

Circuit: * monte-carlo-untrimmed monte carlo deck (config=all) -- generated by sim/monte-carlo-untrimmed/run_mc_untrimmed.py, do not edit

option SCALE: Scale is set to 1e-06 for instance and model parameters
option SCALE: Scale is set to 1e-06 for instance and model parameters
option SCALE: Scale is set to 1e-06 for instance and model parameters
option SCALE: Scale is set to 1e-06 for instance and model parameters
Doing analysis at TEMP = 27.000000 and TNOM = 27.000000

Using KLU as Direct Linear Solver

No. of Data Rows : 1
vout = 1.164734e+00
vgdrv = 2.037599e+00
Reset re-loads circuit * monte-carlo-untrimmed monte carlo deck (config=all) -- generated by sim/monte-carlo-untrimmed/run_mc_untrimmed.py, do not edit

Circuit: * monte-carlo-untrimmed monte carlo deck (config=all) -- generated by sim/monte-carlo-untrimmed/run_mc_untrimmed.py, do not edit

option SCALE: Scale is set to 1e-06 for instance and model parameters
option SCALE: Scale is set to 1e-06 for instance and model parameters
option SCALE: Scale is set to 1e-06 for instance and model parameters
option SCALE: Scale is set to 1e-06 for instance and model parameters
Doing analysis at TEMP = 27.000000 and TNOM = 27.000000

Using KLU as Direct Linear Solver
 Reference value :  0.00000e+00
No. of Data Rows : 1
vout = 1.174562e+00
vgdrv = 2.036178e+00
Reset re-loads circuit * monte-carlo-untrimmed monte carlo deck (config=all) -- generated by sim/monte-carlo-untrimmed/run_mc_untrimmed.py, do not edit

Circuit: * monte-carlo-untrimmed monte carlo deck (config=all) -- generated by sim/monte-carlo-untrimmed/run_mc_untrimmed.py, do not edit

option SCALE: Scale is set to 1e-06 for instance and model parameters
option SCALE: Scale is set to 1e-06 for instance and model parameters
option SCALE: Scale is set to 1e-06 for instance and model parameters
option SCALE: Scale is set to 1e-06 for instance and model parameters
Doing analysis at TEMP = 27.000000 and TNOM = 27.000000

Using KLU as Direct Linear Solver

No. of Data Rows : 1
vout = 1.171254e+00
vgdrv = 2.034331e+00
Reset re-loads circuit * monte-carlo-untrimmed monte carlo deck (config=all) -- generated by sim/monte-carlo-untrimmed/run_mc_untrimmed.py, do not edit

Circuit: * monte-carlo-untrimmed monte carlo deck (config=all) -- generated by sim/monte-carlo-untrimmed/run_mc_untrimmed.py, do not edit

option SCALE: Scale is set to 1e-06 for instance and model parameters
option SCALE: Scale is set to 1e-06 for instance and model parameters
option SCALE: Scale is set to 1e-06 for instance and model parameters
option SCALE: Scale is set to 1e-06 for instance and model parameters
Doing analysis at TEMP = 27.000000 and TNOM = 27.000000

Using KLU as Direct Linear Solver

No. of Data Rows : 1
vout = 1.164226e+00
vgdrv = 2.037000e+00
Reset re-loads circuit * monte-carlo-untrimmed monte carlo deck (config=all) -- generated by sim/monte-carlo-untrimmed/run_mc_untrimmed.py, do not edit

Circuit: * monte-carlo-untrimmed monte carlo deck (config=all) -- generated by sim/monte-carlo-untrimmed/run_mc_untrimmed.py, do not edit

option SCALE: Scale is set to 1e-06 for instance and model parameters
option SCALE: Scale is set to 1e-06 for instance and model parameters
option SCALE: Scale is set to 1e-06 for instance and model parameters
option SCALE: Scale is set to 1e-06 for instance and model parameters
Doing analysis at TEMP = 27.000000 and TNOM = 27.000000

Using KLU as Direct Linear Solver

No. of Data Rows : 1
vout = 1.166039e+00
vgdrv = 2.039878e+00
Reset re-loads circuit * monte-carlo-untrimmed monte carlo deck (config=all) -- generated by sim/monte-carlo-untrimmed/run_mc_untrimmed.py, do not edit

Circuit: * monte-carlo-untrimmed monte carlo deck (config=all) -- generated by sim/monte-carlo-untrimmed/run_mc_untrimmed.py, do not edit

option SCALE: Scale is set to 1e-06 for instance and model parameters
option SCALE: Scale is set to 1e-06 for instance and model parameters
option SCALE: Scale is set to 1e-06 for instance and model parameters
option SCALE: Scale is set to 1e-06 for instance and model parameters
Doing analysis at TEMP = 27.000000 and TNOM = 27.000000

Using KLU as Direct Linear Solver

No. of Data Rows : 1
vout = 1.164001e+00
vgdrv = 2.034521e+00
Reset re-loads circuit * monte-carlo-untrimmed monte carlo deck (config=all) -- generated by sim/monte-carlo-untrimmed/run_mc_untrimmed.py, do not edit

Circuit: * monte-carlo-untrimmed monte carlo deck (config=all) -- generated by sim/monte-carlo-untrimmed/run_mc_untrimmed.py, do not edit

option SCALE: Scale is set to 1e-06 for instance and model parameters
option SCALE: Scale is set to 1e-06 for instance and model parameters
option SCALE: Scale is set to 1e-06 for instance and model parameters
option SCALE: Scale is set to 1e-06 for instance and model parameters
Doing analysis at TEMP = 27.000000 and TNOM = 27.000000

Using KLU as Direct Linear Solver

No. of Data Rows : 1
vout = 1.154672e+00
vgdrv = 2.035796e+00
Reset re-loads circuit * monte-carlo-untrimmed monte carlo deck (config=all) -- generated by sim/monte-carlo-untrimmed/run_mc_untrimmed.py, do not edit

Circuit: * monte-carlo-untrimmed monte carlo deck (config=all) -- generated by sim/monte-carlo-untrimmed/run_mc_untrimmed.py, do not edit

option SCALE: Scale is set to 1e-06 for instance and model parameters
option SCALE: Scale is set to 1e-06 for instance and model parameters
option SCALE: Scale is set to 1e-06 for instance and model parameters
option SCALE: Scale is set to 1e-06 for instance and model parameters
Doing analysis at TEMP = 27.000000 and TNOM = 27.000000

Using KLU as Direct Linear Solver

No. of Data Rows : 1
vout = 1.170676e+00
vgdrv = 2.038025e+00
Reset re-loads circuit * monte-carlo-untrimmed monte carlo deck (config=all) -- generated by sim/monte-carlo-untrimmed/run_mc_untrimmed.py, do not edit

Circuit: * monte-carlo-untrimmed monte carlo deck (config=all) -- generated by sim/monte-carlo-untrimmed/run_mc_untrimmed.py, do not edit

option SCALE: Scale is set to 1e-06 for instance and model parameters
option SCALE: Scale is set to 1e-06 for instance and model parameters
option SCALE: Scale is set to 1e-06 for instance and model parameters
option SCALE: Scale is set to 1e-06 for instance and model parameters
Doing analysis at TEMP = 27.000000 and TNOM = 27.000000

Using KLU as Direct Linear Solver

No. of Data Rows : 1
vout = 1.166818e+00
vgdrv = 2.038363e+00
Reset re-loads circuit * monte-carlo-untrimmed monte carlo deck (config=all) -- generated by sim/monte-carlo-untrimmed/run_mc_untrimmed.py, do not edit

Circuit: * monte-carlo-untrimmed monte carlo deck (config=all) -- generated by sim/monte-carlo-untrimmed/run_mc_untrimmed.py, do not edit

option SCALE: Scale is set to 1e-06 for instance and model parameters
option SCALE: Scale is set to 1e-06 for instance and model parameters
option SCALE: Scale is set to 1e-06 for instance and model parameters
option SCALE: Scale is set to 1e-06 for instance and model parameters
Doing analysis at TEMP = 27.000000 and TNOM = 27.000000

Using KLU as Direct Linear Solver
 Reference value :  0.00000e+00
No. of Data Rows : 1
vout = 1.161369e+00
vgdrv = 2.037222e+00
Reset re-loads circuit * monte-carlo-untrimmed monte carlo deck (config=all) -- generated by sim/monte-carlo-untrimmed/run_mc_untrimmed.py, do not edit

Circuit: * monte-carlo-untrimmed monte carlo deck (config=all) -- generated by sim/monte-carlo-untrimmed/run_mc_untrimmed.py, do not edit

option SCALE: Scale is set to 1e-06 for instance and model parameters
option SCALE: Scale is set to 1e-06 for instance and model parameters
option SCALE: Scale is set to 1e-06 for instance and model parameters
option SCALE: Scale is set to 1e-06 for instance and model parameters
Doing analysis at TEMP = 27.000000 and TNOM = 27.000000

Using KLU as Direct Linear Solver

No. of Data Rows : 1
vout = 1.172883e+00
vgdrv = 2.033155e+00
Reset re-loads circuit * monte-carlo-untrimmed monte carlo deck (config=all) -- generated by sim/monte-carlo-untrimmed/run_mc_untrimmed.py, do not edit

Circuit: * monte-carlo-untrimmed monte carlo deck (config=all) -- generated by sim/monte-carlo-untrimmed/run_mc_untrimmed.py, do not edit

option SCALE: Scale is set to 1e-06 for instance and model parameters
option SCALE: Scale is set to 1e-06 for instance and model parameters
option SCALE: Scale is set to 1e-06 for instance and model parameters
option SCALE: Scale is set to 1e-06 for instance and model parameters
Doing analysis at TEMP = 27.000000 and TNOM = 27.000000

Using KLU as Direct Linear Solver

No. of Data Rows : 1
vout = 1.154782e+00
vgdrv = 2.041383e+00
Reset re-loads circuit * monte-carlo-untrimmed monte carlo deck (config=all) -- generated by sim/monte-carlo-untrimmed/run_mc_untrimmed.py, do not edit

Circuit: * monte-carlo-untrimmed monte carlo deck (config=all) -- generated by sim/monte-carlo-untrimmed/run_mc_untrimmed.py, do not edit

option SCALE: Scale is set to 1e-06 for instance and model parameters
option SCALE: Scale is set to 1e-06 for instance and model parameters
option SCALE: Scale is set to 1e-06 for instance and model parameters
option SCALE: Scale is set to 1e-06 for instance and model parameters
Doing analysis at TEMP = 27.000000 and TNOM = 27.000000

Using KLU as Direct Linear Solver

No. of Data Rows : 1
vout = 1.166827e+00
vgdrv = 2.038599e+00
Reset re-loads circuit * monte-carlo-untrimmed monte carlo deck (config=all) -- generated by sim/monte-carlo-untrimmed/run_mc_untrimmed.py, do not edit

Circuit: * monte-carlo-untrimmed monte carlo deck (config=all) -- generated by sim/monte-carlo-untrimmed/run_mc_untrimmed.py, do not edit

option SCALE: Scale is set to 1e-06 for instance and model parameters
option SCALE: Scale is set to 1e-06 for instance and model parameters
option SCALE: Scale is set to 1e-06 for instance and model parameters
option SCALE: Scale is set to 1e-06 for instance and model parameters
Doing analysis at TEMP = 27.000000 and TNOM = 27.000000

Using KLU as Direct Linear Solver

No. of Data Rows : 1
vout = 1.154872e+00
vgdrv = 2.042976e+00
Reset re-loads circuit * monte-carlo-untrimmed monte carlo deck (config=all) -- generated by sim/monte-carlo-untrimmed/run_mc_untrimmed.py, do not edit

Circuit: * monte-carlo-untrimmed monte carlo deck (config=all) -- generated by sim/monte-carlo-untrimmed/run_mc_untrimmed.py, do not edit

option SCALE: Scale is set to 1e-06 for instance and model parameters
option SCALE: Scale is set to 1e-06 for instance and model parameters
option SCALE: Scale is set to 1e-06 for instance and model parameters
option SCALE: Scale is set to 1e-06 for instance and model parameters
Doing analysis at TEMP = 27.000000 and TNOM = 27.000000

Using KLU as Direct Linear Solver

No. of Data Rows : 1
vout = 1.180006e+00
vgdrv = 2.033998e+00
Reset re-loads circuit * monte-carlo-untrimmed monte carlo deck (config=all) -- generated by sim/monte-carlo-untrimmed/run_mc_untrimmed.py, do not edit

Circuit: * monte-carlo-untrimmed monte carlo deck (config=all) -- generated by sim/monte-carlo-untrimmed/run_mc_untrimmed.py, do not edit

option SCALE: Scale is set to 1e-06 for instance and model parameters
option SCALE: Scale is set to 1e-06 for instance and model parameters
option SCALE: Scale is set to 1e-06 for instance and model parameters
option SCALE: Scale is set to 1e-06 for instance and model parameters
Doing analysis at TEMP = 27.000000 and TNOM = 27.000000

Using KLU as Direct Linear Solver

No. of Data Rows : 1
vout = 1.154998e+00
vgdrv = 2.039050e+00
Reset re-loads circuit * monte-carlo-untrimmed monte carlo deck (config=all) -- generated by sim/monte-carlo-untrimmed/run_mc_untrimmed.py, do not edit

Circuit: * monte-carlo-untrimmed monte carlo deck (config=all) -- generated by sim/monte-carlo-untrimmed/run_mc_untrimmed.py, do not edit

option SCALE: Scale is set to 1e-06 for instance and model parameters
option SCALE: Scale is set to 1e-06 for instance and model parameters
option SCALE: Scale is set to 1e-06 for instance and model parameters
option SCALE: Scale is set to 1e-06 for instance and model parameters
Doing analysis at TEMP = 27.000000 and TNOM = 27.000000

Using KLU as Direct Linear Solver

No. of Data Rows : 1
vout = 1.167057e+00
vgdrv = 2.037871e+00
Reset re-loads circuit * monte-carlo-untrimmed monte carlo deck (config=all) -- generated by sim/monte-carlo-untrimmed/run_mc_untrimmed.py, do not edit

Circuit: * monte-carlo-untrimmed monte carlo deck (config=all) -- generated by sim/monte-carlo-untrimmed/run_mc_untrimmed.py, do not edit

option SCALE: Scale is set to 1e-06 for instance and model parameters
option SCALE: Scale is set to 1e-06 for instance and model parameters
option SCALE: Scale is set to 1e-06 for instance and model parameters
option SCALE: Scale is set to 1e-06 for instance and model parameters
Doing analysis at TEMP = 27.000000 and TNOM = 27.000000

Using KLU as Direct Linear Solver
 Reference value :  0.00000e+00
No. of Data Rows : 1
vout = 1.158870e+00
vgdrv = 2.041910e+00
Reset re-loads circuit * monte-carlo-untrimmed monte carlo deck (config=all) -- generated by sim/monte-carlo-untrimmed/run_mc_untrimmed.py, do not edit

Circuit: * monte-carlo-untrimmed monte carlo deck (config=all) -- generated by sim/monte-carlo-untrimmed/run_mc_untrimmed.py, do not edit

option SCALE: Scale is set to 1e-06 for instance and model parameters
option SCALE: Scale is set to 1e-06 for instance and model parameters
option SCALE: Scale is set to 1e-06 for instance and model parameters
option SCALE: Scale is set to 1e-06 for instance and model parameters
Doing analysis at TEMP = 27.000000 and TNOM = 27.000000

Using KLU as Direct Linear Solver

No. of Data Rows : 1
vout = 1.163199e+00
vgdrv = 2.035759e+00
Reset re-loads circuit * monte-carlo-untrimmed monte carlo deck (config=all) -- generated by sim/monte-carlo-untrimmed/run_mc_untrimmed.py, do not edit

Circuit: * monte-carlo-untrimmed monte carlo deck (config=all) -- generated by sim/monte-carlo-untrimmed/run_mc_untrimmed.py, do not edit

option SCALE: Scale is set to 1e-06 for instance and model parameters
option SCALE: Scale is set to 1e-06 for instance and model parameters
option SCALE: Scale is set to 1e-06 for instance and model parameters
option SCALE: Scale is set to 1e-06 for instance and model parameters
Doing analysis at TEMP = 27.000000 and TNOM = 27.000000

Using KLU as Direct Linear Solver

No. of Data Rows : 1
vout = 1.177156e+00
vgdrv = 2.030823e+00
Reset re-loads circuit * monte-carlo-untrimmed monte carlo deck (config=all) -- generated by sim/monte-carlo-untrimmed/run_mc_untrimmed.py, do not edit

Circuit: * monte-carlo-untrimmed monte carlo deck (config=all) -- generated by sim/monte-carlo-untrimmed/run_mc_untrimmed.py, do not edit

option SCALE: Scale is set to 1e-06 for instance and model parameters
option SCALE: Scale is set to 1e-06 for instance and model parameters
option SCALE: Scale is set to 1e-06 for instance and model parameters
option SCALE: Scale is set to 1e-06 for instance and model parameters
Doing analysis at TEMP = 27.000000 and TNOM = 27.000000

Using KLU as Direct Linear Solver

No. of Data Rows : 1
vout = 1.159573e+00
vgdrv = 2.040534e+00
Reset re-loads circuit * monte-carlo-untrimmed monte carlo deck (config=all) -- generated by sim/monte-carlo-untrimmed/run_mc_untrimmed.py, do not edit

Circuit: * monte-carlo-untrimmed monte carlo deck (config=all) -- generated by sim/monte-carlo-untrimmed/run_mc_untrimmed.py, do not edit

option SCALE: Scale is set to 1e-06 for instance and model parameters
option SCALE: Scale is set to 1e-06 for instance and model parameters
option SCALE: Scale is set to 1e-06 for instance and model parameters
option SCALE: Scale is set to 1e-06 for instance and model parameters
Doing analysis at TEMP = 27.000000 and TNOM = 27.000000

Using KLU as Direct Linear Solver

No. of Data Rows : 1
vout = 1.168601e+00
vgdrv = 2.034540e+00
Reset re-loads circuit * monte-carlo-untrimmed monte carlo deck (config=all) -- generated by sim/monte-carlo-untrimmed/run_mc_untrimmed.py, do not edit

Circuit: * monte-carlo-untrimmed monte carlo deck (config=all) -- generated by sim/monte-carlo-untrimmed/run_mc_untrimmed.py, do not edit

option SCALE: Scale is set to 1e-06 for instance and model parameters
option SCALE: Scale is set to 1e-06 for instance and model parameters
option SCALE: Scale is set to 1e-06 for instance and model parameters
option SCALE: Scale is set to 1e-06 for instance and model parameters
Doing analysis at TEMP = 27.000000 and TNOM = 27.000000

Using KLU as Direct Linear Solver

No. of Data Rows : 1
vout = 1.169431e+00
vgdrv = 2.038358e+00
Reset re-loads circuit * monte-carlo-untrimmed monte carlo deck (config=all) -- generated by sim/monte-carlo-untrimmed/run_mc_untrimmed.py, do not edit

Circuit: * monte-carlo-untrimmed monte carlo deck (config=all) -- generated by sim/monte-carlo-untrimmed/run_mc_untrimmed.py, do not edit

option SCALE: Scale is set to 1e-06 for instance and model parameters
option SCALE: Scale is set to 1e-06 for instance and model parameters
option SCALE: Scale is set to 1e-06 for instance and model parameters
option SCALE: Scale is set to 1e-06 for instance and model parameters
Doing analysis at TEMP = 27.000000 and TNOM = 27.000000

Using KLU as Direct Linear Solver

No. of Data Rows : 1
vout = 1.165660e+00
vgdrv = 2.037689e+00
Reset re-loads circuit * monte-carlo-untrimmed monte carlo deck (config=all) -- generated by sim/monte-carlo-untrimmed/run_mc_untrimmed.py, do not edit

Circuit: * monte-carlo-untrimmed monte carlo deck (config=all) -- generated by sim/monte-carlo-untrimmed/run_mc_untrimmed.py, do not edit

option SCALE: Scale is set to 1e-06 for instance and model parameters
option SCALE: Scale is set to 1e-06 for instance and model parameters
option SCALE: Scale is set to 1e-06 for instance and model parameters
option SCALE: Scale is set to 1e-06 for instance and model parameters
Doing analysis at TEMP = 27.000000 and TNOM = 27.000000

Using KLU as Direct Linear Solver

No. of Data Rows : 1
vout = 1.163166e+00
vgdrv = 2.039827e+00
Reset re-loads circuit * monte-carlo-untrimmed monte carlo deck (config=all) -- generated by sim/monte-carlo-untrimmed/run_mc_untrimmed.py, do not edit

Circuit: * monte-carlo-untrimmed monte carlo deck (config=all) -- generated by sim/monte-carlo-untrimmed/run_mc_untrimmed.py, do not edit

option SCALE: Scale is set to 1e-06 for instance and model parameters
option SCALE: Scale is set to 1e-06 for instance and model parameters
option SCALE: Scale is set to 1e-06 for instance and model parameters
option SCALE: Scale is set to 1e-06 for instance and model parameters
Doing analysis at TEMP = 27.000000 and TNOM = 27.000000

Using KLU as Direct Linear Solver
 Reference value :  0.00000e+00
No. of Data Rows : 1
vout = 1.170871e+00
vgdrv = 2.032402e+00
Reset re-loads circuit * monte-carlo-untrimmed monte carlo deck (config=all) -- generated by sim/monte-carlo-untrimmed/run_mc_untrimmed.py, do not edit

Circuit: * monte-carlo-untrimmed monte carlo deck (config=all) -- generated by sim/monte-carlo-untrimmed/run_mc_untrimmed.py, do not edit

option SCALE: Scale is set to 1e-06 for instance and model parameters
option SCALE: Scale is set to 1e-06 for instance and model parameters
option SCALE: Scale is set to 1e-06 for instance and model parameters
option SCALE: Scale is set to 1e-06 for instance and model parameters
Doing analysis at TEMP = 27.000000 and TNOM = 27.000000

Using KLU as Direct Linear Solver

No. of Data Rows : 1
vout = 1.171027e+00
vgdrv = 2.034736e+00
Reset re-loads circuit * monte-carlo-untrimmed monte carlo deck (config=all) -- generated by sim/monte-carlo-untrimmed/run_mc_untrimmed.py, do not edit

Circuit: * monte-carlo-untrimmed monte carlo deck (config=all) -- generated by sim/monte-carlo-untrimmed/run_mc_untrimmed.py, do not edit

option SCALE: Scale is set to 1e-06 for instance and model parameters
option SCALE: Scale is set to 1e-06 for instance and model parameters
option SCALE: Scale is set to 1e-06 for instance and model parameters
option SCALE: Scale is set to 1e-06 for instance and model parameters
Doing analysis at TEMP = 27.000000 and TNOM = 27.000000

Using KLU as Direct Linear Solver

No. of Data Rows : 1
vout = 1.163903e+00
vgdrv = 2.038313e+00
Reset re-loads circuit * monte-carlo-untrimmed monte carlo deck (config=all) -- generated by sim/monte-carlo-untrimmed/run_mc_untrimmed.py, do not edit

Circuit: * monte-carlo-untrimmed monte carlo deck (config=all) -- generated by sim/monte-carlo-untrimmed/run_mc_untrimmed.py, do not edit

option SCALE: Scale is set to 1e-06 for instance and model parameters
option SCALE: Scale is set to 1e-06 for instance and model parameters
option SCALE: Scale is set to 1e-06 for instance and model parameters
option SCALE: Scale is set to 1e-06 for instance and model parameters
Doing analysis at TEMP = 27.000000 and TNOM = 27.000000

Using KLU as Direct Linear Solver

No. of Data Rows : 1
vout = 1.169039e+00
vgdrv = 2.039090e+00
Reset re-loads circuit * monte-carlo-untrimmed monte carlo deck (config=all) -- generated by sim/monte-carlo-untrimmed/run_mc_untrimmed.py, do not edit

Circuit: * monte-carlo-untrimmed monte carlo deck (config=all) -- generated by sim/monte-carlo-untrimmed/run_mc_untrimmed.py, do not edit

option SCALE: Scale is set to 1e-06 for instance and model parameters
option SCALE: Scale is set to 1e-06 for instance and model parameters
option SCALE: Scale is set to 1e-06 for instance and model parameters
option SCALE: Scale is set to 1e-06 for instance and model parameters
Doing analysis at TEMP = 27.000000 and TNOM = 27.000000

Using KLU as Direct Linear Solver

No. of Data Rows : 1
vout = 1.167819e+00
vgdrv = 2.037270e+00
Reset re-loads circuit * monte-carlo-untrimmed monte carlo deck (config=all) -- generated by sim/monte-carlo-untrimmed/run_mc_untrimmed.py, do not edit

Circuit: * monte-carlo-untrimmed monte carlo deck (config=all) -- generated by sim/monte-carlo-untrimmed/run_mc_untrimmed.py, do not edit

option SCALE: Scale is set to 1e-06 for instance and model parameters
option SCALE: Scale is set to 1e-06 for instance and model parameters
option SCALE: Scale is set to 1e-06 for instance and model parameters
option SCALE: Scale is set to 1e-06 for instance and model parameters
Doing analysis at TEMP = 27.000000 and TNOM = 27.000000

Using KLU as Direct Linear Solver

No. of Data Rows : 1
vout = 1.161224e+00
vgdrv = 2.039952e+00
Reset re-loads circuit * monte-carlo-untrimmed monte carlo deck (config=all) -- generated by sim/monte-carlo-untrimmed/run_mc_untrimmed.py, do not edit

Circuit: * monte-carlo-untrimmed monte carlo deck (config=all) -- generated by sim/monte-carlo-untrimmed/run_mc_untrimmed.py, do not edit

option SCALE: Scale is set to 1e-06 for instance and model parameters
option SCALE: Scale is set to 1e-06 for instance and model parameters
option SCALE: Scale is set to 1e-06 for instance and model parameters
option SCALE: Scale is set to 1e-06 for instance and model parameters
Doing analysis at TEMP = 27.000000 and TNOM = 27.000000

Using KLU as Direct Linear Solver

No. of Data Rows : 1
vout = 1.157438e+00
vgdrv = 2.038373e+00
Reset re-loads circuit * monte-carlo-untrimmed monte carlo deck (config=all) -- generated by sim/monte-carlo-untrimmed/run_mc_untrimmed.py, do not edit

Circuit: * monte-carlo-untrimmed monte carlo deck (config=all) -- generated by sim/monte-carlo-untrimmed/run_mc_untrimmed.py, do not edit

option SCALE: Scale is set to 1e-06 for instance and model parameters
option SCALE: Scale is set to 1e-06 for instance and model parameters
option SCALE: Scale is set to 1e-06 for instance and model parameters
option SCALE: Scale is set to 1e-06 for instance and model parameters
Doing analysis at TEMP = 27.000000 and TNOM = 27.000000

Using KLU as Direct Linear Solver

No. of Data Rows : 1
vout = 1.162674e+00
vgdrv = 2.037511e+00
Reset re-loads circuit * monte-carlo-untrimmed monte carlo deck (config=all) -- generated by sim/monte-carlo-untrimmed/run_mc_untrimmed.py, do not edit

Circuit: * monte-carlo-untrimmed monte carlo deck (config=all) -- generated by sim/monte-carlo-untrimmed/run_mc_untrimmed.py, do not edit

option SCALE: Scale is set to 1e-06 for instance and model parameters
option SCALE: Scale is set to 1e-06 for instance and model parameters
option SCALE: Scale is set to 1e-06 for instance and model parameters
option SCALE: Scale is set to 1e-06 for instance and model parameters
Doing analysis at TEMP = 27.000000 and TNOM = 27.000000

Using KLU as Direct Linear Solver
 Reference value :  0.00000e+00
No. of Data Rows : 1
vout = 1.169405e+00
vgdrv = 2.035151e+00
Reset re-loads circuit * monte-carlo-untrimmed monte carlo deck (config=all) -- generated by sim/monte-carlo-untrimmed/run_mc_untrimmed.py, do not edit

Circuit: * monte-carlo-untrimmed monte carlo deck (config=all) -- generated by sim/monte-carlo-untrimmed/run_mc_untrimmed.py, do not edit

option SCALE: Scale is set to 1e-06 for instance and model parameters
option SCALE: Scale is set to 1e-06 for instance and model parameters
option SCALE: Scale is set to 1e-06 for instance and model parameters
option SCALE: Scale is set to 1e-06 for instance and model parameters
Doing analysis at TEMP = 27.000000 and TNOM = 27.000000

Using KLU as Direct Linear Solver

No. of Data Rows : 1
vout = 1.159422e+00
vgdrv = 2.037134e+00
Reset re-loads circuit * monte-carlo-untrimmed monte carlo deck (config=all) -- generated by sim/monte-carlo-untrimmed/run_mc_untrimmed.py, do not edit

Circuit: * monte-carlo-untrimmed monte carlo deck (config=all) -- generated by sim/monte-carlo-untrimmed/run_mc_untrimmed.py, do not edit

option SCALE: Scale is set to 1e-06 for instance and model parameters
option SCALE: Scale is set to 1e-06 for instance and model parameters
option SCALE: Scale is set to 1e-06 for instance and model parameters
option SCALE: Scale is set to 1e-06 for instance and model parameters
Doing analysis at TEMP = 27.000000 and TNOM = 27.000000

Using KLU as Direct Linear Solver

No. of Data Rows : 1
vout = 1.153302e+00
vgdrv = 2.041299e+00
Reset re-loads circuit * monte-carlo-untrimmed monte carlo deck (config=all) -- generated by sim/monte-carlo-untrimmed/run_mc_untrimmed.py, do not edit

Circuit: * monte-carlo-untrimmed monte carlo deck (config=all) -- generated by sim/monte-carlo-untrimmed/run_mc_untrimmed.py, do not edit

option SCALE: Scale is set to 1e-06 for instance and model parameters
option SCALE: Scale is set to 1e-06 for instance and model parameters
option SCALE: Scale is set to 1e-06 for instance and model parameters
option SCALE: Scale is set to 1e-06 for instance and model parameters
Doing analysis at TEMP = 27.000000 and TNOM = 27.000000

Using KLU as Direct Linear Solver

No. of Data Rows : 1
vout = 1.171222e+00
vgdrv = 2.036412e+00
Reset re-loads circuit * monte-carlo-untrimmed monte carlo deck (config=all) -- generated by sim/monte-carlo-untrimmed/run_mc_untrimmed.py, do not edit

Circuit: * monte-carlo-untrimmed monte carlo deck (config=all) -- generated by sim/monte-carlo-untrimmed/run_mc_untrimmed.py, do not edit

option SCALE: Scale is set to 1e-06 for instance and model parameters
option SCALE: Scale is set to 1e-06 for instance and model parameters
option SCALE: Scale is set to 1e-06 for instance and model parameters
option SCALE: Scale is set to 1e-06 for instance and model parameters
Doing analysis at TEMP = 27.000000 and TNOM = 27.000000

Using KLU as Direct Linear Solver

No. of Data Rows : 1
vout = 1.160115e+00
vgdrv = 2.037240e+00
Reset re-loads circuit * monte-carlo-untrimmed monte carlo deck (config=all) -- generated by sim/monte-carlo-untrimmed/run_mc_untrimmed.py, do not edit

Circuit: * monte-carlo-untrimmed monte carlo deck (config=all) -- generated by sim/monte-carlo-untrimmed/run_mc_untrimmed.py, do not edit

option SCALE: Scale is set to 1e-06 for instance and model parameters
option SCALE: Scale is set to 1e-06 for instance and model parameters
option SCALE: Scale is set to 1e-06 for instance and model parameters
option SCALE: Scale is set to 1e-06 for instance and model parameters
Doing analysis at TEMP = 27.000000 and TNOM = 27.000000

Using KLU as Direct Linear Solver

No. of Data Rows : 1
vout = 1.175456e+00
vgdrv = 2.038813e+00
Reset re-loads circuit * monte-carlo-untrimmed monte carlo deck (config=all) -- generated by sim/monte-carlo-untrimmed/run_mc_untrimmed.py, do not edit

Circuit: * monte-carlo-untrimmed monte carlo deck (config=all) -- generated by sim/monte-carlo-untrimmed/run_mc_untrimmed.py, do not edit

option SCALE: Scale is set to 1e-06 for instance and model parameters
option SCALE: Scale is set to 1e-06 for instance and model parameters
option SCALE: Scale is set to 1e-06 for instance and model parameters
option SCALE: Scale is set to 1e-06 for instance and model parameters
Doing analysis at TEMP = 27.000000 and TNOM = 27.000000

Using KLU as Direct Linear Solver

No. of Data Rows : 1
vout = 1.154944e+00
vgdrv = 2.044282e+00
Reset re-loads circuit * monte-carlo-untrimmed monte carlo deck (config=all) -- generated by sim/monte-carlo-untrimmed/run_mc_untrimmed.py, do not edit

Circuit: * monte-carlo-untrimmed monte carlo deck (config=all) -- generated by sim/monte-carlo-untrimmed/run_mc_untrimmed.py, do not edit

option SCALE: Scale is set to 1e-06 for instance and model parameters
option SCALE: Scale is set to 1e-06 for instance and model parameters
option SCALE: Scale is set to 1e-06 for instance and model parameters
option SCALE: Scale is set to 1e-06 for instance and model parameters
Doing analysis at TEMP = 27.000000 and TNOM = 27.000000

Using KLU as Direct Linear Solver

No. of Data Rows : 1
vout = 1.170501e+00
vgdrv = 2.033310e+00
Reset re-loads circuit * monte-carlo-untrimmed monte carlo deck (config=all) -- generated by sim/monte-carlo-untrimmed/run_mc_untrimmed.py, do not edit

Circuit: * monte-carlo-untrimmed monte carlo deck (config=all) -- generated by sim/monte-carlo-untrimmed/run_mc_untrimmed.py, do not edit

option SCALE: Scale is set to 1e-06 for instance and model parameters
option SCALE: Scale is set to 1e-06 for instance and model parameters
option SCALE: Scale is set to 1e-06 for instance and model parameters
option SCALE: Scale is set to 1e-06 for instance and model parameters
Doing analysis at TEMP = 27.000000 and TNOM = 27.000000

Using KLU as Direct Linear Solver
 Reference value :  0.00000e+00
No. of Data Rows : 1
vout = 1.165536e+00
vgdrv = 2.035580e+00
Reset re-loads circuit * monte-carlo-untrimmed monte carlo deck (config=all) -- generated by sim/monte-carlo-untrimmed/run_mc_untrimmed.py, do not edit

Circuit: * monte-carlo-untrimmed monte carlo deck (config=all) -- generated by sim/monte-carlo-untrimmed/run_mc_untrimmed.py, do not edit

option SCALE: Scale is set to 1e-06 for instance and model parameters
option SCALE: Scale is set to 1e-06 for instance and model parameters
option SCALE: Scale is set to 1e-06 for instance and model parameters
option SCALE: Scale is set to 1e-06 for instance and model parameters
Doing analysis at TEMP = 27.000000 and TNOM = 27.000000

Using KLU as Direct Linear Solver

No. of Data Rows : 1
vout = 1.166433e+00
vgdrv = 2.035644e+00
Reset re-loads circuit * monte-carlo-untrimmed monte carlo deck (config=all) -- generated by sim/monte-carlo-untrimmed/run_mc_untrimmed.py, do not edit

Circuit: * monte-carlo-untrimmed monte carlo deck (config=all) -- generated by sim/monte-carlo-untrimmed/run_mc_untrimmed.py, do not edit

option SCALE: Scale is set to 1e-06 for instance and model parameters
option SCALE: Scale is set to 1e-06 for instance and model parameters
option SCALE: Scale is set to 1e-06 for instance and model parameters
option SCALE: Scale is set to 1e-06 for instance and model parameters
Doing analysis at TEMP = 27.000000 and TNOM = 27.000000

Using KLU as Direct Linear Solver

No. of Data Rows : 1
vout = 1.165009e+00
vgdrv = 2.036562e+00
Reset re-loads circuit * monte-carlo-untrimmed monte carlo deck (config=all) -- generated by sim/monte-carlo-untrimmed/run_mc_untrimmed.py, do not edit

Circuit: * monte-carlo-untrimmed monte carlo deck (config=all) -- generated by sim/monte-carlo-untrimmed/run_mc_untrimmed.py, do not edit

option SCALE: Scale is set to 1e-06 for instance and model parameters
option SCALE: Scale is set to 1e-06 for instance and model parameters
option SCALE: Scale is set to 1e-06 for instance and model parameters
option SCALE: Scale is set to 1e-06 for instance and model parameters
Doing analysis at TEMP = 27.000000 and TNOM = 27.000000

Using KLU as Direct Linear Solver

No. of Data Rows : 1
vout = 1.160797e+00
vgdrv = 2.036807e+00
Reset re-loads circuit * monte-carlo-untrimmed monte carlo deck (config=all) -- generated by sim/monte-carlo-untrimmed/run_mc_untrimmed.py, do not edit

Circuit: * monte-carlo-untrimmed monte carlo deck (config=all) -- generated by sim/monte-carlo-untrimmed/run_mc_untrimmed.py, do not edit

option SCALE: Scale is set to 1e-06 for instance and model parameters
option SCALE: Scale is set to 1e-06 for instance and model parameters
option SCALE: Scale is set to 1e-06 for instance and model parameters
option SCALE: Scale is set to 1e-06 for instance and model parameters
Doing analysis at TEMP = 27.000000 and TNOM = 27.000000

Using KLU as Direct Linear Solver

No. of Data Rows : 1
vout = 1.169900e+00
vgdrv = 2.034577e+00
Reset re-loads circuit * monte-carlo-untrimmed monte carlo deck (config=all) -- generated by sim/monte-carlo-untrimmed/run_mc_untrimmed.py, do not edit

Circuit: * monte-carlo-untrimmed monte carlo deck (config=all) -- generated by sim/monte-carlo-untrimmed/run_mc_untrimmed.py, do not edit

option SCALE: Scale is set to 1e-06 for instance and model parameters
option SCALE: Scale is set to 1e-06 for instance and model parameters
option SCALE: Scale is set to 1e-06 for instance and model parameters
option SCALE: Scale is set to 1e-06 for instance and model parameters
Doing analysis at TEMP = 27.000000 and TNOM = 27.000000

Using KLU as Direct Linear Solver

No. of Data Rows : 1
vout = 1.171109e+00
vgdrv = 2.035945e+00
Reset re-loads circuit * monte-carlo-untrimmed monte carlo deck (config=all) -- generated by sim/monte-carlo-untrimmed/run_mc_untrimmed.py, do not edit

Circuit: * monte-carlo-untrimmed monte carlo deck (config=all) -- generated by sim/monte-carlo-untrimmed/run_mc_untrimmed.py, do not edit

option SCALE: Scale is set to 1e-06 for instance and model parameters
option SCALE: Scale is set to 1e-06 for instance and model parameters
option SCALE: Scale is set to 1e-06 for instance and model parameters
option SCALE: Scale is set to 1e-06 for instance and model parameters
Doing analysis at TEMP = 27.000000 and TNOM = 27.000000

Using KLU as Direct Linear Solver

No. of Data Rows : 1
vout = 1.158003e+00
vgdrv = 2.038704e+00
Reset re-loads circuit * monte-carlo-untrimmed monte carlo deck (config=all) -- generated by sim/monte-carlo-untrimmed/run_mc_untrimmed.py, do not edit

Circuit: * monte-carlo-untrimmed monte carlo deck (config=all) -- generated by sim/monte-carlo-untrimmed/run_mc_untrimmed.py, do not edit

option SCALE: Scale is set to 1e-06 for instance and model parameters
option SCALE: Scale is set to 1e-06 for instance and model parameters
option SCALE: Scale is set to 1e-06 for instance and model parameters
option SCALE: Scale is set to 1e-06 for instance and model parameters
Doing analysis at TEMP = 27.000000 and TNOM = 27.000000

Using KLU as Direct Linear Solver

No. of Data Rows : 1
vout = 1.159887e+00
vgdrv = 2.037572e+00
Reset re-loads circuit * monte-carlo-untrimmed monte carlo deck (config=all) -- generated by sim/monte-carlo-untrimmed/run_mc_untrimmed.py, do not edit

Circuit: * monte-carlo-untrimmed monte carlo deck (config=all) -- generated by sim/monte-carlo-untrimmed/run_mc_untrimmed.py, do not edit

option SCALE: Scale is set to 1e-06 for instance and model parameters
option SCALE: Scale is set to 1e-06 for instance and model parameters
option SCALE: Scale is set to 1e-06 for instance and model parameters
option SCALE: Scale is set to 1e-06 for instance and model parameters
Doing analysis at TEMP = 27.000000 and TNOM = 27.000000

Using KLU as Direct Linear Solver
 Reference value :  0.00000e+00
No. of Data Rows : 1
vout = 1.159765e+00
vgdrv = 2.039362e+00
Reset re-loads circuit * monte-carlo-untrimmed monte carlo deck (config=all) -- generated by sim/monte-carlo-untrimmed/run_mc_untrimmed.py, do not edit

Circuit: * monte-carlo-untrimmed monte carlo deck (config=all) -- generated by sim/monte-carlo-untrimmed/run_mc_untrimmed.py, do not edit

option SCALE: Scale is set to 1e-06 for instance and model parameters
option SCALE: Scale is set to 1e-06 for instance and model parameters
option SCALE: Scale is set to 1e-06 for instance and model parameters
option SCALE: Scale is set to 1e-06 for instance and model parameters
Doing analysis at TEMP = 27.000000 and TNOM = 27.000000

Using KLU as Direct Linear Solver

No. of Data Rows : 1
vout = 1.172801e+00
vgdrv = 2.036547e+00
Reset re-loads circuit * monte-carlo-untrimmed monte carlo deck (config=all) -- generated by sim/monte-carlo-untrimmed/run_mc_untrimmed.py, do not edit

Circuit: * monte-carlo-untrimmed monte carlo deck (config=all) -- generated by sim/monte-carlo-untrimmed/run_mc_untrimmed.py, do not edit

option SCALE: Scale is set to 1e-06 for instance and model parameters
option SCALE: Scale is set to 1e-06 for instance and model parameters
option SCALE: Scale is set to 1e-06 for instance and model parameters
option SCALE: Scale is set to 1e-06 for instance and model parameters
Doing analysis at TEMP = 27.000000 and TNOM = 27.000000

Using KLU as Direct Linear Solver

No. of Data Rows : 1
vout = 1.167907e+00
vgdrv = 2.039553e+00
Reset re-loads circuit * monte-carlo-untrimmed monte carlo deck (config=all) -- generated by sim/monte-carlo-untrimmed/run_mc_untrimmed.py, do not edit

Circuit: * monte-carlo-untrimmed monte carlo deck (config=all) -- generated by sim/monte-carlo-untrimmed/run_mc_untrimmed.py, do not edit

option SCALE: Scale is set to 1e-06 for instance and model parameters
option SCALE: Scale is set to 1e-06 for instance and model parameters
option SCALE: Scale is set to 1e-06 for instance and model parameters
option SCALE: Scale is set to 1e-06 for instance and model parameters
Doing analysis at TEMP = 27.000000 and TNOM = 27.000000

Using KLU as Direct Linear Solver

No. of Data Rows : 1
vout = 1.171710e+00
vgdrv = 2.032048e+00
Reset re-loads circuit * monte-carlo-untrimmed monte carlo deck (config=all) -- generated by sim/monte-carlo-untrimmed/run_mc_untrimmed.py, do not edit

Circuit: * monte-carlo-untrimmed monte carlo deck (config=all) -- generated by sim/monte-carlo-untrimmed/run_mc_untrimmed.py, do not edit

option SCALE: Scale is set to 1e-06 for instance and model parameters
option SCALE: Scale is set to 1e-06 for instance and model parameters
option SCALE: Scale is set to 1e-06 for instance and model parameters
option SCALE: Scale is set to 1e-06 for instance and model parameters
Doing analysis at TEMP = 27.000000 and TNOM = 27.000000

Using KLU as Direct Linear Solver

No. of Data Rows : 1
vout = 1.158970e+00
vgdrv = 2.039923e+00
Reset re-loads circuit * monte-carlo-untrimmed monte carlo deck (config=all) -- generated by sim/monte-carlo-untrimmed/run_mc_untrimmed.py, do not edit

Circuit: * monte-carlo-untrimmed monte carlo deck (config=all) -- generated by sim/monte-carlo-untrimmed/run_mc_untrimmed.py, do not edit

option SCALE: Scale is set to 1e-06 for instance and model parameters
option SCALE: Scale is set to 1e-06 for instance and model parameters
option SCALE: Scale is set to 1e-06 for instance and model parameters
option SCALE: Scale is set to 1e-06 for instance and model parameters
Doing analysis at TEMP = 27.000000 and TNOM = 27.000000

Using KLU as Direct Linear Solver

No. of Data Rows : 1
vout = 1.175614e+00
vgdrv = 2.037864e+00
Reset re-loads circuit * monte-carlo-untrimmed monte carlo deck (config=all) -- generated by sim/monte-carlo-untrimmed/run_mc_untrimmed.py, do not edit

Circuit: * monte-carlo-untrimmed monte carlo deck (config=all) -- generated by sim/monte-carlo-untrimmed/run_mc_untrimmed.py, do not edit

option SCALE: Scale is set to 1e-06 for instance and model parameters
option SCALE: Scale is set to 1e-06 for instance and model parameters
option SCALE: Scale is set to 1e-06 for instance and model parameters
option SCALE: Scale is set to 1e-06 for instance and model parameters
Doing analysis at TEMP = 27.000000 and TNOM = 27.000000

Using KLU as Direct Linear Solver

No. of Data Rows : 1
vout = 1.176163e+00
vgdrv = 2.031750e+00
Reset re-loads circuit * monte-carlo-untrimmed monte carlo deck (config=all) -- generated by sim/monte-carlo-untrimmed/run_mc_untrimmed.py, do not edit

Circuit: * monte-carlo-untrimmed monte carlo deck (config=all) -- generated by sim/monte-carlo-untrimmed/run_mc_untrimmed.py, do not edit

option SCALE: Scale is set to 1e-06 for instance and model parameters
option SCALE: Scale is set to 1e-06 for instance and model parameters
option SCALE: Scale is set to 1e-06 for instance and model parameters
option SCALE: Scale is set to 1e-06 for instance and model parameters
Doing analysis at TEMP = 27.000000 and TNOM = 27.000000

Using KLU as Direct Linear Solver
 Reference value :  0.00000e+00
No. of Data Rows : 1
vout = 1.151071e+00
vgdrv = 2.041769e+00
Reset re-loads circuit * monte-carlo-untrimmed monte carlo deck (config=all) -- generated by sim/monte-carlo-untrimmed/run_mc_untrimmed.py, do not edit

Circuit: * monte-carlo-untrimmed monte carlo deck (config=all) -- generated by sim/monte-carlo-untrimmed/run_mc_untrimmed.py, do not edit

option SCALE: Scale is set to 1e-06 for instance and model parameters
option SCALE: Scale is set to 1e-06 for instance and model parameters
option SCALE: Scale is set to 1e-06 for instance and model parameters
option SCALE: Scale is set to 1e-06 for instance and model parameters
Doing analysis at TEMP = 27.000000 and TNOM = 27.000000

Using KLU as Direct Linear Solver

No. of Data Rows : 1
vout = 1.166537e+00
vgdrv = 2.035381e+00
Reset re-loads circuit * monte-carlo-untrimmed monte carlo deck (config=all) -- generated by sim/monte-carlo-untrimmed/run_mc_untrimmed.py, do not edit

Circuit: * monte-carlo-untrimmed monte carlo deck (config=all) -- generated by sim/monte-carlo-untrimmed/run_mc_untrimmed.py, do not edit

option SCALE: Scale is set to 1e-06 for instance and model parameters
option SCALE: Scale is set to 1e-06 for instance and model parameters
option SCALE: Scale is set to 1e-06 for instance and model parameters
option SCALE: Scale is set to 1e-06 for instance and model parameters
Doing analysis at TEMP = 27.000000 and TNOM = 27.000000

Using KLU as Direct Linear Solver

No. of Data Rows : 1
vout = 1.165978e+00
vgdrv = 2.038627e+00
Reset re-loads circuit * monte-carlo-untrimmed monte carlo deck (config=all) -- generated by sim/monte-carlo-untrimmed/run_mc_untrimmed.py, do not edit

Circuit: * monte-carlo-untrimmed monte carlo deck (config=all) -- generated by sim/monte-carlo-untrimmed/run_mc_untrimmed.py, do not edit

option SCALE: Scale is set to 1e-06 for instance and model parameters
option SCALE: Scale is set to 1e-06 for instance and model parameters
option SCALE: Scale is set to 1e-06 for instance and model parameters
option SCALE: Scale is set to 1e-06 for instance and model parameters
Doing analysis at TEMP = 27.000000 and TNOM = 27.000000

Using KLU as Direct Linear Solver

No. of Data Rows : 1
vout = 1.168420e+00
vgdrv = 2.033241e+00
Reset re-loads circuit * monte-carlo-untrimmed monte carlo deck (config=all) -- generated by sim/monte-carlo-untrimmed/run_mc_untrimmed.py, do not edit

Circuit: * monte-carlo-untrimmed monte carlo deck (config=all) -- generated by sim/monte-carlo-untrimmed/run_mc_untrimmed.py, do not edit

option SCALE: Scale is set to 1e-06 for instance and model parameters
option SCALE: Scale is set to 1e-06 for instance and model parameters
option SCALE: Scale is set to 1e-06 for instance and model parameters
option SCALE: Scale is set to 1e-06 for instance and model parameters
Doing analysis at TEMP = 27.000000 and TNOM = 27.000000

Using KLU as Direct Linear Solver

No. of Data Rows : 1
vout = 1.169370e+00
vgdrv = 2.035544e+00
Reset re-loads circuit * monte-carlo-untrimmed monte carlo deck (config=all) -- generated by sim/monte-carlo-untrimmed/run_mc_untrimmed.py, do not edit

Circuit: * monte-carlo-untrimmed monte carlo deck (config=all) -- generated by sim/monte-carlo-untrimmed/run_mc_untrimmed.py, do not edit

option SCALE: Scale is set to 1e-06 for instance and model parameters
option SCALE: Scale is set to 1e-06 for instance and model parameters
option SCALE: Scale is set to 1e-06 for instance and model parameters
option SCALE: Scale is set to 1e-06 for instance and model parameters
Doing analysis at TEMP = 27.000000 and TNOM = 27.000000

Using KLU as Direct Linear Solver

No. of Data Rows : 1
vout = 1.164943e+00
vgdrv = 2.032586e+00
Reset re-loads circuit * monte-carlo-untrimmed monte carlo deck (config=all) -- generated by sim/monte-carlo-untrimmed/run_mc_untrimmed.py, do not edit

Circuit: * monte-carlo-untrimmed monte carlo deck (config=all) -- generated by sim/monte-carlo-untrimmed/run_mc_untrimmed.py, do not edit

option SCALE: Scale is set to 1e-06 for instance and model parameters
option SCALE: Scale is set to 1e-06 for instance and model parameters
option SCALE: Scale is set to 1e-06 for instance and model parameters
option SCALE: Scale is set to 1e-06 for instance and model parameters
Doing analysis at TEMP = 27.000000 and TNOM = 27.000000

Using KLU as Direct Linear Solver

No. of Data Rows : 1
vout = 1.174289e+00
vgdrv = 2.034352e+00
Reset re-loads circuit * monte-carlo-untrimmed monte carlo deck (config=all) -- generated by sim/monte-carlo-untrimmed/run_mc_untrimmed.py, do not edit

Circuit: * monte-carlo-untrimmed monte carlo deck (config=all) -- generated by sim/monte-carlo-untrimmed/run_mc_untrimmed.py, do not edit

option SCALE: Scale is set to 1e-06 for instance and model parameters
option SCALE: Scale is set to 1e-06 for instance and model parameters
option SCALE: Scale is set to 1e-06 for instance and model parameters
option SCALE: Scale is set to 1e-06 for instance and model parameters
Doing analysis at TEMP = 27.000000 and TNOM = 27.000000

Using KLU as Direct Linear Solver

No. of Data Rows : 1
vout = 1.166223e+00
vgdrv = 2.036598e+00
Reset re-loads circuit * monte-carlo-untrimmed monte carlo deck (config=all) -- generated by sim/monte-carlo-untrimmed/run_mc_untrimmed.py, do not edit

Circuit: * monte-carlo-untrimmed monte carlo deck (config=all) -- generated by sim/monte-carlo-untrimmed/run_mc_untrimmed.py, do not edit

option SCALE: Scale is set to 1e-06 for instance and model parameters
option SCALE: Scale is set to 1e-06 for instance and model parameters
option SCALE: Scale is set to 1e-06 for instance and model parameters
option SCALE: Scale is set to 1e-06 for instance and model parameters
Doing analysis at TEMP = 27.000000 and TNOM = 27.000000

Using KLU as Direct Linear Solver
 Reference value :  0.00000e+00
No. of Data Rows : 1
vout = 1.152976e+00
vgdrv = 2.040507e+00
Reset re-loads circuit * monte-carlo-untrimmed monte carlo deck (config=all) -- generated by sim/monte-carlo-untrimmed/run_mc_untrimmed.py, do not edit

Circuit: * monte-carlo-untrimmed monte carlo deck (config=all) -- generated by sim/monte-carlo-untrimmed/run_mc_untrimmed.py, do not edit

option SCALE: Scale is set to 1e-06 for instance and model parameters
option SCALE: Scale is set to 1e-06 for instance and model parameters
option SCALE: Scale is set to 1e-06 for instance and model parameters
option SCALE: Scale is set to 1e-06 for instance and model parameters
Doing analysis at TEMP = 27.000000 and TNOM = 27.000000

Using KLU as Direct Linear Solver

No. of Data Rows : 1
vout = 1.160938e+00
vgdrv = 2.036333e+00
Reset re-loads circuit * monte-carlo-untrimmed monte carlo deck (config=all) -- generated by sim/monte-carlo-untrimmed/run_mc_untrimmed.py, do not edit

Circuit: * monte-carlo-untrimmed monte carlo deck (config=all) -- generated by sim/monte-carlo-untrimmed/run_mc_untrimmed.py, do not edit

option SCALE: Scale is set to 1e-06 for instance and model parameters
option SCALE: Scale is set to 1e-06 for instance and model parameters
option SCALE: Scale is set to 1e-06 for instance and model parameters
option SCALE: Scale is set to 1e-06 for instance and model parameters
Doing analysis at TEMP = 27.000000 and TNOM = 27.000000

Using KLU as Direct Linear Solver

No. of Data Rows : 1
vout = 1.175424e+00
vgdrv = 2.031930e+00
Reset re-loads circuit * monte-carlo-untrimmed monte carlo deck (config=all) -- generated by sim/monte-carlo-untrimmed/run_mc_untrimmed.py, do not edit

Circuit: * monte-carlo-untrimmed monte carlo deck (config=all) -- generated by sim/monte-carlo-untrimmed/run_mc_untrimmed.py, do not edit

option SCALE: Scale is set to 1e-06 for instance and model parameters
option SCALE: Scale is set to 1e-06 for instance and model parameters
option SCALE: Scale is set to 1e-06 for instance and model parameters
option SCALE: Scale is set to 1e-06 for instance and model parameters
Doing analysis at TEMP = 27.000000 and TNOM = 27.000000

Using KLU as Direct Linear Solver

No. of Data Rows : 1
vout = 1.170334e+00
vgdrv = 2.034208e+00
Reset re-loads circuit * monte-carlo-untrimmed monte carlo deck (config=all) -- generated by sim/monte-carlo-untrimmed/run_mc_untrimmed.py, do not edit

Circuit: * monte-carlo-untrimmed monte carlo deck (config=all) -- generated by sim/monte-carlo-untrimmed/run_mc_untrimmed.py, do not edit

option SCALE: Scale is set to 1e-06 for instance and model parameters
option SCALE: Scale is set to 1e-06 for instance and model parameters
option SCALE: Scale is set to 1e-06 for instance and model parameters
option SCALE: Scale is set to 1e-06 for instance and model parameters
Doing analysis at TEMP = 27.000000 and TNOM = 27.000000

Using KLU as Direct Linear Solver

No. of Data Rows : 1
vout = 1.159314e+00
vgdrv = 2.038737e+00
Reset re-loads circuit * monte-carlo-untrimmed monte carlo deck (config=all) -- generated by sim/monte-carlo-untrimmed/run_mc_untrimmed.py, do not edit

Circuit: * monte-carlo-untrimmed monte carlo deck (config=all) -- generated by sim/monte-carlo-untrimmed/run_mc_untrimmed.py, do not edit

option SCALE: Scale is set to 1e-06 for instance and model parameters
option SCALE: Scale is set to 1e-06 for instance and model parameters
option SCALE: Scale is set to 1e-06 for instance and model parameters
option SCALE: Scale is set to 1e-06 for instance and model parameters
Doing analysis at TEMP = 27.000000 and TNOM = 27.000000

Using KLU as Direct Linear Solver

No. of Data Rows : 1
vout = 1.164766e+00
vgdrv = 2.037648e+00
Reset re-loads circuit * monte-carlo-untrimmed monte carlo deck (config=all) -- generated by sim/monte-carlo-untrimmed/run_mc_untrimmed.py, do not edit

Circuit: * monte-carlo-untrimmed monte carlo deck (config=all) -- generated by sim/monte-carlo-untrimmed/run_mc_untrimmed.py, do not edit

option SCALE: Scale is set to 1e-06 for instance and model parameters
option SCALE: Scale is set to 1e-06 for instance and model parameters
option SCALE: Scale is set to 1e-06 for instance and model parameters
option SCALE: Scale is set to 1e-06 for instance and model parameters
Doing analysis at TEMP = 27.000000 and TNOM = 27.000000

Using KLU as Direct Linear Solver

No. of Data Rows : 1
vout = 1.170528e+00
vgdrv = 2.035135e+00
Reset re-loads circuit * monte-carlo-untrimmed monte carlo deck (config=all) -- generated by sim/monte-carlo-untrimmed/run_mc_untrimmed.py, do not edit

Circuit: * monte-carlo-untrimmed monte carlo deck (config=all) -- generated by sim/monte-carlo-untrimmed/run_mc_untrimmed.py, do not edit

option SCALE: Scale is set to 1e-06 for instance and model parameters
option SCALE: Scale is set to 1e-06 for instance and model parameters
option SCALE: Scale is set to 1e-06 for instance and model parameters
option SCALE: Scale is set to 1e-06 for instance and model parameters
Doing analysis at TEMP = 27.000000 and TNOM = 27.000000

Using KLU as Direct Linear Solver

No. of Data Rows : 1
vout = 1.160229e+00
vgdrv = 2.040221e+00
Reset re-loads circuit * monte-carlo-untrimmed monte carlo deck (config=all) -- generated by sim/monte-carlo-untrimmed/run_mc_untrimmed.py, do not edit

Circuit: * monte-carlo-untrimmed monte carlo deck (config=all) -- generated by sim/monte-carlo-untrimmed/run_mc_untrimmed.py, do not edit

option SCALE: Scale is set to 1e-06 for instance and model parameters
option SCALE: Scale is set to 1e-06 for instance and model parameters
option SCALE: Scale is set to 1e-06 for instance and model parameters
option SCALE: Scale is set to 1e-06 for instance and model parameters
Doing analysis at TEMP = 27.000000 and TNOM = 27.000000

Using KLU as Direct Linear Solver
 Reference value :  0.00000e+00
No. of Data Rows : 1
vout = 1.173062e+00
vgdrv = 2.033317e+00
Reset re-loads circuit * monte-carlo-untrimmed monte carlo deck (config=all) -- generated by sim/monte-carlo-untrimmed/run_mc_untrimmed.py, do not edit

Circuit: * monte-carlo-untrimmed monte carlo deck (config=all) -- generated by sim/monte-carlo-untrimmed/run_mc_untrimmed.py, do not edit

option SCALE: Scale is set to 1e-06 for instance and model parameters
option SCALE: Scale is set to 1e-06 for instance and model parameters
option SCALE: Scale is set to 1e-06 for instance and model parameters
option SCALE: Scale is set to 1e-06 for instance and model parameters
Doing analysis at TEMP = 27.000000 and TNOM = 27.000000

Using KLU as Direct Linear Solver

No. of Data Rows : 1
vout = 1.172232e+00
vgdrv = 2.034839e+00
Reset re-loads circuit * monte-carlo-untrimmed monte carlo deck (config=all) -- generated by sim/monte-carlo-untrimmed/run_mc_untrimmed.py, do not edit

Circuit: * monte-carlo-untrimmed monte carlo deck (config=all) -- generated by sim/monte-carlo-untrimmed/run_mc_untrimmed.py, do not edit

option SCALE: Scale is set to 1e-06 for instance and model parameters
option SCALE: Scale is set to 1e-06 for instance and model parameters
option SCALE: Scale is set to 1e-06 for instance and model parameters
option SCALE: Scale is set to 1e-06 for instance and model parameters
Doing analysis at TEMP = 27.000000 and TNOM = 27.000000

Using KLU as Direct Linear Solver

No. of Data Rows : 1
vout = 1.163276e+00
vgdrv = 2.035724e+00
Reset re-loads circuit * monte-carlo-untrimmed monte carlo deck (config=all) -- generated by sim/monte-carlo-untrimmed/run_mc_untrimmed.py, do not edit

Circuit: * monte-carlo-untrimmed monte carlo deck (config=all) -- generated by sim/monte-carlo-untrimmed/run_mc_untrimmed.py, do not edit

option SCALE: Scale is set to 1e-06 for instance and model parameters
option SCALE: Scale is set to 1e-06 for instance and model parameters
option SCALE: Scale is set to 1e-06 for instance and model parameters
option SCALE: Scale is set to 1e-06 for instance and model parameters
Doing analysis at TEMP = 27.000000 and TNOM = 27.000000

Using KLU as Direct Linear Solver

No. of Data Rows : 1
vout = 1.162996e+00
vgdrv = 2.035945e+00
Reset re-loads circuit * monte-carlo-untrimmed monte carlo deck (config=all) -- generated by sim/monte-carlo-untrimmed/run_mc_untrimmed.py, do not edit

Circuit: * monte-carlo-untrimmed monte carlo deck (config=all) -- generated by sim/monte-carlo-untrimmed/run_mc_untrimmed.py, do not edit

option SCALE: Scale is set to 1e-06 for instance and model parameters
option SCALE: Scale is set to 1e-06 for instance and model parameters
option SCALE: Scale is set to 1e-06 for instance and model parameters
option SCALE: Scale is set to 1e-06 for instance and model parameters
Doing analysis at TEMP = 27.000000 and TNOM = 27.000000

Using KLU as Direct Linear Solver

No. of Data Rows : 1
vout = 1.169191e+00
vgdrv = 2.035635e+00
Reset re-loads circuit * monte-carlo-untrimmed monte carlo deck (config=all) -- generated by sim/monte-carlo-untrimmed/run_mc_untrimmed.py, do not edit

Circuit: * monte-carlo-untrimmed monte carlo deck (config=all) -- generated by sim/monte-carlo-untrimmed/run_mc_untrimmed.py, do not edit

option SCALE: Scale is set to 1e-06 for instance and model parameters
option SCALE: Scale is set to 1e-06 for instance and model parameters
option SCALE: Scale is set to 1e-06 for instance and model parameters
option SCALE: Scale is set to 1e-06 for instance and model parameters
Doing analysis at TEMP = 27.000000 and TNOM = 27.000000

Using KLU as Direct Linear Solver

No. of Data Rows : 1
vout = 1.171402e+00
vgdrv = 2.035673e+00
Reset re-loads circuit * monte-carlo-untrimmed monte carlo deck (config=all) -- generated by sim/monte-carlo-untrimmed/run_mc_untrimmed.py, do not edit

Circuit: * monte-carlo-untrimmed monte carlo deck (config=all) -- generated by sim/monte-carlo-untrimmed/run_mc_untrimmed.py, do not edit

option SCALE: Scale is set to 1e-06 for instance and model parameters
option SCALE: Scale is set to 1e-06 for instance and model parameters
option SCALE: Scale is set to 1e-06 for instance and model parameters
option SCALE: Scale is set to 1e-06 for instance and model parameters
Doing analysis at TEMP = 27.000000 and TNOM = 27.000000

Using KLU as Direct Linear Solver

No. of Data Rows : 1
vout = 1.158501e+00
vgdrv = 2.044636e+00
Reset re-loads circuit * monte-carlo-untrimmed monte carlo deck (config=all) -- generated by sim/monte-carlo-untrimmed/run_mc_untrimmed.py, do not edit

Circuit: * monte-carlo-untrimmed monte carlo deck (config=all) -- generated by sim/monte-carlo-untrimmed/run_mc_untrimmed.py, do not edit

option SCALE: Scale is set to 1e-06 for instance and model parameters
option SCALE: Scale is set to 1e-06 for instance and model parameters
option SCALE: Scale is set to 1e-06 for instance and model parameters
option SCALE: Scale is set to 1e-06 for instance and model parameters
Doing analysis at TEMP = 27.000000 and TNOM = 27.000000

Using KLU as Direct Linear Solver

No. of Data Rows : 1
vout = 1.157148e+00
vgdrv = 2.043292e+00
Reset re-loads circuit * monte-carlo-untrimmed monte carlo deck (config=all) -- generated by sim/monte-carlo-untrimmed/run_mc_untrimmed.py, do not edit

Circuit: * monte-carlo-untrimmed monte carlo deck (config=all) -- generated by sim/monte-carlo-untrimmed/run_mc_untrimmed.py, do not edit

option SCALE: Scale is set to 1e-06 for instance and model parameters
option SCALE: Scale is set to 1e-06 for instance and model parameters
option SCALE: Scale is set to 1e-06 for instance and model parameters
option SCALE: Scale is set to 1e-06 for instance and model parameters
Doing analysis at TEMP = 27.000000 and TNOM = 27.000000

Using KLU as Direct Linear Solver
 Reference value :  0.00000e+00
No. of Data Rows : 1
vout = 1.168391e+00
vgdrv = 2.036242e+00
Reset re-loads circuit * monte-carlo-untrimmed monte carlo deck (config=all) -- generated by sim/monte-carlo-untrimmed/run_mc_untrimmed.py, do not edit

Circuit: * monte-carlo-untrimmed monte carlo deck (config=all) -- generated by sim/monte-carlo-untrimmed/run_mc_untrimmed.py, do not edit

option SCALE: Scale is set to 1e-06 for instance and model parameters
option SCALE: Scale is set to 1e-06 for instance and model parameters
option SCALE: Scale is set to 1e-06 for instance and model parameters
option SCALE: Scale is set to 1e-06 for instance and model parameters
Doing analysis at TEMP = 27.000000 and TNOM = 27.000000

Using KLU as Direct Linear Solver

No. of Data Rows : 1
vout = 1.168459e+00
vgdrv = 2.035787e+00
Reset re-loads circuit * monte-carlo-untrimmed monte carlo deck (config=all) -- generated by sim/monte-carlo-untrimmed/run_mc_untrimmed.py, do not edit

Circuit: * monte-carlo-untrimmed monte carlo deck (config=all) -- generated by sim/monte-carlo-untrimmed/run_mc_untrimmed.py, do not edit

option SCALE: Scale is set to 1e-06 for instance and model parameters
option SCALE: Scale is set to 1e-06 for instance and model parameters
option SCALE: Scale is set to 1e-06 for instance and model parameters
option SCALE: Scale is set to 1e-06 for instance and model parameters
Doing analysis at TEMP = 27.000000 and TNOM = 27.000000

Using KLU as Direct Linear Solver

No. of Data Rows : 1
vout = 1.158443e+00
vgdrv = 2.040960e+00
Reset re-loads circuit * monte-carlo-untrimmed monte carlo deck (config=all) -- generated by sim/monte-carlo-untrimmed/run_mc_untrimmed.py, do not edit

Circuit: * monte-carlo-untrimmed monte carlo deck (config=all) -- generated by sim/monte-carlo-untrimmed/run_mc_untrimmed.py, do not edit

option SCALE: Scale is set to 1e-06 for instance and model parameters
option SCALE: Scale is set to 1e-06 for instance and model parameters
option SCALE: Scale is set to 1e-06 for instance and model parameters
option SCALE: Scale is set to 1e-06 for instance and model parameters
Doing analysis at TEMP = 27.000000 and TNOM = 27.000000

Using KLU as Direct Linear Solver

No. of Data Rows : 1
vout = 1.170405e+00
vgdrv = 2.038015e+00
Reset re-loads circuit * monte-carlo-untrimmed monte carlo deck (config=all) -- generated by sim/monte-carlo-untrimmed/run_mc_untrimmed.py, do not edit

Circuit: * monte-carlo-untrimmed monte carlo deck (config=all) -- generated by sim/monte-carlo-untrimmed/run_mc_untrimmed.py, do not edit

option SCALE: Scale is set to 1e-06 for instance and model parameters
option SCALE: Scale is set to 1e-06 for instance and model parameters
option SCALE: Scale is set to 1e-06 for instance and model parameters
option SCALE: Scale is set to 1e-06 for instance and model parameters
Doing analysis at TEMP = 27.000000 and TNOM = 27.000000

Using KLU as Direct Linear Solver

No. of Data Rows : 1
vout = 1.167474e+00
vgdrv = 2.036830e+00
Reset re-loads circuit * monte-carlo-untrimmed monte carlo deck (config=all) -- generated by sim/monte-carlo-untrimmed/run_mc_untrimmed.py, do not edit

Circuit: * monte-carlo-untrimmed monte carlo deck (config=all) -- generated by sim/monte-carlo-untrimmed/run_mc_untrimmed.py, do not edit

option SCALE: Scale is set to 1e-06 for instance and model parameters
option SCALE: Scale is set to 1e-06 for instance and model parameters
option SCALE: Scale is set to 1e-06 for instance and model parameters
option SCALE: Scale is set to 1e-06 for instance and model parameters
Doing analysis at TEMP = 27.000000 and TNOM = 27.000000

Using KLU as Direct Linear Solver

No. of Data Rows : 1
vout = 1.156540e+00
vgdrv = 2.037034e+00
Reset re-loads circuit * monte-carlo-untrimmed monte carlo deck (config=all) -- generated by sim/monte-carlo-untrimmed/run_mc_untrimmed.py, do not edit

Circuit: * monte-carlo-untrimmed monte carlo deck (config=all) -- generated by sim/monte-carlo-untrimmed/run_mc_untrimmed.py, do not edit

option SCALE: Scale is set to 1e-06 for instance and model parameters
option SCALE: Scale is set to 1e-06 for instance and model parameters
option SCALE: Scale is set to 1e-06 for instance and model parameters
option SCALE: Scale is set to 1e-06 for instance and model parameters
Doing analysis at TEMP = 27.000000 and TNOM = 27.000000

Using KLU as Direct Linear Solver

No. of Data Rows : 1
vout = 1.160565e+00
vgdrv = 2.034725e+00
Reset re-loads circuit * monte-carlo-untrimmed monte carlo deck (config=all) -- generated by sim/monte-carlo-untrimmed/run_mc_untrimmed.py, do not edit

Circuit: * monte-carlo-untrimmed monte carlo deck (config=all) -- generated by sim/monte-carlo-untrimmed/run_mc_untrimmed.py, do not edit

option SCALE: Scale is set to 1e-06 for instance and model parameters
option SCALE: Scale is set to 1e-06 for instance and model parameters
option SCALE: Scale is set to 1e-06 for instance and model parameters
option SCALE: Scale is set to 1e-06 for instance and model parameters
Doing analysis at TEMP = 27.000000 and TNOM = 27.000000

Using KLU as Direct Linear Solver
 Reference value :  0.00000e+00
No. of Data Rows : 1
vout = 1.178855e+00
vgdrv = 2.033595e+00
Reset re-loads circuit * monte-carlo-untrimmed monte carlo deck (config=all) -- generated by sim/monte-carlo-untrimmed/run_mc_untrimmed.py, do not edit

Circuit: * monte-carlo-untrimmed monte carlo deck (config=all) -- generated by sim/monte-carlo-untrimmed/run_mc_untrimmed.py, do not edit

option SCALE: Scale is set to 1e-06 for instance and model parameters
option SCALE: Scale is set to 1e-06 for instance and model parameters
option SCALE: Scale is set to 1e-06 for instance and model parameters
option SCALE: Scale is set to 1e-06 for instance and model parameters
Doing analysis at TEMP = 27.000000 and TNOM = 27.000000

Using KLU as Direct Linear Solver

No. of Data Rows : 1
vout = 1.162669e+00
vgdrv = 2.039619e+00
Reset re-loads circuit * monte-carlo-untrimmed monte carlo deck (config=all) -- generated by sim/monte-carlo-untrimmed/run_mc_untrimmed.py, do not edit

Circuit: * monte-carlo-untrimmed monte carlo deck (config=all) -- generated by sim/monte-carlo-untrimmed/run_mc_untrimmed.py, do not edit

option SCALE: Scale is set to 1e-06 for instance and model parameters
option SCALE: Scale is set to 1e-06 for instance and model parameters
option SCALE: Scale is set to 1e-06 for instance and model parameters
option SCALE: Scale is set to 1e-06 for instance and model parameters
Doing analysis at TEMP = 27.000000 and TNOM = 27.000000

Using KLU as Direct Linear Solver

No. of Data Rows : 1
vout = 1.172995e+00
vgdrv = 2.033236e+00
Reset re-loads circuit * monte-carlo-untrimmed monte carlo deck (config=all) -- generated by sim/monte-carlo-untrimmed/run_mc_untrimmed.py, do not edit

Circuit: * monte-carlo-untrimmed monte carlo deck (config=all) -- generated by sim/monte-carlo-untrimmed/run_mc_untrimmed.py, do not edit

option SCALE: Scale is set to 1e-06 for instance and model parameters
option SCALE: Scale is set to 1e-06 for instance and model parameters
option SCALE: Scale is set to 1e-06 for instance and model parameters
option SCALE: Scale is set to 1e-06 for instance and model parameters
Doing analysis at TEMP = 27.000000 and TNOM = 27.000000

Using KLU as Direct Linear Solver

No. of Data Rows : 1
vout = 1.167238e+00
vgdrv = 2.042862e+00
Reset re-loads circuit * monte-carlo-untrimmed monte carlo deck (config=all) -- generated by sim/monte-carlo-untrimmed/run_mc_untrimmed.py, do not edit

Circuit: * monte-carlo-untrimmed monte carlo deck (config=all) -- generated by sim/monte-carlo-untrimmed/run_mc_untrimmed.py, do not edit

option SCALE: Scale is set to 1e-06 for instance and model parameters
option SCALE: Scale is set to 1e-06 for instance and model parameters
option SCALE: Scale is set to 1e-06 for instance and model parameters
option SCALE: Scale is set to 1e-06 for instance and model parameters
Doing analysis at TEMP = 27.000000 and TNOM = 27.000000

Using KLU as Direct Linear Solver

No. of Data Rows : 1
vout = 1.166604e+00
vgdrv = 2.035213e+00
Reset re-loads circuit * monte-carlo-untrimmed monte carlo deck (config=all) -- generated by sim/monte-carlo-untrimmed/run_mc_untrimmed.py, do not edit

Circuit: * monte-carlo-untrimmed monte carlo deck (config=all) -- generated by sim/monte-carlo-untrimmed/run_mc_untrimmed.py, do not edit

option SCALE: Scale is set to 1e-06 for instance and model parameters
option SCALE: Scale is set to 1e-06 for instance and model parameters
option SCALE: Scale is set to 1e-06 for instance and model parameters
option SCALE: Scale is set to 1e-06 for instance and model parameters
Doing analysis at TEMP = 27.000000 and TNOM = 27.000000

Using KLU as Direct Linear Solver

No. of Data Rows : 1
vout = 1.165579e+00
vgdrv = 2.040254e+00
Reset re-loads circuit * monte-carlo-untrimmed monte carlo deck (config=all) -- generated by sim/monte-carlo-untrimmed/run_mc_untrimmed.py, do not edit

Circuit: * monte-carlo-untrimmed monte carlo deck (config=all) -- generated by sim/monte-carlo-untrimmed/run_mc_untrimmed.py, do not edit

option SCALE: Scale is set to 1e-06 for instance and model parameters
option SCALE: Scale is set to 1e-06 for instance and model parameters
option SCALE: Scale is set to 1e-06 for instance and model parameters
option SCALE: Scale is set to 1e-06 for instance and model parameters
Doing analysis at TEMP = 27.000000 and TNOM = 27.000000

Using KLU as Direct Linear Solver

No. of Data Rows : 1
vout = 1.170487e+00
vgdrv = 2.037694e+00
Reset re-loads circuit * monte-carlo-untrimmed monte carlo deck (config=all) -- generated by sim/monte-carlo-untrimmed/run_mc_untrimmed.py, do not edit

Circuit: * monte-carlo-untrimmed monte carlo deck (config=all) -- generated by sim/monte-carlo-untrimmed/run_mc_untrimmed.py, do not edit

option SCALE: Scale is set to 1e-06 for instance and model parameters
option SCALE: Scale is set to 1e-06 for instance and model parameters
option SCALE: Scale is set to 1e-06 for instance and model parameters
option SCALE: Scale is set to 1e-06 for instance and model parameters
Doing analysis at TEMP = 27.000000 and TNOM = 27.000000

Using KLU as Direct Linear Solver
 Reference value :  0.00000e+00
No. of Data Rows : 1
vout = 1.159408e+00
vgdrv = 2.038689e+00
Reset re-loads circuit * monte-carlo-untrimmed monte carlo deck (config=all) -- generated by sim/monte-carlo-untrimmed/run_mc_untrimmed.py, do not edit

Circuit: * monte-carlo-untrimmed monte carlo deck (config=all) -- generated by sim/monte-carlo-untrimmed/run_mc_untrimmed.py, do not edit

option SCALE: Scale is set to 1e-06 for instance and model parameters
option SCALE: Scale is set to 1e-06 for instance and model parameters
option SCALE: Scale is set to 1e-06 for instance and model parameters
option SCALE: Scale is set to 1e-06 for instance and model parameters
Doing analysis at TEMP = 27.000000 and TNOM = 27.000000

Using KLU as Direct Linear Solver

No. of Data Rows : 1
vout = 1.164000e+00
vgdrv = 2.037788e+00
Reset re-loads circuit * monte-carlo-untrimmed monte carlo deck (config=all) -- generated by sim/monte-carlo-untrimmed/run_mc_untrimmed.py, do not edit

Circuit: * monte-carlo-untrimmed monte carlo deck (config=all) -- generated by sim/monte-carlo-untrimmed/run_mc_untrimmed.py, do not edit

option SCALE: Scale is set to 1e-06 for instance and model parameters
option SCALE: Scale is set to 1e-06 for instance and model parameters
option SCALE: Scale is set to 1e-06 for instance and model parameters
option SCALE: Scale is set to 1e-06 for instance and model parameters
Doing analysis at TEMP = 27.000000 and TNOM = 27.000000

Using KLU as Direct Linear Solver

No. of Data Rows : 1
vout = 1.160920e+00
vgdrv = 2.038473e+00
Reset re-loads circuit * monte-carlo-untrimmed monte carlo deck (config=all) -- generated by sim/monte-carlo-untrimmed/run_mc_untrimmed.py, do not edit

Circuit: * monte-carlo-untrimmed monte carlo deck (config=all) -- generated by sim/monte-carlo-untrimmed/run_mc_untrimmed.py, do not edit

option SCALE: Scale is set to 1e-06 for instance and model parameters
option SCALE: Scale is set to 1e-06 for instance and model parameters
option SCALE: Scale is set to 1e-06 for instance and model parameters
option SCALE: Scale is set to 1e-06 for instance and model parameters
Doing analysis at TEMP = 27.000000 and TNOM = 27.000000

Using KLU as Direct Linear Solver

No. of Data Rows : 1
vout = 1.161087e+00
vgdrv = 2.038848e+00
Reset re-loads circuit * monte-carlo-untrimmed monte carlo deck (config=all) -- generated by sim/monte-carlo-untrimmed/run_mc_untrimmed.py, do not edit

Circuit: * monte-carlo-untrimmed monte carlo deck (config=all) -- generated by sim/monte-carlo-untrimmed/run_mc_untrimmed.py, do not edit

option SCALE: Scale is set to 1e-06 for instance and model parameters
option SCALE: Scale is set to 1e-06 for instance and model parameters
option SCALE: Scale is set to 1e-06 for instance and model parameters
option SCALE: Scale is set to 1e-06 for instance and model parameters
Doing analysis at TEMP = 27.000000 and TNOM = 27.000000

Using KLU as Direct Linear Solver

No. of Data Rows : 1
vout = 1.158488e+00
vgdrv = 2.038173e+00
Reset re-loads circuit * monte-carlo-untrimmed monte carlo deck (config=all) -- generated by sim/monte-carlo-untrimmed/run_mc_untrimmed.py, do not edit

Circuit: * monte-carlo-untrimmed monte carlo deck (config=all) -- generated by sim/monte-carlo-untrimmed/run_mc_untrimmed.py, do not edit

option SCALE: Scale is set to 1e-06 for instance and model parameters
option SCALE: Scale is set to 1e-06 for instance and model parameters
option SCALE: Scale is set to 1e-06 for instance and model parameters
option SCALE: Scale is set to 1e-06 for instance and model parameters
Doing analysis at TEMP = 27.000000 and TNOM = 27.000000

Using KLU as Direct Linear Solver

No. of Data Rows : 1
vout = 1.170103e+00
vgdrv = 2.033154e+00
Reset re-loads circuit * monte-carlo-untrimmed monte carlo deck (config=all) -- generated by sim/monte-carlo-untrimmed/run_mc_untrimmed.py, do not edit

Circuit: * monte-carlo-untrimmed monte carlo deck (config=all) -- generated by sim/monte-carlo-untrimmed/run_mc_untrimmed.py, do not edit

option SCALE: Scale is set to 1e-06 for instance and model parameters
option SCALE: Scale is set to 1e-06 for instance and model parameters
option SCALE: Scale is set to 1e-06 for instance and model parameters
option SCALE: Scale is set to 1e-06 for instance and model parameters
Doing analysis at TEMP = 27.000000 and TNOM = 27.000000

Using KLU as Direct Linear Solver

No. of Data Rows : 1
vout = 1.160682e+00
vgdrv = 2.039749e+00
Reset re-loads circuit * monte-carlo-untrimmed monte carlo deck (config=all) -- generated by sim/monte-carlo-untrimmed/run_mc_untrimmed.py, do not edit

Circuit: * monte-carlo-untrimmed monte carlo deck (config=all) -- generated by sim/monte-carlo-untrimmed/run_mc_untrimmed.py, do not edit

option SCALE: Scale is set to 1e-06 for instance and model parameters
option SCALE: Scale is set to 1e-06 for instance and model parameters
option SCALE: Scale is set to 1e-06 for instance and model parameters
option SCALE: Scale is set to 1e-06 for instance and model parameters
Doing analysis at TEMP = 27.000000 and TNOM = 27.000000

Using KLU as Direct Linear Solver
 Reference value :  0.00000e+00
No. of Data Rows : 1
vout = 1.172221e+00
vgdrv = 2.034465e+00
Reset re-loads circuit * monte-carlo-untrimmed monte carlo deck (config=all) -- generated by sim/monte-carlo-untrimmed/run_mc_untrimmed.py, do not edit

Circuit: * monte-carlo-untrimmed monte carlo deck (config=all) -- generated by sim/monte-carlo-untrimmed/run_mc_untrimmed.py, do not edit

option SCALE: Scale is set to 1e-06 for instance and model parameters
option SCALE: Scale is set to 1e-06 for instance and model parameters
option SCALE: Scale is set to 1e-06 for instance and model parameters
option SCALE: Scale is set to 1e-06 for instance and model parameters
Doing analysis at TEMP = 27.000000 and TNOM = 27.000000

Using KLU as Direct Linear Solver

No. of Data Rows : 1
vout = 1.170179e+00
vgdrv = 2.037862e+00
Reset re-loads circuit * monte-carlo-untrimmed monte carlo deck (config=all) -- generated by sim/monte-carlo-untrimmed/run_mc_untrimmed.py, do not edit

Circuit: * monte-carlo-untrimmed monte carlo deck (config=all) -- generated by sim/monte-carlo-untrimmed/run_mc_untrimmed.py, do not edit

option SCALE: Scale is set to 1e-06 for instance and model parameters
option SCALE: Scale is set to 1e-06 for instance and model parameters
option SCALE: Scale is set to 1e-06 for instance and model parameters
option SCALE: Scale is set to 1e-06 for instance and model parameters
Doing analysis at TEMP = 27.000000 and TNOM = 27.000000

Using KLU as Direct Linear Solver

No. of Data Rows : 1
vout = 1.174880e+00
vgdrv = 2.035901e+00
Reset re-loads circuit * monte-carlo-untrimmed monte carlo deck (config=all) -- generated by sim/monte-carlo-untrimmed/run_mc_untrimmed.py, do not edit

Circuit: * monte-carlo-untrimmed monte carlo deck (config=all) -- generated by sim/monte-carlo-untrimmed/run_mc_untrimmed.py, do not edit

option SCALE: Scale is set to 1e-06 for instance and model parameters
option SCALE: Scale is set to 1e-06 for instance and model parameters
option SCALE: Scale is set to 1e-06 for instance and model parameters
option SCALE: Scale is set to 1e-06 for instance and model parameters
Doing analysis at TEMP = 27.000000 and TNOM = 27.000000

Using KLU as Direct Linear Solver

No. of Data Rows : 1
vout = 1.166539e+00
vgdrv = 2.034170e+00
Reset re-loads circuit * monte-carlo-untrimmed monte carlo deck (config=all) -- generated by sim/monte-carlo-untrimmed/run_mc_untrimmed.py, do not edit

Circuit: * monte-carlo-untrimmed monte carlo deck (config=all) -- generated by sim/monte-carlo-untrimmed/run_mc_untrimmed.py, do not edit

option SCALE: Scale is set to 1e-06 for instance and model parameters
option SCALE: Scale is set to 1e-06 for instance and model parameters
option SCALE: Scale is set to 1e-06 for instance and model parameters
option SCALE: Scale is set to 1e-06 for instance and model parameters
Doing analysis at TEMP = 27.000000 and TNOM = 27.000000

Using KLU as Direct Linear Solver

No. of Data Rows : 1
vout = 1.177321e+00
vgdrv = 2.034282e+00
Reset re-loads circuit * monte-carlo-untrimmed monte carlo deck (config=all) -- generated by sim/monte-carlo-untrimmed/run_mc_untrimmed.py, do not edit

Circuit: * monte-carlo-untrimmed monte carlo deck (config=all) -- generated by sim/monte-carlo-untrimmed/run_mc_untrimmed.py, do not edit

option SCALE: Scale is set to 1e-06 for instance and model parameters
option SCALE: Scale is set to 1e-06 for instance and model parameters
option SCALE: Scale is set to 1e-06 for instance and model parameters
option SCALE: Scale is set to 1e-06 for instance and model parameters
Doing analysis at TEMP = 27.000000 and TNOM = 27.000000

Using KLU as Direct Linear Solver

No. of Data Rows : 1
vout = 1.164167e+00
vgdrv = 2.037634e+00
Reset re-loads circuit * monte-carlo-untrimmed monte carlo deck (config=all) -- generated by sim/monte-carlo-untrimmed/run_mc_untrimmed.py, do not edit

Circuit: * monte-carlo-untrimmed monte carlo deck (config=all) -- generated by sim/monte-carlo-untrimmed/run_mc_untrimmed.py, do not edit

option SCALE: Scale is set to 1e-06 for instance and model parameters
option SCALE: Scale is set to 1e-06 for instance and model parameters
option SCALE: Scale is set to 1e-06 for instance and model parameters
option SCALE: Scale is set to 1e-06 for instance and model parameters
Doing analysis at TEMP = 27.000000 and TNOM = 27.000000

Using KLU as Direct Linear Solver

No. of Data Rows : 1
vout = 1.165879e+00
vgdrv = 2.033762e+00
Reset re-loads circuit * monte-carlo-untrimmed monte carlo deck (config=all) -- generated by sim/monte-carlo-untrimmed/run_mc_untrimmed.py, do not edit

Circuit: * monte-carlo-untrimmed monte carlo deck (config=all) -- generated by sim/monte-carlo-untrimmed/run_mc_untrimmed.py, do not edit

option SCALE: Scale is set to 1e-06 for instance and model parameters
option SCALE: Scale is set to 1e-06 for instance and model parameters
option SCALE: Scale is set to 1e-06 for instance and model parameters
option SCALE: Scale is set to 1e-06 for instance and model parameters
Doing analysis at TEMP = 27.000000 and TNOM = 27.000000

Using KLU as Direct Linear Solver
 Reference value :  0.00000e+00
No. of Data Rows : 1
vout = 1.171260e+00
vgdrv = 2.036167e+00
Reset re-loads circuit * monte-carlo-untrimmed monte carlo deck (config=all) -- generated by sim/monte-carlo-untrimmed/run_mc_untrimmed.py, do not edit

Circuit: * monte-carlo-untrimmed monte carlo deck (config=all) -- generated by sim/monte-carlo-untrimmed/run_mc_untrimmed.py, do not edit

option SCALE: Scale is set to 1e-06 for instance and model parameters
option SCALE: Scale is set to 1e-06 for instance and model parameters
option SCALE: Scale is set to 1e-06 for instance and model parameters
option SCALE: Scale is set to 1e-06 for instance and model parameters
Doing analysis at TEMP = 27.000000 and TNOM = 27.000000

Using KLU as Direct Linear Solver

No. of Data Rows : 1
vout = 1.171318e+00
vgdrv = 2.037997e+00
Reset re-loads circuit * monte-carlo-untrimmed monte carlo deck (config=all) -- generated by sim/monte-carlo-untrimmed/run_mc_untrimmed.py, do not edit

Circuit: * monte-carlo-untrimmed monte carlo deck (config=all) -- generated by sim/monte-carlo-untrimmed/run_mc_untrimmed.py, do not edit

option SCALE: Scale is set to 1e-06 for instance and model parameters
option SCALE: Scale is set to 1e-06 for instance and model parameters
option SCALE: Scale is set to 1e-06 for instance and model parameters
option SCALE: Scale is set to 1e-06 for instance and model parameters
Doing analysis at TEMP = 27.000000 and TNOM = 27.000000

Using KLU as Direct Linear Solver

No. of Data Rows : 1
vout = 1.159141e+00
vgdrv = 2.035831e+00
Reset re-loads circuit * monte-carlo-untrimmed monte carlo deck (config=all) -- generated by sim/monte-carlo-untrimmed/run_mc_untrimmed.py, do not edit

Circuit: * monte-carlo-untrimmed monte carlo deck (config=all) -- generated by sim/monte-carlo-untrimmed/run_mc_untrimmed.py, do not edit

option SCALE: Scale is set to 1e-06 for instance and model parameters
option SCALE: Scale is set to 1e-06 for instance and model parameters
option SCALE: Scale is set to 1e-06 for instance and model parameters
option SCALE: Scale is set to 1e-06 for instance and model parameters
Doing analysis at TEMP = 27.000000 and TNOM = 27.000000

Using KLU as Direct Linear Solver

No. of Data Rows : 1
vout = 1.159685e+00
vgdrv = 2.039984e+00
Reset re-loads circuit * monte-carlo-untrimmed monte carlo deck (config=all) -- generated by sim/monte-carlo-untrimmed/run_mc_untrimmed.py, do not edit

Circuit: * monte-carlo-untrimmed monte carlo deck (config=all) -- generated by sim/monte-carlo-untrimmed/run_mc_untrimmed.py, do not edit

option SCALE: Scale is set to 1e-06 for instance and model parameters
option SCALE: Scale is set to 1e-06 for instance and model parameters
option SCALE: Scale is set to 1e-06 for instance and model parameters
option SCALE: Scale is set to 1e-06 for instance and model parameters
Doing analysis at TEMP = 27.000000 and TNOM = 27.000000

Using KLU as Direct Linear Solver

No. of Data Rows : 1
vout = 1.166208e+00
vgdrv = 2.036366e+00
Reset re-loads circuit * monte-carlo-untrimmed monte carlo deck (config=all) -- generated by sim/monte-carlo-untrimmed/run_mc_untrimmed.py, do not edit

Circuit: * monte-carlo-untrimmed monte carlo deck (config=all) -- generated by sim/monte-carlo-untrimmed/run_mc_untrimmed.py, do not edit

option SCALE: Scale is set to 1e-06 for instance and model parameters
option SCALE: Scale is set to 1e-06 for instance and model parameters
option SCALE: Scale is set to 1e-06 for instance and model parameters
option SCALE: Scale is set to 1e-06 for instance and model parameters
Doing analysis at TEMP = 27.000000 and TNOM = 27.000000

Using KLU as Direct Linear Solver

No. of Data Rows : 1
vout = 1.155634e+00
vgdrv = 2.041571e+00
Reset re-loads circuit * monte-carlo-untrimmed monte carlo deck (config=all) -- generated by sim/monte-carlo-untrimmed/run_mc_untrimmed.py, do not edit

Circuit: * monte-carlo-untrimmed monte carlo deck (config=all) -- generated by sim/monte-carlo-untrimmed/run_mc_untrimmed.py, do not edit

option SCALE: Scale is set to 1e-06 for instance and model parameters
option SCALE: Scale is set to 1e-06 for instance and model parameters
option SCALE: Scale is set to 1e-06 for instance and model parameters
option SCALE: Scale is set to 1e-06 for instance and model parameters
Doing analysis at TEMP = 27.000000 and TNOM = 27.000000

Using KLU as Direct Linear Solver

No. of Data Rows : 1
vout = 1.160305e+00
vgdrv = 2.042067e+00
Reset re-loads circuit * monte-carlo-untrimmed monte carlo deck (config=all) -- generated by sim/monte-carlo-untrimmed/run_mc_untrimmed.py, do not edit

Circuit: * monte-carlo-untrimmed monte carlo deck (config=all) -- generated by sim/monte-carlo-untrimmed/run_mc_untrimmed.py, do not edit

option SCALE: Scale is set to 1e-06 for instance and model parameters
option SCALE: Scale is set to 1e-06 for instance and model parameters
option SCALE: Scale is set to 1e-06 for instance and model parameters
option SCALE: Scale is set to 1e-06 for instance and model parameters
Doing analysis at TEMP = 27.000000 and TNOM = 27.000000

Using KLU as Direct Linear Solver
 Reference value :  0.00000e+00
No. of Data Rows : 1
vout = 1.157955e+00
vgdrv = 2.039185e+00
Reset re-loads circuit * monte-carlo-untrimmed monte carlo deck (config=all) -- generated by sim/monte-carlo-untrimmed/run_mc_untrimmed.py, do not edit

Circuit: * monte-carlo-untrimmed monte carlo deck (config=all) -- generated by sim/monte-carlo-untrimmed/run_mc_untrimmed.py, do not edit

option SCALE: Scale is set to 1e-06 for instance and model parameters
option SCALE: Scale is set to 1e-06 for instance and model parameters
option SCALE: Scale is set to 1e-06 for instance and model parameters
option SCALE: Scale is set to 1e-06 for instance and model parameters
Doing analysis at TEMP = 27.000000 and TNOM = 27.000000

Using KLU as Direct Linear Solver

No. of Data Rows : 1
vout = 1.162902e+00
vgdrv = 2.039436e+00
Reset re-loads circuit * monte-carlo-untrimmed monte carlo deck (config=all) -- generated by sim/monte-carlo-untrimmed/run_mc_untrimmed.py, do not edit

Circuit: * monte-carlo-untrimmed monte carlo deck (config=all) -- generated by sim/monte-carlo-untrimmed/run_mc_untrimmed.py, do not edit

option SCALE: Scale is set to 1e-06 for instance and model parameters
option SCALE: Scale is set to 1e-06 for instance and model parameters
option SCALE: Scale is set to 1e-06 for instance and model parameters
option SCALE: Scale is set to 1e-06 for instance and model parameters
Doing analysis at TEMP = 27.000000 and TNOM = 27.000000

Using KLU as Direct Linear Solver

No. of Data Rows : 1
vout = 1.158324e+00
vgdrv = 2.038704e+00
Reset re-loads circuit * monte-carlo-untrimmed monte carlo deck (config=all) -- generated by sim/monte-carlo-untrimmed/run_mc_untrimmed.py, do not edit

Circuit: * monte-carlo-untrimmed monte carlo deck (config=all) -- generated by sim/monte-carlo-untrimmed/run_mc_untrimmed.py, do not edit

option SCALE: Scale is set to 1e-06 for instance and model parameters
option SCALE: Scale is set to 1e-06 for instance and model parameters
option SCALE: Scale is set to 1e-06 for instance and model parameters
option SCALE: Scale is set to 1e-06 for instance and model parameters
Doing analysis at TEMP = 27.000000 and TNOM = 27.000000

Using KLU as Direct Linear Solver

No. of Data Rows : 1
vout = 1.165037e+00
vgdrv = 2.037630e+00
Reset re-loads circuit * monte-carlo-untrimmed monte carlo deck (config=all) -- generated by sim/monte-carlo-untrimmed/run_mc_untrimmed.py, do not edit

Circuit: * monte-carlo-untrimmed monte carlo deck (config=all) -- generated by sim/monte-carlo-untrimmed/run_mc_untrimmed.py, do not edit

option SCALE: Scale is set to 1e-06 for instance and model parameters
option SCALE: Scale is set to 1e-06 for instance and model parameters
option SCALE: Scale is set to 1e-06 for instance and model parameters
option SCALE: Scale is set to 1e-06 for instance and model parameters
Doing analysis at TEMP = 27.000000 and TNOM = 27.000000

Using KLU as Direct Linear Solver

No. of Data Rows : 1
vout = 1.170198e+00
vgdrv = 2.038943e+00
Reset re-loads circuit * monte-carlo-untrimmed monte carlo deck (config=all) -- generated by sim/monte-carlo-untrimmed/run_mc_untrimmed.py, do not edit

Circuit: * monte-carlo-untrimmed monte carlo deck (config=all) -- generated by sim/monte-carlo-untrimmed/run_mc_untrimmed.py, do not edit

option SCALE: Scale is set to 1e-06 for instance and model parameters
option SCALE: Scale is set to 1e-06 for instance and model parameters
option SCALE: Scale is set to 1e-06 for instance and model parameters
option SCALE: Scale is set to 1e-06 for instance and model parameters
Doing analysis at TEMP = 27.000000 and TNOM = 27.000000

Using KLU as Direct Linear Solver

No. of Data Rows : 1
vout = 1.163046e+00
vgdrv = 2.035544e+00
Reset re-loads circuit * monte-carlo-untrimmed monte carlo deck (config=all) -- generated by sim/monte-carlo-untrimmed/run_mc_untrimmed.py, do not edit

Circuit: * monte-carlo-untrimmed monte carlo deck (config=all) -- generated by sim/monte-carlo-untrimmed/run_mc_untrimmed.py, do not edit

option SCALE: Scale is set to 1e-06 for instance and model parameters
option SCALE: Scale is set to 1e-06 for instance and model parameters
option SCALE: Scale is set to 1e-06 for instance and model parameters
option SCALE: Scale is set to 1e-06 for instance and model parameters
Doing analysis at TEMP = 27.000000 and TNOM = 27.000000

Using KLU as Direct Linear Solver

No. of Data Rows : 1
vout = 1.169082e+00
vgdrv = 2.037342e+00
Reset re-loads circuit * monte-carlo-untrimmed monte carlo deck (config=all) -- generated by sim/monte-carlo-untrimmed/run_mc_untrimmed.py, do not edit

Circuit: * monte-carlo-untrimmed monte carlo deck (config=all) -- generated by sim/monte-carlo-untrimmed/run_mc_untrimmed.py, do not edit

option SCALE: Scale is set to 1e-06 for instance and model parameters
option SCALE: Scale is set to 1e-06 for instance and model parameters
option SCALE: Scale is set to 1e-06 for instance and model parameters
option SCALE: Scale is set to 1e-06 for instance and model parameters
Doing analysis at TEMP = 27.000000 and TNOM = 27.000000

Using KLU as Direct Linear Solver

No. of Data Rows : 1
vout = 1.168944e+00
vgdrv = 2.038049e+00
Reset re-loads circuit * monte-carlo-untrimmed monte carlo deck (config=all) -- generated by sim/monte-carlo-untrimmed/run_mc_untrimmed.py, do not edit

Circuit: * monte-carlo-untrimmed monte carlo deck (config=all) -- generated by sim/monte-carlo-untrimmed/run_mc_untrimmed.py, do not edit

option SCALE: Scale is set to 1e-06 for instance and model parameters
option SCALE: Scale is set to 1e-06 for instance and model parameters
option SCALE: Scale is set to 1e-06 for instance and model parameters
option SCALE: Scale is set to 1e-06 for instance and model parameters
Doing analysis at TEMP = 27.000000 and TNOM = 27.000000

Using KLU as Direct Linear Solver
 Reference value :  0.00000e+00
No. of Data Rows : 1
vout = 1.169833e+00
vgdrv = 2.036278e+00
Reset re-loads circuit * monte-carlo-untrimmed monte carlo deck (config=all) -- generated by sim/monte-carlo-untrimmed/run_mc_untrimmed.py, do not edit

Circuit: * monte-carlo-untrimmed monte carlo deck (config=all) -- generated by sim/monte-carlo-untrimmed/run_mc_untrimmed.py, do not edit

option SCALE: Scale is set to 1e-06 for instance and model parameters
option SCALE: Scale is set to 1e-06 for instance and model parameters
option SCALE: Scale is set to 1e-06 for instance and model parameters
option SCALE: Scale is set to 1e-06 for instance and model parameters
Doing analysis at TEMP = 27.000000 and TNOM = 27.000000

Using KLU as Direct Linear Solver

No. of Data Rows : 1
vout = 1.170674e+00
vgdrv = 2.037804e+00
Reset re-loads circuit * monte-carlo-untrimmed monte carlo deck (config=all) -- generated by sim/monte-carlo-untrimmed/run_mc_untrimmed.py, do not edit

Circuit: * monte-carlo-untrimmed monte carlo deck (config=all) -- generated by sim/monte-carlo-untrimmed/run_mc_untrimmed.py, do not edit

option SCALE: Scale is set to 1e-06 for instance and model parameters
option SCALE: Scale is set to 1e-06 for instance and model parameters
option SCALE: Scale is set to 1e-06 for instance and model parameters
option SCALE: Scale is set to 1e-06 for instance and model parameters
Doing analysis at TEMP = 27.000000 and TNOM = 27.000000

Using KLU as Direct Linear Solver

No. of Data Rows : 1
vout = 1.160051e+00
vgdrv = 2.035709e+00
Reset re-loads circuit * monte-carlo-untrimmed monte carlo deck (config=all) -- generated by sim/monte-carlo-untrimmed/run_mc_untrimmed.py, do not edit

Circuit: * monte-carlo-untrimmed monte carlo deck (config=all) -- generated by sim/monte-carlo-untrimmed/run_mc_untrimmed.py, do not edit

option SCALE: Scale is set to 1e-06 for instance and model parameters
option SCALE: Scale is set to 1e-06 for instance and model parameters
option SCALE: Scale is set to 1e-06 for instance and model parameters
option SCALE: Scale is set to 1e-06 for instance and model parameters
Doing analysis at TEMP = 27.000000 and TNOM = 27.000000

Using KLU as Direct Linear Solver

No. of Data Rows : 1
vout = 1.154669e+00
vgdrv = 2.040648e+00
Reset re-loads circuit * monte-carlo-untrimmed monte carlo deck (config=all) -- generated by sim/monte-carlo-untrimmed/run_mc_untrimmed.py, do not edit

Circuit: * monte-carlo-untrimmed monte carlo deck (config=all) -- generated by sim/monte-carlo-untrimmed/run_mc_untrimmed.py, do not edit

option SCALE: Scale is set to 1e-06 for instance and model parameters
option SCALE: Scale is set to 1e-06 for instance and model parameters
option SCALE: Scale is set to 1e-06 for instance and model parameters
option SCALE: Scale is set to 1e-06 for instance and model parameters
Doing analysis at TEMP = 27.000000 and TNOM = 27.000000

Using KLU as Direct Linear Solver

No. of Data Rows : 1
vout = 1.176043e+00
vgdrv = 2.035909e+00
Reset re-loads circuit * monte-carlo-untrimmed monte carlo deck (config=all) -- generated by sim/monte-carlo-untrimmed/run_mc_untrimmed.py, do not edit

Circuit: * monte-carlo-untrimmed monte carlo deck (config=all) -- generated by sim/monte-carlo-untrimmed/run_mc_untrimmed.py, do not edit

option SCALE: Scale is set to 1e-06 for instance and model parameters
option SCALE: Scale is set to 1e-06 for instance and model parameters
option SCALE: Scale is set to 1e-06 for instance and model parameters
option SCALE: Scale is set to 1e-06 for instance and model parameters
Doing analysis at TEMP = 27.000000 and TNOM = 27.000000

Using KLU as Direct Linear Solver

No. of Data Rows : 1
vout = 1.169791e+00
vgdrv = 2.039916e+00
Reset re-loads circuit * monte-carlo-untrimmed monte carlo deck (config=all) -- generated by sim/monte-carlo-untrimmed/run_mc_untrimmed.py, do not edit

Circuit: * monte-carlo-untrimmed monte carlo deck (config=all) -- generated by sim/monte-carlo-untrimmed/run_mc_untrimmed.py, do not edit

option SCALE: Scale is set to 1e-06 for instance and model parameters
option SCALE: Scale is set to 1e-06 for instance and model parameters
option SCALE: Scale is set to 1e-06 for instance and model parameters
option SCALE: Scale is set to 1e-06 for instance and model parameters
Doing analysis at TEMP = 27.000000 and TNOM = 27.000000

Using KLU as Direct Linear Solver

No. of Data Rows : 1
vout = 1.158765e+00
vgdrv = 2.038715e+00
Reset re-loads circuit * monte-carlo-untrimmed monte carlo deck (config=all) -- generated by sim/monte-carlo-untrimmed/run_mc_untrimmed.py, do not edit

Circuit: * monte-carlo-untrimmed monte carlo deck (config=all) -- generated by sim/monte-carlo-untrimmed/run_mc_untrimmed.py, do not edit

option SCALE: Scale is set to 1e-06 for instance and model parameters
option SCALE: Scale is set to 1e-06 for instance and model parameters
option SCALE: Scale is set to 1e-06 for instance and model parameters
option SCALE: Scale is set to 1e-06 for instance and model parameters
Doing analysis at TEMP = 27.000000 and TNOM = 27.000000

Using KLU as Direct Linear Solver
 Reference value :  0.00000e+00
No. of Data Rows : 1
vout = 1.166947e+00
vgdrv = 2.033090e+00
Reset re-loads circuit * monte-carlo-untrimmed monte carlo deck (config=all) -- generated by sim/monte-carlo-untrimmed/run_mc_untrimmed.py, do not edit

Circuit: * monte-carlo-untrimmed monte carlo deck (config=all) -- generated by sim/monte-carlo-untrimmed/run_mc_untrimmed.py, do not edit

option SCALE: Scale is set to 1e-06 for instance and model parameters
option SCALE: Scale is set to 1e-06 for instance and model parameters
option SCALE: Scale is set to 1e-06 for instance and model parameters
option SCALE: Scale is set to 1e-06 for instance and model parameters
Doing analysis at TEMP = 27.000000 and TNOM = 27.000000

Using KLU as Direct Linear Solver

No. of Data Rows : 1
vout = 1.162832e+00
vgdrv = 2.034155e+00
Reset re-loads circuit * monte-carlo-untrimmed monte carlo deck (config=all) -- generated by sim/monte-carlo-untrimmed/run_mc_untrimmed.py, do not edit

Circuit: * monte-carlo-untrimmed monte carlo deck (config=all) -- generated by sim/monte-carlo-untrimmed/run_mc_untrimmed.py, do not edit

option SCALE: Scale is set to 1e-06 for instance and model parameters
option SCALE: Scale is set to 1e-06 for instance and model parameters
option SCALE: Scale is set to 1e-06 for instance and model parameters
option SCALE: Scale is set to 1e-06 for instance and model parameters
Doing analysis at TEMP = 27.000000 and TNOM = 27.000000

Using KLU as Direct Linear Solver

No. of Data Rows : 1
vout = 1.165706e+00
vgdrv = 2.036417e+00
Reset re-loads circuit * monte-carlo-untrimmed monte carlo deck (config=all) -- generated by sim/monte-carlo-untrimmed/run_mc_untrimmed.py, do not edit

Circuit: * monte-carlo-untrimmed monte carlo deck (config=all) -- generated by sim/monte-carlo-untrimmed/run_mc_untrimmed.py, do not edit

option SCALE: Scale is set to 1e-06 for instance and model parameters
option SCALE: Scale is set to 1e-06 for instance and model parameters
option SCALE: Scale is set to 1e-06 for instance and model parameters
option SCALE: Scale is set to 1e-06 for instance and model parameters
Doing analysis at TEMP = 27.000000 and TNOM = 27.000000

Using KLU as Direct Linear Solver

No. of Data Rows : 1
vout = 1.153009e+00
vgdrv = 2.041006e+00
Reset re-loads circuit * monte-carlo-untrimmed monte carlo deck (config=all) -- generated by sim/monte-carlo-untrimmed/run_mc_untrimmed.py, do not edit

Circuit: * monte-carlo-untrimmed monte carlo deck (config=all) -- generated by sim/monte-carlo-untrimmed/run_mc_untrimmed.py, do not edit

option SCALE: Scale is set to 1e-06 for instance and model parameters
option SCALE: Scale is set to 1e-06 for instance and model parameters
option SCALE: Scale is set to 1e-06 for instance and model parameters
option SCALE: Scale is set to 1e-06 for instance and model parameters
Doing analysis at TEMP = 27.000000 and TNOM = 27.000000

Using KLU as Direct Linear Solver

No. of Data Rows : 1
vout = 1.157957e+00
vgdrv = 2.036403e+00
Reset re-loads circuit * monte-carlo-untrimmed monte carlo deck (config=all) -- generated by sim/monte-carlo-untrimmed/run_mc_untrimmed.py, do not edit

Circuit: * monte-carlo-untrimmed monte carlo deck (config=all) -- generated by sim/monte-carlo-untrimmed/run_mc_untrimmed.py, do not edit

option SCALE: Scale is set to 1e-06 for instance and model parameters
option SCALE: Scale is set to 1e-06 for instance and model parameters
option SCALE: Scale is set to 1e-06 for instance and model parameters
option SCALE: Scale is set to 1e-06 for instance and model parameters
Doing analysis at TEMP = 27.000000 and TNOM = 27.000000

Using KLU as Direct Linear Solver

No. of Data Rows : 1
vout = 1.168227e+00
vgdrv = 2.039139e+00
Reset re-loads circuit * monte-carlo-untrimmed monte carlo deck (config=all) -- generated by sim/monte-carlo-untrimmed/run_mc_untrimmed.py, do not edit

Circuit: * monte-carlo-untrimmed monte carlo deck (config=all) -- generated by sim/monte-carlo-untrimmed/run_mc_untrimmed.py, do not edit

option SCALE: Scale is set to 1e-06 for instance and model parameters
option SCALE: Scale is set to 1e-06 for instance and model parameters
option SCALE: Scale is set to 1e-06 for instance and model parameters
option SCALE: Scale is set to 1e-06 for instance and model parameters
Doing analysis at TEMP = 27.000000 and TNOM = 27.000000

Using KLU as Direct Linear Solver

No. of Data Rows : 1
vout = 1.172767e+00
vgdrv = 2.038719e+00
Reset re-loads circuit * monte-carlo-untrimmed monte carlo deck (config=all) -- generated by sim/monte-carlo-untrimmed/run_mc_untrimmed.py, do not edit

Circuit: * monte-carlo-untrimmed monte carlo deck (config=all) -- generated by sim/monte-carlo-untrimmed/run_mc_untrimmed.py, do not edit

option SCALE: Scale is set to 1e-06 for instance and model parameters
option SCALE: Scale is set to 1e-06 for instance and model parameters
option SCALE: Scale is set to 1e-06 for instance and model parameters
option SCALE: Scale is set to 1e-06 for instance and model parameters
Doing analysis at TEMP = 27.000000 and TNOM = 27.000000

Using KLU as Direct Linear Solver
 Reference value :  0.00000e+00
No. of Data Rows : 1
vout = 1.163669e+00
vgdrv = 2.041437e+00
Reset re-loads circuit * monte-carlo-untrimmed monte carlo deck (config=all) -- generated by sim/monte-carlo-untrimmed/run_mc_untrimmed.py, do not edit

Circuit: * monte-carlo-untrimmed monte carlo deck (config=all) -- generated by sim/monte-carlo-untrimmed/run_mc_untrimmed.py, do not edit

option SCALE: Scale is set to 1e-06 for instance and model parameters
option SCALE: Scale is set to 1e-06 for instance and model parameters
option SCALE: Scale is set to 1e-06 for instance and model parameters
option SCALE: Scale is set to 1e-06 for instance and model parameters
Doing analysis at TEMP = 27.000000 and TNOM = 27.000000

Using KLU as Direct Linear Solver

No. of Data Rows : 1
vout = 1.167319e+00
vgdrv = 2.035263e+00
Reset re-loads circuit * monte-carlo-untrimmed monte carlo deck (config=all) -- generated by sim/monte-carlo-untrimmed/run_mc_untrimmed.py, do not edit

Circuit: * monte-carlo-untrimmed monte carlo deck (config=all) -- generated by sim/monte-carlo-untrimmed/run_mc_untrimmed.py, do not edit

option SCALE: Scale is set to 1e-06 for instance and model parameters
option SCALE: Scale is set to 1e-06 for instance and model parameters
option SCALE: Scale is set to 1e-06 for instance and model parameters
option SCALE: Scale is set to 1e-06 for instance and model parameters
Doing analysis at TEMP = 27.000000 and TNOM = 27.000000

Using KLU as Direct Linear Solver

No. of Data Rows : 1
vout = 1.171209e+00
vgdrv = 2.031945e+00
Reset re-loads circuit * monte-carlo-untrimmed monte carlo deck (config=all) -- generated by sim/monte-carlo-untrimmed/run_mc_untrimmed.py, do not edit

Circuit: * monte-carlo-untrimmed monte carlo deck (config=all) -- generated by sim/monte-carlo-untrimmed/run_mc_untrimmed.py, do not edit

option SCALE: Scale is set to 1e-06 for instance and model parameters
option SCALE: Scale is set to 1e-06 for instance and model parameters
option SCALE: Scale is set to 1e-06 for instance and model parameters
option SCALE: Scale is set to 1e-06 for instance and model parameters
Doing analysis at TEMP = 27.000000 and TNOM = 27.000000

Using KLU as Direct Linear Solver

No. of Data Rows : 1
vout = 1.171514e+00
vgdrv = 2.037963e+00
Reset re-loads circuit * monte-carlo-untrimmed monte carlo deck (config=all) -- generated by sim/monte-carlo-untrimmed/run_mc_untrimmed.py, do not edit

Circuit: * monte-carlo-untrimmed monte carlo deck (config=all) -- generated by sim/monte-carlo-untrimmed/run_mc_untrimmed.py, do not edit

option SCALE: Scale is set to 1e-06 for instance and model parameters
option SCALE: Scale is set to 1e-06 for instance and model parameters
option SCALE: Scale is set to 1e-06 for instance and model parameters
option SCALE: Scale is set to 1e-06 for instance and model parameters
Doing analysis at TEMP = 27.000000 and TNOM = 27.000000

Using KLU as Direct Linear Solver

No. of Data Rows : 1
vout = 1.166522e+00
vgdrv = 2.041541e+00
Reset re-loads circuit * monte-carlo-untrimmed monte carlo deck (config=all) -- generated by sim/monte-carlo-untrimmed/run_mc_untrimmed.py, do not edit

Circuit: * monte-carlo-untrimmed monte carlo deck (config=all) -- generated by sim/monte-carlo-untrimmed/run_mc_untrimmed.py, do not edit

option SCALE: Scale is set to 1e-06 for instance and model parameters
option SCALE: Scale is set to 1e-06 for instance and model parameters
option SCALE: Scale is set to 1e-06 for instance and model parameters
option SCALE: Scale is set to 1e-06 for instance and model parameters
Doing analysis at TEMP = 27.000000 and TNOM = 27.000000

Using KLU as Direct Linear Solver

No. of Data Rows : 1
vout = 1.170959e+00
vgdrv = 2.035664e+00
Reset re-loads circuit * monte-carlo-untrimmed monte carlo deck (config=all) -- generated by sim/monte-carlo-untrimmed/run_mc_untrimmed.py, do not edit

Circuit: * monte-carlo-untrimmed monte carlo deck (config=all) -- generated by sim/monte-carlo-untrimmed/run_mc_untrimmed.py, do not edit

option SCALE: Scale is set to 1e-06 for instance and model parameters
option SCALE: Scale is set to 1e-06 for instance and model parameters
option SCALE: Scale is set to 1e-06 for instance and model parameters
option SCALE: Scale is set to 1e-06 for instance and model parameters
Doing analysis at TEMP = 27.000000 and TNOM = 27.000000

Using KLU as Direct Linear Solver

No. of Data Rows : 1
vout = 1.163820e+00
vgdrv = 2.039753e+00
Reset re-loads circuit * monte-carlo-untrimmed monte carlo deck (config=all) -- generated by sim/monte-carlo-untrimmed/run_mc_untrimmed.py, do not edit

Circuit: * monte-carlo-untrimmed monte carlo deck (config=all) -- generated by sim/monte-carlo-untrimmed/run_mc_untrimmed.py, do not edit

option SCALE: Scale is set to 1e-06 for instance and model parameters
option SCALE: Scale is set to 1e-06 for instance and model parameters
option SCALE: Scale is set to 1e-06 for instance and model parameters
option SCALE: Scale is set to 1e-06 for instance and model parameters
Doing analysis at TEMP = 27.000000 and TNOM = 27.000000

Using KLU as Direct Linear Solver
 Reference value :  0.00000e+00
No. of Data Rows : 1
vout = 1.166675e+00
vgdrv = 2.035548e+00
Reset re-loads circuit * monte-carlo-untrimmed monte carlo deck (config=all) -- generated by sim/monte-carlo-untrimmed/run_mc_untrimmed.py, do not edit

Circuit: * monte-carlo-untrimmed monte carlo deck (config=all) -- generated by sim/monte-carlo-untrimmed/run_mc_untrimmed.py, do not edit

option SCALE: Scale is set to 1e-06 for instance and model parameters
option SCALE: Scale is set to 1e-06 for instance and model parameters
option SCALE: Scale is set to 1e-06 for instance and model parameters
option SCALE: Scale is set to 1e-06 for instance and model parameters
Doing analysis at TEMP = 27.000000 and TNOM = 27.000000

Using KLU as Direct Linear Solver

No. of Data Rows : 1
vout = 1.161771e+00
vgdrv = 2.037061e+00
ngspice-47 done
