# point: tt_mm_all_-40c_3.30v
# record: 20260817-121131-d7d85b6
# role: mismatch -- local-mismatch distribution, all families (the spec claim), at the nominal process point
# config=all section=tt_mm temp=-40C supply=3.30V seed=20260803 samples=300
# pdk: sky130A @ open_pdks c6d73a35f524070e85faff4a6a9eef49553ebc2b (/Users/rwalters/.volare/sky130A/libs.tech/combined/sky130.lib.spice)
# ngspice exit: 0
# run (UTC): 2026-08-17T12:11:31Z

# ==== .spiceinit (exact) ====
| * ngspice init settings for the sky130 PDK model libraries.
| *
| * The corner runner copies this file into its scratch run directory as
| * `.spiceinit` before invoking ngspice, so runs do not depend on whatever
| * happens to be in ~/.spiceinit. To drive ngspice by hand with the same
| * settings, copy this file to `.spiceinit` in your working directory.
| *
| * Derived from the PDK's own libs.tech/ngspice/spinit; kept in-repo so the
| * settings a record was produced under are versioned with the harness.
| 
| set ngbehavior=hsa     ; HSPICE-ish compatibility, required to read PDK libs
| set skywaterpdk        ; skip some checks for faster lib loading
| set ng_nomodcheck      ; do not check model parameters
| option noinit          ; do not dump operating point data into the log
| option klu             ; KLU direct linear solver

# ==== deck (exact input given to ngspice) ====
| * monte-carlo-untrimmed Monte Carlo deck (config=all) -- generated by sim/monte-carlo-untrimmed/run_mc_untrimmed.py, do not edit
| * point: tt_mm_all_-40c_3.30v
| .option wnflag=1
| .temp -40
| .param vsup=3.3
| .lib "/Users/rwalters/.volare/sky130A/libs.tech/combined/sky130.lib.spice" tt_mm
| ** sch_path: sim/output-voltage-tc/testbench/tb_vref_tc.sch
| **.subckt tb_vref_tc
| V1 VDD 0 'vsup'
| .save i(v1)
| XBG VREF GDRV VDD 0 bandgap_core
| **** begin user architecture code
| 
| 
| * DC-solver seed, not a forced solution: see the header note. Without it the
| * solver can settle on the core's degenerate zero-current state, which is
| * what issue #10's startup circuit exists to prevent in silicon.
| .nodeset v(vref)=1.2 v(gdrv)=2.2
| 
| 
| **** end user architecture code
| **.ends
| 
| * expanding   symbol:  design/bandgap_core.sym # of pins=4
| ** sym_path: design/bandgap_core.sym
| ** sch_path: design/bandgap_core.sch
| .subckt bandgap_core VOUT GDRV VDD VSS
| *.opin VOUT
| *.iopin GDRV
| *.iopin VDD
| *.iopin VSS
| **** begin user architecture code
| 
| 
| * ---- Kuijk core parameters (issue #8) ----
| * PNP emitter-area ratio N is built ONLY from paralleled unit devices:
| *   N = (n_pnp_ptat * 11.56 um2) / (n_pnp_ctat * 0.4624 um2)
| * Keep both counts equal to hold the pair's measured dVBE while lowering the
| * per-unit current and sigma(dVBE); raise n_pnp_ptat alone for more PTAT.
| .param n_pnp_ctat=8
| .param n_pnp_ptat=8
| * res_high_po unit segment: W = r_w um, L = r_lseg um (R ~ 380 + 325*L ohm)
| .param r_w=1
| .param r_lseg=5
| * segment counts. K = R2/R1. n_r2 history: 54 (issue #46, single-device
| * model) -> 50 (issue #99/DR-003, chained topology, single-device SCHEMATIC
| * left un-modelled) -> 51 (issue #178, chained topology modelled HERE and
| * re-centred against DR-005's ratified accuracy row). See CHAINED-ARRAY
| * MODEL and SIZING (issue #178) below.
| * HISTORY (issue #99 / DR-003, RESOLVED): n_r1/n_r2 are sized against the
| * ROUTED LAYOUT's real chained-array topology -- the ground truth the
| * fabricated part experiences. Issue #98/DR-003
| * (sim/res-array-head-resistance/) established that the routed layout draws
| * each leg as N separately-contacted unit instances in series
| * (layout/bin/gen_bandgap_routed.py's bus_res_series), paying real per-instance
| * head resistance: at the old n_r2=54 that made the REAL part's K=R2/R1 read
| * 8.1474 vs the single-device model's 7.4973, pushing VOUT(27 degC) to
| * ~1.233 V (outside the draft +/-1% window 1.188..1.212 V) at all 5
| * (process,supply) corners and collapsing regulation at ff/2.97 V and
| * fs/2.97 V. Resizing n_r2 54 -> 50 (n_r1 left at 7 so branch current -- and
| * therefore hot-corner headroom -- is not raised while K is corrected) brought
| * the real chained topology's K back to 7.576. Full PVT + trim
| * re-verification of that step: sim/res-array-resize/records/ (issue #99).
| * ---- CHAINED-ARRAY MODEL (issue #178) ----
| * DR-003 deliberately left the SCHEMATIC modelling each leg as ONE
| * res_high_po device, so simulating this cell as-drawn read VOUT(27 degC)
| * ~1.165 V -- ~36 mV below what the routed part builds. Issue #178 closes
| * that gap HERE rather than sizing around it: XR1/XR2A/XR2B are now the
| * *body* devices of an EXACT lumped equivalent of the routed N-instance
| * chain, completed by the per-leg replica + gain elements in the
| * RES_HEAD_MODEL block below. The identity used (exact, not an
| * approximation) follows from the PDK model card
| * (models_resistors.spice: rhead has a hardcoded l=1 independent of the
| * caller's drawn length; rbody is linear in leff = l + 0.247):
| *     R_chain(N units, total drawn length Ltot)
| *         = N*rhead + rbody(Ltot + 0.247*N)
| *         = R_res_high_po(L = Ltot - (N-1)*r_ov_seg)      <- the body device
| *           + (N-1) * R_res_high_po(L = r_ov_seg)          <- the replica
| * for ANY r_ov_seg, because both terms are affine in the drawn length. The
| * (N-1) copies are realized as ONE replica instance whose drop is multiplied
| * by (N-1) with an ideal VCVS, which is exact for the nominal value at every
| * temperature and process corner (rhead and rbody are re-evaluated by the
| * model card, not frozen) -- verified against an explicit 143-instance chain
| * of the same decomposition: identical to 7 significant figures on
| * vref_27 / vref_min / vref_max / tc_ppm over the whole -40..125 degC sweep.
| * The replica carries mult='n_*_ov' so the PDK's own AGAUSS mismatch term
| * (sigma ~ 1/sqrt(w*mult)) reproduces the 1/sqrt(N) averaging of N
| * independent series instances; `m` is deliberately pinned to 1 on those
| * lines (the stock res_high_po symbol ties m to mult, which would parallel
| * the subcircuit and divide the value -- that is why the replica/VCVS pair
| * lives in a code block instead of as drawn symbol instances).
| * ---- SIZING (issue #178) ----
| * With the chain modelled, n_r2 was re-derived against DR-005's ratified
| * untrimmed accuracy row (1.20 V +/-2% over -40..125 degC => 1.176..1.224 V),
| * not against the superseded draft +/-1% window:
| *   n_r2=50 (K = 7.630): vref_min 1.1744..1.1747 -- ~1.3 mV BELOW the 1.176 V
| *     floor at every corner. FAIL.
| *   n_r2=51 (K = 7.773): vref 1.18603..1.21780 at all 15 (process, supply)
| *     points -- inside the window with 10.0 mV bottom / 6.2 mV top margin,
| *     and box TC 142.4..159.0 ppm/degC (binding corner fs). ADOPTED.
| *   n_r2=52 (K = 7.917): vref_max 1.22394..1.22507 -- over the 1.224 V
| *     ceiling at 6 of 15 points. FAIL.
| * n_r1 is held at 7 for the same reason issue #99 held it: R1 sets the branch
| * current, and raising it raises the hot-corner headroom demand that the
| * ff/2.97 V and fs/2.97 V regulation collapse depends on. No collapse is seen
| * at n_r2=51 or 52 at those corners with the chained model.
| * The K figures above are the routed chain's own values, computed from the
| * per-instance terms DR-003 measured and klt extract independently reports
| * (head+end 379.705 ohm/instance, body 324.827 ohm/um):
| *   R1  = 7 * (379.705 + 324.827*5)                       = 14.027 kohm
| *   R2  = (n_r2-2) * (379.705 + 324.827*5)
| *         + 20 * (379.705 + 324.827*0.5)                  = 109.03 kohm at 51
| * i.e. K = 7.773 at n_r2=51 -- NOT the textbook n_r2/n_r1 = 7.286, and NOT
| * the single-device model's 7.087. The residual TC (142-159 ppm/degC, still
| * far above DR-005's < 50 ppm/degC row) is issue #46's device-level floor,
| * not a ratio error: design/device-characterization-summary.md section 1
| * measures Q1's nf = 1.028 vs Q2's nf = 1.000, so ~18.1 mV of the 62.3 mV
| * dVBE at 27 degC is a fraction of a CTAT quantity rather than true PTAT and
| * its shortfall grows with temperature. See sim/output-voltage-tc/records/
| * for the graded evidence and issue #179 for the spec-side routing.
| .param n_r1=7
| .param n_r2=51
| * PMOS mirror multiplicities (unit device W=8u L=2u)
| .param m_out=2
| .param m_ampbias=2
| * ---- Trim network (issue #13), DOWNWARD ONLY -- see DR-002 ----
| * Ladder-tap length added to R2A/R2B equally (metal option, no switches).
| * n_r2_trim: valid range 0..-16 only. r_lseg_trim: 1 um/code (~1.7 mV/code)
| * in DR-002's original SINGLE-DEVICE model. Positive codes are REJECTED:
| * this is the same R2/R1 ratio issue #46 found causes ff/2.97V, fs/2.97V
| * hot-corner (>~123C) operating-point collapse at even a +5 um increase
| * (n_r2=55). sim/trim-range-monotonicity/ reconfirms it for trim and finds
| * codes +1/+2 ALSO collapse (VOUT -> ~2.8V) while +3/+4 happen not to --
| * non-monotonic-in-code, i.e. no positive code is a certified-safe point,
| * not a safe zone at +3/+4. Only downward (R2 decrease) moves away from
| * that edge; confirmed monotonic, collapse-free to -16 across corners. See
| * DR-002 and the sim record for the full case.
| * LSB REVISION (issue #106, DR-002 revision): the routed layout's fine trim
| * chain does NOT draw one length-tapped device -- it chains N separately-
| * contacted res_high_po unit instances (layout/bin/gen_bandgap_routed.py's
| * bus_res_series), each paying a real per-instance head/fringe resistance
| * term this schematic's single-device XR2A/XR2B lines do not model (DR-003,
| * sim/res-array-head-resistance/). Re-deriving DR-002's <=3.000 mV/code LSB
| * comfort bound against that REAL chained topology at the adopted
| * n_r1=7/n_r2=50 sizing (sim/trim-lsb-chained/) found the shipped
| * r_lseg_trim=1 per-code step reads 3.12-3.15 mV/code across all 5 corners
| * -- a real, measured violation of the comfort bound (smaller than an
| * earlier, now-superseded estimate against an abandoned n_r1=6/n_r2=42
| * sizing, but still a violation). Halving the fine unit's drawn length to
| * 0.5 um fixes it: the per-instance head-resistance term (~379.7 ohm, the
| * DOMINANT piece of the per-code step) is a PDK-model-card constant
| * independent of the unit's drawn length, so only the smaller `rbody`
| * fringe term shrinks -- re-verified at r_lseg_trim=0.5 to read
| * 2.40-2.42 mV/code, PASS at all 5 corners, with the same certified 0..-16
| * code range and downward span still clearing DR-002's 1.5x-of-3sigma
| * coverage target. See sim/trim-lsb-chained/records/ for the full
| * re-derivation. NEXT INCREMENT (not done here, per one-lever-per-
| * increment): layout/bin/gen_bandgap_routed.py's
| * R_LSEG_TRIM_UM/SCH_R_LSEG_TRIM_UM (currently still transcribing 1 um)
| * must be re-transcribed to 0.5 um and the routed cell re-verified through
| * klayout DRC/LVS -- klayout's extraction backend is not available in this
| * run environment, so that is a follow-up issue, the same split issue #99
| * used for #107/#108.
| .param n_r2_trim=0
| .param r_lseg_trim=0.5
| * ---- Routed chained-array decomposition (issue #178) ----
| * Transcribed from layout/bin/gen_bandgap_routed.py's N_R1 / N_R2_COARSE /
| * N_R2_TRIM_UNITS: each leg is drawn as separately-contacted unit instances
| * in series, so the instance COUNT (not just the total drawn length) is an
| * electrical parameter -- every instance pays the model card's rhead term.
| *   R1        : n_r1 coarse units of r_lseg um.
| *   R2A/R2B   : n_r2_coarse coarse units of r_lseg um, plus the fixed
| *               n_r2_fine-unit fine ladder of r_lseg_trim um each, of which
| *               (n_r2_fine + n_r2_trim) are in circuit at a DOWNWARD-only
| *               trim code (code 0 = all of them = the untrimmed leg).
| * n_r2_coarse is derived, not transcribed twice: the fine ladder's drawn
| * length is held inside the specified r_lseg*n_r2 leg, which is exactly the
| * constraint gen_bandgap_routed.py's R2_LEG_SPEC_UM assertion enforces.
| .param n_r2_fine=20
| .param n_r2_coarse='n_r2-r_lseg_trim*n_r2_fine/r_lseg'
| .param n_r2_inst='n_r2_coarse+n_r2_fine+n_r2_trim'
| * Replica multiplicities: (N-1) per leg -- see CHAINED-ARRAY MODEL above.
| .param n_r2_ov='n_r2_inst-1'
| .param n_r1_ov='n_r1-1'
| * Replica unit drawn length. The lumped identity is exact for ANY value;
| * 0.5 um is chosen only so the body devices' remaining length stays well
| * positive (R2A/R2B body = 221.0 um, R1 body = 32.0 um at the shipped
| * sizing) and so the replica is a length the layout actually draws.
| .param r_ov_seg=0.5
| 
| 
| **** end user architecture code
| **** begin user architecture code
| 
| 
| * ---- Per-instance head-resistance replicas (issue #178) ----
| * These three (replica, VCVS) pairs complete the EXACT lumped equivalent of
| * the routed layout's N-instance series chains; the drawn XR1/XR2A/XR2B
| * symbols carry only the body length. See the CORE_PARAMS block's
| * CHAINED-ARRAY MODEL section for the identity, its exactness proof and the
| * explicit-chain cross-check.
| * Written as SPICE text rather than drawn symbols for one concrete reason:
| * the stock res_high_po symbol emits 'mult=@mult m=@mult', and an X-line's
| * `m` PARALLELS the subcircuit -- which would divide the replica's value by
| * N-1 instead of leaving it alone. These lines set mult (mismatch sigma,
| * 1/sqrt(w*mult), reproducing N-1 independent instances) while pinning m=1
| * (nominal value untouched). The VCVS then multiplies the replica's own
| * drop by (N-1), so the leg's total series resistance is exactly
| * (N-1) * R_unit(r_ov_seg) + R_body -- at every temperature and corner,
| * because the replica is a real model-card evaluation, not a frozen number.
| XR2A_HD VA R2A_HD1 VSS sky130_fd_pr__res_high_po W='r_w' L='r_ov_seg' mult='n_r2_ov' m=1
| ER2A_HD R2A_HD1 R2A_HD2 VA R2A_HD1 'n_r2_ov-1'
| XR2B_HD VB R2B_HD1 VSS sky130_fd_pr__res_high_po W='r_w' L='r_ov_seg' mult='n_r2_ov' m=1
| ER2B_HD R2B_HD1 R2B_HD2 VB R2B_HD1 'n_r2_ov-1'
| XR1_HD VBQ R1_HD1 VSS sky130_fd_pr__res_high_po W='r_w' L='r_ov_seg' mult='n_r1_ov' m=1
| ER1_HD R1_HD1 R1_HD2 VBQ R1_HD1 'n_r1_ov-1'
| 
| 
| **** end user architecture code
| XMPOUT VOUT GDRV VDD VDD sky130_fd_pr__pfet_g5v0d10v5 L=2 W=8 nf=1 ad=2.32 as=2.32 pd=16.58 ps=16.58 nrd=0.03625 nrs=0.03625 sa=0 sb=0 sd=0 mult='m_out' m='m_out'
| XMPAMP TAIL GDRV VDD VDD sky130_fd_pr__pfet_g5v0d10v5 L=2 W=8 nf=1 ad=2.32 as=2.32 pd=16.58 ps=16.58 nrd=0.03625 nrs=0.03625 sa=0 sb=0 sd=0 mult='m_ampbias' m='m_ampbias'
| XAMP VB VA GDRV TAIL VDD VSS error_amp
| XR2A R2A_HD2 VOUT VSS sky130_fd_pr__res_high_po W='r_w' L='r_lseg*n_r2+r_lseg_trim*n_r2_trim-n_r2_ov*r_ov_seg' mult=1 m=1
| XR2B R2B_HD2 VOUT VSS sky130_fd_pr__res_high_po W='r_w' L='r_lseg*n_r2+r_lseg_trim*n_r2_trim-n_r2_ov*r_ov_seg' mult=1 m=1
| XQ1 VSS VSS VA sky130_fd_pr__pnp_05v5_W0p68L0p68 m='n_pnp_ctat' mult='n_pnp_ctat'
| XR1 R1_HD2 VB VSS sky130_fd_pr__res_high_po W='r_w' L='r_lseg*n_r1-n_r1_ov*r_ov_seg' mult=1 m=1
| XQ2 VSS VSS VBQ sky130_fd_pr__pnp_05v5_W3p40L3p40 m='n_pnp_ptat' mult='n_pnp_ptat'
| .ends
| 
| 
| * expanding   symbol:  design/error_amp.sym # of pins=6
| ** sym_path: design/error_amp.sym
| ** sch_path: design/error_amp.sch
| .subckt error_amp VINP VINN AOUT ITAIL VDD VSS
| *.ipin VINP
| *.ipin VINN
| *.opin AOUT
| *.iopin ITAIL
| *.iopin VDD
| *.iopin VSS
| **** begin user architecture code
| 
| 
| * ---- error-amp device multiplicities (issue #9 sizing, amp_m_in revised by #170) ----
| * Unit geometry is fixed on the instances below; mult is the matching axis
| * (sigma(Vth) scales as 1/sqrt(W*L*mult) in the PDK's own model).
| * amp_m_in    : input-pair PMOS units   (W=20u L=10u each -> 1600 um^2 total;
| *               16 -> 8 by issue #170, DR-008 Option B PSRR margin increase
| *               -- see the header's amp_m_in: 16 -> 8 section)
| * amp_m_nmirr : NMOS load/mirror units  (W=8u  L=20u each ->  640 um^2 total)
| * amp_m_pmirr : PMOS mirror units       (W=6u  L=20u each ->  960 um^2 total)
| * amp_m_cc    : MOS-capacitor units     (W=30u L=20u each -> 9600 um^2 total)
| .param amp_m_in=8
| .param amp_m_nmirr=4
| .param amp_m_pmirr=8
| .param amp_m_cc=16
| 
| 
| **** end user architecture code
| XMP1 D1 VINP ITAIL VDD sky130_fd_pr__pfet_g5v0d10v5 L=10 W=20 nf=1 ad=5.8 as=5.8 pd=40.58 ps=40.58 nrd=0.0145 nrs=0.0145 sa=0 sb=0 sd=0 mult='amp_m_in' m='amp_m_in'
| XMP2 D2 VINN ITAIL VDD sky130_fd_pr__pfet_g5v0d10v5 L=10 W=20 nf=1 ad=5.8 as=5.8 pd=40.58 ps=40.58 nrd=0.0145 nrs=0.0145 sa=0 sb=0 sd=0 mult='amp_m_in' m='amp_m_in'
| XMN1 D1 D1 VSS VSS sky130_fd_pr__nfet_g5v0d10v5 L=20 W=8 nf=1 ad=2.32 as=2.32 pd=16.58 ps=16.58 nrd=0.03625 nrs=0.03625 sa=0 sb=0 sd=0 mult='amp_m_nmirr' m='amp_m_nmirr'
| XMN2 D2 D2 VSS VSS sky130_fd_pr__nfet_g5v0d10v5 L=20 W=8 nf=1 ad=2.32 as=2.32 pd=16.58 ps=16.58 nrd=0.03625 nrs=0.03625 sa=0 sb=0 sd=0 mult='amp_m_nmirr' m='amp_m_nmirr'
| XMN3 AOUT D1 VSS VSS sky130_fd_pr__nfet_g5v0d10v5 L=20 W=8 nf=1 ad=2.32 as=2.32 pd=16.58 ps=16.58 nrd=0.03625 nrs=0.03625 sa=0 sb=0 sd=0 mult='amp_m_nmirr' m='amp_m_nmirr'
| XMN4 PN D2 VSS VSS sky130_fd_pr__nfet_g5v0d10v5 L=20 W=8 nf=1 ad=2.32 as=2.32 pd=16.58 ps=16.58 nrd=0.03625 nrs=0.03625 sa=0 sb=0 sd=0 mult='amp_m_nmirr' m='amp_m_nmirr'
| XMP4 AOUT PN VDD VDD sky130_fd_pr__pfet_g5v0d10v5 L=20 W=6 nf=1 ad=1.74 as=1.74 pd=12.58 ps=12.58 nrd=0.0483333333333333 nrs=0.0483333333333333 sa=0 sb=0 sd=0 mult='amp_m_pmirr' m='amp_m_pmirr'
| XMP3 PN PN VDD VDD sky130_fd_pr__pfet_g5v0d10v5 L=20 W=6 nf=1 ad=1.74 as=1.74 pd=12.58 ps=12.58 nrd=0.0483333333333333 nrs=0.0483333333333333 sa=0 sb=0 sd=0 mult='amp_m_pmirr' m='amp_m_pmirr'
| XMCC VDD AOUT VDD VDD sky130_fd_pr__pfet_g5v0d10v5 L=20 W=30 nf=1 ad=8.7 as=8.7 pd=60.58 ps=60.58 nrd=0.00966666666666667 nrs=0.00966666666666667 sa=0 sb=0 sd=0 mult='amp_m_cc' m='amp_m_cc'
| .ends
| 
| .control
| setseed 20260803
| set width = 512
| set height = 100000
| let nruns = 300
| let run = 0
| dowhile run < nruns
|   reset
|   save all
|   op
|   let vout = v(vref)
|   let vgdrv = v(gdrv)
|   print vout vgdrv
|   let run = run + 1
| end
| quit
| .endc
| .end

# ==== ngspice stdout+stderr ====

Note: Compatibility modes selected: hs a


Circuit: * monte-carlo-untrimmed monte carlo deck (config=all) -- generated by sim/monte-carlo-untrimmed/run_mc_untrimmed.py, do not edit

option SCALE: Scale is set to 1e-06 for instance and model parameters
option SCALE: Scale is set to 1e-06 for instance and model parameters
option SCALE: Scale is set to 1e-06 for instance and model parameters
option SCALE: Scale is set to 1e-06 for instance and model parameters
Reset re-loads circuit * monte-carlo-untrimmed monte carlo deck (config=all) -- generated by sim/monte-carlo-untrimmed/run_mc_untrimmed.py, do not edit

Circuit: * monte-carlo-untrimmed monte carlo deck (config=all) -- generated by sim/monte-carlo-untrimmed/run_mc_untrimmed.py, do not edit

option SCALE: Scale is set to 1e-06 for instance and model parameters
option SCALE: Scale is set to 1e-06 for instance and model parameters
option SCALE: Scale is set to 1e-06 for instance and model parameters
option SCALE: Scale is set to 1e-06 for instance and model parameters
Doing analysis at TEMP = -40.000000 and TNOM = 27.000000

Using KLU as Direct Linear Solver
 Reference value :  0.00000e+00
No. of Data Rows : 1
vout = 1.221714e+00
vgdrv = 1.992103e+00
Reset re-loads circuit * monte-carlo-untrimmed monte carlo deck (config=all) -- generated by sim/monte-carlo-untrimmed/run_mc_untrimmed.py, do not edit

Circuit: * monte-carlo-untrimmed monte carlo deck (config=all) -- generated by sim/monte-carlo-untrimmed/run_mc_untrimmed.py, do not edit

option SCALE: Scale is set to 1e-06 for instance and model parameters
option SCALE: Scale is set to 1e-06 for instance and model parameters
option SCALE: Scale is set to 1e-06 for instance and model parameters
option SCALE: Scale is set to 1e-06 for instance and model parameters
Doing analysis at TEMP = -40.000000 and TNOM = 27.000000

Using KLU as Direct Linear Solver

No. of Data Rows : 1
vout = 5.614064e-01
vgdrv = 2.490779e+00
Reset re-loads circuit * monte-carlo-untrimmed monte carlo deck (config=all) -- generated by sim/monte-carlo-untrimmed/run_mc_untrimmed.py, do not edit

Circuit: * monte-carlo-untrimmed monte carlo deck (config=all) -- generated by sim/monte-carlo-untrimmed/run_mc_untrimmed.py, do not edit

option SCALE: Scale is set to 1e-06 for instance and model parameters
option SCALE: Scale is set to 1e-06 for instance and model parameters
option SCALE: Scale is set to 1e-06 for instance and model parameters
option SCALE: Scale is set to 1e-06 for instance and model parameters
Doing analysis at TEMP = -40.000000 and TNOM = 27.000000

Using KLU as Direct Linear Solver

No. of Data Rows : 1
vout = 1.203649e+00
vgdrv = 1.991981e+00
Reset re-loads circuit * monte-carlo-untrimmed monte carlo deck (config=all) -- generated by sim/monte-carlo-untrimmed/run_mc_untrimmed.py, do not edit

Circuit: * monte-carlo-untrimmed monte carlo deck (config=all) -- generated by sim/monte-carlo-untrimmed/run_mc_untrimmed.py, do not edit

option SCALE: Scale is set to 1e-06 for instance and model parameters
option SCALE: Scale is set to 1e-06 for instance and model parameters
option SCALE: Scale is set to 1e-06 for instance and model parameters
option SCALE: Scale is set to 1e-06 for instance and model parameters
Doing analysis at TEMP = -40.000000 and TNOM = 27.000000

Using KLU as Direct Linear Solver

No. of Data Rows : 1
vout = 1.221479e+00
vgdrv = 1.992861e+00
Reset re-loads circuit * monte-carlo-untrimmed monte carlo deck (config=all) -- generated by sim/monte-carlo-untrimmed/run_mc_untrimmed.py, do not edit

Circuit: * monte-carlo-untrimmed monte carlo deck (config=all) -- generated by sim/monte-carlo-untrimmed/run_mc_untrimmed.py, do not edit

option SCALE: Scale is set to 1e-06 for instance and model parameters
option SCALE: Scale is set to 1e-06 for instance and model parameters
option SCALE: Scale is set to 1e-06 for instance and model parameters
option SCALE: Scale is set to 1e-06 for instance and model parameters
Doing analysis at TEMP = -40.000000 and TNOM = 27.000000

Using KLU as Direct Linear Solver

No. of Data Rows : 1
vout = 5.046997e-01
vgdrv = 2.558021e+00
Reset re-loads circuit * monte-carlo-untrimmed monte carlo deck (config=all) -- generated by sim/monte-carlo-untrimmed/run_mc_untrimmed.py, do not edit

Circuit: * monte-carlo-untrimmed monte carlo deck (config=all) -- generated by sim/monte-carlo-untrimmed/run_mc_untrimmed.py, do not edit

option SCALE: Scale is set to 1e-06 for instance and model parameters
option SCALE: Scale is set to 1e-06 for instance and model parameters
option SCALE: Scale is set to 1e-06 for instance and model parameters
option SCALE: Scale is set to 1e-06 for instance and model parameters
Doing analysis at TEMP = -40.000000 and TNOM = 27.000000

Using KLU as Direct Linear Solver

No. of Data Rows : 1
vout = 1.218967e+00
vgdrv = 1.984029e+00
Reset re-loads circuit * monte-carlo-untrimmed monte carlo deck (config=all) -- generated by sim/monte-carlo-untrimmed/run_mc_untrimmed.py, do not edit

Circuit: * monte-carlo-untrimmed monte carlo deck (config=all) -- generated by sim/monte-carlo-untrimmed/run_mc_untrimmed.py, do not edit

option SCALE: Scale is set to 1e-06 for instance and model parameters
option SCALE: Scale is set to 1e-06 for instance and model parameters
option SCALE: Scale is set to 1e-06 for instance and model parameters
option SCALE: Scale is set to 1e-06 for instance and model parameters
Doing analysis at TEMP = -40.000000 and TNOM = 27.000000

Using KLU as Direct Linear Solver

No. of Data Rows : 1
vout = 1.202504e+00
vgdrv = 1.993671e+00
Reset re-loads circuit * monte-carlo-untrimmed monte carlo deck (config=all) -- generated by sim/monte-carlo-untrimmed/run_mc_untrimmed.py, do not edit

Circuit: * monte-carlo-untrimmed monte carlo deck (config=all) -- generated by sim/monte-carlo-untrimmed/run_mc_untrimmed.py, do not edit

option SCALE: Scale is set to 1e-06 for instance and model parameters
option SCALE: Scale is set to 1e-06 for instance and model parameters
option SCALE: Scale is set to 1e-06 for instance and model parameters
option SCALE: Scale is set to 1e-06 for instance and model parameters
Doing analysis at TEMP = -40.000000 and TNOM = 27.000000

Using KLU as Direct Linear Solver

No. of Data Rows : 1
vout = 1.223389e+00
vgdrv = 1.984893e+00
Reset re-loads circuit * monte-carlo-untrimmed monte carlo deck (config=all) -- generated by sim/monte-carlo-untrimmed/run_mc_untrimmed.py, do not edit

Circuit: * monte-carlo-untrimmed monte carlo deck (config=all) -- generated by sim/monte-carlo-untrimmed/run_mc_untrimmed.py, do not edit

option SCALE: Scale is set to 1e-06 for instance and model parameters
option SCALE: Scale is set to 1e-06 for instance and model parameters
option SCALE: Scale is set to 1e-06 for instance and model parameters
option SCALE: Scale is set to 1e-06 for instance and model parameters
Doing analysis at TEMP = -40.000000 and TNOM = 27.000000

Using KLU as Direct Linear Solver

No. of Data Rows : 1
vout = 1.215844e+00
vgdrv = 1.992172e+00
Reset re-loads circuit * monte-carlo-untrimmed monte carlo deck (config=all) -- generated by sim/monte-carlo-untrimmed/run_mc_untrimmed.py, do not edit

Circuit: * monte-carlo-untrimmed monte carlo deck (config=all) -- generated by sim/monte-carlo-untrimmed/run_mc_untrimmed.py, do not edit

option SCALE: Scale is set to 1e-06 for instance and model parameters
option SCALE: Scale is set to 1e-06 for instance and model parameters
option SCALE: Scale is set to 1e-06 for instance and model parameters
option SCALE: Scale is set to 1e-06 for instance and model parameters
Doing analysis at TEMP = -40.000000 and TNOM = 27.000000

Using KLU as Direct Linear Solver
 Reference value :  0.00000e+00
No. of Data Rows : 1
vout = 1.230807e+00
vgdrv = 1.984925e+00
Reset re-loads circuit * monte-carlo-untrimmed monte carlo deck (config=all) -- generated by sim/monte-carlo-untrimmed/run_mc_untrimmed.py, do not edit

Circuit: * monte-carlo-untrimmed monte carlo deck (config=all) -- generated by sim/monte-carlo-untrimmed/run_mc_untrimmed.py, do not edit

option SCALE: Scale is set to 1e-06 for instance and model parameters
option SCALE: Scale is set to 1e-06 for instance and model parameters
option SCALE: Scale is set to 1e-06 for instance and model parameters
option SCALE: Scale is set to 1e-06 for instance and model parameters
Doing analysis at TEMP = -40.000000 and TNOM = 27.000000

Using KLU as Direct Linear Solver

No. of Data Rows : 1
vout = 1.198740e+00
vgdrv = 1.998452e+00
Reset re-loads circuit * monte-carlo-untrimmed monte carlo deck (config=all) -- generated by sim/monte-carlo-untrimmed/run_mc_untrimmed.py, do not edit

Circuit: * monte-carlo-untrimmed monte carlo deck (config=all) -- generated by sim/monte-carlo-untrimmed/run_mc_untrimmed.py, do not edit

option SCALE: Scale is set to 1e-06 for instance and model parameters
option SCALE: Scale is set to 1e-06 for instance and model parameters
option SCALE: Scale is set to 1e-06 for instance and model parameters
option SCALE: Scale is set to 1e-06 for instance and model parameters
Doing analysis at TEMP = -40.000000 and TNOM = 27.000000

Using KLU as Direct Linear Solver

No. of Data Rows : 1
vout = 1.221630e+00
vgdrv = 1.989347e+00
Reset re-loads circuit * monte-carlo-untrimmed monte carlo deck (config=all) -- generated by sim/monte-carlo-untrimmed/run_mc_untrimmed.py, do not edit

Circuit: * monte-carlo-untrimmed monte carlo deck (config=all) -- generated by sim/monte-carlo-untrimmed/run_mc_untrimmed.py, do not edit

option SCALE: Scale is set to 1e-06 for instance and model parameters
option SCALE: Scale is set to 1e-06 for instance and model parameters
option SCALE: Scale is set to 1e-06 for instance and model parameters
option SCALE: Scale is set to 1e-06 for instance and model parameters
Doing analysis at TEMP = -40.000000 and TNOM = 27.000000

Using KLU as Direct Linear Solver

No. of Data Rows : 1
vout = 1.217918e+00
vgdrv = 1.992434e+00
Reset re-loads circuit * monte-carlo-untrimmed monte carlo deck (config=all) -- generated by sim/monte-carlo-untrimmed/run_mc_untrimmed.py, do not edit

Circuit: * monte-carlo-untrimmed monte carlo deck (config=all) -- generated by sim/monte-carlo-untrimmed/run_mc_untrimmed.py, do not edit

option SCALE: Scale is set to 1e-06 for instance and model parameters
option SCALE: Scale is set to 1e-06 for instance and model parameters
option SCALE: Scale is set to 1e-06 for instance and model parameters
option SCALE: Scale is set to 1e-06 for instance and model parameters
Doing analysis at TEMP = -40.000000 and TNOM = 27.000000

Using KLU as Direct Linear Solver

No. of Data Rows : 1
vout = 1.205212e+00
vgdrv = 1.998022e+00
Reset re-loads circuit * monte-carlo-untrimmed monte carlo deck (config=all) -- generated by sim/monte-carlo-untrimmed/run_mc_untrimmed.py, do not edit

Circuit: * monte-carlo-untrimmed monte carlo deck (config=all) -- generated by sim/monte-carlo-untrimmed/run_mc_untrimmed.py, do not edit

option SCALE: Scale is set to 1e-06 for instance and model parameters
option SCALE: Scale is set to 1e-06 for instance and model parameters
option SCALE: Scale is set to 1e-06 for instance and model parameters
option SCALE: Scale is set to 1e-06 for instance and model parameters
Doing analysis at TEMP = -40.000000 and TNOM = 27.000000

Using KLU as Direct Linear Solver

No. of Data Rows : 1
vout = 5.243385e-01
vgdrv = 2.537064e+00
Reset re-loads circuit * monte-carlo-untrimmed monte carlo deck (config=all) -- generated by sim/monte-carlo-untrimmed/run_mc_untrimmed.py, do not edit

Circuit: * monte-carlo-untrimmed monte carlo deck (config=all) -- generated by sim/monte-carlo-untrimmed/run_mc_untrimmed.py, do not edit

option SCALE: Scale is set to 1e-06 for instance and model parameters
option SCALE: Scale is set to 1e-06 for instance and model parameters
option SCALE: Scale is set to 1e-06 for instance and model parameters
option SCALE: Scale is set to 1e-06 for instance and model parameters
Doing analysis at TEMP = -40.000000 and TNOM = 27.000000

Using KLU as Direct Linear Solver

No. of Data Rows : 1
vout = 1.218050e+00
vgdrv = 1.987785e+00
Reset re-loads circuit * monte-carlo-untrimmed monte carlo deck (config=all) -- generated by sim/monte-carlo-untrimmed/run_mc_untrimmed.py, do not edit

Circuit: * monte-carlo-untrimmed monte carlo deck (config=all) -- generated by sim/monte-carlo-untrimmed/run_mc_untrimmed.py, do not edit

option SCALE: Scale is set to 1e-06 for instance and model parameters
option SCALE: Scale is set to 1e-06 for instance and model parameters
option SCALE: Scale is set to 1e-06 for instance and model parameters
option SCALE: Scale is set to 1e-06 for instance and model parameters
Doing analysis at TEMP = -40.000000 and TNOM = 27.000000

Using KLU as Direct Linear Solver

No. of Data Rows : 1
vout = 1.219727e+00
vgdrv = 1.986853e+00
Reset re-loads circuit * monte-carlo-untrimmed monte carlo deck (config=all) -- generated by sim/monte-carlo-untrimmed/run_mc_untrimmed.py, do not edit

Circuit: * monte-carlo-untrimmed monte carlo deck (config=all) -- generated by sim/monte-carlo-untrimmed/run_mc_untrimmed.py, do not edit

option SCALE: Scale is set to 1e-06 for instance and model parameters
option SCALE: Scale is set to 1e-06 for instance and model parameters
option SCALE: Scale is set to 1e-06 for instance and model parameters
option SCALE: Scale is set to 1e-06 for instance and model parameters
Doing analysis at TEMP = -40.000000 and TNOM = 27.000000

Using KLU as Direct Linear Solver
 Reference value :  0.00000e+00
No. of Data Rows : 1
vout = 1.215353e+00
vgdrv = 1.990413e+00
Reset re-loads circuit * monte-carlo-untrimmed monte carlo deck (config=all) -- generated by sim/monte-carlo-untrimmed/run_mc_untrimmed.py, do not edit

Circuit: * monte-carlo-untrimmed monte carlo deck (config=all) -- generated by sim/monte-carlo-untrimmed/run_mc_untrimmed.py, do not edit

option SCALE: Scale is set to 1e-06 for instance and model parameters
option SCALE: Scale is set to 1e-06 for instance and model parameters
option SCALE: Scale is set to 1e-06 for instance and model parameters
option SCALE: Scale is set to 1e-06 for instance and model parameters
Doing analysis at TEMP = -40.000000 and TNOM = 27.000000

Using KLU as Direct Linear Solver

No. of Data Rows : 1
vout = 1.219772e+00
vgdrv = 1.987154e+00
Reset re-loads circuit * monte-carlo-untrimmed monte carlo deck (config=all) -- generated by sim/monte-carlo-untrimmed/run_mc_untrimmed.py, do not edit

Circuit: * monte-carlo-untrimmed monte carlo deck (config=all) -- generated by sim/monte-carlo-untrimmed/run_mc_untrimmed.py, do not edit

option SCALE: Scale is set to 1e-06 for instance and model parameters
option SCALE: Scale is set to 1e-06 for instance and model parameters
option SCALE: Scale is set to 1e-06 for instance and model parameters
option SCALE: Scale is set to 1e-06 for instance and model parameters
Doing analysis at TEMP = -40.000000 and TNOM = 27.000000

Using KLU as Direct Linear Solver

No. of Data Rows : 1
vout = 1.221520e+00
vgdrv = 1.992227e+00
Reset re-loads circuit * monte-carlo-untrimmed monte carlo deck (config=all) -- generated by sim/monte-carlo-untrimmed/run_mc_untrimmed.py, do not edit

Circuit: * monte-carlo-untrimmed monte carlo deck (config=all) -- generated by sim/monte-carlo-untrimmed/run_mc_untrimmed.py, do not edit

option SCALE: Scale is set to 1e-06 for instance and model parameters
option SCALE: Scale is set to 1e-06 for instance and model parameters
option SCALE: Scale is set to 1e-06 for instance and model parameters
option SCALE: Scale is set to 1e-06 for instance and model parameters
Doing analysis at TEMP = -40.000000 and TNOM = 27.000000

Using KLU as Direct Linear Solver

No. of Data Rows : 1
vout = 1.197339e+00
vgdrv = 1.993980e+00
Reset re-loads circuit * monte-carlo-untrimmed monte carlo deck (config=all) -- generated by sim/monte-carlo-untrimmed/run_mc_untrimmed.py, do not edit

Circuit: * monte-carlo-untrimmed monte carlo deck (config=all) -- generated by sim/monte-carlo-untrimmed/run_mc_untrimmed.py, do not edit

option SCALE: Scale is set to 1e-06 for instance and model parameters
option SCALE: Scale is set to 1e-06 for instance and model parameters
option SCALE: Scale is set to 1e-06 for instance and model parameters
option SCALE: Scale is set to 1e-06 for instance and model parameters
Doing analysis at TEMP = -40.000000 and TNOM = 27.000000

Using KLU as Direct Linear Solver

No. of Data Rows : 1
vout = 1.219054e+00
vgdrv = 1.990122e+00
Reset re-loads circuit * monte-carlo-untrimmed monte carlo deck (config=all) -- generated by sim/monte-carlo-untrimmed/run_mc_untrimmed.py, do not edit

Circuit: * monte-carlo-untrimmed monte carlo deck (config=all) -- generated by sim/monte-carlo-untrimmed/run_mc_untrimmed.py, do not edit

option SCALE: Scale is set to 1e-06 for instance and model parameters
option SCALE: Scale is set to 1e-06 for instance and model parameters
option SCALE: Scale is set to 1e-06 for instance and model parameters
option SCALE: Scale is set to 1e-06 for instance and model parameters
Doing analysis at TEMP = -40.000000 and TNOM = 27.000000

Using KLU as Direct Linear Solver

No. of Data Rows : 1
vout = 1.192778e+00
vgdrv = 1.997969e+00
Reset re-loads circuit * monte-carlo-untrimmed monte carlo deck (config=all) -- generated by sim/monte-carlo-untrimmed/run_mc_untrimmed.py, do not edit

Circuit: * monte-carlo-untrimmed monte carlo deck (config=all) -- generated by sim/monte-carlo-untrimmed/run_mc_untrimmed.py, do not edit

option SCALE: Scale is set to 1e-06 for instance and model parameters
option SCALE: Scale is set to 1e-06 for instance and model parameters
option SCALE: Scale is set to 1e-06 for instance and model parameters
option SCALE: Scale is set to 1e-06 for instance and model parameters
Doing analysis at TEMP = -40.000000 and TNOM = 27.000000

Using KLU as Direct Linear Solver

No. of Data Rows : 1
vout = 1.215833e+00
vgdrv = 1.990998e+00
Reset re-loads circuit * monte-carlo-untrimmed monte carlo deck (config=all) -- generated by sim/monte-carlo-untrimmed/run_mc_untrimmed.py, do not edit

Circuit: * monte-carlo-untrimmed monte carlo deck (config=all) -- generated by sim/monte-carlo-untrimmed/run_mc_untrimmed.py, do not edit

option SCALE: Scale is set to 1e-06 for instance and model parameters
option SCALE: Scale is set to 1e-06 for instance and model parameters
option SCALE: Scale is set to 1e-06 for instance and model parameters
option SCALE: Scale is set to 1e-06 for instance and model parameters
Doing analysis at TEMP = -40.000000 and TNOM = 27.000000

Using KLU as Direct Linear Solver
 Reference value :  0.00000e+00
No. of Data Rows : 1
vout = 1.210711e+00
vgdrv = 1.992816e+00
Reset re-loads circuit * monte-carlo-untrimmed monte carlo deck (config=all) -- generated by sim/monte-carlo-untrimmed/run_mc_untrimmed.py, do not edit

Circuit: * monte-carlo-untrimmed monte carlo deck (config=all) -- generated by sim/monte-carlo-untrimmed/run_mc_untrimmed.py, do not edit

option SCALE: Scale is set to 1e-06 for instance and model parameters
option SCALE: Scale is set to 1e-06 for instance and model parameters
option SCALE: Scale is set to 1e-06 for instance and model parameters
option SCALE: Scale is set to 1e-06 for instance and model parameters
Doing analysis at TEMP = -40.000000 and TNOM = 27.000000

Using KLU as Direct Linear Solver

No. of Data Rows : 1
vout = 5.016520e-01
vgdrv = 2.557137e+00
Reset re-loads circuit * monte-carlo-untrimmed monte carlo deck (config=all) -- generated by sim/monte-carlo-untrimmed/run_mc_untrimmed.py, do not edit

Circuit: * monte-carlo-untrimmed monte carlo deck (config=all) -- generated by sim/monte-carlo-untrimmed/run_mc_untrimmed.py, do not edit

option SCALE: Scale is set to 1e-06 for instance and model parameters
option SCALE: Scale is set to 1e-06 for instance and model parameters
option SCALE: Scale is set to 1e-06 for instance and model parameters
option SCALE: Scale is set to 1e-06 for instance and model parameters
Doing analysis at TEMP = -40.000000 and TNOM = 27.000000

Using KLU as Direct Linear Solver

No. of Data Rows : 1
vout = 1.220584e+00
vgdrv = 1.994034e+00
Reset re-loads circuit * monte-carlo-untrimmed monte carlo deck (config=all) -- generated by sim/monte-carlo-untrimmed/run_mc_untrimmed.py, do not edit

Circuit: * monte-carlo-untrimmed monte carlo deck (config=all) -- generated by sim/monte-carlo-untrimmed/run_mc_untrimmed.py, do not edit

option SCALE: Scale is set to 1e-06 for instance and model parameters
option SCALE: Scale is set to 1e-06 for instance and model parameters
option SCALE: Scale is set to 1e-06 for instance and model parameters
option SCALE: Scale is set to 1e-06 for instance and model parameters
Doing analysis at TEMP = -40.000000 and TNOM = 27.000000

Using KLU as Direct Linear Solver

No. of Data Rows : 1
vout = 1.224583e+00
vgdrv = 1.986395e+00
Reset re-loads circuit * monte-carlo-untrimmed monte carlo deck (config=all) -- generated by sim/monte-carlo-untrimmed/run_mc_untrimmed.py, do not edit

Circuit: * monte-carlo-untrimmed monte carlo deck (config=all) -- generated by sim/monte-carlo-untrimmed/run_mc_untrimmed.py, do not edit

option SCALE: Scale is set to 1e-06 for instance and model parameters
option SCALE: Scale is set to 1e-06 for instance and model parameters
option SCALE: Scale is set to 1e-06 for instance and model parameters
option SCALE: Scale is set to 1e-06 for instance and model parameters
Doing analysis at TEMP = -40.000000 and TNOM = 27.000000

Using KLU as Direct Linear Solver

No. of Data Rows : 1
vout = 1.215497e+00
vgdrv = 1.996107e+00
Reset re-loads circuit * monte-carlo-untrimmed monte carlo deck (config=all) -- generated by sim/monte-carlo-untrimmed/run_mc_untrimmed.py, do not edit

Circuit: * monte-carlo-untrimmed monte carlo deck (config=all) -- generated by sim/monte-carlo-untrimmed/run_mc_untrimmed.py, do not edit

option SCALE: Scale is set to 1e-06 for instance and model parameters
option SCALE: Scale is set to 1e-06 for instance and model parameters
option SCALE: Scale is set to 1e-06 for instance and model parameters
option SCALE: Scale is set to 1e-06 for instance and model parameters
Doing analysis at TEMP = -40.000000 and TNOM = 27.000000

Using KLU as Direct Linear Solver

No. of Data Rows : 1
vout = 1.225557e+00
vgdrv = 1.990910e+00
Reset re-loads circuit * monte-carlo-untrimmed monte carlo deck (config=all) -- generated by sim/monte-carlo-untrimmed/run_mc_untrimmed.py, do not edit

Circuit: * monte-carlo-untrimmed monte carlo deck (config=all) -- generated by sim/monte-carlo-untrimmed/run_mc_untrimmed.py, do not edit

option SCALE: Scale is set to 1e-06 for instance and model parameters
option SCALE: Scale is set to 1e-06 for instance and model parameters
option SCALE: Scale is set to 1e-06 for instance and model parameters
option SCALE: Scale is set to 1e-06 for instance and model parameters
Doing analysis at TEMP = -40.000000 and TNOM = 27.000000

Using KLU as Direct Linear Solver

No. of Data Rows : 1
vout = 1.206954e+00
vgdrv = 1.994548e+00
Reset re-loads circuit * monte-carlo-untrimmed monte carlo deck (config=all) -- generated by sim/monte-carlo-untrimmed/run_mc_untrimmed.py, do not edit

Circuit: * monte-carlo-untrimmed monte carlo deck (config=all) -- generated by sim/monte-carlo-untrimmed/run_mc_untrimmed.py, do not edit

option SCALE: Scale is set to 1e-06 for instance and model parameters
option SCALE: Scale is set to 1e-06 for instance and model parameters
option SCALE: Scale is set to 1e-06 for instance and model parameters
option SCALE: Scale is set to 1e-06 for instance and model parameters
Doing analysis at TEMP = -40.000000 and TNOM = 27.000000

Using KLU as Direct Linear Solver
 Reference value :  0.00000e+00
No. of Data Rows : 1
vout = 1.231692e+00
vgdrv = 1.990572e+00
Reset re-loads circuit * monte-carlo-untrimmed monte carlo deck (config=all) -- generated by sim/monte-carlo-untrimmed/run_mc_untrimmed.py, do not edit

Circuit: * monte-carlo-untrimmed monte carlo deck (config=all) -- generated by sim/monte-carlo-untrimmed/run_mc_untrimmed.py, do not edit

option SCALE: Scale is set to 1e-06 for instance and model parameters
option SCALE: Scale is set to 1e-06 for instance and model parameters
option SCALE: Scale is set to 1e-06 for instance and model parameters
option SCALE: Scale is set to 1e-06 for instance and model parameters
Doing analysis at TEMP = -40.000000 and TNOM = 27.000000

Using KLU as Direct Linear Solver

No. of Data Rows : 1
vout = 1.224600e+00
vgdrv = 1.991988e+00
Reset re-loads circuit * monte-carlo-untrimmed monte carlo deck (config=all) -- generated by sim/monte-carlo-untrimmed/run_mc_untrimmed.py, do not edit

Circuit: * monte-carlo-untrimmed monte carlo deck (config=all) -- generated by sim/monte-carlo-untrimmed/run_mc_untrimmed.py, do not edit

option SCALE: Scale is set to 1e-06 for instance and model parameters
option SCALE: Scale is set to 1e-06 for instance and model parameters
option SCALE: Scale is set to 1e-06 for instance and model parameters
option SCALE: Scale is set to 1e-06 for instance and model parameters
Doing analysis at TEMP = -40.000000 and TNOM = 27.000000

Using KLU as Direct Linear Solver

No. of Data Rows : 1
vout = 1.215099e+00
vgdrv = 1.993736e+00
Reset re-loads circuit * monte-carlo-untrimmed monte carlo deck (config=all) -- generated by sim/monte-carlo-untrimmed/run_mc_untrimmed.py, do not edit

Circuit: * monte-carlo-untrimmed monte carlo deck (config=all) -- generated by sim/monte-carlo-untrimmed/run_mc_untrimmed.py, do not edit

option SCALE: Scale is set to 1e-06 for instance and model parameters
option SCALE: Scale is set to 1e-06 for instance and model parameters
option SCALE: Scale is set to 1e-06 for instance and model parameters
option SCALE: Scale is set to 1e-06 for instance and model parameters
Doing analysis at TEMP = -40.000000 and TNOM = 27.000000

Using KLU as Direct Linear Solver

No. of Data Rows : 1
vout = 5.071185e-01
vgdrv = 2.551960e+00
Reset re-loads circuit * monte-carlo-untrimmed monte carlo deck (config=all) -- generated by sim/monte-carlo-untrimmed/run_mc_untrimmed.py, do not edit

Circuit: * monte-carlo-untrimmed monte carlo deck (config=all) -- generated by sim/monte-carlo-untrimmed/run_mc_untrimmed.py, do not edit

option SCALE: Scale is set to 1e-06 for instance and model parameters
option SCALE: Scale is set to 1e-06 for instance and model parameters
option SCALE: Scale is set to 1e-06 for instance and model parameters
option SCALE: Scale is set to 1e-06 for instance and model parameters
Doing analysis at TEMP = -40.000000 and TNOM = 27.000000

Using KLU as Direct Linear Solver

No. of Data Rows : 1
vout = 1.228986e+00
vgdrv = 1.986356e+00
Reset re-loads circuit * monte-carlo-untrimmed monte carlo deck (config=all) -- generated by sim/monte-carlo-untrimmed/run_mc_untrimmed.py, do not edit

Circuit: * monte-carlo-untrimmed monte carlo deck (config=all) -- generated by sim/monte-carlo-untrimmed/run_mc_untrimmed.py, do not edit

option SCALE: Scale is set to 1e-06 for instance and model parameters
option SCALE: Scale is set to 1e-06 for instance and model parameters
option SCALE: Scale is set to 1e-06 for instance and model parameters
option SCALE: Scale is set to 1e-06 for instance and model parameters
Doing analysis at TEMP = -40.000000 and TNOM = 27.000000

Using KLU as Direct Linear Solver

No. of Data Rows : 1
vout = 5.348794e-01
vgdrv = 2.528539e+00
Reset re-loads circuit * monte-carlo-untrimmed monte carlo deck (config=all) -- generated by sim/monte-carlo-untrimmed/run_mc_untrimmed.py, do not edit

Circuit: * monte-carlo-untrimmed monte carlo deck (config=all) -- generated by sim/monte-carlo-untrimmed/run_mc_untrimmed.py, do not edit

option SCALE: Scale is set to 1e-06 for instance and model parameters
option SCALE: Scale is set to 1e-06 for instance and model parameters
option SCALE: Scale is set to 1e-06 for instance and model parameters
option SCALE: Scale is set to 1e-06 for instance and model parameters
Doing analysis at TEMP = -40.000000 and TNOM = 27.000000

Using KLU as Direct Linear Solver

No. of Data Rows : 1
vout = 1.215447e+00
vgdrv = 1.991427e+00
Reset re-loads circuit * monte-carlo-untrimmed monte carlo deck (config=all) -- generated by sim/monte-carlo-untrimmed/run_mc_untrimmed.py, do not edit

Circuit: * monte-carlo-untrimmed monte carlo deck (config=all) -- generated by sim/monte-carlo-untrimmed/run_mc_untrimmed.py, do not edit

option SCALE: Scale is set to 1e-06 for instance and model parameters
option SCALE: Scale is set to 1e-06 for instance and model parameters
option SCALE: Scale is set to 1e-06 for instance and model parameters
option SCALE: Scale is set to 1e-06 for instance and model parameters
Doing analysis at TEMP = -40.000000 and TNOM = 27.000000

Using KLU as Direct Linear Solver
 Reference value :  0.00000e+00
No. of Data Rows : 1
vout = 1.224252e+00
vgdrv = 1.989256e+00
Reset re-loads circuit * monte-carlo-untrimmed monte carlo deck (config=all) -- generated by sim/monte-carlo-untrimmed/run_mc_untrimmed.py, do not edit

Circuit: * monte-carlo-untrimmed monte carlo deck (config=all) -- generated by sim/monte-carlo-untrimmed/run_mc_untrimmed.py, do not edit

option SCALE: Scale is set to 1e-06 for instance and model parameters
option SCALE: Scale is set to 1e-06 for instance and model parameters
option SCALE: Scale is set to 1e-06 for instance and model parameters
option SCALE: Scale is set to 1e-06 for instance and model parameters
Doing analysis at TEMP = -40.000000 and TNOM = 27.000000

Using KLU as Direct Linear Solver

No. of Data Rows : 1
vout = 1.220783e+00
vgdrv = 1.986252e+00
Reset re-loads circuit * monte-carlo-untrimmed monte carlo deck (config=all) -- generated by sim/monte-carlo-untrimmed/run_mc_untrimmed.py, do not edit

Circuit: * monte-carlo-untrimmed monte carlo deck (config=all) -- generated by sim/monte-carlo-untrimmed/run_mc_untrimmed.py, do not edit

option SCALE: Scale is set to 1e-06 for instance and model parameters
option SCALE: Scale is set to 1e-06 for instance and model parameters
option SCALE: Scale is set to 1e-06 for instance and model parameters
option SCALE: Scale is set to 1e-06 for instance and model parameters
Doing analysis at TEMP = -40.000000 and TNOM = 27.000000

Using KLU as Direct Linear Solver

No. of Data Rows : 1
vout = 1.225965e+00
vgdrv = 1.986960e+00
Reset re-loads circuit * monte-carlo-untrimmed monte carlo deck (config=all) -- generated by sim/monte-carlo-untrimmed/run_mc_untrimmed.py, do not edit

Circuit: * monte-carlo-untrimmed monte carlo deck (config=all) -- generated by sim/monte-carlo-untrimmed/run_mc_untrimmed.py, do not edit

option SCALE: Scale is set to 1e-06 for instance and model parameters
option SCALE: Scale is set to 1e-06 for instance and model parameters
option SCALE: Scale is set to 1e-06 for instance and model parameters
option SCALE: Scale is set to 1e-06 for instance and model parameters
Doing analysis at TEMP = -40.000000 and TNOM = 27.000000

Using KLU as Direct Linear Solver

No. of Data Rows : 1
vout = 1.219206e+00
vgdrv = 1.991363e+00
Reset re-loads circuit * monte-carlo-untrimmed monte carlo deck (config=all) -- generated by sim/monte-carlo-untrimmed/run_mc_untrimmed.py, do not edit

Circuit: * monte-carlo-untrimmed monte carlo deck (config=all) -- generated by sim/monte-carlo-untrimmed/run_mc_untrimmed.py, do not edit

option SCALE: Scale is set to 1e-06 for instance and model parameters
option SCALE: Scale is set to 1e-06 for instance and model parameters
option SCALE: Scale is set to 1e-06 for instance and model parameters
option SCALE: Scale is set to 1e-06 for instance and model parameters
Doing analysis at TEMP = -40.000000 and TNOM = 27.000000

Using KLU as Direct Linear Solver

No. of Data Rows : 1
vout = 5.662610e-01
vgdrv = 2.484615e+00
Reset re-loads circuit * monte-carlo-untrimmed monte carlo deck (config=all) -- generated by sim/monte-carlo-untrimmed/run_mc_untrimmed.py, do not edit

Circuit: * monte-carlo-untrimmed monte carlo deck (config=all) -- generated by sim/monte-carlo-untrimmed/run_mc_untrimmed.py, do not edit

option SCALE: Scale is set to 1e-06 for instance and model parameters
option SCALE: Scale is set to 1e-06 for instance and model parameters
option SCALE: Scale is set to 1e-06 for instance and model parameters
option SCALE: Scale is set to 1e-06 for instance and model parameters
Doing analysis at TEMP = -40.000000 and TNOM = 27.000000

Using KLU as Direct Linear Solver

No. of Data Rows : 1
vout = 1.218218e+00
vgdrv = 1.987366e+00
Reset re-loads circuit * monte-carlo-untrimmed monte carlo deck (config=all) -- generated by sim/monte-carlo-untrimmed/run_mc_untrimmed.py, do not edit

Circuit: * monte-carlo-untrimmed monte carlo deck (config=all) -- generated by sim/monte-carlo-untrimmed/run_mc_untrimmed.py, do not edit

option SCALE: Scale is set to 1e-06 for instance and model parameters
option SCALE: Scale is set to 1e-06 for instance and model parameters
option SCALE: Scale is set to 1e-06 for instance and model parameters
option SCALE: Scale is set to 1e-06 for instance and model parameters
Doing analysis at TEMP = -40.000000 and TNOM = 27.000000

Using KLU as Direct Linear Solver

No. of Data Rows : 1
vout = 1.219567e+00
vgdrv = 1.990277e+00
Reset re-loads circuit * monte-carlo-untrimmed monte carlo deck (config=all) -- generated by sim/monte-carlo-untrimmed/run_mc_untrimmed.py, do not edit

Circuit: * monte-carlo-untrimmed monte carlo deck (config=all) -- generated by sim/monte-carlo-untrimmed/run_mc_untrimmed.py, do not edit

option SCALE: Scale is set to 1e-06 for instance and model parameters
option SCALE: Scale is set to 1e-06 for instance and model parameters
option SCALE: Scale is set to 1e-06 for instance and model parameters
option SCALE: Scale is set to 1e-06 for instance and model parameters
Doing analysis at TEMP = -40.000000 and TNOM = 27.000000

Using KLU as Direct Linear Solver
 Reference value :  0.00000e+00
No. of Data Rows : 1
vout = 4.508052e-01
vgdrv = 2.601462e+00
Reset re-loads circuit * monte-carlo-untrimmed monte carlo deck (config=all) -- generated by sim/monte-carlo-untrimmed/run_mc_untrimmed.py, do not edit

Circuit: * monte-carlo-untrimmed monte carlo deck (config=all) -- generated by sim/monte-carlo-untrimmed/run_mc_untrimmed.py, do not edit

option SCALE: Scale is set to 1e-06 for instance and model parameters
option SCALE: Scale is set to 1e-06 for instance and model parameters
option SCALE: Scale is set to 1e-06 for instance and model parameters
option SCALE: Scale is set to 1e-06 for instance and model parameters
Doing analysis at TEMP = -40.000000 and TNOM = 27.000000

Using KLU as Direct Linear Solver

No. of Data Rows : 1
vout = 1.219322e+00
vgdrv = 1.988147e+00
Reset re-loads circuit * monte-carlo-untrimmed monte carlo deck (config=all) -- generated by sim/monte-carlo-untrimmed/run_mc_untrimmed.py, do not edit

Circuit: * monte-carlo-untrimmed monte carlo deck (config=all) -- generated by sim/monte-carlo-untrimmed/run_mc_untrimmed.py, do not edit

option SCALE: Scale is set to 1e-06 for instance and model parameters
option SCALE: Scale is set to 1e-06 for instance and model parameters
option SCALE: Scale is set to 1e-06 for instance and model parameters
option SCALE: Scale is set to 1e-06 for instance and model parameters
Doing analysis at TEMP = -40.000000 and TNOM = 27.000000

Using KLU as Direct Linear Solver

No. of Data Rows : 1
vout = 1.207853e+00
vgdrv = 1.997413e+00
Reset re-loads circuit * monte-carlo-untrimmed monte carlo deck (config=all) -- generated by sim/monte-carlo-untrimmed/run_mc_untrimmed.py, do not edit

Circuit: * monte-carlo-untrimmed monte carlo deck (config=all) -- generated by sim/monte-carlo-untrimmed/run_mc_untrimmed.py, do not edit

option SCALE: Scale is set to 1e-06 for instance and model parameters
option SCALE: Scale is set to 1e-06 for instance and model parameters
option SCALE: Scale is set to 1e-06 for instance and model parameters
option SCALE: Scale is set to 1e-06 for instance and model parameters
Doing analysis at TEMP = -40.000000 and TNOM = 27.000000

Using KLU as Direct Linear Solver

No. of Data Rows : 1
vout = 1.214683e+00
vgdrv = 1.995524e+00
Reset re-loads circuit * monte-carlo-untrimmed monte carlo deck (config=all) -- generated by sim/monte-carlo-untrimmed/run_mc_untrimmed.py, do not edit

Circuit: * monte-carlo-untrimmed monte carlo deck (config=all) -- generated by sim/monte-carlo-untrimmed/run_mc_untrimmed.py, do not edit

option SCALE: Scale is set to 1e-06 for instance and model parameters
option SCALE: Scale is set to 1e-06 for instance and model parameters
option SCALE: Scale is set to 1e-06 for instance and model parameters
option SCALE: Scale is set to 1e-06 for instance and model parameters
Doing analysis at TEMP = -40.000000 and TNOM = 27.000000

Using KLU as Direct Linear Solver

No. of Data Rows : 1
vout = 1.230938e+00
vgdrv = 1.984213e+00
Reset re-loads circuit * monte-carlo-untrimmed monte carlo deck (config=all) -- generated by sim/monte-carlo-untrimmed/run_mc_untrimmed.py, do not edit

Circuit: * monte-carlo-untrimmed monte carlo deck (config=all) -- generated by sim/monte-carlo-untrimmed/run_mc_untrimmed.py, do not edit

option SCALE: Scale is set to 1e-06 for instance and model parameters
option SCALE: Scale is set to 1e-06 for instance and model parameters
option SCALE: Scale is set to 1e-06 for instance and model parameters
option SCALE: Scale is set to 1e-06 for instance and model parameters
Doing analysis at TEMP = -40.000000 and TNOM = 27.000000

Using KLU as Direct Linear Solver

No. of Data Rows : 1
vout = 1.213864e+00
vgdrv = 1.993525e+00
Reset re-loads circuit * monte-carlo-untrimmed monte carlo deck (config=all) -- generated by sim/monte-carlo-untrimmed/run_mc_untrimmed.py, do not edit

Circuit: * monte-carlo-untrimmed monte carlo deck (config=all) -- generated by sim/monte-carlo-untrimmed/run_mc_untrimmed.py, do not edit

option SCALE: Scale is set to 1e-06 for instance and model parameters
option SCALE: Scale is set to 1e-06 for instance and model parameters
option SCALE: Scale is set to 1e-06 for instance and model parameters
option SCALE: Scale is set to 1e-06 for instance and model parameters
Doing analysis at TEMP = -40.000000 and TNOM = 27.000000

Using KLU as Direct Linear Solver

No. of Data Rows : 1
vout = 1.211570e+00
vgdrv = 1.995788e+00
Reset re-loads circuit * monte-carlo-untrimmed monte carlo deck (config=all) -- generated by sim/monte-carlo-untrimmed/run_mc_untrimmed.py, do not edit

Circuit: * monte-carlo-untrimmed monte carlo deck (config=all) -- generated by sim/monte-carlo-untrimmed/run_mc_untrimmed.py, do not edit

option SCALE: Scale is set to 1e-06 for instance and model parameters
option SCALE: Scale is set to 1e-06 for instance and model parameters
option SCALE: Scale is set to 1e-06 for instance and model parameters
option SCALE: Scale is set to 1e-06 for instance and model parameters
Doing analysis at TEMP = -40.000000 and TNOM = 27.000000

Using KLU as Direct Linear Solver
 Reference value :  0.00000e+00
No. of Data Rows : 1
vout = 1.223539e+00
vgdrv = 1.990056e+00
Reset re-loads circuit * monte-carlo-untrimmed monte carlo deck (config=all) -- generated by sim/monte-carlo-untrimmed/run_mc_untrimmed.py, do not edit

Circuit: * monte-carlo-untrimmed monte carlo deck (config=all) -- generated by sim/monte-carlo-untrimmed/run_mc_untrimmed.py, do not edit

option SCALE: Scale is set to 1e-06 for instance and model parameters
option SCALE: Scale is set to 1e-06 for instance and model parameters
option SCALE: Scale is set to 1e-06 for instance and model parameters
option SCALE: Scale is set to 1e-06 for instance and model parameters
Doing analysis at TEMP = -40.000000 and TNOM = 27.000000

Using KLU as Direct Linear Solver

No. of Data Rows : 1
vout = 1.218270e+00
vgdrv = 1.990396e+00
Reset re-loads circuit * monte-carlo-untrimmed monte carlo deck (config=all) -- generated by sim/monte-carlo-untrimmed/run_mc_untrimmed.py, do not edit

Circuit: * monte-carlo-untrimmed monte carlo deck (config=all) -- generated by sim/monte-carlo-untrimmed/run_mc_untrimmed.py, do not edit

option SCALE: Scale is set to 1e-06 for instance and model parameters
option SCALE: Scale is set to 1e-06 for instance and model parameters
option SCALE: Scale is set to 1e-06 for instance and model parameters
option SCALE: Scale is set to 1e-06 for instance and model parameters
Doing analysis at TEMP = -40.000000 and TNOM = 27.000000

Using KLU as Direct Linear Solver

No. of Data Rows : 1
vout = 1.215062e+00
vgdrv = 1.990008e+00
Reset re-loads circuit * monte-carlo-untrimmed monte carlo deck (config=all) -- generated by sim/monte-carlo-untrimmed/run_mc_untrimmed.py, do not edit

Circuit: * monte-carlo-untrimmed monte carlo deck (config=all) -- generated by sim/monte-carlo-untrimmed/run_mc_untrimmed.py, do not edit

option SCALE: Scale is set to 1e-06 for instance and model parameters
option SCALE: Scale is set to 1e-06 for instance and model parameters
option SCALE: Scale is set to 1e-06 for instance and model parameters
option SCALE: Scale is set to 1e-06 for instance and model parameters
Doing analysis at TEMP = -40.000000 and TNOM = 27.000000

Using KLU as Direct Linear Solver

No. of Data Rows : 1
vout = 1.224867e+00
vgdrv = 1.993613e+00
Reset re-loads circuit * monte-carlo-untrimmed monte carlo deck (config=all) -- generated by sim/monte-carlo-untrimmed/run_mc_untrimmed.py, do not edit

Circuit: * monte-carlo-untrimmed monte carlo deck (config=all) -- generated by sim/monte-carlo-untrimmed/run_mc_untrimmed.py, do not edit

option SCALE: Scale is set to 1e-06 for instance and model parameters
option SCALE: Scale is set to 1e-06 for instance and model parameters
option SCALE: Scale is set to 1e-06 for instance and model parameters
option SCALE: Scale is set to 1e-06 for instance and model parameters
Doing analysis at TEMP = -40.000000 and TNOM = 27.000000

Using KLU as Direct Linear Solver

No. of Data Rows : 1
vout = 1.215498e+00
vgdrv = 1.995196e+00
Reset re-loads circuit * monte-carlo-untrimmed monte carlo deck (config=all) -- generated by sim/monte-carlo-untrimmed/run_mc_untrimmed.py, do not edit

Circuit: * monte-carlo-untrimmed monte carlo deck (config=all) -- generated by sim/monte-carlo-untrimmed/run_mc_untrimmed.py, do not edit

option SCALE: Scale is set to 1e-06 for instance and model parameters
option SCALE: Scale is set to 1e-06 for instance and model parameters
option SCALE: Scale is set to 1e-06 for instance and model parameters
option SCALE: Scale is set to 1e-06 for instance and model parameters
Doing analysis at TEMP = -40.000000 and TNOM = 27.000000

Using KLU as Direct Linear Solver

No. of Data Rows : 1
vout = 1.220748e+00
vgdrv = 1.991586e+00
Reset re-loads circuit * monte-carlo-untrimmed monte carlo deck (config=all) -- generated by sim/monte-carlo-untrimmed/run_mc_untrimmed.py, do not edit

Circuit: * monte-carlo-untrimmed monte carlo deck (config=all) -- generated by sim/monte-carlo-untrimmed/run_mc_untrimmed.py, do not edit

option SCALE: Scale is set to 1e-06 for instance and model parameters
option SCALE: Scale is set to 1e-06 for instance and model parameters
option SCALE: Scale is set to 1e-06 for instance and model parameters
option SCALE: Scale is set to 1e-06 for instance and model parameters
Doing analysis at TEMP = -40.000000 and TNOM = 27.000000

Using KLU as Direct Linear Solver

No. of Data Rows : 1
vout = 1.208553e+00
vgdrv = 1.993994e+00
Reset re-loads circuit * monte-carlo-untrimmed monte carlo deck (config=all) -- generated by sim/monte-carlo-untrimmed/run_mc_untrimmed.py, do not edit

Circuit: * monte-carlo-untrimmed monte carlo deck (config=all) -- generated by sim/monte-carlo-untrimmed/run_mc_untrimmed.py, do not edit

option SCALE: Scale is set to 1e-06 for instance and model parameters
option SCALE: Scale is set to 1e-06 for instance and model parameters
option SCALE: Scale is set to 1e-06 for instance and model parameters
option SCALE: Scale is set to 1e-06 for instance and model parameters
Doing analysis at TEMP = -40.000000 and TNOM = 27.000000

Using KLU as Direct Linear Solver
 Reference value :  0.00000e+00
No. of Data Rows : 1
vout = 1.231408e+00
vgdrv = 1.987127e+00
Reset re-loads circuit * monte-carlo-untrimmed monte carlo deck (config=all) -- generated by sim/monte-carlo-untrimmed/run_mc_untrimmed.py, do not edit

Circuit: * monte-carlo-untrimmed monte carlo deck (config=all) -- generated by sim/monte-carlo-untrimmed/run_mc_untrimmed.py, do not edit

option SCALE: Scale is set to 1e-06 for instance and model parameters
option SCALE: Scale is set to 1e-06 for instance and model parameters
option SCALE: Scale is set to 1e-06 for instance and model parameters
option SCALE: Scale is set to 1e-06 for instance and model parameters
Doing analysis at TEMP = -40.000000 and TNOM = 27.000000

Using KLU as Direct Linear Solver

No. of Data Rows : 1
vout = 1.210931e+00
vgdrv = 1.996712e+00
Reset re-loads circuit * monte-carlo-untrimmed monte carlo deck (config=all) -- generated by sim/monte-carlo-untrimmed/run_mc_untrimmed.py, do not edit

Circuit: * monte-carlo-untrimmed monte carlo deck (config=all) -- generated by sim/monte-carlo-untrimmed/run_mc_untrimmed.py, do not edit

option SCALE: Scale is set to 1e-06 for instance and model parameters
option SCALE: Scale is set to 1e-06 for instance and model parameters
option SCALE: Scale is set to 1e-06 for instance and model parameters
option SCALE: Scale is set to 1e-06 for instance and model parameters
Doing analysis at TEMP = -40.000000 and TNOM = 27.000000

Using KLU as Direct Linear Solver

No. of Data Rows : 1
vout = 5.249476e-01
vgdrv = 2.536355e+00
Reset re-loads circuit * monte-carlo-untrimmed monte carlo deck (config=all) -- generated by sim/monte-carlo-untrimmed/run_mc_untrimmed.py, do not edit

Circuit: * monte-carlo-untrimmed monte carlo deck (config=all) -- generated by sim/monte-carlo-untrimmed/run_mc_untrimmed.py, do not edit

option SCALE: Scale is set to 1e-06 for instance and model parameters
option SCALE: Scale is set to 1e-06 for instance and model parameters
option SCALE: Scale is set to 1e-06 for instance and model parameters
option SCALE: Scale is set to 1e-06 for instance and model parameters
Doing analysis at TEMP = -40.000000 and TNOM = 27.000000

Using KLU as Direct Linear Solver

No. of Data Rows : 1
vout = 5.077287e-01
vgdrv = 2.557008e+00
Reset re-loads circuit * monte-carlo-untrimmed monte carlo deck (config=all) -- generated by sim/monte-carlo-untrimmed/run_mc_untrimmed.py, do not edit

Circuit: * monte-carlo-untrimmed monte carlo deck (config=all) -- generated by sim/monte-carlo-untrimmed/run_mc_untrimmed.py, do not edit

option SCALE: Scale is set to 1e-06 for instance and model parameters
option SCALE: Scale is set to 1e-06 for instance and model parameters
option SCALE: Scale is set to 1e-06 for instance and model parameters
option SCALE: Scale is set to 1e-06 for instance and model parameters
Doing analysis at TEMP = -40.000000 and TNOM = 27.000000

Using KLU as Direct Linear Solver

No. of Data Rows : 1
vout = 1.218510e+00
vgdrv = 1.993885e+00
Reset re-loads circuit * monte-carlo-untrimmed monte carlo deck (config=all) -- generated by sim/monte-carlo-untrimmed/run_mc_untrimmed.py, do not edit

Circuit: * monte-carlo-untrimmed monte carlo deck (config=all) -- generated by sim/monte-carlo-untrimmed/run_mc_untrimmed.py, do not edit

option SCALE: Scale is set to 1e-06 for instance and model parameters
option SCALE: Scale is set to 1e-06 for instance and model parameters
option SCALE: Scale is set to 1e-06 for instance and model parameters
option SCALE: Scale is set to 1e-06 for instance and model parameters
Doing analysis at TEMP = -40.000000 and TNOM = 27.000000

Using KLU as Direct Linear Solver

No. of Data Rows : 1
vout = 1.217100e+00
vgdrv = 1.993874e+00
Reset re-loads circuit * monte-carlo-untrimmed monte carlo deck (config=all) -- generated by sim/monte-carlo-untrimmed/run_mc_untrimmed.py, do not edit

Circuit: * monte-carlo-untrimmed monte carlo deck (config=all) -- generated by sim/monte-carlo-untrimmed/run_mc_untrimmed.py, do not edit

option SCALE: Scale is set to 1e-06 for instance and model parameters
option SCALE: Scale is set to 1e-06 for instance and model parameters
option SCALE: Scale is set to 1e-06 for instance and model parameters
option SCALE: Scale is set to 1e-06 for instance and model parameters
Doing analysis at TEMP = -40.000000 and TNOM = 27.000000

Using KLU as Direct Linear Solver

No. of Data Rows : 1
vout = 1.218897e+00
vgdrv = 1.992666e+00
Reset re-loads circuit * monte-carlo-untrimmed monte carlo deck (config=all) -- generated by sim/monte-carlo-untrimmed/run_mc_untrimmed.py, do not edit

Circuit: * monte-carlo-untrimmed monte carlo deck (config=all) -- generated by sim/monte-carlo-untrimmed/run_mc_untrimmed.py, do not edit

option SCALE: Scale is set to 1e-06 for instance and model parameters
option SCALE: Scale is set to 1e-06 for instance and model parameters
option SCALE: Scale is set to 1e-06 for instance and model parameters
option SCALE: Scale is set to 1e-06 for instance and model parameters
Doing analysis at TEMP = -40.000000 and TNOM = 27.000000

Using KLU as Direct Linear Solver
 Reference value :  0.00000e+00
No. of Data Rows : 1
vout = 1.220522e+00
vgdrv = 1.990049e+00
Reset re-loads circuit * monte-carlo-untrimmed monte carlo deck (config=all) -- generated by sim/monte-carlo-untrimmed/run_mc_untrimmed.py, do not edit

Circuit: * monte-carlo-untrimmed monte carlo deck (config=all) -- generated by sim/monte-carlo-untrimmed/run_mc_untrimmed.py, do not edit

option SCALE: Scale is set to 1e-06 for instance and model parameters
option SCALE: Scale is set to 1e-06 for instance and model parameters
option SCALE: Scale is set to 1e-06 for instance and model parameters
option SCALE: Scale is set to 1e-06 for instance and model parameters
Doing analysis at TEMP = -40.000000 and TNOM = 27.000000

Using KLU as Direct Linear Solver

No. of Data Rows : 1
vout = 1.219315e+00
vgdrv = 1.989616e+00
Reset re-loads circuit * monte-carlo-untrimmed monte carlo deck (config=all) -- generated by sim/monte-carlo-untrimmed/run_mc_untrimmed.py, do not edit

Circuit: * monte-carlo-untrimmed monte carlo deck (config=all) -- generated by sim/monte-carlo-untrimmed/run_mc_untrimmed.py, do not edit

option SCALE: Scale is set to 1e-06 for instance and model parameters
option SCALE: Scale is set to 1e-06 for instance and model parameters
option SCALE: Scale is set to 1e-06 for instance and model parameters
option SCALE: Scale is set to 1e-06 for instance and model parameters
Doing analysis at TEMP = -40.000000 and TNOM = 27.000000

Using KLU as Direct Linear Solver

No. of Data Rows : 1
vout = 1.215893e+00
vgdrv = 1.991638e+00
Reset re-loads circuit * monte-carlo-untrimmed monte carlo deck (config=all) -- generated by sim/monte-carlo-untrimmed/run_mc_untrimmed.py, do not edit

Circuit: * monte-carlo-untrimmed monte carlo deck (config=all) -- generated by sim/monte-carlo-untrimmed/run_mc_untrimmed.py, do not edit

option SCALE: Scale is set to 1e-06 for instance and model parameters
option SCALE: Scale is set to 1e-06 for instance and model parameters
option SCALE: Scale is set to 1e-06 for instance and model parameters
option SCALE: Scale is set to 1e-06 for instance and model parameters
Doing analysis at TEMP = -40.000000 and TNOM = 27.000000

Using KLU as Direct Linear Solver

No. of Data Rows : 1
vout = 1.233907e+00
vgdrv = 1.981417e+00
Reset re-loads circuit * monte-carlo-untrimmed monte carlo deck (config=all) -- generated by sim/monte-carlo-untrimmed/run_mc_untrimmed.py, do not edit

Circuit: * monte-carlo-untrimmed monte carlo deck (config=all) -- generated by sim/monte-carlo-untrimmed/run_mc_untrimmed.py, do not edit

option SCALE: Scale is set to 1e-06 for instance and model parameters
option SCALE: Scale is set to 1e-06 for instance and model parameters
option SCALE: Scale is set to 1e-06 for instance and model parameters
option SCALE: Scale is set to 1e-06 for instance and model parameters
Doing analysis at TEMP = -40.000000 and TNOM = 27.000000

Using KLU as Direct Linear Solver

No. of Data Rows : 1
vout = 1.216767e+00
vgdrv = 1.993362e+00
Reset re-loads circuit * monte-carlo-untrimmed monte carlo deck (config=all) -- generated by sim/monte-carlo-untrimmed/run_mc_untrimmed.py, do not edit

Circuit: * monte-carlo-untrimmed monte carlo deck (config=all) -- generated by sim/monte-carlo-untrimmed/run_mc_untrimmed.py, do not edit

option SCALE: Scale is set to 1e-06 for instance and model parameters
option SCALE: Scale is set to 1e-06 for instance and model parameters
option SCALE: Scale is set to 1e-06 for instance and model parameters
option SCALE: Scale is set to 1e-06 for instance and model parameters
Doing analysis at TEMP = -40.000000 and TNOM = 27.000000

Using KLU as Direct Linear Solver

No. of Data Rows : 1
vout = 1.224504e+00
vgdrv = 1.990069e+00
Reset re-loads circuit * monte-carlo-untrimmed monte carlo deck (config=all) -- generated by sim/monte-carlo-untrimmed/run_mc_untrimmed.py, do not edit

Circuit: * monte-carlo-untrimmed monte carlo deck (config=all) -- generated by sim/monte-carlo-untrimmed/run_mc_untrimmed.py, do not edit

option SCALE: Scale is set to 1e-06 for instance and model parameters
option SCALE: Scale is set to 1e-06 for instance and model parameters
option SCALE: Scale is set to 1e-06 for instance and model parameters
option SCALE: Scale is set to 1e-06 for instance and model parameters
Doing analysis at TEMP = -40.000000 and TNOM = 27.000000

Using KLU as Direct Linear Solver
 Reference value :  0.00000e+00
No. of Data Rows : 1
vout = 1.207868e+00
vgdrv = 1.997345e+00
Reset re-loads circuit * monte-carlo-untrimmed monte carlo deck (config=all) -- generated by sim/monte-carlo-untrimmed/run_mc_untrimmed.py, do not edit

Circuit: * monte-carlo-untrimmed monte carlo deck (config=all) -- generated by sim/monte-carlo-untrimmed/run_mc_untrimmed.py, do not edit

option SCALE: Scale is set to 1e-06 for instance and model parameters
option SCALE: Scale is set to 1e-06 for instance and model parameters
option SCALE: Scale is set to 1e-06 for instance and model parameters
option SCALE: Scale is set to 1e-06 for instance and model parameters
Doing analysis at TEMP = -40.000000 and TNOM = 27.000000

Using KLU as Direct Linear Solver

No. of Data Rows : 1
vout = 1.217335e+00
vgdrv = 1.991271e+00
Reset re-loads circuit * monte-carlo-untrimmed monte carlo deck (config=all) -- generated by sim/monte-carlo-untrimmed/run_mc_untrimmed.py, do not edit

Circuit: * monte-carlo-untrimmed monte carlo deck (config=all) -- generated by sim/monte-carlo-untrimmed/run_mc_untrimmed.py, do not edit

option SCALE: Scale is set to 1e-06 for instance and model parameters
option SCALE: Scale is set to 1e-06 for instance and model parameters
option SCALE: Scale is set to 1e-06 for instance and model parameters
option SCALE: Scale is set to 1e-06 for instance and model parameters
Doing analysis at TEMP = -40.000000 and TNOM = 27.000000

Using KLU as Direct Linear Solver

No. of Data Rows : 1
vout = 1.229903e+00
vgdrv = 1.988991e+00
Reset re-loads circuit * monte-carlo-untrimmed monte carlo deck (config=all) -- generated by sim/monte-carlo-untrimmed/run_mc_untrimmed.py, do not edit

Circuit: * monte-carlo-untrimmed monte carlo deck (config=all) -- generated by sim/monte-carlo-untrimmed/run_mc_untrimmed.py, do not edit

option SCALE: Scale is set to 1e-06 for instance and model parameters
option SCALE: Scale is set to 1e-06 for instance and model parameters
option SCALE: Scale is set to 1e-06 for instance and model parameters
option SCALE: Scale is set to 1e-06 for instance and model parameters
Doing analysis at TEMP = -40.000000 and TNOM = 27.000000

Using KLU as Direct Linear Solver

No. of Data Rows : 1
vout = 1.217837e+00
vgdrv = 1.990376e+00
Reset re-loads circuit * monte-carlo-untrimmed monte carlo deck (config=all) -- generated by sim/monte-carlo-untrimmed/run_mc_untrimmed.py, do not edit

Circuit: * monte-carlo-untrimmed monte carlo deck (config=all) -- generated by sim/monte-carlo-untrimmed/run_mc_untrimmed.py, do not edit

option SCALE: Scale is set to 1e-06 for instance and model parameters
option SCALE: Scale is set to 1e-06 for instance and model parameters
option SCALE: Scale is set to 1e-06 for instance and model parameters
option SCALE: Scale is set to 1e-06 for instance and model parameters
Doing analysis at TEMP = -40.000000 and TNOM = 27.000000

Using KLU as Direct Linear Solver

No. of Data Rows : 1
vout = 1.217599e+00
vgdrv = 1.993921e+00
Reset re-loads circuit * monte-carlo-untrimmed monte carlo deck (config=all) -- generated by sim/monte-carlo-untrimmed/run_mc_untrimmed.py, do not edit

Circuit: * monte-carlo-untrimmed monte carlo deck (config=all) -- generated by sim/monte-carlo-untrimmed/run_mc_untrimmed.py, do not edit

option SCALE: Scale is set to 1e-06 for instance and model parameters
option SCALE: Scale is set to 1e-06 for instance and model parameters
option SCALE: Scale is set to 1e-06 for instance and model parameters
option SCALE: Scale is set to 1e-06 for instance and model parameters
Doing analysis at TEMP = -40.000000 and TNOM = 27.000000

Using KLU as Direct Linear Solver

No. of Data Rows : 1
vout = 1.215994e+00
vgdrv = 1.991139e+00
Reset re-loads circuit * monte-carlo-untrimmed monte carlo deck (config=all) -- generated by sim/monte-carlo-untrimmed/run_mc_untrimmed.py, do not edit

Circuit: * monte-carlo-untrimmed monte carlo deck (config=all) -- generated by sim/monte-carlo-untrimmed/run_mc_untrimmed.py, do not edit

option SCALE: Scale is set to 1e-06 for instance and model parameters
option SCALE: Scale is set to 1e-06 for instance and model parameters
option SCALE: Scale is set to 1e-06 for instance and model parameters
option SCALE: Scale is set to 1e-06 for instance and model parameters
Doing analysis at TEMP = -40.000000 and TNOM = 27.000000

Using KLU as Direct Linear Solver
 Reference value :  0.00000e+00
No. of Data Rows : 1
vout = 1.218000e+00
vgdrv = 1.988946e+00
Reset re-loads circuit * monte-carlo-untrimmed monte carlo deck (config=all) -- generated by sim/monte-carlo-untrimmed/run_mc_untrimmed.py, do not edit

Circuit: * monte-carlo-untrimmed monte carlo deck (config=all) -- generated by sim/monte-carlo-untrimmed/run_mc_untrimmed.py, do not edit

option SCALE: Scale is set to 1e-06 for instance and model parameters
option SCALE: Scale is set to 1e-06 for instance and model parameters
option SCALE: Scale is set to 1e-06 for instance and model parameters
option SCALE: Scale is set to 1e-06 for instance and model parameters
Doing analysis at TEMP = -40.000000 and TNOM = 27.000000

Using KLU as Direct Linear Solver

No. of Data Rows : 1
vout = 1.218206e+00
vgdrv = 1.992920e+00
Reset re-loads circuit * monte-carlo-untrimmed monte carlo deck (config=all) -- generated by sim/monte-carlo-untrimmed/run_mc_untrimmed.py, do not edit

Circuit: * monte-carlo-untrimmed monte carlo deck (config=all) -- generated by sim/monte-carlo-untrimmed/run_mc_untrimmed.py, do not edit

option SCALE: Scale is set to 1e-06 for instance and model parameters
option SCALE: Scale is set to 1e-06 for instance and model parameters
option SCALE: Scale is set to 1e-06 for instance and model parameters
option SCALE: Scale is set to 1e-06 for instance and model parameters
Doing analysis at TEMP = -40.000000 and TNOM = 27.000000

Using KLU as Direct Linear Solver

No. of Data Rows : 1
vout = 1.222894e+00
vgdrv = 1.991755e+00
Reset re-loads circuit * monte-carlo-untrimmed monte carlo deck (config=all) -- generated by sim/monte-carlo-untrimmed/run_mc_untrimmed.py, do not edit

Circuit: * monte-carlo-untrimmed monte carlo deck (config=all) -- generated by sim/monte-carlo-untrimmed/run_mc_untrimmed.py, do not edit

option SCALE: Scale is set to 1e-06 for instance and model parameters
option SCALE: Scale is set to 1e-06 for instance and model parameters
option SCALE: Scale is set to 1e-06 for instance and model parameters
option SCALE: Scale is set to 1e-06 for instance and model parameters
Doing analysis at TEMP = -40.000000 and TNOM = 27.000000

Using KLU as Direct Linear Solver

No. of Data Rows : 1
vout = 1.233307e+00
vgdrv = 1.986449e+00
Reset re-loads circuit * monte-carlo-untrimmed monte carlo deck (config=all) -- generated by sim/monte-carlo-untrimmed/run_mc_untrimmed.py, do not edit

Circuit: * monte-carlo-untrimmed monte carlo deck (config=all) -- generated by sim/monte-carlo-untrimmed/run_mc_untrimmed.py, do not edit

option SCALE: Scale is set to 1e-06 for instance and model parameters
option SCALE: Scale is set to 1e-06 for instance and model parameters
option SCALE: Scale is set to 1e-06 for instance and model parameters
option SCALE: Scale is set to 1e-06 for instance and model parameters
Doing analysis at TEMP = -40.000000 and TNOM = 27.000000

Using KLU as Direct Linear Solver

No. of Data Rows : 1
vout = 1.213017e+00
vgdrv = 1.988428e+00
Reset re-loads circuit * monte-carlo-untrimmed monte carlo deck (config=all) -- generated by sim/monte-carlo-untrimmed/run_mc_untrimmed.py, do not edit

Circuit: * monte-carlo-untrimmed monte carlo deck (config=all) -- generated by sim/monte-carlo-untrimmed/run_mc_untrimmed.py, do not edit

option SCALE: Scale is set to 1e-06 for instance and model parameters
option SCALE: Scale is set to 1e-06 for instance and model parameters
option SCALE: Scale is set to 1e-06 for instance and model parameters
option SCALE: Scale is set to 1e-06 for instance and model parameters
Doing analysis at TEMP = -40.000000 and TNOM = 27.000000

Using KLU as Direct Linear Solver

No. of Data Rows : 1
vout = 1.220605e+00
vgdrv = 1.991503e+00
Reset re-loads circuit * monte-carlo-untrimmed monte carlo deck (config=all) -- generated by sim/monte-carlo-untrimmed/run_mc_untrimmed.py, do not edit

Circuit: * monte-carlo-untrimmed monte carlo deck (config=all) -- generated by sim/monte-carlo-untrimmed/run_mc_untrimmed.py, do not edit

option SCALE: Scale is set to 1e-06 for instance and model parameters
option SCALE: Scale is set to 1e-06 for instance and model parameters
option SCALE: Scale is set to 1e-06 for instance and model parameters
option SCALE: Scale is set to 1e-06 for instance and model parameters
Doing analysis at TEMP = -40.000000 and TNOM = 27.000000

Using KLU as Direct Linear Solver

No. of Data Rows : 1
vout = 1.217131e+00
vgdrv = 1.991243e+00
Reset re-loads circuit * monte-carlo-untrimmed monte carlo deck (config=all) -- generated by sim/monte-carlo-untrimmed/run_mc_untrimmed.py, do not edit

Circuit: * monte-carlo-untrimmed monte carlo deck (config=all) -- generated by sim/monte-carlo-untrimmed/run_mc_untrimmed.py, do not edit

option SCALE: Scale is set to 1e-06 for instance and model parameters
option SCALE: Scale is set to 1e-06 for instance and model parameters
option SCALE: Scale is set to 1e-06 for instance and model parameters
option SCALE: Scale is set to 1e-06 for instance and model parameters
Doing analysis at TEMP = -40.000000 and TNOM = 27.000000

Using KLU as Direct Linear Solver
 Reference value :  0.00000e+00
No. of Data Rows : 1
vout = 1.212145e+00
vgdrv = 1.994825e+00
Reset re-loads circuit * monte-carlo-untrimmed monte carlo deck (config=all) -- generated by sim/monte-carlo-untrimmed/run_mc_untrimmed.py, do not edit

Circuit: * monte-carlo-untrimmed monte carlo deck (config=all) -- generated by sim/monte-carlo-untrimmed/run_mc_untrimmed.py, do not edit

option SCALE: Scale is set to 1e-06 for instance and model parameters
option SCALE: Scale is set to 1e-06 for instance and model parameters
option SCALE: Scale is set to 1e-06 for instance and model parameters
option SCALE: Scale is set to 1e-06 for instance and model parameters
Doing analysis at TEMP = -40.000000 and TNOM = 27.000000

Using KLU as Direct Linear Solver

No. of Data Rows : 1
vout = 1.214698e+00
vgdrv = 1.992554e+00
Reset re-loads circuit * monte-carlo-untrimmed monte carlo deck (config=all) -- generated by sim/monte-carlo-untrimmed/run_mc_untrimmed.py, do not edit

Circuit: * monte-carlo-untrimmed monte carlo deck (config=all) -- generated by sim/monte-carlo-untrimmed/run_mc_untrimmed.py, do not edit

option SCALE: Scale is set to 1e-06 for instance and model parameters
option SCALE: Scale is set to 1e-06 for instance and model parameters
option SCALE: Scale is set to 1e-06 for instance and model parameters
option SCALE: Scale is set to 1e-06 for instance and model parameters
Doing analysis at TEMP = -40.000000 and TNOM = 27.000000

Using KLU as Direct Linear Solver

No. of Data Rows : 1
vout = 5.630038e-01
vgdrv = 2.491990e+00
Reset re-loads circuit * monte-carlo-untrimmed monte carlo deck (config=all) -- generated by sim/monte-carlo-untrimmed/run_mc_untrimmed.py, do not edit

Circuit: * monte-carlo-untrimmed monte carlo deck (config=all) -- generated by sim/monte-carlo-untrimmed/run_mc_untrimmed.py, do not edit

option SCALE: Scale is set to 1e-06 for instance and model parameters
option SCALE: Scale is set to 1e-06 for instance and model parameters
option SCALE: Scale is set to 1e-06 for instance and model parameters
option SCALE: Scale is set to 1e-06 for instance and model parameters
Doing analysis at TEMP = -40.000000 and TNOM = 27.000000

Using KLU as Direct Linear Solver

No. of Data Rows : 1
vout = 1.209580e+00
vgdrv = 1.989944e+00
Reset re-loads circuit * monte-carlo-untrimmed monte carlo deck (config=all) -- generated by sim/monte-carlo-untrimmed/run_mc_untrimmed.py, do not edit

Circuit: * monte-carlo-untrimmed monte carlo deck (config=all) -- generated by sim/monte-carlo-untrimmed/run_mc_untrimmed.py, do not edit

option SCALE: Scale is set to 1e-06 for instance and model parameters
option SCALE: Scale is set to 1e-06 for instance and model parameters
option SCALE: Scale is set to 1e-06 for instance and model parameters
option SCALE: Scale is set to 1e-06 for instance and model parameters
Doing analysis at TEMP = -40.000000 and TNOM = 27.000000

Using KLU as Direct Linear Solver

No. of Data Rows : 1
vout = 1.221764e+00
vgdrv = 1.989667e+00
Reset re-loads circuit * monte-carlo-untrimmed monte carlo deck (config=all) -- generated by sim/monte-carlo-untrimmed/run_mc_untrimmed.py, do not edit

Circuit: * monte-carlo-untrimmed monte carlo deck (config=all) -- generated by sim/monte-carlo-untrimmed/run_mc_untrimmed.py, do not edit

option SCALE: Scale is set to 1e-06 for instance and model parameters
option SCALE: Scale is set to 1e-06 for instance and model parameters
option SCALE: Scale is set to 1e-06 for instance and model parameters
option SCALE: Scale is set to 1e-06 for instance and model parameters
Doing analysis at TEMP = -40.000000 and TNOM = 27.000000

Using KLU as Direct Linear Solver

No. of Data Rows : 1
vout = 1.221027e+00
vgdrv = 1.987923e+00
Reset re-loads circuit * monte-carlo-untrimmed monte carlo deck (config=all) -- generated by sim/monte-carlo-untrimmed/run_mc_untrimmed.py, do not edit

Circuit: * monte-carlo-untrimmed monte carlo deck (config=all) -- generated by sim/monte-carlo-untrimmed/run_mc_untrimmed.py, do not edit

option SCALE: Scale is set to 1e-06 for instance and model parameters
option SCALE: Scale is set to 1e-06 for instance and model parameters
option SCALE: Scale is set to 1e-06 for instance and model parameters
option SCALE: Scale is set to 1e-06 for instance and model parameters
Doing analysis at TEMP = -40.000000 and TNOM = 27.000000

Using KLU as Direct Linear Solver

No. of Data Rows : 1
vout = 1.216469e+00
vgdrv = 1.993157e+00
Reset re-loads circuit * monte-carlo-untrimmed monte carlo deck (config=all) -- generated by sim/monte-carlo-untrimmed/run_mc_untrimmed.py, do not edit

Circuit: * monte-carlo-untrimmed monte carlo deck (config=all) -- generated by sim/monte-carlo-untrimmed/run_mc_untrimmed.py, do not edit

option SCALE: Scale is set to 1e-06 for instance and model parameters
option SCALE: Scale is set to 1e-06 for instance and model parameters
option SCALE: Scale is set to 1e-06 for instance and model parameters
option SCALE: Scale is set to 1e-06 for instance and model parameters
Doing analysis at TEMP = -40.000000 and TNOM = 27.000000

Using KLU as Direct Linear Solver
 Reference value :  0.00000e+00
No. of Data Rows : 1
vout = 5.345999e-01
vgdrv = 2.523863e+00
Reset re-loads circuit * monte-carlo-untrimmed monte carlo deck (config=all) -- generated by sim/monte-carlo-untrimmed/run_mc_untrimmed.py, do not edit

Circuit: * monte-carlo-untrimmed monte carlo deck (config=all) -- generated by sim/monte-carlo-untrimmed/run_mc_untrimmed.py, do not edit

option SCALE: Scale is set to 1e-06 for instance and model parameters
option SCALE: Scale is set to 1e-06 for instance and model parameters
option SCALE: Scale is set to 1e-06 for instance and model parameters
option SCALE: Scale is set to 1e-06 for instance and model parameters
Doing analysis at TEMP = -40.000000 and TNOM = 27.000000

Using KLU as Direct Linear Solver

No. of Data Rows : 1
vout = 1.224367e+00
vgdrv = 1.989682e+00
Reset re-loads circuit * monte-carlo-untrimmed monte carlo deck (config=all) -- generated by sim/monte-carlo-untrimmed/run_mc_untrimmed.py, do not edit

Circuit: * monte-carlo-untrimmed monte carlo deck (config=all) -- generated by sim/monte-carlo-untrimmed/run_mc_untrimmed.py, do not edit

option SCALE: Scale is set to 1e-06 for instance and model parameters
option SCALE: Scale is set to 1e-06 for instance and model parameters
option SCALE: Scale is set to 1e-06 for instance and model parameters
option SCALE: Scale is set to 1e-06 for instance and model parameters
Doing analysis at TEMP = -40.000000 and TNOM = 27.000000

Using KLU as Direct Linear Solver

No. of Data Rows : 1
vout = 1.228429e+00
vgdrv = 1.987619e+00
Reset re-loads circuit * monte-carlo-untrimmed monte carlo deck (config=all) -- generated by sim/monte-carlo-untrimmed/run_mc_untrimmed.py, do not edit

Circuit: * monte-carlo-untrimmed monte carlo deck (config=all) -- generated by sim/monte-carlo-untrimmed/run_mc_untrimmed.py, do not edit

option SCALE: Scale is set to 1e-06 for instance and model parameters
option SCALE: Scale is set to 1e-06 for instance and model parameters
option SCALE: Scale is set to 1e-06 for instance and model parameters
option SCALE: Scale is set to 1e-06 for instance and model parameters
Doing analysis at TEMP = -40.000000 and TNOM = 27.000000

Using KLU as Direct Linear Solver

No. of Data Rows : 1
vout = 1.224249e+00
vgdrv = 1.990482e+00
Reset re-loads circuit * monte-carlo-untrimmed monte carlo deck (config=all) -- generated by sim/monte-carlo-untrimmed/run_mc_untrimmed.py, do not edit

Circuit: * monte-carlo-untrimmed monte carlo deck (config=all) -- generated by sim/monte-carlo-untrimmed/run_mc_untrimmed.py, do not edit

option SCALE: Scale is set to 1e-06 for instance and model parameters
option SCALE: Scale is set to 1e-06 for instance and model parameters
option SCALE: Scale is set to 1e-06 for instance and model parameters
option SCALE: Scale is set to 1e-06 for instance and model parameters
Doing analysis at TEMP = -40.000000 and TNOM = 27.000000

Using KLU as Direct Linear Solver

No. of Data Rows : 1
vout = 1.220968e+00
vgdrv = 1.989604e+00
Reset re-loads circuit * monte-carlo-untrimmed monte carlo deck (config=all) -- generated by sim/monte-carlo-untrimmed/run_mc_untrimmed.py, do not edit

Circuit: * monte-carlo-untrimmed monte carlo deck (config=all) -- generated by sim/monte-carlo-untrimmed/run_mc_untrimmed.py, do not edit

option SCALE: Scale is set to 1e-06 for instance and model parameters
option SCALE: Scale is set to 1e-06 for instance and model parameters
option SCALE: Scale is set to 1e-06 for instance and model parameters
option SCALE: Scale is set to 1e-06 for instance and model parameters
Doing analysis at TEMP = -40.000000 and TNOM = 27.000000

Using KLU as Direct Linear Solver

No. of Data Rows : 1
vout = 1.228653e+00
vgdrv = 1.990037e+00
Reset re-loads circuit * monte-carlo-untrimmed monte carlo deck (config=all) -- generated by sim/monte-carlo-untrimmed/run_mc_untrimmed.py, do not edit

Circuit: * monte-carlo-untrimmed monte carlo deck (config=all) -- generated by sim/monte-carlo-untrimmed/run_mc_untrimmed.py, do not edit

option SCALE: Scale is set to 1e-06 for instance and model parameters
option SCALE: Scale is set to 1e-06 for instance and model parameters
option SCALE: Scale is set to 1e-06 for instance and model parameters
option SCALE: Scale is set to 1e-06 for instance and model parameters
Doing analysis at TEMP = -40.000000 and TNOM = 27.000000

Using KLU as Direct Linear Solver
 Reference value :  0.00000e+00
No. of Data Rows : 1
vout = 5.407701e-01
vgdrv = 2.517842e+00
Reset re-loads circuit * monte-carlo-untrimmed monte carlo deck (config=all) -- generated by sim/monte-carlo-untrimmed/run_mc_untrimmed.py, do not edit

Circuit: * monte-carlo-untrimmed monte carlo deck (config=all) -- generated by sim/monte-carlo-untrimmed/run_mc_untrimmed.py, do not edit

option SCALE: Scale is set to 1e-06 for instance and model parameters
option SCALE: Scale is set to 1e-06 for instance and model parameters
option SCALE: Scale is set to 1e-06 for instance and model parameters
option SCALE: Scale is set to 1e-06 for instance and model parameters
Doing analysis at TEMP = -40.000000 and TNOM = 27.000000

Using KLU as Direct Linear Solver

No. of Data Rows : 1
vout = 1.210393e+00
vgdrv = 1.997325e+00
Reset re-loads circuit * monte-carlo-untrimmed monte carlo deck (config=all) -- generated by sim/monte-carlo-untrimmed/run_mc_untrimmed.py, do not edit

Circuit: * monte-carlo-untrimmed monte carlo deck (config=all) -- generated by sim/monte-carlo-untrimmed/run_mc_untrimmed.py, do not edit

option SCALE: Scale is set to 1e-06 for instance and model parameters
option SCALE: Scale is set to 1e-06 for instance and model parameters
option SCALE: Scale is set to 1e-06 for instance and model parameters
option SCALE: Scale is set to 1e-06 for instance and model parameters
Doing analysis at TEMP = -40.000000 and TNOM = 27.000000

Using KLU as Direct Linear Solver

No. of Data Rows : 1
vout = 1.211463e+00
vgdrv = 1.992376e+00
Reset re-loads circuit * monte-carlo-untrimmed monte carlo deck (config=all) -- generated by sim/monte-carlo-untrimmed/run_mc_untrimmed.py, do not edit

Circuit: * monte-carlo-untrimmed monte carlo deck (config=all) -- generated by sim/monte-carlo-untrimmed/run_mc_untrimmed.py, do not edit

option SCALE: Scale is set to 1e-06 for instance and model parameters
option SCALE: Scale is set to 1e-06 for instance and model parameters
option SCALE: Scale is set to 1e-06 for instance and model parameters
option SCALE: Scale is set to 1e-06 for instance and model parameters
Doing analysis at TEMP = -40.000000 and TNOM = 27.000000

Using KLU as Direct Linear Solver

No. of Data Rows : 1
vout = 1.221700e+00
vgdrv = 1.990397e+00
Reset re-loads circuit * monte-carlo-untrimmed monte carlo deck (config=all) -- generated by sim/monte-carlo-untrimmed/run_mc_untrimmed.py, do not edit

Circuit: * monte-carlo-untrimmed monte carlo deck (config=all) -- generated by sim/monte-carlo-untrimmed/run_mc_untrimmed.py, do not edit

option SCALE: Scale is set to 1e-06 for instance and model parameters
option SCALE: Scale is set to 1e-06 for instance and model parameters
option SCALE: Scale is set to 1e-06 for instance and model parameters
option SCALE: Scale is set to 1e-06 for instance and model parameters
Doing analysis at TEMP = -40.000000 and TNOM = 27.000000

Using KLU as Direct Linear Solver

No. of Data Rows : 1
vout = 1.216220e+00
vgdrv = 1.991176e+00
Reset re-loads circuit * monte-carlo-untrimmed monte carlo deck (config=all) -- generated by sim/monte-carlo-untrimmed/run_mc_untrimmed.py, do not edit

Circuit: * monte-carlo-untrimmed monte carlo deck (config=all) -- generated by sim/monte-carlo-untrimmed/run_mc_untrimmed.py, do not edit

option SCALE: Scale is set to 1e-06 for instance and model parameters
option SCALE: Scale is set to 1e-06 for instance and model parameters
option SCALE: Scale is set to 1e-06 for instance and model parameters
option SCALE: Scale is set to 1e-06 for instance and model parameters
Doing analysis at TEMP = -40.000000 and TNOM = 27.000000

Using KLU as Direct Linear Solver

No. of Data Rows : 1
vout = 1.225000e+00
vgdrv = 1.989789e+00
Reset re-loads circuit * monte-carlo-untrimmed monte carlo deck (config=all) -- generated by sim/monte-carlo-untrimmed/run_mc_untrimmed.py, do not edit

Circuit: * monte-carlo-untrimmed monte carlo deck (config=all) -- generated by sim/monte-carlo-untrimmed/run_mc_untrimmed.py, do not edit

option SCALE: Scale is set to 1e-06 for instance and model parameters
option SCALE: Scale is set to 1e-06 for instance and model parameters
option SCALE: Scale is set to 1e-06 for instance and model parameters
option SCALE: Scale is set to 1e-06 for instance and model parameters
Doing analysis at TEMP = -40.000000 and TNOM = 27.000000

Using KLU as Direct Linear Solver
 Reference value :  0.00000e+00
No. of Data Rows : 1
vout = 1.209385e+00
vgdrv = 1.996416e+00
Reset re-loads circuit * monte-carlo-untrimmed monte carlo deck (config=all) -- generated by sim/monte-carlo-untrimmed/run_mc_untrimmed.py, do not edit

Circuit: * monte-carlo-untrimmed monte carlo deck (config=all) -- generated by sim/monte-carlo-untrimmed/run_mc_untrimmed.py, do not edit

option SCALE: Scale is set to 1e-06 for instance and model parameters
option SCALE: Scale is set to 1e-06 for instance and model parameters
option SCALE: Scale is set to 1e-06 for instance and model parameters
option SCALE: Scale is set to 1e-06 for instance and model parameters
Doing analysis at TEMP = -40.000000 and TNOM = 27.000000

Using KLU as Direct Linear Solver

No. of Data Rows : 1
vout = 5.298023e-01
vgdrv = 2.531040e+00
Reset re-loads circuit * monte-carlo-untrimmed monte carlo deck (config=all) -- generated by sim/monte-carlo-untrimmed/run_mc_untrimmed.py, do not edit

Circuit: * monte-carlo-untrimmed monte carlo deck (config=all) -- generated by sim/monte-carlo-untrimmed/run_mc_untrimmed.py, do not edit

option SCALE: Scale is set to 1e-06 for instance and model parameters
option SCALE: Scale is set to 1e-06 for instance and model parameters
option SCALE: Scale is set to 1e-06 for instance and model parameters
option SCALE: Scale is set to 1e-06 for instance and model parameters
Doing analysis at TEMP = -40.000000 and TNOM = 27.000000

Using KLU as Direct Linear Solver

No. of Data Rows : 1
vout = 4.698124e-01
vgdrv = 2.587744e+00
Reset re-loads circuit * monte-carlo-untrimmed monte carlo deck (config=all) -- generated by sim/monte-carlo-untrimmed/run_mc_untrimmed.py, do not edit

Circuit: * monte-carlo-untrimmed monte carlo deck (config=all) -- generated by sim/monte-carlo-untrimmed/run_mc_untrimmed.py, do not edit

option SCALE: Scale is set to 1e-06 for instance and model parameters
option SCALE: Scale is set to 1e-06 for instance and model parameters
option SCALE: Scale is set to 1e-06 for instance and model parameters
option SCALE: Scale is set to 1e-06 for instance and model parameters
Doing analysis at TEMP = -40.000000 and TNOM = 27.000000

Using KLU as Direct Linear Solver

No. of Data Rows : 1
vout = 1.227055e+00
vgdrv = 1.987869e+00
Reset re-loads circuit * monte-carlo-untrimmed monte carlo deck (config=all) -- generated by sim/monte-carlo-untrimmed/run_mc_untrimmed.py, do not edit

Circuit: * monte-carlo-untrimmed monte carlo deck (config=all) -- generated by sim/monte-carlo-untrimmed/run_mc_untrimmed.py, do not edit

option SCALE: Scale is set to 1e-06 for instance and model parameters
option SCALE: Scale is set to 1e-06 for instance and model parameters
option SCALE: Scale is set to 1e-06 for instance and model parameters
option SCALE: Scale is set to 1e-06 for instance and model parameters
Doing analysis at TEMP = -40.000000 and TNOM = 27.000000

Using KLU as Direct Linear Solver

No. of Data Rows : 1
vout = 5.332581e-01
vgdrv = 2.525671e+00
Reset re-loads circuit * monte-carlo-untrimmed monte carlo deck (config=all) -- generated by sim/monte-carlo-untrimmed/run_mc_untrimmed.py, do not edit

Circuit: * monte-carlo-untrimmed monte carlo deck (config=all) -- generated by sim/monte-carlo-untrimmed/run_mc_untrimmed.py, do not edit

option SCALE: Scale is set to 1e-06 for instance and model parameters
option SCALE: Scale is set to 1e-06 for instance and model parameters
option SCALE: Scale is set to 1e-06 for instance and model parameters
option SCALE: Scale is set to 1e-06 for instance and model parameters
Doing analysis at TEMP = -40.000000 and TNOM = 27.000000

Using KLU as Direct Linear Solver

No. of Data Rows : 1
vout = 1.211485e+00
vgdrv = 1.994048e+00
Reset re-loads circuit * monte-carlo-untrimmed monte carlo deck (config=all) -- generated by sim/monte-carlo-untrimmed/run_mc_untrimmed.py, do not edit

Circuit: * monte-carlo-untrimmed monte carlo deck (config=all) -- generated by sim/monte-carlo-untrimmed/run_mc_untrimmed.py, do not edit

option SCALE: Scale is set to 1e-06 for instance and model parameters
option SCALE: Scale is set to 1e-06 for instance and model parameters
option SCALE: Scale is set to 1e-06 for instance and model parameters
option SCALE: Scale is set to 1e-06 for instance and model parameters
Doing analysis at TEMP = -40.000000 and TNOM = 27.000000

Using KLU as Direct Linear Solver
 Reference value :  0.00000e+00
No. of Data Rows : 1
vout = 1.224819e+00
vgdrv = 1.990451e+00
Reset re-loads circuit * monte-carlo-untrimmed monte carlo deck (config=all) -- generated by sim/monte-carlo-untrimmed/run_mc_untrimmed.py, do not edit

Circuit: * monte-carlo-untrimmed monte carlo deck (config=all) -- generated by sim/monte-carlo-untrimmed/run_mc_untrimmed.py, do not edit

option SCALE: Scale is set to 1e-06 for instance and model parameters
option SCALE: Scale is set to 1e-06 for instance and model parameters
option SCALE: Scale is set to 1e-06 for instance and model parameters
option SCALE: Scale is set to 1e-06 for instance and model parameters
Doing analysis at TEMP = -40.000000 and TNOM = 27.000000

Using KLU as Direct Linear Solver

No. of Data Rows : 1
vout = 1.221311e+00
vgdrv = 1.993268e+00
Reset re-loads circuit * monte-carlo-untrimmed monte carlo deck (config=all) -- generated by sim/monte-carlo-untrimmed/run_mc_untrimmed.py, do not edit

Circuit: * monte-carlo-untrimmed monte carlo deck (config=all) -- generated by sim/monte-carlo-untrimmed/run_mc_untrimmed.py, do not edit

option SCALE: Scale is set to 1e-06 for instance and model parameters
option SCALE: Scale is set to 1e-06 for instance and model parameters
option SCALE: Scale is set to 1e-06 for instance and model parameters
option SCALE: Scale is set to 1e-06 for instance and model parameters
Doing analysis at TEMP = -40.000000 and TNOM = 27.000000

Using KLU as Direct Linear Solver

No. of Data Rows : 1
vout = 1.224849e+00
vgdrv = 1.990078e+00
Reset re-loads circuit * monte-carlo-untrimmed monte carlo deck (config=all) -- generated by sim/monte-carlo-untrimmed/run_mc_untrimmed.py, do not edit

Circuit: * monte-carlo-untrimmed monte carlo deck (config=all) -- generated by sim/monte-carlo-untrimmed/run_mc_untrimmed.py, do not edit

option SCALE: Scale is set to 1e-06 for instance and model parameters
option SCALE: Scale is set to 1e-06 for instance and model parameters
option SCALE: Scale is set to 1e-06 for instance and model parameters
option SCALE: Scale is set to 1e-06 for instance and model parameters
Doing analysis at TEMP = -40.000000 and TNOM = 27.000000

Using KLU as Direct Linear Solver

No. of Data Rows : 1
vout = 5.128526e-01
vgdrv = 2.548424e+00
Reset re-loads circuit * monte-carlo-untrimmed monte carlo deck (config=all) -- generated by sim/monte-carlo-untrimmed/run_mc_untrimmed.py, do not edit

Circuit: * monte-carlo-untrimmed monte carlo deck (config=all) -- generated by sim/monte-carlo-untrimmed/run_mc_untrimmed.py, do not edit

option SCALE: Scale is set to 1e-06 for instance and model parameters
option SCALE: Scale is set to 1e-06 for instance and model parameters
option SCALE: Scale is set to 1e-06 for instance and model parameters
option SCALE: Scale is set to 1e-06 for instance and model parameters
Doing analysis at TEMP = -40.000000 and TNOM = 27.000000

Using KLU as Direct Linear Solver

No. of Data Rows : 1
vout = 1.222332e+00
vgdrv = 1.994298e+00
Reset re-loads circuit * monte-carlo-untrimmed monte carlo deck (config=all) -- generated by sim/monte-carlo-untrimmed/run_mc_untrimmed.py, do not edit

Circuit: * monte-carlo-untrimmed monte carlo deck (config=all) -- generated by sim/monte-carlo-untrimmed/run_mc_untrimmed.py, do not edit

option SCALE: Scale is set to 1e-06 for instance and model parameters
option SCALE: Scale is set to 1e-06 for instance and model parameters
option SCALE: Scale is set to 1e-06 for instance and model parameters
option SCALE: Scale is set to 1e-06 for instance and model parameters
Doing analysis at TEMP = -40.000000 and TNOM = 27.000000

Using KLU as Direct Linear Solver

No. of Data Rows : 1
vout = 5.212232e-01
vgdrv = 2.540304e+00
Reset re-loads circuit * monte-carlo-untrimmed monte carlo deck (config=all) -- generated by sim/monte-carlo-untrimmed/run_mc_untrimmed.py, do not edit

Circuit: * monte-carlo-untrimmed monte carlo deck (config=all) -- generated by sim/monte-carlo-untrimmed/run_mc_untrimmed.py, do not edit

option SCALE: Scale is set to 1e-06 for instance and model parameters
option SCALE: Scale is set to 1e-06 for instance and model parameters
option SCALE: Scale is set to 1e-06 for instance and model parameters
option SCALE: Scale is set to 1e-06 for instance and model parameters
Doing analysis at TEMP = -40.000000 and TNOM = 27.000000

Using KLU as Direct Linear Solver
 Reference value :  0.00000e+00
No. of Data Rows : 1
vout = 1.222958e+00
vgdrv = 1.991624e+00
Reset re-loads circuit * monte-carlo-untrimmed monte carlo deck (config=all) -- generated by sim/monte-carlo-untrimmed/run_mc_untrimmed.py, do not edit

Circuit: * monte-carlo-untrimmed monte carlo deck (config=all) -- generated by sim/monte-carlo-untrimmed/run_mc_untrimmed.py, do not edit

option SCALE: Scale is set to 1e-06 for instance and model parameters
option SCALE: Scale is set to 1e-06 for instance and model parameters
option SCALE: Scale is set to 1e-06 for instance and model parameters
option SCALE: Scale is set to 1e-06 for instance and model parameters
Doing analysis at TEMP = -40.000000 and TNOM = 27.000000

Using KLU as Direct Linear Solver

No. of Data Rows : 1
vout = 1.226750e+00
vgdrv = 1.988117e+00
Reset re-loads circuit * monte-carlo-untrimmed monte carlo deck (config=all) -- generated by sim/monte-carlo-untrimmed/run_mc_untrimmed.py, do not edit

Circuit: * monte-carlo-untrimmed monte carlo deck (config=all) -- generated by sim/monte-carlo-untrimmed/run_mc_untrimmed.py, do not edit

option SCALE: Scale is set to 1e-06 for instance and model parameters
option SCALE: Scale is set to 1e-06 for instance and model parameters
option SCALE: Scale is set to 1e-06 for instance and model parameters
option SCALE: Scale is set to 1e-06 for instance and model parameters
Doing analysis at TEMP = -40.000000 and TNOM = 27.000000

Using KLU as Direct Linear Solver

No. of Data Rows : 1
vout = 1.220021e+00
vgdrv = 1.990305e+00
Reset re-loads circuit * monte-carlo-untrimmed monte carlo deck (config=all) -- generated by sim/monte-carlo-untrimmed/run_mc_untrimmed.py, do not edit

Circuit: * monte-carlo-untrimmed monte carlo deck (config=all) -- generated by sim/monte-carlo-untrimmed/run_mc_untrimmed.py, do not edit

option SCALE: Scale is set to 1e-06 for instance and model parameters
option SCALE: Scale is set to 1e-06 for instance and model parameters
option SCALE: Scale is set to 1e-06 for instance and model parameters
option SCALE: Scale is set to 1e-06 for instance and model parameters
Doing analysis at TEMP = -40.000000 and TNOM = 27.000000

Using KLU as Direct Linear Solver

No. of Data Rows : 1
vout = 1.213769e+00
vgdrv = 1.993810e+00
Reset re-loads circuit * monte-carlo-untrimmed monte carlo deck (config=all) -- generated by sim/monte-carlo-untrimmed/run_mc_untrimmed.py, do not edit

Circuit: * monte-carlo-untrimmed monte carlo deck (config=all) -- generated by sim/monte-carlo-untrimmed/run_mc_untrimmed.py, do not edit

option SCALE: Scale is set to 1e-06 for instance and model parameters
option SCALE: Scale is set to 1e-06 for instance and model parameters
option SCALE: Scale is set to 1e-06 for instance and model parameters
option SCALE: Scale is set to 1e-06 for instance and model parameters
Doing analysis at TEMP = -40.000000 and TNOM = 27.000000

Using KLU as Direct Linear Solver

No. of Data Rows : 1
vout = 4.938878e-01
vgdrv = 2.566559e+00
Reset re-loads circuit * monte-carlo-untrimmed monte carlo deck (config=all) -- generated by sim/monte-carlo-untrimmed/run_mc_untrimmed.py, do not edit

Circuit: * monte-carlo-untrimmed monte carlo deck (config=all) -- generated by sim/monte-carlo-untrimmed/run_mc_untrimmed.py, do not edit

option SCALE: Scale is set to 1e-06 for instance and model parameters
option SCALE: Scale is set to 1e-06 for instance and model parameters
option SCALE: Scale is set to 1e-06 for instance and model parameters
option SCALE: Scale is set to 1e-06 for instance and model parameters
Doing analysis at TEMP = -40.000000 and TNOM = 27.000000

Using KLU as Direct Linear Solver

No. of Data Rows : 1
vout = 1.198593e+00
vgdrv = 1.993576e+00
Reset re-loads circuit * monte-carlo-untrimmed monte carlo deck (config=all) -- generated by sim/monte-carlo-untrimmed/run_mc_untrimmed.py, do not edit

Circuit: * monte-carlo-untrimmed monte carlo deck (config=all) -- generated by sim/monte-carlo-untrimmed/run_mc_untrimmed.py, do not edit

option SCALE: Scale is set to 1e-06 for instance and model parameters
option SCALE: Scale is set to 1e-06 for instance and model parameters
option SCALE: Scale is set to 1e-06 for instance and model parameters
option SCALE: Scale is set to 1e-06 for instance and model parameters
Doing analysis at TEMP = -40.000000 and TNOM = 27.000000

Using KLU as Direct Linear Solver
 Reference value :  0.00000e+00
No. of Data Rows : 1
vout = 1.216426e+00
vgdrv = 1.995351e+00
Reset re-loads circuit * monte-carlo-untrimmed monte carlo deck (config=all) -- generated by sim/monte-carlo-untrimmed/run_mc_untrimmed.py, do not edit

Circuit: * monte-carlo-untrimmed monte carlo deck (config=all) -- generated by sim/monte-carlo-untrimmed/run_mc_untrimmed.py, do not edit

option SCALE: Scale is set to 1e-06 for instance and model parameters
option SCALE: Scale is set to 1e-06 for instance and model parameters
option SCALE: Scale is set to 1e-06 for instance and model parameters
option SCALE: Scale is set to 1e-06 for instance and model parameters
Doing analysis at TEMP = -40.000000 and TNOM = 27.000000

Using KLU as Direct Linear Solver

No. of Data Rows : 1
vout = 1.230096e+00
vgdrv = 1.989208e+00
Reset re-loads circuit * monte-carlo-untrimmed monte carlo deck (config=all) -- generated by sim/monte-carlo-untrimmed/run_mc_untrimmed.py, do not edit

Circuit: * monte-carlo-untrimmed monte carlo deck (config=all) -- generated by sim/monte-carlo-untrimmed/run_mc_untrimmed.py, do not edit

option SCALE: Scale is set to 1e-06 for instance and model parameters
option SCALE: Scale is set to 1e-06 for instance and model parameters
option SCALE: Scale is set to 1e-06 for instance and model parameters
option SCALE: Scale is set to 1e-06 for instance and model parameters
Doing analysis at TEMP = -40.000000 and TNOM = 27.000000

Using KLU as Direct Linear Solver

No. of Data Rows : 1
vout = 1.204007e+00
vgdrv = 1.991406e+00
Reset re-loads circuit * monte-carlo-untrimmed monte carlo deck (config=all) -- generated by sim/monte-carlo-untrimmed/run_mc_untrimmed.py, do not edit

Circuit: * monte-carlo-untrimmed monte carlo deck (config=all) -- generated by sim/monte-carlo-untrimmed/run_mc_untrimmed.py, do not edit

option SCALE: Scale is set to 1e-06 for instance and model parameters
option SCALE: Scale is set to 1e-06 for instance and model parameters
option SCALE: Scale is set to 1e-06 for instance and model parameters
option SCALE: Scale is set to 1e-06 for instance and model parameters
Doing analysis at TEMP = -40.000000 and TNOM = 27.000000

Using KLU as Direct Linear Solver

No. of Data Rows : 1
vout = 1.218168e+00
vgdrv = 1.987729e+00
Reset re-loads circuit * monte-carlo-untrimmed monte carlo deck (config=all) -- generated by sim/monte-carlo-untrimmed/run_mc_untrimmed.py, do not edit

Circuit: * monte-carlo-untrimmed monte carlo deck (config=all) -- generated by sim/monte-carlo-untrimmed/run_mc_untrimmed.py, do not edit

option SCALE: Scale is set to 1e-06 for instance and model parameters
option SCALE: Scale is set to 1e-06 for instance and model parameters
option SCALE: Scale is set to 1e-06 for instance and model parameters
option SCALE: Scale is set to 1e-06 for instance and model parameters
Doing analysis at TEMP = -40.000000 and TNOM = 27.000000

Using KLU as Direct Linear Solver

No. of Data Rows : 1
vout = 1.225506e+00
vgdrv = 1.986828e+00
Reset re-loads circuit * monte-carlo-untrimmed monte carlo deck (config=all) -- generated by sim/monte-carlo-untrimmed/run_mc_untrimmed.py, do not edit

Circuit: * monte-carlo-untrimmed monte carlo deck (config=all) -- generated by sim/monte-carlo-untrimmed/run_mc_untrimmed.py, do not edit

option SCALE: Scale is set to 1e-06 for instance and model parameters
option SCALE: Scale is set to 1e-06 for instance and model parameters
option SCALE: Scale is set to 1e-06 for instance and model parameters
option SCALE: Scale is set to 1e-06 for instance and model parameters
Doing analysis at TEMP = -40.000000 and TNOM = 27.000000

Using KLU as Direct Linear Solver

No. of Data Rows : 1
vout = 1.222543e+00
vgdrv = 1.992784e+00
Reset re-loads circuit * monte-carlo-untrimmed monte carlo deck (config=all) -- generated by sim/monte-carlo-untrimmed/run_mc_untrimmed.py, do not edit

Circuit: * monte-carlo-untrimmed monte carlo deck (config=all) -- generated by sim/monte-carlo-untrimmed/run_mc_untrimmed.py, do not edit

option SCALE: Scale is set to 1e-06 for instance and model parameters
option SCALE: Scale is set to 1e-06 for instance and model parameters
option SCALE: Scale is set to 1e-06 for instance and model parameters
option SCALE: Scale is set to 1e-06 for instance and model parameters
Doing analysis at TEMP = -40.000000 and TNOM = 27.000000

Using KLU as Direct Linear Solver
 Reference value :  0.00000e+00
No. of Data Rows : 1
vout = 1.226544e+00
vgdrv = 1.987812e+00
Reset re-loads circuit * monte-carlo-untrimmed monte carlo deck (config=all) -- generated by sim/monte-carlo-untrimmed/run_mc_untrimmed.py, do not edit

Circuit: * monte-carlo-untrimmed monte carlo deck (config=all) -- generated by sim/monte-carlo-untrimmed/run_mc_untrimmed.py, do not edit

option SCALE: Scale is set to 1e-06 for instance and model parameters
option SCALE: Scale is set to 1e-06 for instance and model parameters
option SCALE: Scale is set to 1e-06 for instance and model parameters
option SCALE: Scale is set to 1e-06 for instance and model parameters
Doing analysis at TEMP = -40.000000 and TNOM = 27.000000

Using KLU as Direct Linear Solver

No. of Data Rows : 1
vout = 5.293215e-01
vgdrv = 2.530508e+00
Reset re-loads circuit * monte-carlo-untrimmed monte carlo deck (config=all) -- generated by sim/monte-carlo-untrimmed/run_mc_untrimmed.py, do not edit

Circuit: * monte-carlo-untrimmed monte carlo deck (config=all) -- generated by sim/monte-carlo-untrimmed/run_mc_untrimmed.py, do not edit

option SCALE: Scale is set to 1e-06 for instance and model parameters
option SCALE: Scale is set to 1e-06 for instance and model parameters
option SCALE: Scale is set to 1e-06 for instance and model parameters
option SCALE: Scale is set to 1e-06 for instance and model parameters
Doing analysis at TEMP = -40.000000 and TNOM = 27.000000

Using KLU as Direct Linear Solver

No. of Data Rows : 1
vout = 1.221283e+00
vgdrv = 1.989823e+00
Reset re-loads circuit * monte-carlo-untrimmed monte carlo deck (config=all) -- generated by sim/monte-carlo-untrimmed/run_mc_untrimmed.py, do not edit

Circuit: * monte-carlo-untrimmed monte carlo deck (config=all) -- generated by sim/monte-carlo-untrimmed/run_mc_untrimmed.py, do not edit

option SCALE: Scale is set to 1e-06 for instance and model parameters
option SCALE: Scale is set to 1e-06 for instance and model parameters
option SCALE: Scale is set to 1e-06 for instance and model parameters
option SCALE: Scale is set to 1e-06 for instance and model parameters
Doing analysis at TEMP = -40.000000 and TNOM = 27.000000

Using KLU as Direct Linear Solver

No. of Data Rows : 1
vout = 1.217886e+00
vgdrv = 1.990728e+00
Reset re-loads circuit * monte-carlo-untrimmed monte carlo deck (config=all) -- generated by sim/monte-carlo-untrimmed/run_mc_untrimmed.py, do not edit

Circuit: * monte-carlo-untrimmed monte carlo deck (config=all) -- generated by sim/monte-carlo-untrimmed/run_mc_untrimmed.py, do not edit

option SCALE: Scale is set to 1e-06 for instance and model parameters
option SCALE: Scale is set to 1e-06 for instance and model parameters
option SCALE: Scale is set to 1e-06 for instance and model parameters
option SCALE: Scale is set to 1e-06 for instance and model parameters
Doing analysis at TEMP = -40.000000 and TNOM = 27.000000

Using KLU as Direct Linear Solver

No. of Data Rows : 1
vout = 1.211280e+00
vgdrv = 1.995122e+00
Reset re-loads circuit * monte-carlo-untrimmed monte carlo deck (config=all) -- generated by sim/monte-carlo-untrimmed/run_mc_untrimmed.py, do not edit

Circuit: * monte-carlo-untrimmed monte carlo deck (config=all) -- generated by sim/monte-carlo-untrimmed/run_mc_untrimmed.py, do not edit

option SCALE: Scale is set to 1e-06 for instance and model parameters
option SCALE: Scale is set to 1e-06 for instance and model parameters
option SCALE: Scale is set to 1e-06 for instance and model parameters
option SCALE: Scale is set to 1e-06 for instance and model parameters
Doing analysis at TEMP = -40.000000 and TNOM = 27.000000

Using KLU as Direct Linear Solver

No. of Data Rows : 1
vout = 1.209837e+00
vgdrv = 1.992490e+00
Reset re-loads circuit * monte-carlo-untrimmed monte carlo deck (config=all) -- generated by sim/monte-carlo-untrimmed/run_mc_untrimmed.py, do not edit

Circuit: * monte-carlo-untrimmed monte carlo deck (config=all) -- generated by sim/monte-carlo-untrimmed/run_mc_untrimmed.py, do not edit

option SCALE: Scale is set to 1e-06 for instance and model parameters
option SCALE: Scale is set to 1e-06 for instance and model parameters
option SCALE: Scale is set to 1e-06 for instance and model parameters
option SCALE: Scale is set to 1e-06 for instance and model parameters
Doing analysis at TEMP = -40.000000 and TNOM = 27.000000

Using KLU as Direct Linear Solver
 Reference value :  0.00000e+00
No. of Data Rows : 1
vout = 1.207826e+00
vgdrv = 1.994440e+00
Reset re-loads circuit * monte-carlo-untrimmed monte carlo deck (config=all) -- generated by sim/monte-carlo-untrimmed/run_mc_untrimmed.py, do not edit

Circuit: * monte-carlo-untrimmed monte carlo deck (config=all) -- generated by sim/monte-carlo-untrimmed/run_mc_untrimmed.py, do not edit

option SCALE: Scale is set to 1e-06 for instance and model parameters
option SCALE: Scale is set to 1e-06 for instance and model parameters
option SCALE: Scale is set to 1e-06 for instance and model parameters
option SCALE: Scale is set to 1e-06 for instance and model parameters
Doing analysis at TEMP = -40.000000 and TNOM = 27.000000

Using KLU as Direct Linear Solver

No. of Data Rows : 1
vout = 1.216603e+00
vgdrv = 1.992707e+00
Reset re-loads circuit * monte-carlo-untrimmed monte carlo deck (config=all) -- generated by sim/monte-carlo-untrimmed/run_mc_untrimmed.py, do not edit

Circuit: * monte-carlo-untrimmed monte carlo deck (config=all) -- generated by sim/monte-carlo-untrimmed/run_mc_untrimmed.py, do not edit

option SCALE: Scale is set to 1e-06 for instance and model parameters
option SCALE: Scale is set to 1e-06 for instance and model parameters
option SCALE: Scale is set to 1e-06 for instance and model parameters
option SCALE: Scale is set to 1e-06 for instance and model parameters
Doing analysis at TEMP = -40.000000 and TNOM = 27.000000

Using KLU as Direct Linear Solver

No. of Data Rows : 1
vout = 1.223627e+00
vgdrv = 1.988839e+00
Reset re-loads circuit * monte-carlo-untrimmed monte carlo deck (config=all) -- generated by sim/monte-carlo-untrimmed/run_mc_untrimmed.py, do not edit

Circuit: * monte-carlo-untrimmed monte carlo deck (config=all) -- generated by sim/monte-carlo-untrimmed/run_mc_untrimmed.py, do not edit

option SCALE: Scale is set to 1e-06 for instance and model parameters
option SCALE: Scale is set to 1e-06 for instance and model parameters
option SCALE: Scale is set to 1e-06 for instance and model parameters
option SCALE: Scale is set to 1e-06 for instance and model parameters
Doing analysis at TEMP = -40.000000 and TNOM = 27.000000

Using KLU as Direct Linear Solver

No. of Data Rows : 1
vout = 5.332317e-01
vgdrv = 2.522516e+00
Reset re-loads circuit * monte-carlo-untrimmed monte carlo deck (config=all) -- generated by sim/monte-carlo-untrimmed/run_mc_untrimmed.py, do not edit

Circuit: * monte-carlo-untrimmed monte carlo deck (config=all) -- generated by sim/monte-carlo-untrimmed/run_mc_untrimmed.py, do not edit

option SCALE: Scale is set to 1e-06 for instance and model parameters
option SCALE: Scale is set to 1e-06 for instance and model parameters
option SCALE: Scale is set to 1e-06 for instance and model parameters
option SCALE: Scale is set to 1e-06 for instance and model parameters
Doing analysis at TEMP = -40.000000 and TNOM = 27.000000

Using KLU as Direct Linear Solver

No. of Data Rows : 1
vout = 1.231311e+00
vgdrv = 1.989788e+00
Reset re-loads circuit * monte-carlo-untrimmed monte carlo deck (config=all) -- generated by sim/monte-carlo-untrimmed/run_mc_untrimmed.py, do not edit

Circuit: * monte-carlo-untrimmed monte carlo deck (config=all) -- generated by sim/monte-carlo-untrimmed/run_mc_untrimmed.py, do not edit

option SCALE: Scale is set to 1e-06 for instance and model parameters
option SCALE: Scale is set to 1e-06 for instance and model parameters
option SCALE: Scale is set to 1e-06 for instance and model parameters
option SCALE: Scale is set to 1e-06 for instance and model parameters
Doing analysis at TEMP = -40.000000 and TNOM = 27.000000

Using KLU as Direct Linear Solver

No. of Data Rows : 1
vout = 1.215509e+00
vgdrv = 1.991266e+00
Reset re-loads circuit * monte-carlo-untrimmed monte carlo deck (config=all) -- generated by sim/monte-carlo-untrimmed/run_mc_untrimmed.py, do not edit

Circuit: * monte-carlo-untrimmed monte carlo deck (config=all) -- generated by sim/monte-carlo-untrimmed/run_mc_untrimmed.py, do not edit

option SCALE: Scale is set to 1e-06 for instance and model parameters
option SCALE: Scale is set to 1e-06 for instance and model parameters
option SCALE: Scale is set to 1e-06 for instance and model parameters
option SCALE: Scale is set to 1e-06 for instance and model parameters
Doing analysis at TEMP = -40.000000 and TNOM = 27.000000

Using KLU as Direct Linear Solver
 Reference value :  0.00000e+00
No. of Data Rows : 1
vout = 1.213861e+00
vgdrv = 1.991476e+00
Reset re-loads circuit * monte-carlo-untrimmed monte carlo deck (config=all) -- generated by sim/monte-carlo-untrimmed/run_mc_untrimmed.py, do not edit

Circuit: * monte-carlo-untrimmed monte carlo deck (config=all) -- generated by sim/monte-carlo-untrimmed/run_mc_untrimmed.py, do not edit

option SCALE: Scale is set to 1e-06 for instance and model parameters
option SCALE: Scale is set to 1e-06 for instance and model parameters
option SCALE: Scale is set to 1e-06 for instance and model parameters
option SCALE: Scale is set to 1e-06 for instance and model parameters
Doing analysis at TEMP = -40.000000 and TNOM = 27.000000

Using KLU as Direct Linear Solver

No. of Data Rows : 1
vout = 5.662383e-01
vgdrv = 2.483589e+00
Reset re-loads circuit * monte-carlo-untrimmed monte carlo deck (config=all) -- generated by sim/monte-carlo-untrimmed/run_mc_untrimmed.py, do not edit

Circuit: * monte-carlo-untrimmed monte carlo deck (config=all) -- generated by sim/monte-carlo-untrimmed/run_mc_untrimmed.py, do not edit

option SCALE: Scale is set to 1e-06 for instance and model parameters
option SCALE: Scale is set to 1e-06 for instance and model parameters
option SCALE: Scale is set to 1e-06 for instance and model parameters
option SCALE: Scale is set to 1e-06 for instance and model parameters
Doing analysis at TEMP = -40.000000 and TNOM = 27.000000

Using KLU as Direct Linear Solver

No. of Data Rows : 1
vout = 6.295749e-01
vgdrv = 2.389756e+00
Reset re-loads circuit * monte-carlo-untrimmed monte carlo deck (config=all) -- generated by sim/monte-carlo-untrimmed/run_mc_untrimmed.py, do not edit

Circuit: * monte-carlo-untrimmed monte carlo deck (config=all) -- generated by sim/monte-carlo-untrimmed/run_mc_untrimmed.py, do not edit

option SCALE: Scale is set to 1e-06 for instance and model parameters
option SCALE: Scale is set to 1e-06 for instance and model parameters
option SCALE: Scale is set to 1e-06 for instance and model parameters
option SCALE: Scale is set to 1e-06 for instance and model parameters
Doing analysis at TEMP = -40.000000 and TNOM = 27.000000

Using KLU as Direct Linear Solver

No. of Data Rows : 1
vout = 1.224832e+00
vgdrv = 1.991808e+00
Reset re-loads circuit * monte-carlo-untrimmed monte carlo deck (config=all) -- generated by sim/monte-carlo-untrimmed/run_mc_untrimmed.py, do not edit

Circuit: * monte-carlo-untrimmed monte carlo deck (config=all) -- generated by sim/monte-carlo-untrimmed/run_mc_untrimmed.py, do not edit

option SCALE: Scale is set to 1e-06 for instance and model parameters
option SCALE: Scale is set to 1e-06 for instance and model parameters
option SCALE: Scale is set to 1e-06 for instance and model parameters
option SCALE: Scale is set to 1e-06 for instance and model parameters
Doing analysis at TEMP = -40.000000 and TNOM = 27.000000

Using KLU as Direct Linear Solver

No. of Data Rows : 1
vout = 1.219813e+00
vgdrv = 1.989682e+00
Reset re-loads circuit * monte-carlo-untrimmed monte carlo deck (config=all) -- generated by sim/monte-carlo-untrimmed/run_mc_untrimmed.py, do not edit

Circuit: * monte-carlo-untrimmed monte carlo deck (config=all) -- generated by sim/monte-carlo-untrimmed/run_mc_untrimmed.py, do not edit

option SCALE: Scale is set to 1e-06 for instance and model parameters
option SCALE: Scale is set to 1e-06 for instance and model parameters
option SCALE: Scale is set to 1e-06 for instance and model parameters
option SCALE: Scale is set to 1e-06 for instance and model parameters
Doing analysis at TEMP = -40.000000 and TNOM = 27.000000

Using KLU as Direct Linear Solver

No. of Data Rows : 1
vout = 1.228073e+00
vgdrv = 1.988090e+00
Reset re-loads circuit * monte-carlo-untrimmed monte carlo deck (config=all) -- generated by sim/monte-carlo-untrimmed/run_mc_untrimmed.py, do not edit

Circuit: * monte-carlo-untrimmed monte carlo deck (config=all) -- generated by sim/monte-carlo-untrimmed/run_mc_untrimmed.py, do not edit

option SCALE: Scale is set to 1e-06 for instance and model parameters
option SCALE: Scale is set to 1e-06 for instance and model parameters
option SCALE: Scale is set to 1e-06 for instance and model parameters
option SCALE: Scale is set to 1e-06 for instance and model parameters
Doing analysis at TEMP = -40.000000 and TNOM = 27.000000

Using KLU as Direct Linear Solver
 Reference value :  0.00000e+00
No. of Data Rows : 1
vout = 1.222120e+00
vgdrv = 1.990362e+00
Reset re-loads circuit * monte-carlo-untrimmed monte carlo deck (config=all) -- generated by sim/monte-carlo-untrimmed/run_mc_untrimmed.py, do not edit

Circuit: * monte-carlo-untrimmed monte carlo deck (config=all) -- generated by sim/monte-carlo-untrimmed/run_mc_untrimmed.py, do not edit

option SCALE: Scale is set to 1e-06 for instance and model parameters
option SCALE: Scale is set to 1e-06 for instance and model parameters
option SCALE: Scale is set to 1e-06 for instance and model parameters
option SCALE: Scale is set to 1e-06 for instance and model parameters
Doing analysis at TEMP = -40.000000 and TNOM = 27.000000

Using KLU as Direct Linear Solver

No. of Data Rows : 1
vout = 1.213050e+00
vgdrv = 1.994231e+00
Reset re-loads circuit * monte-carlo-untrimmed monte carlo deck (config=all) -- generated by sim/monte-carlo-untrimmed/run_mc_untrimmed.py, do not edit

Circuit: * monte-carlo-untrimmed monte carlo deck (config=all) -- generated by sim/monte-carlo-untrimmed/run_mc_untrimmed.py, do not edit

option SCALE: Scale is set to 1e-06 for instance and model parameters
option SCALE: Scale is set to 1e-06 for instance and model parameters
option SCALE: Scale is set to 1e-06 for instance and model parameters
option SCALE: Scale is set to 1e-06 for instance and model parameters
Doing analysis at TEMP = -40.000000 and TNOM = 27.000000

Using KLU as Direct Linear Solver

No. of Data Rows : 1
vout = 5.138229e-01
vgdrv = 2.545567e+00
Reset re-loads circuit * monte-carlo-untrimmed monte carlo deck (config=all) -- generated by sim/monte-carlo-untrimmed/run_mc_untrimmed.py, do not edit

Circuit: * monte-carlo-untrimmed monte carlo deck (config=all) -- generated by sim/monte-carlo-untrimmed/run_mc_untrimmed.py, do not edit

option SCALE: Scale is set to 1e-06 for instance and model parameters
option SCALE: Scale is set to 1e-06 for instance and model parameters
option SCALE: Scale is set to 1e-06 for instance and model parameters
option SCALE: Scale is set to 1e-06 for instance and model parameters
Doing analysis at TEMP = -40.000000 and TNOM = 27.000000

Using KLU as Direct Linear Solver

No. of Data Rows : 1
vout = 1.217413e+00
vgdrv = 1.995406e+00
Reset re-loads circuit * monte-carlo-untrimmed monte carlo deck (config=all) -- generated by sim/monte-carlo-untrimmed/run_mc_untrimmed.py, do not edit

Circuit: * monte-carlo-untrimmed monte carlo deck (config=all) -- generated by sim/monte-carlo-untrimmed/run_mc_untrimmed.py, do not edit

option SCALE: Scale is set to 1e-06 for instance and model parameters
option SCALE: Scale is set to 1e-06 for instance and model parameters
option SCALE: Scale is set to 1e-06 for instance and model parameters
option SCALE: Scale is set to 1e-06 for instance and model parameters
Doing analysis at TEMP = -40.000000 and TNOM = 27.000000

Using KLU as Direct Linear Solver

No. of Data Rows : 1
vout = 5.688011e-01
vgdrv = 2.479987e+00
Reset re-loads circuit * monte-carlo-untrimmed monte carlo deck (config=all) -- generated by sim/monte-carlo-untrimmed/run_mc_untrimmed.py, do not edit

Circuit: * monte-carlo-untrimmed monte carlo deck (config=all) -- generated by sim/monte-carlo-untrimmed/run_mc_untrimmed.py, do not edit

option SCALE: Scale is set to 1e-06 for instance and model parameters
option SCALE: Scale is set to 1e-06 for instance and model parameters
option SCALE: Scale is set to 1e-06 for instance and model parameters
option SCALE: Scale is set to 1e-06 for instance and model parameters
Doing analysis at TEMP = -40.000000 and TNOM = 27.000000

Using KLU as Direct Linear Solver

No. of Data Rows : 1
vout = 1.213106e+00
vgdrv = 1.993683e+00
Reset re-loads circuit * monte-carlo-untrimmed monte carlo deck (config=all) -- generated by sim/monte-carlo-untrimmed/run_mc_untrimmed.py, do not edit

Circuit: * monte-carlo-untrimmed monte carlo deck (config=all) -- generated by sim/monte-carlo-untrimmed/run_mc_untrimmed.py, do not edit

option SCALE: Scale is set to 1e-06 for instance and model parameters
option SCALE: Scale is set to 1e-06 for instance and model parameters
option SCALE: Scale is set to 1e-06 for instance and model parameters
option SCALE: Scale is set to 1e-06 for instance and model parameters
Doing analysis at TEMP = -40.000000 and TNOM = 27.000000

Using KLU as Direct Linear Solver
 Reference value :  0.00000e+00
No. of Data Rows : 1
vout = 1.214513e+00
vgdrv = 1.993113e+00
Reset re-loads circuit * monte-carlo-untrimmed monte carlo deck (config=all) -- generated by sim/monte-carlo-untrimmed/run_mc_untrimmed.py, do not edit

Circuit: * monte-carlo-untrimmed monte carlo deck (config=all) -- generated by sim/monte-carlo-untrimmed/run_mc_untrimmed.py, do not edit

option SCALE: Scale is set to 1e-06 for instance and model parameters
option SCALE: Scale is set to 1e-06 for instance and model parameters
option SCALE: Scale is set to 1e-06 for instance and model parameters
option SCALE: Scale is set to 1e-06 for instance and model parameters
Doing analysis at TEMP = -40.000000 and TNOM = 27.000000

Using KLU as Direct Linear Solver

No. of Data Rows : 1
vout = 1.218568e+00
vgdrv = 1.989269e+00
Reset re-loads circuit * monte-carlo-untrimmed monte carlo deck (config=all) -- generated by sim/monte-carlo-untrimmed/run_mc_untrimmed.py, do not edit

Circuit: * monte-carlo-untrimmed monte carlo deck (config=all) -- generated by sim/monte-carlo-untrimmed/run_mc_untrimmed.py, do not edit

option SCALE: Scale is set to 1e-06 for instance and model parameters
option SCALE: Scale is set to 1e-06 for instance and model parameters
option SCALE: Scale is set to 1e-06 for instance and model parameters
option SCALE: Scale is set to 1e-06 for instance and model parameters
Doing analysis at TEMP = -40.000000 and TNOM = 27.000000

Using KLU as Direct Linear Solver

No. of Data Rows : 1
vout = 1.218665e+00
vgdrv = 1.995522e+00
Reset re-loads circuit * monte-carlo-untrimmed monte carlo deck (config=all) -- generated by sim/monte-carlo-untrimmed/run_mc_untrimmed.py, do not edit

Circuit: * monte-carlo-untrimmed monte carlo deck (config=all) -- generated by sim/monte-carlo-untrimmed/run_mc_untrimmed.py, do not edit

option SCALE: Scale is set to 1e-06 for instance and model parameters
option SCALE: Scale is set to 1e-06 for instance and model parameters
option SCALE: Scale is set to 1e-06 for instance and model parameters
option SCALE: Scale is set to 1e-06 for instance and model parameters
Doing analysis at TEMP = -40.000000 and TNOM = 27.000000

Using KLU as Direct Linear Solver

No. of Data Rows : 1
vout = 1.227868e+00
vgdrv = 1.985445e+00
Reset re-loads circuit * monte-carlo-untrimmed monte carlo deck (config=all) -- generated by sim/monte-carlo-untrimmed/run_mc_untrimmed.py, do not edit

Circuit: * monte-carlo-untrimmed monte carlo deck (config=all) -- generated by sim/monte-carlo-untrimmed/run_mc_untrimmed.py, do not edit

option SCALE: Scale is set to 1e-06 for instance and model parameters
option SCALE: Scale is set to 1e-06 for instance and model parameters
option SCALE: Scale is set to 1e-06 for instance and model parameters
option SCALE: Scale is set to 1e-06 for instance and model parameters
Doing analysis at TEMP = -40.000000 and TNOM = 27.000000

Using KLU as Direct Linear Solver

No. of Data Rows : 1
vout = 1.217389e+00
vgdrv = 1.990136e+00
Reset re-loads circuit * monte-carlo-untrimmed monte carlo deck (config=all) -- generated by sim/monte-carlo-untrimmed/run_mc_untrimmed.py, do not edit

Circuit: * monte-carlo-untrimmed monte carlo deck (config=all) -- generated by sim/monte-carlo-untrimmed/run_mc_untrimmed.py, do not edit

option SCALE: Scale is set to 1e-06 for instance and model parameters
option SCALE: Scale is set to 1e-06 for instance and model parameters
option SCALE: Scale is set to 1e-06 for instance and model parameters
option SCALE: Scale is set to 1e-06 for instance and model parameters
Doing analysis at TEMP = -40.000000 and TNOM = 27.000000

Using KLU as Direct Linear Solver

No. of Data Rows : 1
vout = 1.220642e+00
vgdrv = 1.989933e+00
Reset re-loads circuit * monte-carlo-untrimmed monte carlo deck (config=all) -- generated by sim/monte-carlo-untrimmed/run_mc_untrimmed.py, do not edit

Circuit: * monte-carlo-untrimmed monte carlo deck (config=all) -- generated by sim/monte-carlo-untrimmed/run_mc_untrimmed.py, do not edit

option SCALE: Scale is set to 1e-06 for instance and model parameters
option SCALE: Scale is set to 1e-06 for instance and model parameters
option SCALE: Scale is set to 1e-06 for instance and model parameters
option SCALE: Scale is set to 1e-06 for instance and model parameters
Doing analysis at TEMP = -40.000000 and TNOM = 27.000000

Using KLU as Direct Linear Solver
 Reference value :  0.00000e+00
No. of Data Rows : 1
vout = 1.220568e+00
vgdrv = 1.990743e+00
Reset re-loads circuit * monte-carlo-untrimmed monte carlo deck (config=all) -- generated by sim/monte-carlo-untrimmed/run_mc_untrimmed.py, do not edit

Circuit: * monte-carlo-untrimmed monte carlo deck (config=all) -- generated by sim/monte-carlo-untrimmed/run_mc_untrimmed.py, do not edit

option SCALE: Scale is set to 1e-06 for instance and model parameters
option SCALE: Scale is set to 1e-06 for instance and model parameters
option SCALE: Scale is set to 1e-06 for instance and model parameters
option SCALE: Scale is set to 1e-06 for instance and model parameters
Doing analysis at TEMP = -40.000000 and TNOM = 27.000000

Using KLU as Direct Linear Solver

No. of Data Rows : 1
vout = 1.198272e+00
vgdrv = 1.993636e+00
Reset re-loads circuit * monte-carlo-untrimmed monte carlo deck (config=all) -- generated by sim/monte-carlo-untrimmed/run_mc_untrimmed.py, do not edit

Circuit: * monte-carlo-untrimmed monte carlo deck (config=all) -- generated by sim/monte-carlo-untrimmed/run_mc_untrimmed.py, do not edit

option SCALE: Scale is set to 1e-06 for instance and model parameters
option SCALE: Scale is set to 1e-06 for instance and model parameters
option SCALE: Scale is set to 1e-06 for instance and model parameters
option SCALE: Scale is set to 1e-06 for instance and model parameters
Doing analysis at TEMP = -40.000000 and TNOM = 27.000000

Using KLU as Direct Linear Solver

No. of Data Rows : 1
vout = 1.209108e+00
vgdrv = 1.992359e+00
Reset re-loads circuit * monte-carlo-untrimmed monte carlo deck (config=all) -- generated by sim/monte-carlo-untrimmed/run_mc_untrimmed.py, do not edit

Circuit: * monte-carlo-untrimmed monte carlo deck (config=all) -- generated by sim/monte-carlo-untrimmed/run_mc_untrimmed.py, do not edit

option SCALE: Scale is set to 1e-06 for instance and model parameters
option SCALE: Scale is set to 1e-06 for instance and model parameters
option SCALE: Scale is set to 1e-06 for instance and model parameters
option SCALE: Scale is set to 1e-06 for instance and model parameters
Doing analysis at TEMP = -40.000000 and TNOM = 27.000000

Using KLU as Direct Linear Solver

No. of Data Rows : 1
vout = 1.214277e+00
vgdrv = 1.992720e+00
Reset re-loads circuit * monte-carlo-untrimmed monte carlo deck (config=all) -- generated by sim/monte-carlo-untrimmed/run_mc_untrimmed.py, do not edit

Circuit: * monte-carlo-untrimmed monte carlo deck (config=all) -- generated by sim/monte-carlo-untrimmed/run_mc_untrimmed.py, do not edit

option SCALE: Scale is set to 1e-06 for instance and model parameters
option SCALE: Scale is set to 1e-06 for instance and model parameters
option SCALE: Scale is set to 1e-06 for instance and model parameters
option SCALE: Scale is set to 1e-06 for instance and model parameters
Doing analysis at TEMP = -40.000000 and TNOM = 27.000000

Using KLU as Direct Linear Solver

No. of Data Rows : 1
vout = 1.233055e+00
vgdrv = 1.986447e+00
Reset re-loads circuit * monte-carlo-untrimmed monte carlo deck (config=all) -- generated by sim/monte-carlo-untrimmed/run_mc_untrimmed.py, do not edit

Circuit: * monte-carlo-untrimmed monte carlo deck (config=all) -- generated by sim/monte-carlo-untrimmed/run_mc_untrimmed.py, do not edit

option SCALE: Scale is set to 1e-06 for instance and model parameters
option SCALE: Scale is set to 1e-06 for instance and model parameters
option SCALE: Scale is set to 1e-06 for instance and model parameters
option SCALE: Scale is set to 1e-06 for instance and model parameters
Doing analysis at TEMP = -40.000000 and TNOM = 27.000000

Using KLU as Direct Linear Solver

No. of Data Rows : 1
vout = 1.220262e+00
vgdrv = 1.988759e+00
Reset re-loads circuit * monte-carlo-untrimmed monte carlo deck (config=all) -- generated by sim/monte-carlo-untrimmed/run_mc_untrimmed.py, do not edit

Circuit: * monte-carlo-untrimmed monte carlo deck (config=all) -- generated by sim/monte-carlo-untrimmed/run_mc_untrimmed.py, do not edit

option SCALE: Scale is set to 1e-06 for instance and model parameters
option SCALE: Scale is set to 1e-06 for instance and model parameters
option SCALE: Scale is set to 1e-06 for instance and model parameters
option SCALE: Scale is set to 1e-06 for instance and model parameters
Doing analysis at TEMP = -40.000000 and TNOM = 27.000000

Using KLU as Direct Linear Solver
 Reference value :  0.00000e+00
No. of Data Rows : 1
vout = 5.635216e-01
vgdrv = 2.485099e+00
Reset re-loads circuit * monte-carlo-untrimmed monte carlo deck (config=all) -- generated by sim/monte-carlo-untrimmed/run_mc_untrimmed.py, do not edit

Circuit: * monte-carlo-untrimmed monte carlo deck (config=all) -- generated by sim/monte-carlo-untrimmed/run_mc_untrimmed.py, do not edit

option SCALE: Scale is set to 1e-06 for instance and model parameters
option SCALE: Scale is set to 1e-06 for instance and model parameters
option SCALE: Scale is set to 1e-06 for instance and model parameters
option SCALE: Scale is set to 1e-06 for instance and model parameters
Doing analysis at TEMP = -40.000000 and TNOM = 27.000000

Using KLU as Direct Linear Solver

No. of Data Rows : 1
vout = 1.220334e+00
vgdrv = 1.989219e+00
Reset re-loads circuit * monte-carlo-untrimmed monte carlo deck (config=all) -- generated by sim/monte-carlo-untrimmed/run_mc_untrimmed.py, do not edit

Circuit: * monte-carlo-untrimmed monte carlo deck (config=all) -- generated by sim/monte-carlo-untrimmed/run_mc_untrimmed.py, do not edit

option SCALE: Scale is set to 1e-06 for instance and model parameters
option SCALE: Scale is set to 1e-06 for instance and model parameters
option SCALE: Scale is set to 1e-06 for instance and model parameters
option SCALE: Scale is set to 1e-06 for instance and model parameters
Doing analysis at TEMP = -40.000000 and TNOM = 27.000000

Using KLU as Direct Linear Solver

No. of Data Rows : 1
vout = 5.390276e-01
vgdrv = 2.523923e+00
Reset re-loads circuit * monte-carlo-untrimmed monte carlo deck (config=all) -- generated by sim/monte-carlo-untrimmed/run_mc_untrimmed.py, do not edit

Circuit: * monte-carlo-untrimmed monte carlo deck (config=all) -- generated by sim/monte-carlo-untrimmed/run_mc_untrimmed.py, do not edit

option SCALE: Scale is set to 1e-06 for instance and model parameters
option SCALE: Scale is set to 1e-06 for instance and model parameters
option SCALE: Scale is set to 1e-06 for instance and model parameters
option SCALE: Scale is set to 1e-06 for instance and model parameters
Doing analysis at TEMP = -40.000000 and TNOM = 27.000000

Using KLU as Direct Linear Solver

No. of Data Rows : 1
vout = 4.753348e-01
vgdrv = 2.583868e+00
Reset re-loads circuit * monte-carlo-untrimmed monte carlo deck (config=all) -- generated by sim/monte-carlo-untrimmed/run_mc_untrimmed.py, do not edit

Circuit: * monte-carlo-untrimmed monte carlo deck (config=all) -- generated by sim/monte-carlo-untrimmed/run_mc_untrimmed.py, do not edit

option SCALE: Scale is set to 1e-06 for instance and model parameters
option SCALE: Scale is set to 1e-06 for instance and model parameters
option SCALE: Scale is set to 1e-06 for instance and model parameters
option SCALE: Scale is set to 1e-06 for instance and model parameters
Doing analysis at TEMP = -40.000000 and TNOM = 27.000000

Using KLU as Direct Linear Solver

No. of Data Rows : 1
vout = 1.221646e+00
vgdrv = 1.990722e+00
Reset re-loads circuit * monte-carlo-untrimmed monte carlo deck (config=all) -- generated by sim/monte-carlo-untrimmed/run_mc_untrimmed.py, do not edit

Circuit: * monte-carlo-untrimmed monte carlo deck (config=all) -- generated by sim/monte-carlo-untrimmed/run_mc_untrimmed.py, do not edit

option SCALE: Scale is set to 1e-06 for instance and model parameters
option SCALE: Scale is set to 1e-06 for instance and model parameters
option SCALE: Scale is set to 1e-06 for instance and model parameters
option SCALE: Scale is set to 1e-06 for instance and model parameters
Doing analysis at TEMP = -40.000000 and TNOM = 27.000000

Using KLU as Direct Linear Solver

No. of Data Rows : 1
vout = 5.198304e-01
vgdrv = 2.542680e+00
Reset re-loads circuit * monte-carlo-untrimmed monte carlo deck (config=all) -- generated by sim/monte-carlo-untrimmed/run_mc_untrimmed.py, do not edit

Circuit: * monte-carlo-untrimmed monte carlo deck (config=all) -- generated by sim/monte-carlo-untrimmed/run_mc_untrimmed.py, do not edit

option SCALE: Scale is set to 1e-06 for instance and model parameters
option SCALE: Scale is set to 1e-06 for instance and model parameters
option SCALE: Scale is set to 1e-06 for instance and model parameters
option SCALE: Scale is set to 1e-06 for instance and model parameters
Doing analysis at TEMP = -40.000000 and TNOM = 27.000000

Using KLU as Direct Linear Solver
 Reference value :  0.00000e+00
No. of Data Rows : 1
vout = 1.211806e+00
vgdrv = 1.989237e+00
Reset re-loads circuit * monte-carlo-untrimmed monte carlo deck (config=all) -- generated by sim/monte-carlo-untrimmed/run_mc_untrimmed.py, do not edit

Circuit: * monte-carlo-untrimmed monte carlo deck (config=all) -- generated by sim/monte-carlo-untrimmed/run_mc_untrimmed.py, do not edit

option SCALE: Scale is set to 1e-06 for instance and model parameters
option SCALE: Scale is set to 1e-06 for instance and model parameters
option SCALE: Scale is set to 1e-06 for instance and model parameters
option SCALE: Scale is set to 1e-06 for instance and model parameters
Doing analysis at TEMP = -40.000000 and TNOM = 27.000000

Using KLU as Direct Linear Solver

No. of Data Rows : 1
vout = 1.216830e+00
vgdrv = 1.989749e+00
Reset re-loads circuit * monte-carlo-untrimmed monte carlo deck (config=all) -- generated by sim/monte-carlo-untrimmed/run_mc_untrimmed.py, do not edit

Circuit: * monte-carlo-untrimmed monte carlo deck (config=all) -- generated by sim/monte-carlo-untrimmed/run_mc_untrimmed.py, do not edit

option SCALE: Scale is set to 1e-06 for instance and model parameters
option SCALE: Scale is set to 1e-06 for instance and model parameters
option SCALE: Scale is set to 1e-06 for instance and model parameters
option SCALE: Scale is set to 1e-06 for instance and model parameters
Doing analysis at TEMP = -40.000000 and TNOM = 27.000000

Using KLU as Direct Linear Solver

No. of Data Rows : 1
vout = 1.227603e+00
vgdrv = 1.988655e+00
Reset re-loads circuit * monte-carlo-untrimmed monte carlo deck (config=all) -- generated by sim/monte-carlo-untrimmed/run_mc_untrimmed.py, do not edit

Circuit: * monte-carlo-untrimmed monte carlo deck (config=all) -- generated by sim/monte-carlo-untrimmed/run_mc_untrimmed.py, do not edit

option SCALE: Scale is set to 1e-06 for instance and model parameters
option SCALE: Scale is set to 1e-06 for instance and model parameters
option SCALE: Scale is set to 1e-06 for instance and model parameters
option SCALE: Scale is set to 1e-06 for instance and model parameters
Doing analysis at TEMP = -40.000000 and TNOM = 27.000000

Using KLU as Direct Linear Solver

No. of Data Rows : 1
vout = 1.219899e+00
vgdrv = 1.994625e+00
Reset re-loads circuit * monte-carlo-untrimmed monte carlo deck (config=all) -- generated by sim/monte-carlo-untrimmed/run_mc_untrimmed.py, do not edit

Circuit: * monte-carlo-untrimmed monte carlo deck (config=all) -- generated by sim/monte-carlo-untrimmed/run_mc_untrimmed.py, do not edit

option SCALE: Scale is set to 1e-06 for instance and model parameters
option SCALE: Scale is set to 1e-06 for instance and model parameters
option SCALE: Scale is set to 1e-06 for instance and model parameters
option SCALE: Scale is set to 1e-06 for instance and model parameters
Doing analysis at TEMP = -40.000000 and TNOM = 27.000000

Using KLU as Direct Linear Solver

No. of Data Rows : 1
vout = 1.218653e+00
vgdrv = 1.994131e+00
Reset re-loads circuit * monte-carlo-untrimmed monte carlo deck (config=all) -- generated by sim/monte-carlo-untrimmed/run_mc_untrimmed.py, do not edit

Circuit: * monte-carlo-untrimmed monte carlo deck (config=all) -- generated by sim/monte-carlo-untrimmed/run_mc_untrimmed.py, do not edit

option SCALE: Scale is set to 1e-06 for instance and model parameters
option SCALE: Scale is set to 1e-06 for instance and model parameters
option SCALE: Scale is set to 1e-06 for instance and model parameters
option SCALE: Scale is set to 1e-06 for instance and model parameters
Doing analysis at TEMP = -40.000000 and TNOM = 27.000000

Using KLU as Direct Linear Solver
 Reference value :  0.00000e+00
No. of Data Rows : 1
vout = 1.218428e+00
vgdrv = 1.992269e+00
Reset re-loads circuit * monte-carlo-untrimmed monte carlo deck (config=all) -- generated by sim/monte-carlo-untrimmed/run_mc_untrimmed.py, do not edit

Circuit: * monte-carlo-untrimmed monte carlo deck (config=all) -- generated by sim/monte-carlo-untrimmed/run_mc_untrimmed.py, do not edit

option SCALE: Scale is set to 1e-06 for instance and model parameters
option SCALE: Scale is set to 1e-06 for instance and model parameters
option SCALE: Scale is set to 1e-06 for instance and model parameters
option SCALE: Scale is set to 1e-06 for instance and model parameters
Doing analysis at TEMP = -40.000000 and TNOM = 27.000000

Using KLU as Direct Linear Solver

No. of Data Rows : 1
vout = 1.223807e+00
vgdrv = 1.989686e+00
Reset re-loads circuit * monte-carlo-untrimmed monte carlo deck (config=all) -- generated by sim/monte-carlo-untrimmed/run_mc_untrimmed.py, do not edit

Circuit: * monte-carlo-untrimmed monte carlo deck (config=all) -- generated by sim/monte-carlo-untrimmed/run_mc_untrimmed.py, do not edit

option SCALE: Scale is set to 1e-06 for instance and model parameters
option SCALE: Scale is set to 1e-06 for instance and model parameters
option SCALE: Scale is set to 1e-06 for instance and model parameters
option SCALE: Scale is set to 1e-06 for instance and model parameters
Doing analysis at TEMP = -40.000000 and TNOM = 27.000000

Using KLU as Direct Linear Solver

No. of Data Rows : 1
vout = 1.224823e+00
vgdrv = 1.991677e+00
Reset re-loads circuit * monte-carlo-untrimmed monte carlo deck (config=all) -- generated by sim/monte-carlo-untrimmed/run_mc_untrimmed.py, do not edit

Circuit: * monte-carlo-untrimmed monte carlo deck (config=all) -- generated by sim/monte-carlo-untrimmed/run_mc_untrimmed.py, do not edit

option SCALE: Scale is set to 1e-06 for instance and model parameters
option SCALE: Scale is set to 1e-06 for instance and model parameters
option SCALE: Scale is set to 1e-06 for instance and model parameters
option SCALE: Scale is set to 1e-06 for instance and model parameters
Doing analysis at TEMP = -40.000000 and TNOM = 27.000000

Using KLU as Direct Linear Solver

No. of Data Rows : 1
vout = 1.222647e+00
vgdrv = 1.986427e+00
Reset re-loads circuit * monte-carlo-untrimmed monte carlo deck (config=all) -- generated by sim/monte-carlo-untrimmed/run_mc_untrimmed.py, do not edit

Circuit: * monte-carlo-untrimmed monte carlo deck (config=all) -- generated by sim/monte-carlo-untrimmed/run_mc_untrimmed.py, do not edit

option SCALE: Scale is set to 1e-06 for instance and model parameters
option SCALE: Scale is set to 1e-06 for instance and model parameters
option SCALE: Scale is set to 1e-06 for instance and model parameters
option SCALE: Scale is set to 1e-06 for instance and model parameters
Doing analysis at TEMP = -40.000000 and TNOM = 27.000000

Using KLU as Direct Linear Solver

No. of Data Rows : 1
vout = 1.216545e+00
vgdrv = 1.991568e+00
Reset re-loads circuit * monte-carlo-untrimmed monte carlo deck (config=all) -- generated by sim/monte-carlo-untrimmed/run_mc_untrimmed.py, do not edit

Circuit: * monte-carlo-untrimmed monte carlo deck (config=all) -- generated by sim/monte-carlo-untrimmed/run_mc_untrimmed.py, do not edit

option SCALE: Scale is set to 1e-06 for instance and model parameters
option SCALE: Scale is set to 1e-06 for instance and model parameters
option SCALE: Scale is set to 1e-06 for instance and model parameters
option SCALE: Scale is set to 1e-06 for instance and model parameters
Doing analysis at TEMP = -40.000000 and TNOM = 27.000000

Using KLU as Direct Linear Solver

No. of Data Rows : 1
vout = 5.064122e-01
vgdrv = 2.553623e+00
Reset re-loads circuit * monte-carlo-untrimmed monte carlo deck (config=all) -- generated by sim/monte-carlo-untrimmed/run_mc_untrimmed.py, do not edit

Circuit: * monte-carlo-untrimmed monte carlo deck (config=all) -- generated by sim/monte-carlo-untrimmed/run_mc_untrimmed.py, do not edit

option SCALE: Scale is set to 1e-06 for instance and model parameters
option SCALE: Scale is set to 1e-06 for instance and model parameters
option SCALE: Scale is set to 1e-06 for instance and model parameters
option SCALE: Scale is set to 1e-06 for instance and model parameters
Doing analysis at TEMP = -40.000000 and TNOM = 27.000000

Using KLU as Direct Linear Solver
 Reference value :  0.00000e+00
No. of Data Rows : 1
vout = 1.213126e+00
vgdrv = 1.990161e+00
Reset re-loads circuit * monte-carlo-untrimmed monte carlo deck (config=all) -- generated by sim/monte-carlo-untrimmed/run_mc_untrimmed.py, do not edit

Circuit: * monte-carlo-untrimmed monte carlo deck (config=all) -- generated by sim/monte-carlo-untrimmed/run_mc_untrimmed.py, do not edit

option SCALE: Scale is set to 1e-06 for instance and model parameters
option SCALE: Scale is set to 1e-06 for instance and model parameters
option SCALE: Scale is set to 1e-06 for instance and model parameters
option SCALE: Scale is set to 1e-06 for instance and model parameters
Doing analysis at TEMP = -40.000000 and TNOM = 27.000000

Using KLU as Direct Linear Solver

No. of Data Rows : 1
vout = 1.208562e+00
vgdrv = 1.993446e+00
Reset re-loads circuit * monte-carlo-untrimmed monte carlo deck (config=all) -- generated by sim/monte-carlo-untrimmed/run_mc_untrimmed.py, do not edit

Circuit: * monte-carlo-untrimmed monte carlo deck (config=all) -- generated by sim/monte-carlo-untrimmed/run_mc_untrimmed.py, do not edit

option SCALE: Scale is set to 1e-06 for instance and model parameters
option SCALE: Scale is set to 1e-06 for instance and model parameters
option SCALE: Scale is set to 1e-06 for instance and model parameters
option SCALE: Scale is set to 1e-06 for instance and model parameters
Doing analysis at TEMP = -40.000000 and TNOM = 27.000000

Using KLU as Direct Linear Solver

No. of Data Rows : 1
vout = 1.218693e+00
vgdrv = 1.989817e+00
Reset re-loads circuit * monte-carlo-untrimmed monte carlo deck (config=all) -- generated by sim/monte-carlo-untrimmed/run_mc_untrimmed.py, do not edit

Circuit: * monte-carlo-untrimmed monte carlo deck (config=all) -- generated by sim/monte-carlo-untrimmed/run_mc_untrimmed.py, do not edit

option SCALE: Scale is set to 1e-06 for instance and model parameters
option SCALE: Scale is set to 1e-06 for instance and model parameters
option SCALE: Scale is set to 1e-06 for instance and model parameters
option SCALE: Scale is set to 1e-06 for instance and model parameters
Doing analysis at TEMP = -40.000000 and TNOM = 27.000000

Using KLU as Direct Linear Solver

No. of Data Rows : 1
vout = 4.201344e-01
vgdrv = 2.624437e+00
Reset re-loads circuit * monte-carlo-untrimmed monte carlo deck (config=all) -- generated by sim/monte-carlo-untrimmed/run_mc_untrimmed.py, do not edit

Circuit: * monte-carlo-untrimmed monte carlo deck (config=all) -- generated by sim/monte-carlo-untrimmed/run_mc_untrimmed.py, do not edit

option SCALE: Scale is set to 1e-06 for instance and model parameters
option SCALE: Scale is set to 1e-06 for instance and model parameters
option SCALE: Scale is set to 1e-06 for instance and model parameters
option SCALE: Scale is set to 1e-06 for instance and model parameters
Doing analysis at TEMP = -40.000000 and TNOM = 27.000000

Using KLU as Direct Linear Solver

No. of Data Rows : 1
vout = 5.240407e-01
vgdrv = 2.534677e+00
Reset re-loads circuit * monte-carlo-untrimmed monte carlo deck (config=all) -- generated by sim/monte-carlo-untrimmed/run_mc_untrimmed.py, do not edit

Circuit: * monte-carlo-untrimmed monte carlo deck (config=all) -- generated by sim/monte-carlo-untrimmed/run_mc_untrimmed.py, do not edit

option SCALE: Scale is set to 1e-06 for instance and model parameters
option SCALE: Scale is set to 1e-06 for instance and model parameters
option SCALE: Scale is set to 1e-06 for instance and model parameters
option SCALE: Scale is set to 1e-06 for instance and model parameters
Doing analysis at TEMP = -40.000000 and TNOM = 27.000000

Using KLU as Direct Linear Solver
 Reference value :  0.00000e+00
No. of Data Rows : 1
vout = 1.229534e+00
vgdrv = 1.988115e+00
Reset re-loads circuit * monte-carlo-untrimmed monte carlo deck (config=all) -- generated by sim/monte-carlo-untrimmed/run_mc_untrimmed.py, do not edit

Circuit: * monte-carlo-untrimmed monte carlo deck (config=all) -- generated by sim/monte-carlo-untrimmed/run_mc_untrimmed.py, do not edit

option SCALE: Scale is set to 1e-06 for instance and model parameters
option SCALE: Scale is set to 1e-06 for instance and model parameters
option SCALE: Scale is set to 1e-06 for instance and model parameters
option SCALE: Scale is set to 1e-06 for instance and model parameters
Doing analysis at TEMP = -40.000000 and TNOM = 27.000000

Using KLU as Direct Linear Solver

No. of Data Rows : 1
vout = 1.220252e+00
vgdrv = 1.992234e+00
Reset re-loads circuit * monte-carlo-untrimmed monte carlo deck (config=all) -- generated by sim/monte-carlo-untrimmed/run_mc_untrimmed.py, do not edit

Circuit: * monte-carlo-untrimmed monte carlo deck (config=all) -- generated by sim/monte-carlo-untrimmed/run_mc_untrimmed.py, do not edit

option SCALE: Scale is set to 1e-06 for instance and model parameters
option SCALE: Scale is set to 1e-06 for instance and model parameters
option SCALE: Scale is set to 1e-06 for instance and model parameters
option SCALE: Scale is set to 1e-06 for instance and model parameters
Doing analysis at TEMP = -40.000000 and TNOM = 27.000000

Using KLU as Direct Linear Solver

No. of Data Rows : 1
vout = 1.216748e+00
vgdrv = 1.989066e+00
Reset re-loads circuit * monte-carlo-untrimmed monte carlo deck (config=all) -- generated by sim/monte-carlo-untrimmed/run_mc_untrimmed.py, do not edit

Circuit: * monte-carlo-untrimmed monte carlo deck (config=all) -- generated by sim/monte-carlo-untrimmed/run_mc_untrimmed.py, do not edit

option SCALE: Scale is set to 1e-06 for instance and model parameters
option SCALE: Scale is set to 1e-06 for instance and model parameters
option SCALE: Scale is set to 1e-06 for instance and model parameters
option SCALE: Scale is set to 1e-06 for instance and model parameters
Doing analysis at TEMP = -40.000000 and TNOM = 27.000000

Using KLU as Direct Linear Solver

No. of Data Rows : 1
vout = 1.215232e+00
vgdrv = 1.990984e+00
Reset re-loads circuit * monte-carlo-untrimmed monte carlo deck (config=all) -- generated by sim/monte-carlo-untrimmed/run_mc_untrimmed.py, do not edit

Circuit: * monte-carlo-untrimmed monte carlo deck (config=all) -- generated by sim/monte-carlo-untrimmed/run_mc_untrimmed.py, do not edit

option SCALE: Scale is set to 1e-06 for instance and model parameters
option SCALE: Scale is set to 1e-06 for instance and model parameters
option SCALE: Scale is set to 1e-06 for instance and model parameters
option SCALE: Scale is set to 1e-06 for instance and model parameters
Doing analysis at TEMP = -40.000000 and TNOM = 27.000000

Using KLU as Direct Linear Solver

No. of Data Rows : 1
vout = 1.222231e+00
vgdrv = 1.989367e+00
Reset re-loads circuit * monte-carlo-untrimmed monte carlo deck (config=all) -- generated by sim/monte-carlo-untrimmed/run_mc_untrimmed.py, do not edit

Circuit: * monte-carlo-untrimmed monte carlo deck (config=all) -- generated by sim/monte-carlo-untrimmed/run_mc_untrimmed.py, do not edit

option SCALE: Scale is set to 1e-06 for instance and model parameters
option SCALE: Scale is set to 1e-06 for instance and model parameters
option SCALE: Scale is set to 1e-06 for instance and model parameters
option SCALE: Scale is set to 1e-06 for instance and model parameters
Doing analysis at TEMP = -40.000000 and TNOM = 27.000000

Using KLU as Direct Linear Solver
 Reference value :  0.00000e+00
No. of Data Rows : 1
vout = 4.872961e-01
vgdrv = 2.573035e+00
Reset re-loads circuit * monte-carlo-untrimmed monte carlo deck (config=all) -- generated by sim/monte-carlo-untrimmed/run_mc_untrimmed.py, do not edit

Circuit: * monte-carlo-untrimmed monte carlo deck (config=all) -- generated by sim/monte-carlo-untrimmed/run_mc_untrimmed.py, do not edit

option SCALE: Scale is set to 1e-06 for instance and model parameters
option SCALE: Scale is set to 1e-06 for instance and model parameters
option SCALE: Scale is set to 1e-06 for instance and model parameters
option SCALE: Scale is set to 1e-06 for instance and model parameters
Doing analysis at TEMP = -40.000000 and TNOM = 27.000000

Using KLU as Direct Linear Solver

No. of Data Rows : 1
vout = 1.213051e+00
vgdrv = 1.989846e+00
Reset re-loads circuit * monte-carlo-untrimmed monte carlo deck (config=all) -- generated by sim/monte-carlo-untrimmed/run_mc_untrimmed.py, do not edit

Circuit: * monte-carlo-untrimmed monte carlo deck (config=all) -- generated by sim/monte-carlo-untrimmed/run_mc_untrimmed.py, do not edit

option SCALE: Scale is set to 1e-06 for instance and model parameters
option SCALE: Scale is set to 1e-06 for instance and model parameters
option SCALE: Scale is set to 1e-06 for instance and model parameters
option SCALE: Scale is set to 1e-06 for instance and model parameters
Doing analysis at TEMP = -40.000000 and TNOM = 27.000000

Using KLU as Direct Linear Solver

No. of Data Rows : 1
vout = 5.733886e-01
vgdrv = 2.471325e+00
Reset re-loads circuit * monte-carlo-untrimmed monte carlo deck (config=all) -- generated by sim/monte-carlo-untrimmed/run_mc_untrimmed.py, do not edit

Circuit: * monte-carlo-untrimmed monte carlo deck (config=all) -- generated by sim/monte-carlo-untrimmed/run_mc_untrimmed.py, do not edit

option SCALE: Scale is set to 1e-06 for instance and model parameters
option SCALE: Scale is set to 1e-06 for instance and model parameters
option SCALE: Scale is set to 1e-06 for instance and model parameters
option SCALE: Scale is set to 1e-06 for instance and model parameters
Doing analysis at TEMP = -40.000000 and TNOM = 27.000000

Using KLU as Direct Linear Solver

No. of Data Rows : 1
vout = 1.209298e+00
vgdrv = 1.992274e+00
Reset re-loads circuit * monte-carlo-untrimmed monte carlo deck (config=all) -- generated by sim/monte-carlo-untrimmed/run_mc_untrimmed.py, do not edit

Circuit: * monte-carlo-untrimmed monte carlo deck (config=all) -- generated by sim/monte-carlo-untrimmed/run_mc_untrimmed.py, do not edit

option SCALE: Scale is set to 1e-06 for instance and model parameters
option SCALE: Scale is set to 1e-06 for instance and model parameters
option SCALE: Scale is set to 1e-06 for instance and model parameters
option SCALE: Scale is set to 1e-06 for instance and model parameters
Doing analysis at TEMP = -40.000000 and TNOM = 27.000000

Using KLU as Direct Linear Solver

No. of Data Rows : 1
vout = 5.051158e-01
vgdrv = 2.553647e+00
Reset re-loads circuit * monte-carlo-untrimmed monte carlo deck (config=all) -- generated by sim/monte-carlo-untrimmed/run_mc_untrimmed.py, do not edit

Circuit: * monte-carlo-untrimmed monte carlo deck (config=all) -- generated by sim/monte-carlo-untrimmed/run_mc_untrimmed.py, do not edit

option SCALE: Scale is set to 1e-06 for instance and model parameters
option SCALE: Scale is set to 1e-06 for instance and model parameters
option SCALE: Scale is set to 1e-06 for instance and model parameters
option SCALE: Scale is set to 1e-06 for instance and model parameters
Doing analysis at TEMP = -40.000000 and TNOM = 27.000000

Using KLU as Direct Linear Solver

No. of Data Rows : 1
vout = 1.217001e+00
vgdrv = 1.994746e+00
Reset re-loads circuit * monte-carlo-untrimmed monte carlo deck (config=all) -- generated by sim/monte-carlo-untrimmed/run_mc_untrimmed.py, do not edit

Circuit: * monte-carlo-untrimmed monte carlo deck (config=all) -- generated by sim/monte-carlo-untrimmed/run_mc_untrimmed.py, do not edit

option SCALE: Scale is set to 1e-06 for instance and model parameters
option SCALE: Scale is set to 1e-06 for instance and model parameters
option SCALE: Scale is set to 1e-06 for instance and model parameters
option SCALE: Scale is set to 1e-06 for instance and model parameters
Doing analysis at TEMP = -40.000000 and TNOM = 27.000000

Using KLU as Direct Linear Solver
 Reference value :  0.00000e+00
No. of Data Rows : 1
vout = 5.725891e-01
vgdrv = 2.479289e+00
Reset re-loads circuit * monte-carlo-untrimmed monte carlo deck (config=all) -- generated by sim/monte-carlo-untrimmed/run_mc_untrimmed.py, do not edit

Circuit: * monte-carlo-untrimmed monte carlo deck (config=all) -- generated by sim/monte-carlo-untrimmed/run_mc_untrimmed.py, do not edit

option SCALE: Scale is set to 1e-06 for instance and model parameters
option SCALE: Scale is set to 1e-06 for instance and model parameters
option SCALE: Scale is set to 1e-06 for instance and model parameters
option SCALE: Scale is set to 1e-06 for instance and model parameters
Doing analysis at TEMP = -40.000000 and TNOM = 27.000000

Using KLU as Direct Linear Solver

No. of Data Rows : 1
vout = 1.233004e+00
vgdrv = 1.985767e+00
Reset re-loads circuit * monte-carlo-untrimmed monte carlo deck (config=all) -- generated by sim/monte-carlo-untrimmed/run_mc_untrimmed.py, do not edit

Circuit: * monte-carlo-untrimmed monte carlo deck (config=all) -- generated by sim/monte-carlo-untrimmed/run_mc_untrimmed.py, do not edit

option SCALE: Scale is set to 1e-06 for instance and model parameters
option SCALE: Scale is set to 1e-06 for instance and model parameters
option SCALE: Scale is set to 1e-06 for instance and model parameters
option SCALE: Scale is set to 1e-06 for instance and model parameters
Doing analysis at TEMP = -40.000000 and TNOM = 27.000000

Using KLU as Direct Linear Solver

No. of Data Rows : 1
vout = 1.219928e+00
vgdrv = 1.993256e+00
Reset re-loads circuit * monte-carlo-untrimmed monte carlo deck (config=all) -- generated by sim/monte-carlo-untrimmed/run_mc_untrimmed.py, do not edit

Circuit: * monte-carlo-untrimmed monte carlo deck (config=all) -- generated by sim/monte-carlo-untrimmed/run_mc_untrimmed.py, do not edit

option SCALE: Scale is set to 1e-06 for instance and model parameters
option SCALE: Scale is set to 1e-06 for instance and model parameters
option SCALE: Scale is set to 1e-06 for instance and model parameters
option SCALE: Scale is set to 1e-06 for instance and model parameters
Doing analysis at TEMP = -40.000000 and TNOM = 27.000000

Using KLU as Direct Linear Solver

No. of Data Rows : 1
vout = 1.217971e+00
vgdrv = 1.989536e+00
Reset re-loads circuit * monte-carlo-untrimmed monte carlo deck (config=all) -- generated by sim/monte-carlo-untrimmed/run_mc_untrimmed.py, do not edit

Circuit: * monte-carlo-untrimmed monte carlo deck (config=all) -- generated by sim/monte-carlo-untrimmed/run_mc_untrimmed.py, do not edit

option SCALE: Scale is set to 1e-06 for instance and model parameters
option SCALE: Scale is set to 1e-06 for instance and model parameters
option SCALE: Scale is set to 1e-06 for instance and model parameters
option SCALE: Scale is set to 1e-06 for instance and model parameters
Doing analysis at TEMP = -40.000000 and TNOM = 27.000000

Using KLU as Direct Linear Solver

No. of Data Rows : 1
vout = 1.231230e+00
vgdrv = 1.992779e+00
Reset re-loads circuit * monte-carlo-untrimmed monte carlo deck (config=all) -- generated by sim/monte-carlo-untrimmed/run_mc_untrimmed.py, do not edit

Circuit: * monte-carlo-untrimmed monte carlo deck (config=all) -- generated by sim/monte-carlo-untrimmed/run_mc_untrimmed.py, do not edit

option SCALE: Scale is set to 1e-06 for instance and model parameters
option SCALE: Scale is set to 1e-06 for instance and model parameters
option SCALE: Scale is set to 1e-06 for instance and model parameters
option SCALE: Scale is set to 1e-06 for instance and model parameters
Doing analysis at TEMP = -40.000000 and TNOM = 27.000000

Using KLU as Direct Linear Solver
 Reference value :  0.00000e+00
No. of Data Rows : 1
vout = 1.218295e+00
vgdrv = 1.991441e+00
Reset re-loads circuit * monte-carlo-untrimmed monte carlo deck (config=all) -- generated by sim/monte-carlo-untrimmed/run_mc_untrimmed.py, do not edit

Circuit: * monte-carlo-untrimmed monte carlo deck (config=all) -- generated by sim/monte-carlo-untrimmed/run_mc_untrimmed.py, do not edit

option SCALE: Scale is set to 1e-06 for instance and model parameters
option SCALE: Scale is set to 1e-06 for instance and model parameters
option SCALE: Scale is set to 1e-06 for instance and model parameters
option SCALE: Scale is set to 1e-06 for instance and model parameters
Doing analysis at TEMP = -40.000000 and TNOM = 27.000000

Using KLU as Direct Linear Solver

No. of Data Rows : 1
vout = 1.220861e+00
vgdrv = 1.988078e+00
Reset re-loads circuit * monte-carlo-untrimmed monte carlo deck (config=all) -- generated by sim/monte-carlo-untrimmed/run_mc_untrimmed.py, do not edit

Circuit: * monte-carlo-untrimmed monte carlo deck (config=all) -- generated by sim/monte-carlo-untrimmed/run_mc_untrimmed.py, do not edit

option SCALE: Scale is set to 1e-06 for instance and model parameters
option SCALE: Scale is set to 1e-06 for instance and model parameters
option SCALE: Scale is set to 1e-06 for instance and model parameters
option SCALE: Scale is set to 1e-06 for instance and model parameters
Doing analysis at TEMP = -40.000000 and TNOM = 27.000000

Using KLU as Direct Linear Solver

No. of Data Rows : 1
vout = 1.218411e+00
vgdrv = 1.986890e+00
Reset re-loads circuit * monte-carlo-untrimmed monte carlo deck (config=all) -- generated by sim/monte-carlo-untrimmed/run_mc_untrimmed.py, do not edit

Circuit: * monte-carlo-untrimmed monte carlo deck (config=all) -- generated by sim/monte-carlo-untrimmed/run_mc_untrimmed.py, do not edit

option SCALE: Scale is set to 1e-06 for instance and model parameters
option SCALE: Scale is set to 1e-06 for instance and model parameters
option SCALE: Scale is set to 1e-06 for instance and model parameters
option SCALE: Scale is set to 1e-06 for instance and model parameters
Doing analysis at TEMP = -40.000000 and TNOM = 27.000000

Using KLU as Direct Linear Solver

No. of Data Rows : 1
vout = 1.207236e+00
vgdrv = 1.992418e+00
Reset re-loads circuit * monte-carlo-untrimmed monte carlo deck (config=all) -- generated by sim/monte-carlo-untrimmed/run_mc_untrimmed.py, do not edit

Circuit: * monte-carlo-untrimmed monte carlo deck (config=all) -- generated by sim/monte-carlo-untrimmed/run_mc_untrimmed.py, do not edit

option SCALE: Scale is set to 1e-06 for instance and model parameters
option SCALE: Scale is set to 1e-06 for instance and model parameters
option SCALE: Scale is set to 1e-06 for instance and model parameters
option SCALE: Scale is set to 1e-06 for instance and model parameters
Doing analysis at TEMP = -40.000000 and TNOM = 27.000000

Using KLU as Direct Linear Solver

No. of Data Rows : 1
vout = 1.220360e+00
vgdrv = 1.990575e+00
Reset re-loads circuit * monte-carlo-untrimmed monte carlo deck (config=all) -- generated by sim/monte-carlo-untrimmed/run_mc_untrimmed.py, do not edit

Circuit: * monte-carlo-untrimmed monte carlo deck (config=all) -- generated by sim/monte-carlo-untrimmed/run_mc_untrimmed.py, do not edit

option SCALE: Scale is set to 1e-06 for instance and model parameters
option SCALE: Scale is set to 1e-06 for instance and model parameters
option SCALE: Scale is set to 1e-06 for instance and model parameters
option SCALE: Scale is set to 1e-06 for instance and model parameters
Doing analysis at TEMP = -40.000000 and TNOM = 27.000000

Using KLU as Direct Linear Solver

No. of Data Rows : 1
vout = 6.630969e-01
vgdrv = 2.343010e+00
Reset re-loads circuit * monte-carlo-untrimmed monte carlo deck (config=all) -- generated by sim/monte-carlo-untrimmed/run_mc_untrimmed.py, do not edit

Circuit: * monte-carlo-untrimmed monte carlo deck (config=all) -- generated by sim/monte-carlo-untrimmed/run_mc_untrimmed.py, do not edit

option SCALE: Scale is set to 1e-06 for instance and model parameters
option SCALE: Scale is set to 1e-06 for instance and model parameters
option SCALE: Scale is set to 1e-06 for instance and model parameters
option SCALE: Scale is set to 1e-06 for instance and model parameters
Doing analysis at TEMP = -40.000000 and TNOM = 27.000000

Using KLU as Direct Linear Solver
 Reference value :  0.00000e+00
No. of Data Rows : 1
vout = 1.227269e+00
vgdrv = 1.989682e+00
Reset re-loads circuit * monte-carlo-untrimmed monte carlo deck (config=all) -- generated by sim/monte-carlo-untrimmed/run_mc_untrimmed.py, do not edit

Circuit: * monte-carlo-untrimmed monte carlo deck (config=all) -- generated by sim/monte-carlo-untrimmed/run_mc_untrimmed.py, do not edit

option SCALE: Scale is set to 1e-06 for instance and model parameters
option SCALE: Scale is set to 1e-06 for instance and model parameters
option SCALE: Scale is set to 1e-06 for instance and model parameters
option SCALE: Scale is set to 1e-06 for instance and model parameters
Doing analysis at TEMP = -40.000000 and TNOM = 27.000000

Using KLU as Direct Linear Solver

No. of Data Rows : 1
vout = 5.266348e-01
vgdrv = 2.532909e+00
Reset re-loads circuit * monte-carlo-untrimmed monte carlo deck (config=all) -- generated by sim/monte-carlo-untrimmed/run_mc_untrimmed.py, do not edit

Circuit: * monte-carlo-untrimmed monte carlo deck (config=all) -- generated by sim/monte-carlo-untrimmed/run_mc_untrimmed.py, do not edit

option SCALE: Scale is set to 1e-06 for instance and model parameters
option SCALE: Scale is set to 1e-06 for instance and model parameters
option SCALE: Scale is set to 1e-06 for instance and model parameters
option SCALE: Scale is set to 1e-06 for instance and model parameters
Doing analysis at TEMP = -40.000000 and TNOM = 27.000000

Using KLU as Direct Linear Solver

No. of Data Rows : 1
vout = 1.227359e+00
vgdrv = 1.987956e+00
Reset re-loads circuit * monte-carlo-untrimmed monte carlo deck (config=all) -- generated by sim/monte-carlo-untrimmed/run_mc_untrimmed.py, do not edit

Circuit: * monte-carlo-untrimmed monte carlo deck (config=all) -- generated by sim/monte-carlo-untrimmed/run_mc_untrimmed.py, do not edit

option SCALE: Scale is set to 1e-06 for instance and model parameters
option SCALE: Scale is set to 1e-06 for instance and model parameters
option SCALE: Scale is set to 1e-06 for instance and model parameters
option SCALE: Scale is set to 1e-06 for instance and model parameters
Doing analysis at TEMP = -40.000000 and TNOM = 27.000000

Using KLU as Direct Linear Solver

No. of Data Rows : 1
vout = 1.216807e+00
vgdrv = 1.991787e+00
Reset re-loads circuit * monte-carlo-untrimmed monte carlo deck (config=all) -- generated by sim/monte-carlo-untrimmed/run_mc_untrimmed.py, do not edit

Circuit: * monte-carlo-untrimmed monte carlo deck (config=all) -- generated by sim/monte-carlo-untrimmed/run_mc_untrimmed.py, do not edit

option SCALE: Scale is set to 1e-06 for instance and model parameters
option SCALE: Scale is set to 1e-06 for instance and model parameters
option SCALE: Scale is set to 1e-06 for instance and model parameters
option SCALE: Scale is set to 1e-06 for instance and model parameters
Doing analysis at TEMP = -40.000000 and TNOM = 27.000000

Using KLU as Direct Linear Solver

No. of Data Rows : 1
vout = 1.220800e+00
vgdrv = 1.988035e+00
Reset re-loads circuit * monte-carlo-untrimmed monte carlo deck (config=all) -- generated by sim/monte-carlo-untrimmed/run_mc_untrimmed.py, do not edit

Circuit: * monte-carlo-untrimmed monte carlo deck (config=all) -- generated by sim/monte-carlo-untrimmed/run_mc_untrimmed.py, do not edit

option SCALE: Scale is set to 1e-06 for instance and model parameters
option SCALE: Scale is set to 1e-06 for instance and model parameters
option SCALE: Scale is set to 1e-06 for instance and model parameters
option SCALE: Scale is set to 1e-06 for instance and model parameters
Doing analysis at TEMP = -40.000000 and TNOM = 27.000000

Using KLU as Direct Linear Solver
 Reference value :  0.00000e+00
No. of Data Rows : 1
vout = 1.217750e+00
vgdrv = 1.990585e+00
Reset re-loads circuit * monte-carlo-untrimmed monte carlo deck (config=all) -- generated by sim/monte-carlo-untrimmed/run_mc_untrimmed.py, do not edit

Circuit: * monte-carlo-untrimmed monte carlo deck (config=all) -- generated by sim/monte-carlo-untrimmed/run_mc_untrimmed.py, do not edit

option SCALE: Scale is set to 1e-06 for instance and model parameters
option SCALE: Scale is set to 1e-06 for instance and model parameters
option SCALE: Scale is set to 1e-06 for instance and model parameters
option SCALE: Scale is set to 1e-06 for instance and model parameters
Doing analysis at TEMP = -40.000000 and TNOM = 27.000000

Using KLU as Direct Linear Solver

No. of Data Rows : 1
vout = 1.215057e+00
vgdrv = 1.990555e+00
Reset re-loads circuit * monte-carlo-untrimmed monte carlo deck (config=all) -- generated by sim/monte-carlo-untrimmed/run_mc_untrimmed.py, do not edit

Circuit: * monte-carlo-untrimmed monte carlo deck (config=all) -- generated by sim/monte-carlo-untrimmed/run_mc_untrimmed.py, do not edit

option SCALE: Scale is set to 1e-06 for instance and model parameters
option SCALE: Scale is set to 1e-06 for instance and model parameters
option SCALE: Scale is set to 1e-06 for instance and model parameters
option SCALE: Scale is set to 1e-06 for instance and model parameters
Doing analysis at TEMP = -40.000000 and TNOM = 27.000000

Using KLU as Direct Linear Solver

No. of Data Rows : 1
vout = 1.222541e+00
vgdrv = 1.988803e+00
Reset re-loads circuit * monte-carlo-untrimmed monte carlo deck (config=all) -- generated by sim/monte-carlo-untrimmed/run_mc_untrimmed.py, do not edit

Circuit: * monte-carlo-untrimmed monte carlo deck (config=all) -- generated by sim/monte-carlo-untrimmed/run_mc_untrimmed.py, do not edit

option SCALE: Scale is set to 1e-06 for instance and model parameters
option SCALE: Scale is set to 1e-06 for instance and model parameters
option SCALE: Scale is set to 1e-06 for instance and model parameters
option SCALE: Scale is set to 1e-06 for instance and model parameters
Doing analysis at TEMP = -40.000000 and TNOM = 27.000000

Using KLU as Direct Linear Solver

No. of Data Rows : 1
vout = 5.600687e-01
vgdrv = 2.496601e+00
Reset re-loads circuit * monte-carlo-untrimmed monte carlo deck (config=all) -- generated by sim/monte-carlo-untrimmed/run_mc_untrimmed.py, do not edit

Circuit: * monte-carlo-untrimmed monte carlo deck (config=all) -- generated by sim/monte-carlo-untrimmed/run_mc_untrimmed.py, do not edit

option SCALE: Scale is set to 1e-06 for instance and model parameters
option SCALE: Scale is set to 1e-06 for instance and model parameters
option SCALE: Scale is set to 1e-06 for instance and model parameters
option SCALE: Scale is set to 1e-06 for instance and model parameters
Doing analysis at TEMP = -40.000000 and TNOM = 27.000000

Using KLU as Direct Linear Solver

No. of Data Rows : 1
vout = 4.975181e-01
vgdrv = 2.565129e+00
Reset re-loads circuit * monte-carlo-untrimmed monte carlo deck (config=all) -- generated by sim/monte-carlo-untrimmed/run_mc_untrimmed.py, do not edit

Circuit: * monte-carlo-untrimmed monte carlo deck (config=all) -- generated by sim/monte-carlo-untrimmed/run_mc_untrimmed.py, do not edit

option SCALE: Scale is set to 1e-06 for instance and model parameters
option SCALE: Scale is set to 1e-06 for instance and model parameters
option SCALE: Scale is set to 1e-06 for instance and model parameters
option SCALE: Scale is set to 1e-06 for instance and model parameters
Doing analysis at TEMP = -40.000000 and TNOM = 27.000000

Using KLU as Direct Linear Solver
 Reference value :  0.00000e+00
No. of Data Rows : 1
vout = 5.798185e-01
vgdrv = 2.467891e+00
Reset re-loads circuit * monte-carlo-untrimmed monte carlo deck (config=all) -- generated by sim/monte-carlo-untrimmed/run_mc_untrimmed.py, do not edit

Circuit: * monte-carlo-untrimmed monte carlo deck (config=all) -- generated by sim/monte-carlo-untrimmed/run_mc_untrimmed.py, do not edit

option SCALE: Scale is set to 1e-06 for instance and model parameters
option SCALE: Scale is set to 1e-06 for instance and model parameters
option SCALE: Scale is set to 1e-06 for instance and model parameters
option SCALE: Scale is set to 1e-06 for instance and model parameters
Doing analysis at TEMP = -40.000000 and TNOM = 27.000000

Using KLU as Direct Linear Solver

No. of Data Rows : 1
vout = 4.951216e-01
vgdrv = 2.564383e+00
Reset re-loads circuit * monte-carlo-untrimmed monte carlo deck (config=all) -- generated by sim/monte-carlo-untrimmed/run_mc_untrimmed.py, do not edit

Circuit: * monte-carlo-untrimmed monte carlo deck (config=all) -- generated by sim/monte-carlo-untrimmed/run_mc_untrimmed.py, do not edit

option SCALE: Scale is set to 1e-06 for instance and model parameters
option SCALE: Scale is set to 1e-06 for instance and model parameters
option SCALE: Scale is set to 1e-06 for instance and model parameters
option SCALE: Scale is set to 1e-06 for instance and model parameters
Doing analysis at TEMP = -40.000000 and TNOM = 27.000000

Using KLU as Direct Linear Solver

No. of Data Rows : 1
vout = 1.219088e+00
vgdrv = 1.993491e+00
Reset re-loads circuit * monte-carlo-untrimmed monte carlo deck (config=all) -- generated by sim/monte-carlo-untrimmed/run_mc_untrimmed.py, do not edit

Circuit: * monte-carlo-untrimmed monte carlo deck (config=all) -- generated by sim/monte-carlo-untrimmed/run_mc_untrimmed.py, do not edit

option SCALE: Scale is set to 1e-06 for instance and model parameters
option SCALE: Scale is set to 1e-06 for instance and model parameters
option SCALE: Scale is set to 1e-06 for instance and model parameters
option SCALE: Scale is set to 1e-06 for instance and model parameters
Doing analysis at TEMP = -40.000000 and TNOM = 27.000000

Using KLU as Direct Linear Solver

No. of Data Rows : 1
vout = 1.218337e+00
vgdrv = 1.988925e+00
Reset re-loads circuit * monte-carlo-untrimmed monte carlo deck (config=all) -- generated by sim/monte-carlo-untrimmed/run_mc_untrimmed.py, do not edit

Circuit: * monte-carlo-untrimmed monte carlo deck (config=all) -- generated by sim/monte-carlo-untrimmed/run_mc_untrimmed.py, do not edit

option SCALE: Scale is set to 1e-06 for instance and model parameters
option SCALE: Scale is set to 1e-06 for instance and model parameters
option SCALE: Scale is set to 1e-06 for instance and model parameters
option SCALE: Scale is set to 1e-06 for instance and model parameters
Doing analysis at TEMP = -40.000000 and TNOM = 27.000000

Using KLU as Direct Linear Solver

No. of Data Rows : 1
vout = 4.970254e-01
vgdrv = 2.559648e+00
Reset re-loads circuit * monte-carlo-untrimmed monte carlo deck (config=all) -- generated by sim/monte-carlo-untrimmed/run_mc_untrimmed.py, do not edit

Circuit: * monte-carlo-untrimmed monte carlo deck (config=all) -- generated by sim/monte-carlo-untrimmed/run_mc_untrimmed.py, do not edit

option SCALE: Scale is set to 1e-06 for instance and model parameters
option SCALE: Scale is set to 1e-06 for instance and model parameters
option SCALE: Scale is set to 1e-06 for instance and model parameters
option SCALE: Scale is set to 1e-06 for instance and model parameters
Doing analysis at TEMP = -40.000000 and TNOM = 27.000000

Using KLU as Direct Linear Solver
 Reference value :  0.00000e+00
No. of Data Rows : 1
vout = 5.244544e-01
vgdrv = 2.539545e+00
Reset re-loads circuit * monte-carlo-untrimmed monte carlo deck (config=all) -- generated by sim/monte-carlo-untrimmed/run_mc_untrimmed.py, do not edit

Circuit: * monte-carlo-untrimmed monte carlo deck (config=all) -- generated by sim/monte-carlo-untrimmed/run_mc_untrimmed.py, do not edit

option SCALE: Scale is set to 1e-06 for instance and model parameters
option SCALE: Scale is set to 1e-06 for instance and model parameters
option SCALE: Scale is set to 1e-06 for instance and model parameters
option SCALE: Scale is set to 1e-06 for instance and model parameters
Doing analysis at TEMP = -40.000000 and TNOM = 27.000000

Using KLU as Direct Linear Solver

No. of Data Rows : 1
vout = 1.215245e+00
vgdrv = 1.990705e+00
Reset re-loads circuit * monte-carlo-untrimmed monte carlo deck (config=all) -- generated by sim/monte-carlo-untrimmed/run_mc_untrimmed.py, do not edit

Circuit: * monte-carlo-untrimmed monte carlo deck (config=all) -- generated by sim/monte-carlo-untrimmed/run_mc_untrimmed.py, do not edit

option SCALE: Scale is set to 1e-06 for instance and model parameters
option SCALE: Scale is set to 1e-06 for instance and model parameters
option SCALE: Scale is set to 1e-06 for instance and model parameters
option SCALE: Scale is set to 1e-06 for instance and model parameters
Doing analysis at TEMP = -40.000000 and TNOM = 27.000000

Using KLU as Direct Linear Solver

No. of Data Rows : 1
vout = 1.217572e+00
vgdrv = 1.991879e+00
Reset re-loads circuit * monte-carlo-untrimmed monte carlo deck (config=all) -- generated by sim/monte-carlo-untrimmed/run_mc_untrimmed.py, do not edit

Circuit: * monte-carlo-untrimmed monte carlo deck (config=all) -- generated by sim/monte-carlo-untrimmed/run_mc_untrimmed.py, do not edit

option SCALE: Scale is set to 1e-06 for instance and model parameters
option SCALE: Scale is set to 1e-06 for instance and model parameters
option SCALE: Scale is set to 1e-06 for instance and model parameters
option SCALE: Scale is set to 1e-06 for instance and model parameters
Doing analysis at TEMP = -40.000000 and TNOM = 27.000000

Using KLU as Direct Linear Solver

No. of Data Rows : 1
vout = 1.215611e+00
vgdrv = 1.992412e+00
Reset re-loads circuit * monte-carlo-untrimmed monte carlo deck (config=all) -- generated by sim/monte-carlo-untrimmed/run_mc_untrimmed.py, do not edit

Circuit: * monte-carlo-untrimmed monte carlo deck (config=all) -- generated by sim/monte-carlo-untrimmed/run_mc_untrimmed.py, do not edit

option SCALE: Scale is set to 1e-06 for instance and model parameters
option SCALE: Scale is set to 1e-06 for instance and model parameters
option SCALE: Scale is set to 1e-06 for instance and model parameters
option SCALE: Scale is set to 1e-06 for instance and model parameters
Doing analysis at TEMP = -40.000000 and TNOM = 27.000000

Using KLU as Direct Linear Solver

No. of Data Rows : 1
vout = 5.748198e-01
vgdrv = 2.474292e+00
Reset re-loads circuit * monte-carlo-untrimmed monte carlo deck (config=all) -- generated by sim/monte-carlo-untrimmed/run_mc_untrimmed.py, do not edit

Circuit: * monte-carlo-untrimmed monte carlo deck (config=all) -- generated by sim/monte-carlo-untrimmed/run_mc_untrimmed.py, do not edit

option SCALE: Scale is set to 1e-06 for instance and model parameters
option SCALE: Scale is set to 1e-06 for instance and model parameters
option SCALE: Scale is set to 1e-06 for instance and model parameters
option SCALE: Scale is set to 1e-06 for instance and model parameters
Doing analysis at TEMP = -40.000000 and TNOM = 27.000000

Using KLU as Direct Linear Solver
 Reference value :  0.00000e+00
No. of Data Rows : 1
vout = 1.217669e+00
vgdrv = 1.992487e+00
Reset re-loads circuit * monte-carlo-untrimmed monte carlo deck (config=all) -- generated by sim/monte-carlo-untrimmed/run_mc_untrimmed.py, do not edit

Circuit: * monte-carlo-untrimmed monte carlo deck (config=all) -- generated by sim/monte-carlo-untrimmed/run_mc_untrimmed.py, do not edit

option SCALE: Scale is set to 1e-06 for instance and model parameters
option SCALE: Scale is set to 1e-06 for instance and model parameters
option SCALE: Scale is set to 1e-06 for instance and model parameters
option SCALE: Scale is set to 1e-06 for instance and model parameters
Doing analysis at TEMP = -40.000000 and TNOM = 27.000000

Using KLU as Direct Linear Solver

No. of Data Rows : 1
vout = 1.222942e+00
vgdrv = 1.990798e+00
Reset re-loads circuit * monte-carlo-untrimmed monte carlo deck (config=all) -- generated by sim/monte-carlo-untrimmed/run_mc_untrimmed.py, do not edit

Circuit: * monte-carlo-untrimmed monte carlo deck (config=all) -- generated by sim/monte-carlo-untrimmed/run_mc_untrimmed.py, do not edit

option SCALE: Scale is set to 1e-06 for instance and model parameters
option SCALE: Scale is set to 1e-06 for instance and model parameters
option SCALE: Scale is set to 1e-06 for instance and model parameters
option SCALE: Scale is set to 1e-06 for instance and model parameters
Doing analysis at TEMP = -40.000000 and TNOM = 27.000000

Using KLU as Direct Linear Solver

No. of Data Rows : 1
vout = 1.223958e+00
vgdrv = 1.991466e+00
Reset re-loads circuit * monte-carlo-untrimmed monte carlo deck (config=all) -- generated by sim/monte-carlo-untrimmed/run_mc_untrimmed.py, do not edit

Circuit: * monte-carlo-untrimmed monte carlo deck (config=all) -- generated by sim/monte-carlo-untrimmed/run_mc_untrimmed.py, do not edit

option SCALE: Scale is set to 1e-06 for instance and model parameters
option SCALE: Scale is set to 1e-06 for instance and model parameters
option SCALE: Scale is set to 1e-06 for instance and model parameters
option SCALE: Scale is set to 1e-06 for instance and model parameters
Doing analysis at TEMP = -40.000000 and TNOM = 27.000000

Using KLU as Direct Linear Solver

No. of Data Rows : 1
vout = 1.220684e+00
vgdrv = 1.988049e+00
Reset re-loads circuit * monte-carlo-untrimmed monte carlo deck (config=all) -- generated by sim/monte-carlo-untrimmed/run_mc_untrimmed.py, do not edit

Circuit: * monte-carlo-untrimmed monte carlo deck (config=all) -- generated by sim/monte-carlo-untrimmed/run_mc_untrimmed.py, do not edit

option SCALE: Scale is set to 1e-06 for instance and model parameters
option SCALE: Scale is set to 1e-06 for instance and model parameters
option SCALE: Scale is set to 1e-06 for instance and model parameters
option SCALE: Scale is set to 1e-06 for instance and model parameters
Doing analysis at TEMP = -40.000000 and TNOM = 27.000000

Using KLU as Direct Linear Solver

No. of Data Rows : 1
vout = 1.215831e+00
vgdrv = 1.995594e+00
Reset re-loads circuit * monte-carlo-untrimmed monte carlo deck (config=all) -- generated by sim/monte-carlo-untrimmed/run_mc_untrimmed.py, do not edit

Circuit: * monte-carlo-untrimmed monte carlo deck (config=all) -- generated by sim/monte-carlo-untrimmed/run_mc_untrimmed.py, do not edit

option SCALE: Scale is set to 1e-06 for instance and model parameters
option SCALE: Scale is set to 1e-06 for instance and model parameters
option SCALE: Scale is set to 1e-06 for instance and model parameters
option SCALE: Scale is set to 1e-06 for instance and model parameters
Doing analysis at TEMP = -40.000000 and TNOM = 27.000000

Using KLU as Direct Linear Solver
 Reference value :  0.00000e+00
No. of Data Rows : 1
vout = 1.210826e+00
vgdrv = 1.993740e+00
Reset re-loads circuit * monte-carlo-untrimmed monte carlo deck (config=all) -- generated by sim/monte-carlo-untrimmed/run_mc_untrimmed.py, do not edit

Circuit: * monte-carlo-untrimmed monte carlo deck (config=all) -- generated by sim/monte-carlo-untrimmed/run_mc_untrimmed.py, do not edit

option SCALE: Scale is set to 1e-06 for instance and model parameters
option SCALE: Scale is set to 1e-06 for instance and model parameters
option SCALE: Scale is set to 1e-06 for instance and model parameters
option SCALE: Scale is set to 1e-06 for instance and model parameters
Doing analysis at TEMP = -40.000000 and TNOM = 27.000000

Using KLU as Direct Linear Solver

No. of Data Rows : 1
vout = 1.217714e+00
vgdrv = 1.990233e+00
Reset re-loads circuit * monte-carlo-untrimmed monte carlo deck (config=all) -- generated by sim/monte-carlo-untrimmed/run_mc_untrimmed.py, do not edit

Circuit: * monte-carlo-untrimmed monte carlo deck (config=all) -- generated by sim/monte-carlo-untrimmed/run_mc_untrimmed.py, do not edit

option SCALE: Scale is set to 1e-06 for instance and model parameters
option SCALE: Scale is set to 1e-06 for instance and model parameters
option SCALE: Scale is set to 1e-06 for instance and model parameters
option SCALE: Scale is set to 1e-06 for instance and model parameters
Doing analysis at TEMP = -40.000000 and TNOM = 27.000000

Using KLU as Direct Linear Solver

No. of Data Rows : 1
vout = 1.213195e+00
vgdrv = 1.990460e+00
Reset re-loads circuit * monte-carlo-untrimmed monte carlo deck (config=all) -- generated by sim/monte-carlo-untrimmed/run_mc_untrimmed.py, do not edit

Circuit: * monte-carlo-untrimmed monte carlo deck (config=all) -- generated by sim/monte-carlo-untrimmed/run_mc_untrimmed.py, do not edit

option SCALE: Scale is set to 1e-06 for instance and model parameters
option SCALE: Scale is set to 1e-06 for instance and model parameters
option SCALE: Scale is set to 1e-06 for instance and model parameters
option SCALE: Scale is set to 1e-06 for instance and model parameters
Doing analysis at TEMP = -40.000000 and TNOM = 27.000000

Using KLU as Direct Linear Solver

No. of Data Rows : 1
vout = 5.226954e-01
vgdrv = 2.541587e+00
Reset re-loads circuit * monte-carlo-untrimmed monte carlo deck (config=all) -- generated by sim/monte-carlo-untrimmed/run_mc_untrimmed.py, do not edit

Circuit: * monte-carlo-untrimmed monte carlo deck (config=all) -- generated by sim/monte-carlo-untrimmed/run_mc_untrimmed.py, do not edit

option SCALE: Scale is set to 1e-06 for instance and model parameters
option SCALE: Scale is set to 1e-06 for instance and model parameters
option SCALE: Scale is set to 1e-06 for instance and model parameters
option SCALE: Scale is set to 1e-06 for instance and model parameters
Doing analysis at TEMP = -40.000000 and TNOM = 27.000000

Using KLU as Direct Linear Solver

No. of Data Rows : 1
vout = 1.222701e+00
vgdrv = 1.991773e+00
Reset re-loads circuit * monte-carlo-untrimmed monte carlo deck (config=all) -- generated by sim/monte-carlo-untrimmed/run_mc_untrimmed.py, do not edit

Circuit: * monte-carlo-untrimmed monte carlo deck (config=all) -- generated by sim/monte-carlo-untrimmed/run_mc_untrimmed.py, do not edit

option SCALE: Scale is set to 1e-06 for instance and model parameters
option SCALE: Scale is set to 1e-06 for instance and model parameters
option SCALE: Scale is set to 1e-06 for instance and model parameters
option SCALE: Scale is set to 1e-06 for instance and model parameters
Doing analysis at TEMP = -40.000000 and TNOM = 27.000000

Using KLU as Direct Linear Solver
 Reference value :  0.00000e+00
No. of Data Rows : 1
vout = 1.215220e+00
vgdrv = 1.992382e+00
Reset re-loads circuit * monte-carlo-untrimmed monte carlo deck (config=all) -- generated by sim/monte-carlo-untrimmed/run_mc_untrimmed.py, do not edit

Circuit: * monte-carlo-untrimmed monte carlo deck (config=all) -- generated by sim/monte-carlo-untrimmed/run_mc_untrimmed.py, do not edit

option SCALE: Scale is set to 1e-06 for instance and model parameters
option SCALE: Scale is set to 1e-06 for instance and model parameters
option SCALE: Scale is set to 1e-06 for instance and model parameters
option SCALE: Scale is set to 1e-06 for instance and model parameters
Doing analysis at TEMP = -40.000000 and TNOM = 27.000000

Using KLU as Direct Linear Solver

No. of Data Rows : 1
vout = 1.217184e+00
vgdrv = 1.994063e+00
Reset re-loads circuit * monte-carlo-untrimmed monte carlo deck (config=all) -- generated by sim/monte-carlo-untrimmed/run_mc_untrimmed.py, do not edit

Circuit: * monte-carlo-untrimmed monte carlo deck (config=all) -- generated by sim/monte-carlo-untrimmed/run_mc_untrimmed.py, do not edit

option SCALE: Scale is set to 1e-06 for instance and model parameters
option SCALE: Scale is set to 1e-06 for instance and model parameters
option SCALE: Scale is set to 1e-06 for instance and model parameters
option SCALE: Scale is set to 1e-06 for instance and model parameters
Doing analysis at TEMP = -40.000000 and TNOM = 27.000000

Using KLU as Direct Linear Solver

No. of Data Rows : 1
vout = 1.215032e+00
vgdrv = 1.991767e+00
Reset re-loads circuit * monte-carlo-untrimmed monte carlo deck (config=all) -- generated by sim/monte-carlo-untrimmed/run_mc_untrimmed.py, do not edit

Circuit: * monte-carlo-untrimmed monte carlo deck (config=all) -- generated by sim/monte-carlo-untrimmed/run_mc_untrimmed.py, do not edit

option SCALE: Scale is set to 1e-06 for instance and model parameters
option SCALE: Scale is set to 1e-06 for instance and model parameters
option SCALE: Scale is set to 1e-06 for instance and model parameters
option SCALE: Scale is set to 1e-06 for instance and model parameters
Doing analysis at TEMP = -40.000000 and TNOM = 27.000000

Using KLU as Direct Linear Solver

No. of Data Rows : 1
vout = 1.226504e+00
vgdrv = 1.986469e+00
Reset re-loads circuit * monte-carlo-untrimmed monte carlo deck (config=all) -- generated by sim/monte-carlo-untrimmed/run_mc_untrimmed.py, do not edit

Circuit: * monte-carlo-untrimmed monte carlo deck (config=all) -- generated by sim/monte-carlo-untrimmed/run_mc_untrimmed.py, do not edit

option SCALE: Scale is set to 1e-06 for instance and model parameters
option SCALE: Scale is set to 1e-06 for instance and model parameters
option SCALE: Scale is set to 1e-06 for instance and model parameters
option SCALE: Scale is set to 1e-06 for instance and model parameters
Doing analysis at TEMP = -40.000000 and TNOM = 27.000000

Using KLU as Direct Linear Solver

No. of Data Rows : 1
vout = 5.659849e-01
vgdrv = 2.485693e+00
Reset re-loads circuit * monte-carlo-untrimmed monte carlo deck (config=all) -- generated by sim/monte-carlo-untrimmed/run_mc_untrimmed.py, do not edit

Circuit: * monte-carlo-untrimmed monte carlo deck (config=all) -- generated by sim/monte-carlo-untrimmed/run_mc_untrimmed.py, do not edit

option SCALE: Scale is set to 1e-06 for instance and model parameters
option SCALE: Scale is set to 1e-06 for instance and model parameters
option SCALE: Scale is set to 1e-06 for instance and model parameters
option SCALE: Scale is set to 1e-06 for instance and model parameters
Doing analysis at TEMP = -40.000000 and TNOM = 27.000000

Using KLU as Direct Linear Solver
 Reference value :  0.00000e+00
No. of Data Rows : 1
vout = 5.236192e-01
vgdrv = 2.535039e+00
Reset re-loads circuit * monte-carlo-untrimmed monte carlo deck (config=all) -- generated by sim/monte-carlo-untrimmed/run_mc_untrimmed.py, do not edit

Circuit: * monte-carlo-untrimmed monte carlo deck (config=all) -- generated by sim/monte-carlo-untrimmed/run_mc_untrimmed.py, do not edit

option SCALE: Scale is set to 1e-06 for instance and model parameters
option SCALE: Scale is set to 1e-06 for instance and model parameters
option SCALE: Scale is set to 1e-06 for instance and model parameters
option SCALE: Scale is set to 1e-06 for instance and model parameters
Doing analysis at TEMP = -40.000000 and TNOM = 27.000000

Using KLU as Direct Linear Solver

No. of Data Rows : 1
vout = 1.215478e+00
vgdrv = 1.990338e+00
Reset re-loads circuit * monte-carlo-untrimmed monte carlo deck (config=all) -- generated by sim/monte-carlo-untrimmed/run_mc_untrimmed.py, do not edit

Circuit: * monte-carlo-untrimmed monte carlo deck (config=all) -- generated by sim/monte-carlo-untrimmed/run_mc_untrimmed.py, do not edit

option SCALE: Scale is set to 1e-06 for instance and model parameters
option SCALE: Scale is set to 1e-06 for instance and model parameters
option SCALE: Scale is set to 1e-06 for instance and model parameters
option SCALE: Scale is set to 1e-06 for instance and model parameters
Doing analysis at TEMP = -40.000000 and TNOM = 27.000000

Using KLU as Direct Linear Solver

No. of Data Rows : 1
vout = 1.220286e+00
vgdrv = 1.992682e+00
Reset re-loads circuit * monte-carlo-untrimmed monte carlo deck (config=all) -- generated by sim/monte-carlo-untrimmed/run_mc_untrimmed.py, do not edit

Circuit: * monte-carlo-untrimmed monte carlo deck (config=all) -- generated by sim/monte-carlo-untrimmed/run_mc_untrimmed.py, do not edit

option SCALE: Scale is set to 1e-06 for instance and model parameters
option SCALE: Scale is set to 1e-06 for instance and model parameters
option SCALE: Scale is set to 1e-06 for instance and model parameters
option SCALE: Scale is set to 1e-06 for instance and model parameters
Doing analysis at TEMP = -40.000000 and TNOM = 27.000000

Using KLU as Direct Linear Solver

No. of Data Rows : 1
vout = 1.223593e+00
vgdrv = 1.991834e+00
Reset re-loads circuit * monte-carlo-untrimmed monte carlo deck (config=all) -- generated by sim/monte-carlo-untrimmed/run_mc_untrimmed.py, do not edit

Circuit: * monte-carlo-untrimmed monte carlo deck (config=all) -- generated by sim/monte-carlo-untrimmed/run_mc_untrimmed.py, do not edit

option SCALE: Scale is set to 1e-06 for instance and model parameters
option SCALE: Scale is set to 1e-06 for instance and model parameters
option SCALE: Scale is set to 1e-06 for instance and model parameters
option SCALE: Scale is set to 1e-06 for instance and model parameters
Doing analysis at TEMP = -40.000000 and TNOM = 27.000000

Using KLU as Direct Linear Solver

No. of Data Rows : 1
vout = 5.267598e-01
vgdrv = 2.534126e+00
Reset re-loads circuit * monte-carlo-untrimmed monte carlo deck (config=all) -- generated by sim/monte-carlo-untrimmed/run_mc_untrimmed.py, do not edit

Circuit: * monte-carlo-untrimmed monte carlo deck (config=all) -- generated by sim/monte-carlo-untrimmed/run_mc_untrimmed.py, do not edit

option SCALE: Scale is set to 1e-06 for instance and model parameters
option SCALE: Scale is set to 1e-06 for instance and model parameters
option SCALE: Scale is set to 1e-06 for instance and model parameters
option SCALE: Scale is set to 1e-06 for instance and model parameters
Doing analysis at TEMP = -40.000000 and TNOM = 27.000000

Using KLU as Direct Linear Solver
 Reference value :  0.00000e+00
No. of Data Rows : 1
vout = 1.218678e+00
vgdrv = 1.990375e+00
Reset re-loads circuit * monte-carlo-untrimmed monte carlo deck (config=all) -- generated by sim/monte-carlo-untrimmed/run_mc_untrimmed.py, do not edit

Circuit: * monte-carlo-untrimmed monte carlo deck (config=all) -- generated by sim/monte-carlo-untrimmed/run_mc_untrimmed.py, do not edit

option SCALE: Scale is set to 1e-06 for instance and model parameters
option SCALE: Scale is set to 1e-06 for instance and model parameters
option SCALE: Scale is set to 1e-06 for instance and model parameters
option SCALE: Scale is set to 1e-06 for instance and model parameters
Doing analysis at TEMP = -40.000000 and TNOM = 27.000000

Using KLU as Direct Linear Solver

No. of Data Rows : 1
vout = 1.220566e+00
vgdrv = 1.986147e+00
Reset re-loads circuit * monte-carlo-untrimmed monte carlo deck (config=all) -- generated by sim/monte-carlo-untrimmed/run_mc_untrimmed.py, do not edit

Circuit: * monte-carlo-untrimmed monte carlo deck (config=all) -- generated by sim/monte-carlo-untrimmed/run_mc_untrimmed.py, do not edit

option SCALE: Scale is set to 1e-06 for instance and model parameters
option SCALE: Scale is set to 1e-06 for instance and model parameters
option SCALE: Scale is set to 1e-06 for instance and model parameters
option SCALE: Scale is set to 1e-06 for instance and model parameters
Doing analysis at TEMP = -40.000000 and TNOM = 27.000000

Using KLU as Direct Linear Solver

No. of Data Rows : 1
vout = 1.224002e+00
vgdrv = 1.987858e+00
Reset re-loads circuit * monte-carlo-untrimmed monte carlo deck (config=all) -- generated by sim/monte-carlo-untrimmed/run_mc_untrimmed.py, do not edit

Circuit: * monte-carlo-untrimmed monte carlo deck (config=all) -- generated by sim/monte-carlo-untrimmed/run_mc_untrimmed.py, do not edit

option SCALE: Scale is set to 1e-06 for instance and model parameters
option SCALE: Scale is set to 1e-06 for instance and model parameters
option SCALE: Scale is set to 1e-06 for instance and model parameters
option SCALE: Scale is set to 1e-06 for instance and model parameters
Doing analysis at TEMP = -40.000000 and TNOM = 27.000000

Using KLU as Direct Linear Solver

No. of Data Rows : 1
vout = 5.075420e-01
vgdrv = 2.554446e+00
Reset re-loads circuit * monte-carlo-untrimmed monte carlo deck (config=all) -- generated by sim/monte-carlo-untrimmed/run_mc_untrimmed.py, do not edit

Circuit: * monte-carlo-untrimmed monte carlo deck (config=all) -- generated by sim/monte-carlo-untrimmed/run_mc_untrimmed.py, do not edit

option SCALE: Scale is set to 1e-06 for instance and model parameters
option SCALE: Scale is set to 1e-06 for instance and model parameters
option SCALE: Scale is set to 1e-06 for instance and model parameters
option SCALE: Scale is set to 1e-06 for instance and model parameters
Doing analysis at TEMP = -40.000000 and TNOM = 27.000000

Using KLU as Direct Linear Solver

No. of Data Rows : 1
vout = 1.218179e+00
vgdrv = 1.993273e+00
Reset re-loads circuit * monte-carlo-untrimmed monte carlo deck (config=all) -- generated by sim/monte-carlo-untrimmed/run_mc_untrimmed.py, do not edit

Circuit: * monte-carlo-untrimmed monte carlo deck (config=all) -- generated by sim/monte-carlo-untrimmed/run_mc_untrimmed.py, do not edit

option SCALE: Scale is set to 1e-06 for instance and model parameters
option SCALE: Scale is set to 1e-06 for instance and model parameters
option SCALE: Scale is set to 1e-06 for instance and model parameters
option SCALE: Scale is set to 1e-06 for instance and model parameters
Doing analysis at TEMP = -40.000000 and TNOM = 27.000000

Using KLU as Direct Linear Solver
 Reference value :  0.00000e+00
No. of Data Rows : 1
vout = 1.216344e+00
vgdrv = 1.995619e+00
Reset re-loads circuit * monte-carlo-untrimmed monte carlo deck (config=all) -- generated by sim/monte-carlo-untrimmed/run_mc_untrimmed.py, do not edit

Circuit: * monte-carlo-untrimmed monte carlo deck (config=all) -- generated by sim/monte-carlo-untrimmed/run_mc_untrimmed.py, do not edit

option SCALE: Scale is set to 1e-06 for instance and model parameters
option SCALE: Scale is set to 1e-06 for instance and model parameters
option SCALE: Scale is set to 1e-06 for instance and model parameters
option SCALE: Scale is set to 1e-06 for instance and model parameters
Doing analysis at TEMP = -40.000000 and TNOM = 27.000000

Using KLU as Direct Linear Solver

No. of Data Rows : 1
vout = 5.483743e-01
vgdrv = 2.509553e+00
Reset re-loads circuit * monte-carlo-untrimmed monte carlo deck (config=all) -- generated by sim/monte-carlo-untrimmed/run_mc_untrimmed.py, do not edit

Circuit: * monte-carlo-untrimmed monte carlo deck (config=all) -- generated by sim/monte-carlo-untrimmed/run_mc_untrimmed.py, do not edit

option SCALE: Scale is set to 1e-06 for instance and model parameters
option SCALE: Scale is set to 1e-06 for instance and model parameters
option SCALE: Scale is set to 1e-06 for instance and model parameters
option SCALE: Scale is set to 1e-06 for instance and model parameters
Doing analysis at TEMP = -40.000000 and TNOM = 27.000000

Using KLU as Direct Linear Solver

No. of Data Rows : 1
vout = 5.362951e-01
vgdrv = 2.522873e+00
Reset re-loads circuit * monte-carlo-untrimmed monte carlo deck (config=all) -- generated by sim/monte-carlo-untrimmed/run_mc_untrimmed.py, do not edit

Circuit: * monte-carlo-untrimmed monte carlo deck (config=all) -- generated by sim/monte-carlo-untrimmed/run_mc_untrimmed.py, do not edit

option SCALE: Scale is set to 1e-06 for instance and model parameters
option SCALE: Scale is set to 1e-06 for instance and model parameters
option SCALE: Scale is set to 1e-06 for instance and model parameters
option SCALE: Scale is set to 1e-06 for instance and model parameters
Doing analysis at TEMP = -40.000000 and TNOM = 27.000000

Using KLU as Direct Linear Solver

No. of Data Rows : 1
vout = 1.227070e+00
vgdrv = 1.990564e+00
Reset re-loads circuit * monte-carlo-untrimmed monte carlo deck (config=all) -- generated by sim/monte-carlo-untrimmed/run_mc_untrimmed.py, do not edit

Circuit: * monte-carlo-untrimmed monte carlo deck (config=all) -- generated by sim/monte-carlo-untrimmed/run_mc_untrimmed.py, do not edit

option SCALE: Scale is set to 1e-06 for instance and model parameters
option SCALE: Scale is set to 1e-06 for instance and model parameters
option SCALE: Scale is set to 1e-06 for instance and model parameters
option SCALE: Scale is set to 1e-06 for instance and model parameters
Doing analysis at TEMP = -40.000000 and TNOM = 27.000000

Using KLU as Direct Linear Solver

No. of Data Rows : 1
vout = 5.095532e-01
vgdrv = 2.553724e+00
Reset re-loads circuit * monte-carlo-untrimmed monte carlo deck (config=all) -- generated by sim/monte-carlo-untrimmed/run_mc_untrimmed.py, do not edit

Circuit: * monte-carlo-untrimmed monte carlo deck (config=all) -- generated by sim/monte-carlo-untrimmed/run_mc_untrimmed.py, do not edit

option SCALE: Scale is set to 1e-06 for instance and model parameters
option SCALE: Scale is set to 1e-06 for instance and model parameters
option SCALE: Scale is set to 1e-06 for instance and model parameters
option SCALE: Scale is set to 1e-06 for instance and model parameters
Doing analysis at TEMP = -40.000000 and TNOM = 27.000000

Using KLU as Direct Linear Solver
 Reference value :  0.00000e+00
No. of Data Rows : 1
vout = 1.232495e+00
vgdrv = 1.986474e+00
Reset re-loads circuit * monte-carlo-untrimmed monte carlo deck (config=all) -- generated by sim/monte-carlo-untrimmed/run_mc_untrimmed.py, do not edit

Circuit: * monte-carlo-untrimmed monte carlo deck (config=all) -- generated by sim/monte-carlo-untrimmed/run_mc_untrimmed.py, do not edit

option SCALE: Scale is set to 1e-06 for instance and model parameters
option SCALE: Scale is set to 1e-06 for instance and model parameters
option SCALE: Scale is set to 1e-06 for instance and model parameters
option SCALE: Scale is set to 1e-06 for instance and model parameters
Doing analysis at TEMP = -40.000000 and TNOM = 27.000000

Using KLU as Direct Linear Solver

No. of Data Rows : 1
vout = 1.231037e+00
vgdrv = 1.983439e+00
Reset re-loads circuit * monte-carlo-untrimmed monte carlo deck (config=all) -- generated by sim/monte-carlo-untrimmed/run_mc_untrimmed.py, do not edit

Circuit: * monte-carlo-untrimmed monte carlo deck (config=all) -- generated by sim/monte-carlo-untrimmed/run_mc_untrimmed.py, do not edit

option SCALE: Scale is set to 1e-06 for instance and model parameters
option SCALE: Scale is set to 1e-06 for instance and model parameters
option SCALE: Scale is set to 1e-06 for instance and model parameters
option SCALE: Scale is set to 1e-06 for instance and model parameters
Doing analysis at TEMP = -40.000000 and TNOM = 27.000000

Using KLU as Direct Linear Solver

No. of Data Rows : 1
vout = 1.219541e+00
vgdrv = 1.992305e+00
Reset re-loads circuit * monte-carlo-untrimmed monte carlo deck (config=all) -- generated by sim/monte-carlo-untrimmed/run_mc_untrimmed.py, do not edit

Circuit: * monte-carlo-untrimmed monte carlo deck (config=all) -- generated by sim/monte-carlo-untrimmed/run_mc_untrimmed.py, do not edit

option SCALE: Scale is set to 1e-06 for instance and model parameters
option SCALE: Scale is set to 1e-06 for instance and model parameters
option SCALE: Scale is set to 1e-06 for instance and model parameters
option SCALE: Scale is set to 1e-06 for instance and model parameters
Doing analysis at TEMP = -40.000000 and TNOM = 27.000000

Using KLU as Direct Linear Solver

No. of Data Rows : 1
vout = 1.222412e+00
vgdrv = 1.988473e+00
Reset re-loads circuit * monte-carlo-untrimmed monte carlo deck (config=all) -- generated by sim/monte-carlo-untrimmed/run_mc_untrimmed.py, do not edit

Circuit: * monte-carlo-untrimmed monte carlo deck (config=all) -- generated by sim/monte-carlo-untrimmed/run_mc_untrimmed.py, do not edit

option SCALE: Scale is set to 1e-06 for instance and model parameters
option SCALE: Scale is set to 1e-06 for instance and model parameters
option SCALE: Scale is set to 1e-06 for instance and model parameters
option SCALE: Scale is set to 1e-06 for instance and model parameters
Doing analysis at TEMP = -40.000000 and TNOM = 27.000000

Using KLU as Direct Linear Solver

No. of Data Rows : 1
vout = 1.223905e+00
vgdrv = 1.989428e+00
Reset re-loads circuit * monte-carlo-untrimmed monte carlo deck (config=all) -- generated by sim/monte-carlo-untrimmed/run_mc_untrimmed.py, do not edit

Circuit: * monte-carlo-untrimmed monte carlo deck (config=all) -- generated by sim/monte-carlo-untrimmed/run_mc_untrimmed.py, do not edit

option SCALE: Scale is set to 1e-06 for instance and model parameters
option SCALE: Scale is set to 1e-06 for instance and model parameters
option SCALE: Scale is set to 1e-06 for instance and model parameters
option SCALE: Scale is set to 1e-06 for instance and model parameters
Doing analysis at TEMP = -40.000000 and TNOM = 27.000000

Using KLU as Direct Linear Solver
 Reference value :  0.00000e+00
No. of Data Rows : 1
vout = 1.220054e+00
vgdrv = 1.991711e+00
Reset re-loads circuit * monte-carlo-untrimmed monte carlo deck (config=all) -- generated by sim/monte-carlo-untrimmed/run_mc_untrimmed.py, do not edit

Circuit: * monte-carlo-untrimmed monte carlo deck (config=all) -- generated by sim/monte-carlo-untrimmed/run_mc_untrimmed.py, do not edit

option SCALE: Scale is set to 1e-06 for instance and model parameters
option SCALE: Scale is set to 1e-06 for instance and model parameters
option SCALE: Scale is set to 1e-06 for instance and model parameters
option SCALE: Scale is set to 1e-06 for instance and model parameters
Doing analysis at TEMP = -40.000000 and TNOM = 27.000000

Using KLU as Direct Linear Solver

No. of Data Rows : 1
vout = 1.221867e+00
vgdrv = 1.986613e+00
Reset re-loads circuit * monte-carlo-untrimmed monte carlo deck (config=all) -- generated by sim/monte-carlo-untrimmed/run_mc_untrimmed.py, do not edit

Circuit: * monte-carlo-untrimmed monte carlo deck (config=all) -- generated by sim/monte-carlo-untrimmed/run_mc_untrimmed.py, do not edit

option SCALE: Scale is set to 1e-06 for instance and model parameters
option SCALE: Scale is set to 1e-06 for instance and model parameters
option SCALE: Scale is set to 1e-06 for instance and model parameters
option SCALE: Scale is set to 1e-06 for instance and model parameters
Doing analysis at TEMP = -40.000000 and TNOM = 27.000000

Using KLU as Direct Linear Solver

No. of Data Rows : 1
vout = 1.216728e+00
vgdrv = 1.993825e+00
Reset re-loads circuit * monte-carlo-untrimmed monte carlo deck (config=all) -- generated by sim/monte-carlo-untrimmed/run_mc_untrimmed.py, do not edit

Circuit: * monte-carlo-untrimmed monte carlo deck (config=all) -- generated by sim/monte-carlo-untrimmed/run_mc_untrimmed.py, do not edit

option SCALE: Scale is set to 1e-06 for instance and model parameters
option SCALE: Scale is set to 1e-06 for instance and model parameters
option SCALE: Scale is set to 1e-06 for instance and model parameters
option SCALE: Scale is set to 1e-06 for instance and model parameters
Doing analysis at TEMP = -40.000000 and TNOM = 27.000000

Using KLU as Direct Linear Solver

No. of Data Rows : 1
vout = 1.216390e+00
vgdrv = 1.996250e+00
Reset re-loads circuit * monte-carlo-untrimmed monte carlo deck (config=all) -- generated by sim/monte-carlo-untrimmed/run_mc_untrimmed.py, do not edit

Circuit: * monte-carlo-untrimmed monte carlo deck (config=all) -- generated by sim/monte-carlo-untrimmed/run_mc_untrimmed.py, do not edit

option SCALE: Scale is set to 1e-06 for instance and model parameters
option SCALE: Scale is set to 1e-06 for instance and model parameters
option SCALE: Scale is set to 1e-06 for instance and model parameters
option SCALE: Scale is set to 1e-06 for instance and model parameters
Doing analysis at TEMP = -40.000000 and TNOM = 27.000000

Using KLU as Direct Linear Solver
 Reference value :  0.00000e+00
No. of Data Rows : 1
vout = 1.221168e+00
vgdrv = 1.990097e+00
Reset re-loads circuit * monte-carlo-untrimmed monte carlo deck (config=all) -- generated by sim/monte-carlo-untrimmed/run_mc_untrimmed.py, do not edit

Circuit: * monte-carlo-untrimmed monte carlo deck (config=all) -- generated by sim/monte-carlo-untrimmed/run_mc_untrimmed.py, do not edit

option SCALE: Scale is set to 1e-06 for instance and model parameters
option SCALE: Scale is set to 1e-06 for instance and model parameters
option SCALE: Scale is set to 1e-06 for instance and model parameters
option SCALE: Scale is set to 1e-06 for instance and model parameters
Doing analysis at TEMP = -40.000000 and TNOM = 27.000000

Using KLU as Direct Linear Solver

No. of Data Rows : 1
vout = 1.211898e+00
vgdrv = 1.993250e+00
Reset re-loads circuit * monte-carlo-untrimmed monte carlo deck (config=all) -- generated by sim/monte-carlo-untrimmed/run_mc_untrimmed.py, do not edit

Circuit: * monte-carlo-untrimmed monte carlo deck (config=all) -- generated by sim/monte-carlo-untrimmed/run_mc_untrimmed.py, do not edit

option SCALE: Scale is set to 1e-06 for instance and model parameters
option SCALE: Scale is set to 1e-06 for instance and model parameters
option SCALE: Scale is set to 1e-06 for instance and model parameters
option SCALE: Scale is set to 1e-06 for instance and model parameters
Doing analysis at TEMP = -40.000000 and TNOM = 27.000000

Using KLU as Direct Linear Solver

No. of Data Rows : 1
vout = 1.217592e+00
vgdrv = 1.993864e+00
Reset re-loads circuit * monte-carlo-untrimmed monte carlo deck (config=all) -- generated by sim/monte-carlo-untrimmed/run_mc_untrimmed.py, do not edit

Circuit: * monte-carlo-untrimmed monte carlo deck (config=all) -- generated by sim/monte-carlo-untrimmed/run_mc_untrimmed.py, do not edit

option SCALE: Scale is set to 1e-06 for instance and model parameters
option SCALE: Scale is set to 1e-06 for instance and model parameters
option SCALE: Scale is set to 1e-06 for instance and model parameters
option SCALE: Scale is set to 1e-06 for instance and model parameters
Doing analysis at TEMP = -40.000000 and TNOM = 27.000000

Using KLU as Direct Linear Solver

No. of Data Rows : 1
vout = 5.349273e-01
vgdrv = 2.524506e+00
Reset re-loads circuit * monte-carlo-untrimmed monte carlo deck (config=all) -- generated by sim/monte-carlo-untrimmed/run_mc_untrimmed.py, do not edit

Circuit: * monte-carlo-untrimmed monte carlo deck (config=all) -- generated by sim/monte-carlo-untrimmed/run_mc_untrimmed.py, do not edit

option SCALE: Scale is set to 1e-06 for instance and model parameters
option SCALE: Scale is set to 1e-06 for instance and model parameters
option SCALE: Scale is set to 1e-06 for instance and model parameters
option SCALE: Scale is set to 1e-06 for instance and model parameters
Doing analysis at TEMP = -40.000000 and TNOM = 27.000000

Using KLU as Direct Linear Solver

No. of Data Rows : 1
vout = 1.224409e+00
vgdrv = 1.989966e+00
Reset re-loads circuit * monte-carlo-untrimmed monte carlo deck (config=all) -- generated by sim/monte-carlo-untrimmed/run_mc_untrimmed.py, do not edit

Circuit: * monte-carlo-untrimmed monte carlo deck (config=all) -- generated by sim/monte-carlo-untrimmed/run_mc_untrimmed.py, do not edit

option SCALE: Scale is set to 1e-06 for instance and model parameters
option SCALE: Scale is set to 1e-06 for instance and model parameters
option SCALE: Scale is set to 1e-06 for instance and model parameters
option SCALE: Scale is set to 1e-06 for instance and model parameters
Doing analysis at TEMP = -40.000000 and TNOM = 27.000000

Using KLU as Direct Linear Solver
 Reference value :  0.00000e+00
No. of Data Rows : 1
vout = 1.225841e+00
vgdrv = 1.990228e+00
Reset re-loads circuit * monte-carlo-untrimmed monte carlo deck (config=all) -- generated by sim/monte-carlo-untrimmed/run_mc_untrimmed.py, do not edit

Circuit: * monte-carlo-untrimmed monte carlo deck (config=all) -- generated by sim/monte-carlo-untrimmed/run_mc_untrimmed.py, do not edit

option SCALE: Scale is set to 1e-06 for instance and model parameters
option SCALE: Scale is set to 1e-06 for instance and model parameters
option SCALE: Scale is set to 1e-06 for instance and model parameters
option SCALE: Scale is set to 1e-06 for instance and model parameters
Doing analysis at TEMP = -40.000000 and TNOM = 27.000000

Using KLU as Direct Linear Solver

No. of Data Rows : 1
vout = 6.595722e-01
vgdrv = 2.347327e+00
Reset re-loads circuit * monte-carlo-untrimmed monte carlo deck (config=all) -- generated by sim/monte-carlo-untrimmed/run_mc_untrimmed.py, do not edit

Circuit: * monte-carlo-untrimmed monte carlo deck (config=all) -- generated by sim/monte-carlo-untrimmed/run_mc_untrimmed.py, do not edit

option SCALE: Scale is set to 1e-06 for instance and model parameters
option SCALE: Scale is set to 1e-06 for instance and model parameters
option SCALE: Scale is set to 1e-06 for instance and model parameters
option SCALE: Scale is set to 1e-06 for instance and model parameters
Doing analysis at TEMP = -40.000000 and TNOM = 27.000000

Using KLU as Direct Linear Solver

No. of Data Rows : 1
vout = 1.216251e+00
vgdrv = 1.991055e+00
Reset re-loads circuit * monte-carlo-untrimmed monte carlo deck (config=all) -- generated by sim/monte-carlo-untrimmed/run_mc_untrimmed.py, do not edit

Circuit: * monte-carlo-untrimmed monte carlo deck (config=all) -- generated by sim/monte-carlo-untrimmed/run_mc_untrimmed.py, do not edit

option SCALE: Scale is set to 1e-06 for instance and model parameters
option SCALE: Scale is set to 1e-06 for instance and model parameters
option SCALE: Scale is set to 1e-06 for instance and model parameters
option SCALE: Scale is set to 1e-06 for instance and model parameters
Doing analysis at TEMP = -40.000000 and TNOM = 27.000000

Using KLU as Direct Linear Solver

No. of Data Rows : 1
vout = 1.225960e+00
vgdrv = 1.989452e+00
Reset re-loads circuit * monte-carlo-untrimmed monte carlo deck (config=all) -- generated by sim/monte-carlo-untrimmed/run_mc_untrimmed.py, do not edit

Circuit: * monte-carlo-untrimmed monte carlo deck (config=all) -- generated by sim/monte-carlo-untrimmed/run_mc_untrimmed.py, do not edit

option SCALE: Scale is set to 1e-06 for instance and model parameters
option SCALE: Scale is set to 1e-06 for instance and model parameters
option SCALE: Scale is set to 1e-06 for instance and model parameters
option SCALE: Scale is set to 1e-06 for instance and model parameters
Doing analysis at TEMP = -40.000000 and TNOM = 27.000000

Using KLU as Direct Linear Solver

No. of Data Rows : 1
vout = 5.492786e-01
vgdrv = 2.505834e+00
Reset re-loads circuit * monte-carlo-untrimmed monte carlo deck (config=all) -- generated by sim/monte-carlo-untrimmed/run_mc_untrimmed.py, do not edit

Circuit: * monte-carlo-untrimmed monte carlo deck (config=all) -- generated by sim/monte-carlo-untrimmed/run_mc_untrimmed.py, do not edit

option SCALE: Scale is set to 1e-06 for instance and model parameters
option SCALE: Scale is set to 1e-06 for instance and model parameters
option SCALE: Scale is set to 1e-06 for instance and model parameters
option SCALE: Scale is set to 1e-06 for instance and model parameters
Doing analysis at TEMP = -40.000000 and TNOM = 27.000000

Using KLU as Direct Linear Solver
 Reference value :  0.00000e+00
No. of Data Rows : 1
vout = 6.415884e-01
vgdrv = 2.378297e+00
Reset re-loads circuit * monte-carlo-untrimmed monte carlo deck (config=all) -- generated by sim/monte-carlo-untrimmed/run_mc_untrimmed.py, do not edit

Circuit: * monte-carlo-untrimmed monte carlo deck (config=all) -- generated by sim/monte-carlo-untrimmed/run_mc_untrimmed.py, do not edit

option SCALE: Scale is set to 1e-06 for instance and model parameters
option SCALE: Scale is set to 1e-06 for instance and model parameters
option SCALE: Scale is set to 1e-06 for instance and model parameters
option SCALE: Scale is set to 1e-06 for instance and model parameters
Doing analysis at TEMP = -40.000000 and TNOM = 27.000000

Using KLU as Direct Linear Solver

No. of Data Rows : 1
vout = 1.213878e+00
vgdrv = 1.994782e+00
Reset re-loads circuit * monte-carlo-untrimmed monte carlo deck (config=all) -- generated by sim/monte-carlo-untrimmed/run_mc_untrimmed.py, do not edit

Circuit: * monte-carlo-untrimmed monte carlo deck (config=all) -- generated by sim/monte-carlo-untrimmed/run_mc_untrimmed.py, do not edit

option SCALE: Scale is set to 1e-06 for instance and model parameters
option SCALE: Scale is set to 1e-06 for instance and model parameters
option SCALE: Scale is set to 1e-06 for instance and model parameters
option SCALE: Scale is set to 1e-06 for instance and model parameters
Doing analysis at TEMP = -40.000000 and TNOM = 27.000000

Using KLU as Direct Linear Solver

No. of Data Rows : 1
vout = 5.623839e-01
vgdrv = 2.489163e+00
Reset re-loads circuit * monte-carlo-untrimmed monte carlo deck (config=all) -- generated by sim/monte-carlo-untrimmed/run_mc_untrimmed.py, do not edit

Circuit: * monte-carlo-untrimmed monte carlo deck (config=all) -- generated by sim/monte-carlo-untrimmed/run_mc_untrimmed.py, do not edit

option SCALE: Scale is set to 1e-06 for instance and model parameters
option SCALE: Scale is set to 1e-06 for instance and model parameters
option SCALE: Scale is set to 1e-06 for instance and model parameters
option SCALE: Scale is set to 1e-06 for instance and model parameters
Doing analysis at TEMP = -40.000000 and TNOM = 27.000000

Using KLU as Direct Linear Solver

No. of Data Rows : 1
vout = 1.219829e+00
vgdrv = 1.987425e+00
Reset re-loads circuit * monte-carlo-untrimmed monte carlo deck (config=all) -- generated by sim/monte-carlo-untrimmed/run_mc_untrimmed.py, do not edit

Circuit: * monte-carlo-untrimmed monte carlo deck (config=all) -- generated by sim/monte-carlo-untrimmed/run_mc_untrimmed.py, do not edit

option SCALE: Scale is set to 1e-06 for instance and model parameters
option SCALE: Scale is set to 1e-06 for instance and model parameters
option SCALE: Scale is set to 1e-06 for instance and model parameters
option SCALE: Scale is set to 1e-06 for instance and model parameters
Doing analysis at TEMP = -40.000000 and TNOM = 27.000000

Using KLU as Direct Linear Solver

No. of Data Rows : 1
vout = 1.222211e+00
vgdrv = 1.992053e+00
Reset re-loads circuit * monte-carlo-untrimmed monte carlo deck (config=all) -- generated by sim/monte-carlo-untrimmed/run_mc_untrimmed.py, do not edit

Circuit: * monte-carlo-untrimmed monte carlo deck (config=all) -- generated by sim/monte-carlo-untrimmed/run_mc_untrimmed.py, do not edit

option SCALE: Scale is set to 1e-06 for instance and model parameters
option SCALE: Scale is set to 1e-06 for instance and model parameters
option SCALE: Scale is set to 1e-06 for instance and model parameters
option SCALE: Scale is set to 1e-06 for instance and model parameters
Doing analysis at TEMP = -40.000000 and TNOM = 27.000000

Using KLU as Direct Linear Solver
 Reference value :  0.00000e+00
No. of Data Rows : 1
vout = 1.227719e+00
vgdrv = 1.991553e+00
Reset re-loads circuit * monte-carlo-untrimmed monte carlo deck (config=all) -- generated by sim/monte-carlo-untrimmed/run_mc_untrimmed.py, do not edit

Circuit: * monte-carlo-untrimmed monte carlo deck (config=all) -- generated by sim/monte-carlo-untrimmed/run_mc_untrimmed.py, do not edit

option SCALE: Scale is set to 1e-06 for instance and model parameters
option SCALE: Scale is set to 1e-06 for instance and model parameters
option SCALE: Scale is set to 1e-06 for instance and model parameters
option SCALE: Scale is set to 1e-06 for instance and model parameters
Doing analysis at TEMP = -40.000000 and TNOM = 27.000000

Using KLU as Direct Linear Solver

No. of Data Rows : 1
vout = 1.216084e+00
vgdrv = 1.992585e+00
Reset re-loads circuit * monte-carlo-untrimmed monte carlo deck (config=all) -- generated by sim/monte-carlo-untrimmed/run_mc_untrimmed.py, do not edit

Circuit: * monte-carlo-untrimmed monte carlo deck (config=all) -- generated by sim/monte-carlo-untrimmed/run_mc_untrimmed.py, do not edit

option SCALE: Scale is set to 1e-06 for instance and model parameters
option SCALE: Scale is set to 1e-06 for instance and model parameters
option SCALE: Scale is set to 1e-06 for instance and model parameters
option SCALE: Scale is set to 1e-06 for instance and model parameters
Doing analysis at TEMP = -40.000000 and TNOM = 27.000000

Using KLU as Direct Linear Solver

No. of Data Rows : 1
vout = 1.228139e+00
vgdrv = 1.985459e+00
Reset re-loads circuit * monte-carlo-untrimmed monte carlo deck (config=all) -- generated by sim/monte-carlo-untrimmed/run_mc_untrimmed.py, do not edit

Circuit: * monte-carlo-untrimmed monte carlo deck (config=all) -- generated by sim/monte-carlo-untrimmed/run_mc_untrimmed.py, do not edit

option SCALE: Scale is set to 1e-06 for instance and model parameters
option SCALE: Scale is set to 1e-06 for instance and model parameters
option SCALE: Scale is set to 1e-06 for instance and model parameters
option SCALE: Scale is set to 1e-06 for instance and model parameters
Doing analysis at TEMP = -40.000000 and TNOM = 27.000000

Using KLU as Direct Linear Solver

No. of Data Rows : 1
vout = 5.532191e-01
vgdrv = 2.501884e+00
Reset re-loads circuit * monte-carlo-untrimmed monte carlo deck (config=all) -- generated by sim/monte-carlo-untrimmed/run_mc_untrimmed.py, do not edit

Circuit: * monte-carlo-untrimmed monte carlo deck (config=all) -- generated by sim/monte-carlo-untrimmed/run_mc_untrimmed.py, do not edit

option SCALE: Scale is set to 1e-06 for instance and model parameters
option SCALE: Scale is set to 1e-06 for instance and model parameters
option SCALE: Scale is set to 1e-06 for instance and model parameters
option SCALE: Scale is set to 1e-06 for instance and model parameters
Doing analysis at TEMP = -40.000000 and TNOM = 27.000000

Using KLU as Direct Linear Solver

No. of Data Rows : 1
vout = 1.219529e+00
vgdrv = 1.990608e+00
Reset re-loads circuit * monte-carlo-untrimmed monte carlo deck (config=all) -- generated by sim/monte-carlo-untrimmed/run_mc_untrimmed.py, do not edit

Circuit: * monte-carlo-untrimmed monte carlo deck (config=all) -- generated by sim/monte-carlo-untrimmed/run_mc_untrimmed.py, do not edit

option SCALE: Scale is set to 1e-06 for instance and model parameters
option SCALE: Scale is set to 1e-06 for instance and model parameters
option SCALE: Scale is set to 1e-06 for instance and model parameters
option SCALE: Scale is set to 1e-06 for instance and model parameters
Doing analysis at TEMP = -40.000000 and TNOM = 27.000000

Using KLU as Direct Linear Solver
 Reference value :  0.00000e+00
No. of Data Rows : 1
vout = 1.212206e+00
vgdrv = 1.991251e+00
Reset re-loads circuit * monte-carlo-untrimmed monte carlo deck (config=all) -- generated by sim/monte-carlo-untrimmed/run_mc_untrimmed.py, do not edit

Circuit: * monte-carlo-untrimmed monte carlo deck (config=all) -- generated by sim/monte-carlo-untrimmed/run_mc_untrimmed.py, do not edit

option SCALE: Scale is set to 1e-06 for instance and model parameters
option SCALE: Scale is set to 1e-06 for instance and model parameters
option SCALE: Scale is set to 1e-06 for instance and model parameters
option SCALE: Scale is set to 1e-06 for instance and model parameters
Doing analysis at TEMP = -40.000000 and TNOM = 27.000000

Using KLU as Direct Linear Solver

No. of Data Rows : 1
vout = 1.217894e+00
vgdrv = 1.986685e+00
Reset re-loads circuit * monte-carlo-untrimmed monte carlo deck (config=all) -- generated by sim/monte-carlo-untrimmed/run_mc_untrimmed.py, do not edit

Circuit: * monte-carlo-untrimmed monte carlo deck (config=all) -- generated by sim/monte-carlo-untrimmed/run_mc_untrimmed.py, do not edit

option SCALE: Scale is set to 1e-06 for instance and model parameters
option SCALE: Scale is set to 1e-06 for instance and model parameters
option SCALE: Scale is set to 1e-06 for instance and model parameters
option SCALE: Scale is set to 1e-06 for instance and model parameters
Doing analysis at TEMP = -40.000000 and TNOM = 27.000000

Using KLU as Direct Linear Solver

No. of Data Rows : 1
vout = 1.214853e+00
vgdrv = 1.988267e+00
Reset re-loads circuit * monte-carlo-untrimmed monte carlo deck (config=all) -- generated by sim/monte-carlo-untrimmed/run_mc_untrimmed.py, do not edit

Circuit: * monte-carlo-untrimmed monte carlo deck (config=all) -- generated by sim/monte-carlo-untrimmed/run_mc_untrimmed.py, do not edit

option SCALE: Scale is set to 1e-06 for instance and model parameters
option SCALE: Scale is set to 1e-06 for instance and model parameters
option SCALE: Scale is set to 1e-06 for instance and model parameters
option SCALE: Scale is set to 1e-06 for instance and model parameters
Doing analysis at TEMP = -40.000000 and TNOM = 27.000000

Using KLU as Direct Linear Solver

No. of Data Rows : 1
vout = 1.214566e+00
vgdrv = 1.990425e+00
Reset re-loads circuit * monte-carlo-untrimmed monte carlo deck (config=all) -- generated by sim/monte-carlo-untrimmed/run_mc_untrimmed.py, do not edit

Circuit: * monte-carlo-untrimmed monte carlo deck (config=all) -- generated by sim/monte-carlo-untrimmed/run_mc_untrimmed.py, do not edit

option SCALE: Scale is set to 1e-06 for instance and model parameters
option SCALE: Scale is set to 1e-06 for instance and model parameters
option SCALE: Scale is set to 1e-06 for instance and model parameters
option SCALE: Scale is set to 1e-06 for instance and model parameters
Doing analysis at TEMP = -40.000000 and TNOM = 27.000000

Using KLU as Direct Linear Solver

No. of Data Rows : 1
vout = 6.578683e-01
vgdrv = 2.352537e+00
Reset re-loads circuit * monte-carlo-untrimmed monte carlo deck (config=all) -- generated by sim/monte-carlo-untrimmed/run_mc_untrimmed.py, do not edit

Circuit: * monte-carlo-untrimmed monte carlo deck (config=all) -- generated by sim/monte-carlo-untrimmed/run_mc_untrimmed.py, do not edit

option SCALE: Scale is set to 1e-06 for instance and model parameters
option SCALE: Scale is set to 1e-06 for instance and model parameters
option SCALE: Scale is set to 1e-06 for instance and model parameters
option SCALE: Scale is set to 1e-06 for instance and model parameters
Doing analysis at TEMP = -40.000000 and TNOM = 27.000000

Using KLU as Direct Linear Solver
 Reference value :  0.00000e+00
No. of Data Rows : 1
vout = 1.214876e+00
vgdrv = 1.991637e+00
Reset re-loads circuit * monte-carlo-untrimmed monte carlo deck (config=all) -- generated by sim/monte-carlo-untrimmed/run_mc_untrimmed.py, do not edit

Circuit: * monte-carlo-untrimmed monte carlo deck (config=all) -- generated by sim/monte-carlo-untrimmed/run_mc_untrimmed.py, do not edit

option SCALE: Scale is set to 1e-06 for instance and model parameters
option SCALE: Scale is set to 1e-06 for instance and model parameters
option SCALE: Scale is set to 1e-06 for instance and model parameters
option SCALE: Scale is set to 1e-06 for instance and model parameters
Doing analysis at TEMP = -40.000000 and TNOM = 27.000000

Using KLU as Direct Linear Solver

No. of Data Rows : 1
vout = 5.863141e-01
vgdrv = 2.458922e+00
Reset re-loads circuit * monte-carlo-untrimmed monte carlo deck (config=all) -- generated by sim/monte-carlo-untrimmed/run_mc_untrimmed.py, do not edit

Circuit: * monte-carlo-untrimmed monte carlo deck (config=all) -- generated by sim/monte-carlo-untrimmed/run_mc_untrimmed.py, do not edit

option SCALE: Scale is set to 1e-06 for instance and model parameters
option SCALE: Scale is set to 1e-06 for instance and model parameters
option SCALE: Scale is set to 1e-06 for instance and model parameters
option SCALE: Scale is set to 1e-06 for instance and model parameters
Doing analysis at TEMP = -40.000000 and TNOM = 27.000000

Using KLU as Direct Linear Solver

No. of Data Rows : 1
vout = 1.222142e+00
vgdrv = 1.986332e+00
Reset re-loads circuit * monte-carlo-untrimmed monte carlo deck (config=all) -- generated by sim/monte-carlo-untrimmed/run_mc_untrimmed.py, do not edit

Circuit: * monte-carlo-untrimmed monte carlo deck (config=all) -- generated by sim/monte-carlo-untrimmed/run_mc_untrimmed.py, do not edit

option SCALE: Scale is set to 1e-06 for instance and model parameters
option SCALE: Scale is set to 1e-06 for instance and model parameters
option SCALE: Scale is set to 1e-06 for instance and model parameters
option SCALE: Scale is set to 1e-06 for instance and model parameters
Doing analysis at TEMP = -40.000000 and TNOM = 27.000000

Using KLU as Direct Linear Solver

No. of Data Rows : 1
vout = 1.223858e+00
vgdrv = 1.987511e+00
Reset re-loads circuit * monte-carlo-untrimmed monte carlo deck (config=all) -- generated by sim/monte-carlo-untrimmed/run_mc_untrimmed.py, do not edit

Circuit: * monte-carlo-untrimmed monte carlo deck (config=all) -- generated by sim/monte-carlo-untrimmed/run_mc_untrimmed.py, do not edit

option SCALE: Scale is set to 1e-06 for instance and model parameters
option SCALE: Scale is set to 1e-06 for instance and model parameters
option SCALE: Scale is set to 1e-06 for instance and model parameters
option SCALE: Scale is set to 1e-06 for instance and model parameters
Doing analysis at TEMP = -40.000000 and TNOM = 27.000000

Using KLU as Direct Linear Solver
 Reference value :  0.00000e+00
No. of Data Rows : 1
vout = 1.221181e+00
vgdrv = 1.988672e+00
Reset re-loads circuit * monte-carlo-untrimmed monte carlo deck (config=all) -- generated by sim/monte-carlo-untrimmed/run_mc_untrimmed.py, do not edit

Circuit: * monte-carlo-untrimmed monte carlo deck (config=all) -- generated by sim/monte-carlo-untrimmed/run_mc_untrimmed.py, do not edit

option SCALE: Scale is set to 1e-06 for instance and model parameters
option SCALE: Scale is set to 1e-06 for instance and model parameters
option SCALE: Scale is set to 1e-06 for instance and model parameters
option SCALE: Scale is set to 1e-06 for instance and model parameters
Doing analysis at TEMP = -40.000000 and TNOM = 27.000000

Using KLU as Direct Linear Solver

No. of Data Rows : 1
vout = 1.214633e+00
vgdrv = 1.989171e+00
Reset re-loads circuit * monte-carlo-untrimmed monte carlo deck (config=all) -- generated by sim/monte-carlo-untrimmed/run_mc_untrimmed.py, do not edit

Circuit: * monte-carlo-untrimmed monte carlo deck (config=all) -- generated by sim/monte-carlo-untrimmed/run_mc_untrimmed.py, do not edit

option SCALE: Scale is set to 1e-06 for instance and model parameters
option SCALE: Scale is set to 1e-06 for instance and model parameters
option SCALE: Scale is set to 1e-06 for instance and model parameters
option SCALE: Scale is set to 1e-06 for instance and model parameters
Doing analysis at TEMP = -40.000000 and TNOM = 27.000000

Using KLU as Direct Linear Solver

No. of Data Rows : 1
vout = 4.899057e-01
vgdrv = 2.568195e+00
Reset re-loads circuit * monte-carlo-untrimmed monte carlo deck (config=all) -- generated by sim/monte-carlo-untrimmed/run_mc_untrimmed.py, do not edit

Circuit: * monte-carlo-untrimmed monte carlo deck (config=all) -- generated by sim/monte-carlo-untrimmed/run_mc_untrimmed.py, do not edit

option SCALE: Scale is set to 1e-06 for instance and model parameters
option SCALE: Scale is set to 1e-06 for instance and model parameters
option SCALE: Scale is set to 1e-06 for instance and model parameters
option SCALE: Scale is set to 1e-06 for instance and model parameters
Doing analysis at TEMP = -40.000000 and TNOM = 27.000000

Using KLU as Direct Linear Solver

No. of Data Rows : 1
vout = 1.216028e+00
vgdrv = 1.991240e+00
ngspice-47 done
Note: Starting dynamic gmin stepping
Note: Dynamic gmin stepping completed
Note: Starting dynamic gmin stepping
Note: Dynamic gmin stepping completed
Note: Starting dynamic gmin stepping
Note: Dynamic gmin stepping completed
Note: Starting dynamic gmin stepping
Note: Dynamic gmin stepping completed
Note: Starting dynamic gmin stepping
Note: Dynamic gmin stepping completed
Note: Starting dynamic gmin stepping
Note: Dynamic gmin stepping completed
Note: Starting dynamic gmin stepping
Note: Dynamic gmin stepping completed
Note: Starting dynamic gmin stepping
Note: Dynamic gmin stepping completed
Note: Starting dynamic gmin stepping
Note: Dynamic gmin stepping completed
Note: Starting dynamic gmin stepping
Note: Dynamic gmin stepping completed
Note: Starting dynamic gmin stepping
Note: Dynamic gmin stepping completed
Note: Starting dynamic gmin stepping
Note: Dynamic gmin stepping completed
Note: Starting dynamic gmin stepping
Note: Dynamic gmin stepping completed
Note: Starting dynamic gmin stepping
Note: Dynamic gmin stepping completed
Note: Starting dynamic gmin stepping
Note: Dynamic gmin stepping completed
Note: Starting dynamic gmin stepping
Note: Dynamic gmin stepping completed
Note: Starting dynamic gmin stepping
Note: Dynamic gmin stepping completed
Note: Starting dynamic gmin stepping
Note: Dynamic gmin stepping completed
Note: Starting dynamic gmin stepping
Note: Dynamic gmin stepping completed
Note: Starting dynamic gmin stepping
Note: Dynamic gmin stepping completed
Note: Starting dynamic gmin stepping
Note: Dynamic gmin stepping completed
Note: Starting dynamic gmin stepping
Note: Dynamic gmin stepping completed
Note: Starting dynamic gmin stepping
Note: Dynamic gmin stepping completed
Note: Starting dynamic gmin stepping
Note: Dynamic gmin stepping completed
Note: Starting dynamic gmin stepping
Note: Dynamic gmin stepping completed
Note: Starting dynamic gmin stepping
Note: Dynamic gmin stepping completed
Note: Starting dynamic gmin stepping
Note: Dynamic gmin stepping completed
Note: Starting dynamic gmin stepping
Note: Dynamic gmin stepping completed
Note: Starting dynamic gmin stepping
Note: Dynamic gmin stepping completed
Note: Starting dynamic gmin stepping
Note: Dynamic gmin stepping completed
Note: Starting dynamic gmin stepping
Note: Dynamic gmin stepping completed
Note: Starting dynamic gmin stepping
Note: Dynamic gmin stepping completed
Note: Starting dynamic gmin stepping
Note: Dynamic gmin stepping completed
Note: Starting dynamic gmin stepping
Note: Dynamic gmin stepping completed
Note: Starting dynamic gmin stepping
Note: Dynamic gmin stepping completed
Note: Starting dynamic gmin stepping
Note: Dynamic gmin stepping completed
Note: Starting dynamic gmin stepping
Note: Dynamic gmin stepping completed
Note: Starting dynamic gmin stepping
Note: Dynamic gmin stepping completed
Note: Starting dynamic gmin stepping
Note: Dynamic gmin stepping completed
Note: Starting dynamic gmin stepping
Note: Dynamic gmin stepping completed
Note: Starting dynamic gmin stepping
Note: Dynamic gmin stepping completed
Note: Starting dynamic gmin stepping
Note: Dynamic gmin stepping completed
Note: Starting dynamic gmin stepping
Note: Dynamic gmin stepping completed
Note: Starting dynamic gmin stepping
Note: Dynamic gmin stepping completed
Note: Starting dynamic gmin stepping
Note: Dynamic gmin stepping completed
Note: Starting dynamic gmin stepping
Note: Dynamic gmin stepping completed
Note: Starting dynamic gmin stepping
Note: Dynamic gmin stepping completed
Note: Starting dynamic gmin stepping
Note: Dynamic gmin stepping completed
Note: Starting dynamic gmin stepping
Note: Dynamic gmin stepping completed
Note: Starting dynamic gmin stepping
Note: Dynamic gmin stepping completed
Note: Starting dynamic gmin stepping
Note: Dynamic gmin stepping completed
Note: Starting dynamic gmin stepping
Note: Dynamic gmin stepping completed
Note: Starting dynamic gmin stepping
Note: Dynamic gmin stepping completed
Note: Starting dynamic gmin stepping
Note: Dynamic gmin stepping completed
Note: Starting dynamic gmin stepping
Note: Dynamic gmin stepping completed
Note: Starting dynamic gmin stepping
Note: Dynamic gmin stepping completed
Note: Starting dynamic gmin stepping
Note: Dynamic gmin stepping completed
Note: Starting dynamic gmin stepping
Note: Dynamic gmin stepping completed
Note: Starting dynamic gmin stepping
Note: Dynamic gmin stepping completed
Note: Starting dynamic gmin stepping
Note: Dynamic gmin stepping completed
Note: Starting dynamic gmin stepping
Note: Dynamic gmin stepping completed
Note: Starting dynamic gmin stepping
Note: Dynamic gmin stepping completed
Note: Starting dynamic gmin stepping
Note: Dynamic gmin stepping completed
Note: Starting dynamic gmin stepping
Note: Dynamic gmin stepping completed
Note: Starting dynamic gmin stepping
Note: Dynamic gmin stepping completed
Note: Starting dynamic gmin stepping
Note: Dynamic gmin stepping completed
Note: Starting dynamic gmin stepping
Note: Dynamic gmin stepping completed
Note: Starting dynamic gmin stepping
Note: Dynamic gmin stepping completed
Note: Starting dynamic gmin stepping
Note: Dynamic gmin stepping completed
Note: Starting dynamic gmin stepping
Note: Dynamic gmin stepping completed
Note: Starting dynamic gmin stepping
Note: Dynamic gmin stepping completed
Note: Starting dynamic gmin stepping
Note: Dynamic gmin stepping completed
Note: Starting dynamic gmin stepping
Note: Dynamic gmin stepping completed
Note: Starting dynamic gmin stepping
Note: Dynamic gmin stepping completed
Note: Starting dynamic gmin stepping
Note: Dynamic gmin stepping completed
Note: Starting dynamic gmin stepping
Note: Dynamic gmin stepping completed
Note: Starting dynamic gmin stepping
Note: Dynamic gmin stepping completed
Note: Starting dynamic gmin stepping
Note: Dynamic gmin stepping completed
Note: Starting dynamic gmin stepping
Note: Dynamic gmin stepping completed
Note: Starting dynamic gmin stepping
Note: Dynamic gmin stepping completed
Note: Starting dynamic gmin stepping
Note: Dynamic gmin stepping completed
Note: Starting dynamic gmin stepping
Note: Dynamic gmin stepping completed
Note: Starting dynamic gmin stepping
Note: Dynamic gmin stepping completed
Note: Starting dynamic gmin stepping
Note: Dynamic gmin stepping completed
Note: Starting dynamic gmin stepping
Note: Dynamic gmin stepping completed
Note: Starting dynamic gmin stepping
Note: Dynamic gmin stepping completed
Note: Starting dynamic gmin stepping
Note: Dynamic gmin stepping completed
Note: Starting dynamic gmin stepping
Note: Dynamic gmin stepping completed
Note: Starting dynamic gmin stepping
Note: Dynamic gmin stepping completed
Note: Starting dynamic gmin stepping
Note: Dynamic gmin stepping completed
Note: Starting dynamic gmin stepping
Note: Dynamic gmin stepping completed
Note: Starting dynamic gmin stepping
Note: Dynamic gmin stepping completed
Note: Starting dynamic gmin stepping
Note: Dynamic gmin stepping completed
Note: Starting dynamic gmin stepping
Note: Dynamic gmin stepping completed
Note: Starting dynamic gmin stepping
Note: Dynamic gmin stepping completed
Note: Starting dynamic gmin stepping
Note: Dynamic gmin stepping completed
Note: Starting dynamic gmin stepping
Note: Dynamic gmin stepping completed
Note: Starting dynamic gmin stepping
Note: Dynamic gmin stepping completed
Note: Starting dynamic gmin stepping
Note: Dynamic gmin stepping completed
Note: Starting dynamic gmin stepping
Note: Dynamic gmin stepping completed
Note: Starting dynamic gmin stepping
Note: Dynamic gmin stepping completed
Note: Starting dynamic gmin stepping
Note: Dynamic gmin stepping completed
Note: Starting dynamic gmin stepping
Note: Dynamic gmin stepping completed
Note: Starting dynamic gmin stepping
Note: Dynamic gmin stepping completed
Note: Starting dynamic gmin stepping
Note: Dynamic gmin stepping completed
Note: Starting dynamic gmin stepping
Note: Dynamic gmin stepping completed
Note: Starting dynamic gmin stepping
Note: Dynamic gmin stepping completed
Note: Starting dynamic gmin stepping
Note: Dynamic gmin stepping completed
Note: Starting dynamic gmin stepping
Note: Dynamic gmin stepping completed
Note: Starting dynamic gmin stepping
Note: Dynamic gmin stepping completed
Note: Starting dynamic gmin stepping
Note: Dynamic gmin stepping completed
Note: Starting dynamic gmin stepping
Note: Dynamic gmin stepping completed
Note: Starting dynamic gmin stepping
Note: Dynamic gmin stepping completed
Note: Starting dynamic gmin stepping
Note: Dynamic gmin stepping completed
Note: Starting dynamic gmin stepping
Note: Dynamic gmin stepping completed
Note: Starting dynamic gmin stepping
Note: Dynamic gmin stepping completed
Note: Starting dynamic gmin stepping
Note: Dynamic gmin stepping completed
Note: Starting dynamic gmin stepping
Note: Dynamic gmin stepping completed
Note: Starting dynamic gmin stepping
Note: Dynamic gmin stepping completed
Note: Starting dynamic gmin stepping
Note: Dynamic gmin stepping completed
Note: Starting dynamic gmin stepping
Note: Dynamic gmin stepping completed
Note: Starting dynamic gmin stepping
Note: Dynamic gmin stepping completed
Note: Starting dynamic gmin stepping
Note: Dynamic gmin stepping completed
Note: Starting dynamic gmin stepping
Note: Dynamic gmin stepping completed
Note: Starting dynamic gmin stepping
Note: Dynamic gmin stepping completed
Note: Starting dynamic gmin stepping
Note: Dynamic gmin stepping completed
Note: Starting dynamic gmin stepping
Note: Dynamic gmin stepping completed
Note: Starting dynamic gmin stepping
Note: Dynamic gmin stepping completed
Note: Starting dynamic gmin stepping
Note: Dynamic gmin stepping completed
Note: Starting dynamic gmin stepping
Note: Dynamic gmin stepping completed
Note: Starting dynamic gmin stepping
Note: Dynamic gmin stepping completed
Note: Starting dynamic gmin stepping
Note: Dynamic gmin stepping completed
Note: Starting dynamic gmin stepping
Note: Dynamic gmin stepping completed
Note: Starting dynamic gmin stepping
Note: Dynamic gmin stepping completed
Note: Starting dynamic gmin stepping
Note: Dynamic gmin stepping completed
Note: Starting dynamic gmin stepping
Note: Dynamic gmin stepping completed
Note: Starting dynamic gmin stepping
Note: Dynamic gmin stepping completed
Note: Starting dynamic gmin stepping
Note: Dynamic gmin stepping completed
Note: Starting dynamic gmin stepping
Note: Dynamic gmin stepping completed
Note: Starting dynamic gmin stepping
Note: Dynamic gmin stepping completed
Note: Starting dynamic gmin stepping
Note: Dynamic gmin stepping completed
Note: Starting dynamic gmin stepping
Note: Dynamic gmin stepping completed
Note: Starting dynamic gmin stepping
Note: Dynamic gmin stepping completed
Note: Starting dynamic gmin stepping
Note: Dynamic gmin stepping completed
Note: Starting dynamic gmin stepping
Note: Dynamic gmin stepping completed
Note: Starting dynamic gmin stepping
Note: Dynamic gmin stepping completed
Note: Starting dynamic gmin stepping
Note: Dynamic gmin stepping completed
Note: Starting dynamic gmin stepping
Note: Dynamic gmin stepping completed
Note: Starting dynamic gmin stepping
Note: Dynamic gmin stepping completed
Note: Starting dynamic gmin stepping
Note: Dynamic gmin stepping completed
Note: Starting dynamic gmin stepping
Note: Dynamic gmin stepping completed
Note: Starting dynamic gmin stepping
Note: Dynamic gmin stepping completed
Note: Starting dynamic gmin stepping
Note: Dynamic gmin stepping completed
Note: Starting dynamic gmin stepping
Note: Dynamic gmin stepping completed
Note: Starting dynamic gmin stepping
Note: Dynamic gmin stepping completed
Note: Starting dynamic gmin stepping
Note: Dynamic gmin stepping completed
Note: Starting dynamic gmin stepping
Note: Dynamic gmin stepping completed
Note: Starting dynamic gmin stepping
Note: Dynamic gmin stepping completed
Note: Starting dynamic gmin stepping
Note: Dynamic gmin stepping completed
Note: Starting dynamic gmin stepping
Note: Dynamic gmin stepping completed
Note: Starting dynamic gmin stepping
Note: Dynamic gmin stepping completed
Note: Starting dynamic gmin stepping
Note: Dynamic gmin stepping completed
Note: Starting dynamic gmin stepping
Note: Dynamic gmin stepping completed
Note: Starting dynamic gmin stepping
Note: Dynamic gmin stepping completed
Note: Starting dynamic gmin stepping
Note: Dynamic gmin stepping completed
Note: Starting dynamic gmin stepping
Note: Dynamic gmin stepping completed
Note: Starting dynamic gmin stepping
Note: Dynamic gmin stepping completed
Note: Starting dynamic gmin stepping
Note: Dynamic gmin stepping completed
Note: Starting dynamic gmin stepping
Note: Dynamic gmin stepping completed
Note: Starting dynamic gmin stepping
Note: Dynamic gmin stepping completed
Note: Starting dynamic gmin stepping
Note: Dynamic gmin stepping completed
Note: Starting dynamic gmin stepping
Note: Dynamic gmin stepping completed
Note: Starting dynamic gmin stepping
Note: Dynamic gmin stepping completed
Note: Starting dynamic gmin stepping
Note: Dynamic gmin stepping completed
Note: Starting dynamic gmin stepping
Note: Dynamic gmin stepping completed
Note: Starting dynamic gmin stepping
Note: Dynamic gmin stepping completed
Note: Starting dynamic gmin stepping
Note: Dynamic gmin stepping completed
Note: Starting dynamic gmin stepping
Note: Dynamic gmin stepping completed
Note: Starting dynamic gmin stepping
Note: Dynamic gmin stepping completed
Note: Starting dynamic gmin stepping
Note: Dynamic gmin stepping completed
Note: Starting dynamic gmin stepping
Note: Dynamic gmin stepping completed
Note: Starting dynamic gmin stepping
Note: Dynamic gmin stepping completed
Note: Starting dynamic gmin stepping
Note: Dynamic gmin stepping completed
Note: Starting dynamic gmin stepping
Note: Dynamic gmin stepping completed
Note: Starting dynamic gmin stepping
Note: Dynamic gmin stepping completed
Note: Starting dynamic gmin stepping
Note: Dynamic gmin stepping completed
Note: Starting dynamic gmin stepping
Note: Dynamic gmin stepping completed
Note: Starting dynamic gmin stepping
Note: Dynamic gmin stepping completed
Note: Starting dynamic gmin stepping
Note: Dynamic gmin stepping completed
Note: Starting dynamic gmin stepping
Note: Dynamic gmin stepping completed
Note: Starting dynamic gmin stepping
Note: Dynamic gmin stepping completed
Note: Starting dynamic gmin stepping
Note: Dynamic gmin stepping completed
Note: Starting dynamic gmin stepping
Note: Dynamic gmin stepping completed
Note: Starting dynamic gmin stepping
Note: Dynamic gmin stepping completed
Note: Starting dynamic gmin stepping
Note: Dynamic gmin stepping completed
Note: Starting dynamic gmin stepping
Note: Dynamic gmin stepping completed
Note: Starting dynamic gmin stepping
Note: Dynamic gmin stepping completed
Note: Starting dynamic gmin stepping
Note: Dynamic gmin stepping completed
Note: Starting dynamic gmin stepping
Note: Dynamic gmin stepping completed
Note: Starting dynamic gmin stepping
Note: Dynamic gmin stepping completed
Note: Starting dynamic gmin stepping
Note: Dynamic gmin stepping completed
Note: Starting dynamic gmin stepping
Note: Dynamic gmin stepping completed
Note: Starting dynamic gmin stepping
Note: Dynamic gmin stepping completed
Note: Starting dynamic gmin stepping
Note: Dynamic gmin stepping completed
Note: Starting dynamic gmin stepping
Note: Dynamic gmin stepping completed
Note: Starting dynamic gmin stepping
Note: Dynamic gmin stepping completed
Note: Starting dynamic gmin stepping
Note: Dynamic gmin stepping completed
Note: Starting dynamic gmin stepping
Note: Dynamic gmin stepping completed
Note: Starting dynamic gmin stepping
Note: Dynamic gmin stepping completed
Note: Starting dynamic gmin stepping
Note: Dynamic gmin stepping completed
Note: Starting dynamic gmin stepping
Note: Dynamic gmin stepping completed
Note: Starting dynamic gmin stepping
Note: Dynamic gmin stepping completed
