# corner: tt_125c_3.63v
# process=tt temp=125C supply=3.63V
# ngspice exit: 0
# wall clock: 1038.6s (--timeout was 10800s)
# result: PASS

# ==== deck (exact input given to ngspice) ====
| * startup-ramp corner deck -- generated by sim/bin/corner-run.py, do not edit
| * corner: tt_125c_3.63v
| .param vsup=3.63
| .param t_slow=1e-3
| .param t_fast=1e-6
| .option wnflag=1
| .temp 125
| .lib "/home/ubuntu/.volare/sky130A/libs.tech/combined/sky130.lib.spice" tt
| ** sch_path: sim/startup-ramp/testbench/tb_startup_ramp.sch
| **.subckt tb_startup_ramp
| VSLOW VDDS 0 pwl(0 0 't_slow' 'vsup')
| .save i(vslow)
| VFAST VDDF 0 pwl(0 0 't_fast' 'vsup')
| .save i(vfast)
| VDEGN VDDN 0 pwl(0 0 1n 'vsup')
| .save i(vdegn)
| XSLOW VREFS GS VDDS 0 bandgap_core
| XSUS GS VREFS VDDS 0 startup_injector
| XFAST VREFF GF VDDF 0 bandgap_core
| XSUF GF VREFF VDDF 0 startup_injector
| XDEGN VREFN GN VDDN 0 bandgap_core
| VDEG VDDG 0 pwl(0 0 1n 'vsup')
| .save i(vdeg)
| XDEG VREFG GG VDDG 0 bandgap_core
| XSUG GG VREFG VDDG 0 startup_injector
| **** begin user architecture code
| 
| 
| * Put the XDEG copy (injector attached) and the XDEGN control copy (no
| * injector) in the degenerate zero-current state at t = 0: their mirror gates
| * start at the supply rail, which is where the all-off solution parks them,
| * while every other node starts at 0 V (UIC). Nothing holds GG/GN there after
| * t = 0 -- .ic only sets the transient's starting point -- so whether either
| * circuit leaves that state is decided by the circuit, not by the deck.
| .ic v(GG)='vsup' v(GN)='vsup'
| 
| 
| **** end user architecture code
| **.ends
| 
| * expanding   symbol:  design/bandgap_core.sym # of pins=4
| ** sym_path: design/bandgap_core.sym
| ** sch_path: design/bandgap_core.sch
| .subckt bandgap_core VOUT GDRV VDD VSS
| *.opin VOUT
| *.iopin GDRV
| *.iopin VDD
| *.iopin VSS
| **** begin user architecture code
| 
| 
| * ---- Kuijk core parameters (issue #8) ----
| * PNP emitter-area ratio N is built ONLY from paralleled unit devices:
| *   N = (n_pnp_ptat * 11.56 um2) / (n_pnp_ctat * 0.4624 um2)
| * Keep both counts equal to hold the pair's measured dVBE while lowering the
| * per-unit current and sigma(dVBE); raise n_pnp_ptat alone for more PTAT.
| .param n_pnp_ctat=8
| .param n_pnp_ptat=8
| * res_high_po unit segment: W = r_w um, L = r_lseg um (R ~ 380 + 325*L ohm)
| .param r_w=1
| .param r_lseg=5
| * segment counts. K = R2/R1. n_r2 history: 54 (issue #46, single-device
| * model) -> 50 (issue #99/DR-003, chained topology, single-device SCHEMATIC
| * left un-modelled) -> 51 (issue #178, chained topology modelled HERE and
| * re-centred against DR-005's ratified accuracy row). See CHAINED-ARRAY
| * MODEL and SIZING (issue #178) below.
| * HISTORY (issue #99 / DR-003, RESOLVED): n_r1/n_r2 are sized against the
| * ROUTED LAYOUT's real chained-array topology -- the ground truth the
| * fabricated part experiences. Issue #98/DR-003
| * (sim/res-array-head-resistance/) established that the routed layout draws
| * each leg as N separately-contacted unit instances in series
| * (layout/bin/gen_bandgap_routed.py's bus_res_series), paying real per-instance
| * head resistance: at the old n_r2=54 that made the REAL part's K=R2/R1 read
| * 8.1474 vs the single-device model's 7.4973, pushing VOUT(27 degC) to
| * ~1.233 V (outside the draft +/-1% window 1.188..1.212 V) at all 5
| * (process,supply) corners and collapsing regulation at ff/2.97 V and
| * fs/2.97 V. Resizing n_r2 54 -> 50 (n_r1 left at 7 so branch current -- and
| * therefore hot-corner headroom -- is not raised while K is corrected) brought
| * the real chained topology's K back to 7.576. Full PVT + trim
| * re-verification of that step: sim/res-array-resize/records/ (issue #99).
| * ---- CHAINED-ARRAY MODEL (issue #178) ----
| * DR-003 deliberately left the SCHEMATIC modelling each leg as ONE
| * res_high_po device, so simulating this cell as-drawn read VOUT(27 degC)
| * ~1.165 V -- ~36 mV below what the routed part builds. Issue #178 closes
| * that gap HERE rather than sizing around it: XR1/XR2A/XR2B are now the
| * *body* devices of an EXACT lumped equivalent of the routed N-instance
| * chain, completed by the per-leg replica + gain elements in the
| * RES_HEAD_MODEL block below. The identity used (exact, not an
| * approximation) follows from the PDK model card
| * (models_resistors.spice: rhead has a hardcoded l=1 independent of the
| * caller's drawn length; rbody is linear in leff = l + 0.247):
| *     R_chain(N units, total drawn length Ltot)
| *         = N*rhead + rbody(Ltot + 0.247*N)
| *         = R_res_high_po(L = Ltot - (N-1)*r_ov_seg)      <- the body device
| *           + (N-1) * R_res_high_po(L = r_ov_seg)          <- the replica
| * for ANY r_ov_seg, because both terms are affine in the drawn length. The
| * (N-1) copies are realized as ONE replica instance whose drop is multiplied
| * by (N-1) with an ideal VCVS, which is exact for the nominal value at every
| * temperature and process corner (rhead and rbody are re-evaluated by the
| * model card, not frozen) -- verified against an explicit 143-instance chain
| * of the same decomposition: identical to 7 significant figures on
| * vref_27 / vref_min / vref_max / tc_ppm over the whole -40..125 degC sweep.
| * The replica carries mult='n_*_ov' so the PDK's own AGAUSS mismatch term
| * (sigma ~ 1/sqrt(w*mult)) reproduces the 1/sqrt(N) averaging of N
| * independent series instances; `m` is deliberately pinned to 1 on those
| * lines (the stock res_high_po symbol ties m to mult, which would parallel
| * the subcircuit and divide the value -- that is why the replica/VCVS pair
| * lives in a code block instead of as drawn symbol instances).
| * ---- SIZING (issue #178) ----
| * With the chain modelled, n_r2 was re-derived against DR-005's ratified
| * untrimmed accuracy row (1.20 V +/-2% over -40..125 degC => 1.176..1.224 V),
| * not against the superseded draft +/-1% window:
| *   n_r2=50 (K = 7.630): vref_min 1.1744..1.1747 -- ~1.3 mV BELOW the 1.176 V
| *     floor at every corner. FAIL.
| *   n_r2=51 (K = 7.773): vref 1.18603..1.21780 at all 15 (process, supply)
| *     points -- inside the window with 10.0 mV bottom / 6.2 mV top margin,
| *     and box TC 142.4..159.0 ppm/degC (binding corner fs). ADOPTED.
| *   n_r2=52 (K = 7.917): vref_max 1.22394..1.22507 -- over the 1.224 V
| *     ceiling at 6 of 15 points. FAIL.
| * n_r1 is held at 7 for the same reason issue #99 held it: R1 sets the branch
| * current, and raising it raises the hot-corner headroom demand that the
| * ff/2.97 V and fs/2.97 V regulation collapse depends on. No collapse is seen
| * at n_r2=51 or 52 at those corners with the chained model.
| * The K figures above are the routed chain's own values, computed from the
| * per-instance terms DR-003 measured and klt extract independently reports
| * (head+end 379.705 ohm/instance, body 324.827 ohm/um):
| *   R1  = 7 * (379.705 + 324.827*5)                       = 14.027 kohm
| *   R2  = (n_r2-2) * (379.705 + 324.827*5)
| *         + 20 * (379.705 + 324.827*0.5)                  = 109.03 kohm at 51
| * i.e. K = 7.773 at n_r2=51 -- NOT the textbook n_r2/n_r1 = 7.286, and NOT
| * the single-device model's 7.087. The residual TC (142-159 ppm/degC, still
| * far above DR-005's < 50 ppm/degC row) is issue #46's device-level floor,
| * not a ratio error: design/device-characterization-summary.md section 1
| * measures Q1's nf = 1.028 vs Q2's nf = 1.000, so ~18.1 mV of the 62.3 mV
| * dVBE at 27 degC is a fraction of a CTAT quantity rather than true PTAT and
| * its shortfall grows with temperature. See sim/output-voltage-tc/records/
| * for the graded evidence and issue #179 for the spec-side routing.
| .param n_r1=7
| .param n_r2=51
| * PMOS mirror multiplicities (unit device W=8u L=2u)
| .param m_out=2
| .param m_ampbias=2
| * ---- Trim network (issue #13), DOWNWARD ONLY -- see DR-002 ----
| * Ladder-tap length added to R2A/R2B equally (metal option, no switches).
| * n_r2_trim: valid range 0..-16 only. r_lseg_trim: 1 um/code (~1.7 mV/code)
| * in DR-002's original SINGLE-DEVICE model. Positive codes are REJECTED:
| * this is the same R2/R1 ratio issue #46 found causes ff/2.97V, fs/2.97V
| * hot-corner (>~123C) operating-point collapse at even a +5 um increase
| * (n_r2=55). sim/trim-range-monotonicity/ reconfirms it for trim and finds
| * codes +1/+2 ALSO collapse (VOUT -> ~2.8V) while +3/+4 happen not to --
| * non-monotonic-in-code, i.e. no positive code is a certified-safe point,
| * not a safe zone at +3/+4. Only downward (R2 decrease) moves away from
| * that edge; confirmed monotonic, collapse-free to -16 across corners. See
| * DR-002 and the sim record for the full case.
| * LSB REVISION (issue #106, DR-002 revision): the routed layout's fine trim
| * chain does NOT draw one length-tapped device -- it chains N separately-
| * contacted res_high_po unit instances (layout/bin/gen_bandgap_routed.py's
| * bus_res_series), each paying a real per-instance head/fringe resistance
| * term this schematic's single-device XR2A/XR2B lines do not model (DR-003,
| * sim/res-array-head-resistance/). Re-deriving DR-002's <=3.000 mV/code LSB
| * comfort bound against that REAL chained topology at the adopted
| * n_r1=7/n_r2=50 sizing (sim/trim-lsb-chained/) found the shipped
| * r_lseg_trim=1 per-code step reads 3.12-3.15 mV/code across all 5 corners
| * -- a real, measured violation of the comfort bound (smaller than an
| * earlier, now-superseded estimate against an abandoned n_r1=6/n_r2=42
| * sizing, but still a violation). Halving the fine unit's drawn length to
| * 0.5 um fixes it: the per-instance head-resistance term (~379.7 ohm, the
| * DOMINANT piece of the per-code step) is a PDK-model-card constant
| * independent of the unit's drawn length, so only the smaller `rbody`
| * fringe term shrinks -- re-verified at r_lseg_trim=0.5 to read
| * 2.40-2.42 mV/code, PASS at all 5 corners, with the same certified 0..-16
| * code range and downward span still clearing DR-002's 1.5x-of-3sigma
| * coverage target. See sim/trim-lsb-chained/records/ for the full
| * re-derivation. NEXT INCREMENT (not done here, per one-lever-per-
| * increment): layout/bin/gen_bandgap_routed.py's
| * R_LSEG_TRIM_UM/SCH_R_LSEG_TRIM_UM (currently still transcribing 1 um)
| * must be re-transcribed to 0.5 um and the routed cell re-verified through
| * klayout DRC/LVS -- klayout's extraction backend is not available in this
| * run environment, so that is a follow-up issue, the same split issue #99
| * used for #107/#108.
| .param n_r2_trim=0
| .param r_lseg_trim=0.5
| * ---- Routed chained-array decomposition (issue #178) ----
| * Transcribed from layout/bin/gen_bandgap_routed.py's N_R1 / N_R2_COARSE /
| * N_R2_TRIM_UNITS: each leg is drawn as separately-contacted unit instances
| * in series, so the instance COUNT (not just the total drawn length) is an
| * electrical parameter -- every instance pays the model card's rhead term.
| *   R1        : n_r1 coarse units of r_lseg um.
| *   R2A/R2B   : n_r2_coarse coarse units of r_lseg um, plus the fixed
| *               n_r2_fine-unit fine ladder of r_lseg_trim um each, of which
| *               (n_r2_fine + n_r2_trim) are in circuit at a DOWNWARD-only
| *               trim code (code 0 = all of them = the untrimmed leg).
| * n_r2_coarse is derived, not transcribed twice: the fine ladder's drawn
| * length is held inside the specified r_lseg*n_r2 leg, which is exactly the
| * constraint gen_bandgap_routed.py's R2_LEG_SPEC_UM assertion enforces.
| .param n_r2_fine=20
| .param n_r2_coarse='n_r2-r_lseg_trim*n_r2_fine/r_lseg'
| .param n_r2_inst='n_r2_coarse+n_r2_fine+n_r2_trim'
| * Replica multiplicities: (N-1) per leg -- see CHAINED-ARRAY MODEL above.
| .param n_r2_ov='n_r2_inst-1'
| .param n_r1_ov='n_r1-1'
| * Replica unit drawn length. The lumped identity is exact for ANY value;
| * 0.5 um is chosen only so the body devices' remaining length stays well
| * positive (R2A/R2B body = 221.0 um, R1 body = 32.0 um at the shipped
| * sizing) and so the replica is a length the layout actually draws.
| .param r_ov_seg=0.5
| 
| 
| **** end user architecture code
| **** begin user architecture code
| 
| 
| * ---- Per-instance head-resistance replicas (issue #178) ----
| * These three (replica, VCVS) pairs complete the EXACT lumped equivalent of
| * the routed layout's N-instance series chains; the drawn XR1/XR2A/XR2B
| * symbols carry only the body length. See the CORE_PARAMS block's
| * CHAINED-ARRAY MODEL section for the identity, its exactness proof and the
| * explicit-chain cross-check.
| * Written as SPICE text rather than drawn symbols for one concrete reason:
| * the stock res_high_po symbol emits 'mult=@mult m=@mult', and an X-line's
| * `m` PARALLELS the subcircuit -- which would divide the replica's value by
| * N-1 instead of leaving it alone. These lines set mult (mismatch sigma,
| * 1/sqrt(w*mult), reproducing N-1 independent instances) while pinning m=1
| * (nominal value untouched). The VCVS then multiplies the replica's own
| * drop by (N-1), so the leg's total series resistance is exactly
| * (N-1) * R_unit(r_ov_seg) + R_body -- at every temperature and corner,
| * because the replica is a real model-card evaluation, not a frozen number.
| XR2A_HD VA R2A_HD1 VSS sky130_fd_pr__res_high_po W='r_w' L='r_ov_seg' mult='n_r2_ov' m=1
| ER2A_HD R2A_HD1 R2A_HD2 VA R2A_HD1 'n_r2_ov-1'
| XR2B_HD VB R2B_HD1 VSS sky130_fd_pr__res_high_po W='r_w' L='r_ov_seg' mult='n_r2_ov' m=1
| ER2B_HD R2B_HD1 R2B_HD2 VB R2B_HD1 'n_r2_ov-1'
| XR1_HD VBQ R1_HD1 VSS sky130_fd_pr__res_high_po W='r_w' L='r_ov_seg' mult='n_r1_ov' m=1
| ER1_HD R1_HD1 R1_HD2 VBQ R1_HD1 'n_r1_ov-1'
| 
| 
| **** end user architecture code
| XMPOUT VOUT GDRV VDD VDD sky130_fd_pr__pfet_g5v0d10v5 L=2 W=8 nf=1 ad=2.32 as=2.32 pd=16.58 ps=16.58 nrd=0.03625 nrs=0.03625 sa=0 sb=0
| + sd=0 mult='m_out' m='m_out'
| XMPAMP TAIL GDRV VDD VDD sky130_fd_pr__pfet_g5v0d10v5 L=2 W=8 nf=1 ad=2.32 as=2.32 pd=16.58 ps=16.58 nrd=0.03625 nrs=0.03625 sa=0 sb=0
| + sd=0 mult='m_ampbias' m='m_ampbias'
| XAMP VB VA GDRV TAIL VDD VSS error_amp
| XR2A R2A_HD2 VOUT VSS sky130_fd_pr__res_high_po W='r_w' L='r_lseg*n_r2+r_lseg_trim*n_r2_trim-n_r2_ov*r_ov_seg' mult=1 m=1
| XR2B R2B_HD2 VOUT VSS sky130_fd_pr__res_high_po W='r_w' L='r_lseg*n_r2+r_lseg_trim*n_r2_trim-n_r2_ov*r_ov_seg' mult=1 m=1
| XQ1 VSS VSS VA sky130_fd_pr__pnp_05v5_W0p68L0p68 m='n_pnp_ctat' mult='n_pnp_ctat'
| XR1 R1_HD2 VB VSS sky130_fd_pr__res_high_po W='r_w' L='r_lseg*n_r1-n_r1_ov*r_ov_seg' mult=1 m=1
| XQ2 VSS VSS VBQ sky130_fd_pr__pnp_05v5_W3p40L3p40 m='n_pnp_ptat' mult='n_pnp_ptat'
| .ends
| 
| 
| * expanding   symbol:  design/startup_injector.sym # of pins=4
| ** sym_path: design/startup_injector.sym
| ** sch_path: design/startup_injector.sch
| .subckt startup_injector GDRV VSENSE VDD VSS
| *.iopin GDRV
| *.ipin VSENSE
| *.iopin VDD
| *.iopin VSS
| **** begin user architecture code
| 
| 
| * ---- startup injector parameters (issue #10) ----
| * m_ref  : units of the (W=1 L=20) diode-connected reference PMOS. Raising it
| *          raises BOTH the release threshold and the residual current the cell
| *          draws from GDRV once disengaged -- the two are the same current.
| * m_sense: units of the (W=48 L=0.5) sense NMOS. Raising it lowers the release
| *          threshold (better disengage, less traverse margin).
| * m_pnp  : unit PNPs in the threshold reference. Raising it lowers VBE at the
| *          sense current, i.e. lowers the release threshold.
| * m_inj  : units of the (W=10 L=0.5) injector NMOS. Scales the eviction
| *          current and the disengaged residual in the same proportion.
| * m_clamp: units of the (W=4 L=1) railed-branch clamp NMOS MNC. Scales only
| *          how hard the railed branch is evicted; MNC is off by more than a
| *          threshold at every legitimate operating point, so this knob does
| *          NOT trade against the disengaged residual the way m_ref does.
| .param m_ref=1
| .param m_sense=1
| .param m_pnp=8
| .param m_inj=1
| .param m_clamp=1
| 
| 
| **** end user architecture code
| XMPC1 NC1 NC1 GDRV VDD sky130_fd_pr__pfet_g5v0d10v5 L=20 W=1 nf=1 ad=0.29 as=0.29 pd=2.58 ps=2.58 nrd=0.29 nrs=0.29 sa=0 sb=0 sd=0
| + mult='m_ref' m='m_ref'
| XMPC2 NG NG NC1 VDD sky130_fd_pr__pfet_g5v0d10v5 L=20 W=1 nf=1 ad=0.29 as=0.29 pd=2.58 ps=2.58 nrd=0.29 nrs=0.29 sa=0 sb=0 sd=0 mult='m_ref'
| + m='m_ref'
| XMNS NG VSENSE NE VSS sky130_fd_pr__nfet_g5v0d10v5 L=0.5 W=48 nf=1 ad=13.92 as=13.92 pd=96.58 ps=96.58 nrd=0.00604166666666667 nrs=0.00604166666666667
| + sa=0 sb=0 sd=0 mult='m_sense' m='m_sense'
| XQS VSS VSS NE sky130_fd_pr__pnp_05v5_W0p68L0p68 m='m_pnp' mult='m_pnp'
| XMNI GDRV NG VSS VSS sky130_fd_pr__nfet_g5v0d10v5 L=0.5 W=10 nf=1 ad=2.9 as=2.9 pd=20.58 ps=20.58 nrd=0.029 nrs=0.029 sa=0 sb=0 sd=0
| + mult='m_inj' m='m_inj'
| XMNC VDD VSENSE GDRV VSS sky130_fd_pr__nfet_g5v0d10v5 L=1 W=4 nf=1 ad=1.16 as=1.16 pd=8.58 ps=8.58 nrd=0.0725 nrs=0.0725 sa=0 sb=0
| + sd=0 mult='m_clamp' m='m_clamp'
| .ends
| 
| 
| * expanding   symbol:  design/error_amp.sym # of pins=6
| ** sym_path: design/error_amp.sym
| ** sch_path: design/error_amp.sch
| .subckt error_amp VINP VINN AOUT ITAIL VDD VSS
| *.ipin VINP
| *.ipin VINN
| *.opin AOUT
| *.iopin ITAIL
| *.iopin VDD
| *.iopin VSS
| **** begin user architecture code
| 
| 
| * ---- error-amp device multiplicities (issue #9 sizing, amp_m_in revised by #170) ----
| * Unit geometry is fixed on the instances below; mult is the matching axis
| * (sigma(Vth) scales as 1/sqrt(W*L*mult) in the PDK's own model).
| * amp_m_in    : input-pair PMOS units   (W=20u L=10u each -> 1600 um^2 total;
| *               16 -> 8 by issue #170, DR-008 Option B PSRR margin increase
| *               -- see the header's amp_m_in: 16 -> 8 section)
| * amp_m_nmirr : NMOS load/mirror units  (W=8u  L=20u each ->  640 um^2 total)
| * amp_m_pmirr : PMOS mirror units       (W=6u  L=20u each ->  960 um^2 total)
| * amp_m_cc    : MOS-capacitor units     (W=30u L=20u each -> 9600 um^2 total)
| .param amp_m_in=8
| .param amp_m_nmirr=4
| .param amp_m_pmirr=8
| .param amp_m_cc=16
| 
| 
| **** end user architecture code
| XMP1 D1 VINP ITAIL VDD sky130_fd_pr__pfet_g5v0d10v5 L=10 W=20 nf=1 ad=5.8 as=5.8 pd=40.58 ps=40.58 nrd=0.0145 nrs=0.0145 sa=0 sb=0
| + sd=0 mult='amp_m_in' m='amp_m_in'
| XMP2 D2 VINN ITAIL VDD sky130_fd_pr__pfet_g5v0d10v5 L=10 W=20 nf=1 ad=5.8 as=5.8 pd=40.58 ps=40.58 nrd=0.0145 nrs=0.0145 sa=0 sb=0
| + sd=0 mult='amp_m_in' m='amp_m_in'
| XMN1 D1 D1 VSS VSS sky130_fd_pr__nfet_g5v0d10v5 L=20 W=8 nf=1 ad=2.32 as=2.32 pd=16.58 ps=16.58 nrd=0.03625 nrs=0.03625 sa=0 sb=0 sd=0
| + mult='amp_m_nmirr' m='amp_m_nmirr'
| XMN2 D2 D2 VSS VSS sky130_fd_pr__nfet_g5v0d10v5 L=20 W=8 nf=1 ad=2.32 as=2.32 pd=16.58 ps=16.58 nrd=0.03625 nrs=0.03625 sa=0 sb=0 sd=0
| + mult='amp_m_nmirr' m='amp_m_nmirr'
| XMN3 AOUT D1 VSS VSS sky130_fd_pr__nfet_g5v0d10v5 L=20 W=8 nf=1 ad=2.32 as=2.32 pd=16.58 ps=16.58 nrd=0.03625 nrs=0.03625 sa=0 sb=0
| + sd=0 mult='amp_m_nmirr' m='amp_m_nmirr'
| XMN4 PN D2 VSS VSS sky130_fd_pr__nfet_g5v0d10v5 L=20 W=8 nf=1 ad=2.32 as=2.32 pd=16.58 ps=16.58 nrd=0.03625 nrs=0.03625 sa=0 sb=0 sd=0
| + mult='amp_m_nmirr' m='amp_m_nmirr'
| XMP4 AOUT PN VDD VDD sky130_fd_pr__pfet_g5v0d10v5 L=20 W=6 nf=1 ad=1.74 as=1.74 pd=12.58 ps=12.58 nrd=0.0483333333333333 nrs=0.0483333333333333
| + sa=0 sb=0 sd=0 mult='amp_m_pmirr' m='amp_m_pmirr'
| XMP3 PN PN VDD VDD sky130_fd_pr__pfet_g5v0d10v5 L=20 W=6 nf=1 ad=1.74 as=1.74 pd=12.58 ps=12.58 nrd=0.0483333333333333 nrs=0.0483333333333333
| + sa=0 sb=0 sd=0 mult='amp_m_pmirr' m='amp_m_pmirr'
| XMCC VDD AOUT VDD VDD sky130_fd_pr__pfet_g5v0d10v5 L=20 W=30 nf=1 ad=8.7 as=8.7 pd=60.58 ps=60.58 nrd=0.00966666666666667 nrs=0.00966666666666667
| + sa=0 sb=0 sd=0 mult='amp_m_cc' m='amp_m_cc'
| .ends
| 
| .control
| save all
| tran 200n 2.5m uic
| meas tran t_vdd_s when v(vdds)=2.90 rise=1
| meas tran t_ref_s when v(vrefs)=1.05 rise=1
| meas tran t_vdd_f when v(vddf)=2.90 rise=1
| meas tran t_ref_f when v(vreff)=1.05 rise=1
| meas tran t_vdd_g when v(vddg)=2.90 rise=1
| meas tran t_ref_g when v(vrefg)=1.05 rise=1
| meas tran v_s find v(vrefs) at=2.45e-3
| meas tran v_f find v(vreff) at=2.45e-3
| meas tran v_g find v(vrefg) at=2.45e-3
| meas tran v_n find v(vrefn) at=2.45e-3
| meas tran g_n find v(gn) at=2.45e-3
| meas tran isg find i(vdeg) at=2.45e-3
| meas tran v_s1 find v(vrefs) at=1.45e-3
| meas tran v_f1 find v(vreff) at=1.45e-3
| meas tran v_g1 find v(vrefg) at=1.45e-3
| let meas_t_start_s = t_ref_s - t_vdd_s
| let meas_t_start_f = t_ref_f - t_vdd_f
| let meas_t_start_g = t_ref_g - t_vdd_g
| let meas_t_abs_s = t_ref_s
| let meas_vref_s = v_s
| let meas_vref_f = v_f
| let meas_vref_g = v_g
| let meas_vref_spread = abs(v_s - v_g) + abs(v_s - v_f)
| let meas_vref_spread_early = abs(v_s1 - v_g1) + abs(v_s1 - v_f1)
| let meas_vref_converge = (abs(v_s - v_g) + abs(v_s - v_f)) - (abs(v_s1 - v_g1) + abs(v_s1 - v_f1))
| let meas_vref_n = v_n
| let meas_gn_n = g_n
| let meas_isup_g = -isg
| print meas_t_start_s
| print meas_t_start_f
| print meas_t_start_g
| print meas_t_abs_s
| print meas_vref_s
| print meas_vref_f
| print meas_vref_g
| print meas_vref_spread
| print meas_vref_spread_early
| print meas_vref_converge
| print meas_vref_n
| print meas_gn_n
| print meas_isup_g
| quit
| .endc
| .end

# ==== ngspice stdout ====

Note: Compatibility modes selected: hs a


Circuit: * startup-ramp corner deck -- generated by sim/bin/corner-run.py, do not edit

option SCALE: Scale is set to 1e-06 for instance and model parameters
option SCALE: Scale is set to 1e-06 for instance and model parameters
option SCALE: Scale is set to 1e-06 for instance and model parameters
option SCALE: Scale is set to 1e-06 for instance and model parameters
Doing analysis at TEMP = 125.000000 and TNOM = 27.000000

Using KLU as Direct Linear Solver
Operating point simulation skipped by 'uic',
  now using transient initial conditions.
 Reference value :  1.00000e-11
 Reference value :  1.02808e-11
 Reference value :  1.19659e-11
 Reference value :  2.44977e-11
 Reference value :  3.37935e-11
 Reference value :  5.53644e-11
 Reference value :  1.46909e-10
 Reference value :  2.04108e-10
 Reference value :  3.49981e-10
 Reference value :  5.23533e-10
 Reference value :  7.04585e-10
 Reference value :  1.00000e-09
 Reference value :  1.20445e-09
 Reference value :  1.53211e-09
 Reference value :  1.81357e-09
 Reference value :  2.46927e-09
 Reference value :  3.82737e-09
 Reference value :  5.61480e-09
 Reference value :  8.70432e-09
 Reference value :  1.21141e-08
 Reference value :  2.38996e-08
 Reference value :  4.32147e-08
 Reference value :  7.27193e-08
 Reference value :  1.61433e-07
 Reference value :  2.05655e-07
 Reference value :  2.67842e-07
 Reference value :  3.38441e-07
 Reference value :  3.72918e-07
 Reference value :  4.06051e-07
 Reference value :  4.31250e-07
 Reference value :  5.41422e-07
 Reference value :  7.06203e-07
 Reference value :  7.95432e-07
 Reference value :  9.39523e-07
 Reference value :  1.00605e-06
 Reference value :  1.08919e-06
 Reference value :  1.23008e-06
 Reference value :  1.44399e-06
 Reference value :  1.78482e-06
 Reference value :  2.38482e-06
 Reference value :  2.98482e-06
 Reference value :  3.78482e-06
 Reference value :  4.58482e-06
 Reference value :  5.18482e-06
 Reference value :  5.98482e-06
 Reference value :  6.58482e-06
 Reference value :  7.38482e-06
 Reference value :  7.98482e-06
 Reference value :  8.58482e-06
 Reference value :  9.38482e-06
 Reference value :  9.98482e-06
 Reference value :  1.07848e-05
 Reference value :  1.15848e-05
 Reference value :  1.23848e-05
 Reference value :  1.31848e-05
 Reference value :  1.39848e-05
 Reference value :  1.47848e-05
 Reference value :  1.53848e-05
 Reference value :  1.61848e-05
 Reference value :  1.67848e-05
 Reference value :  1.75848e-05
 Reference value :  1.83848e-05
 Reference value :  1.89848e-05
 Reference value :  1.97848e-05
 Reference value :  2.03848e-05
 Reference value :  2.11848e-05
 Reference value :  2.19848e-05
 Reference value :  2.27848e-05
 Reference value :  2.35848e-05
 Reference value :  2.43848e-05
 Reference value :  2.51848e-05
 Reference value :  2.57848e-05
 Reference value :  2.63848e-05
 Reference value :  2.71848e-05
 Reference value :  2.77848e-05
 Reference value :  2.85848e-05
 Reference value :  2.93848e-05
 Reference value :  2.99848e-05
 Reference value :  3.07848e-05
 Reference value :  3.15848e-05
 Reference value :  3.23848e-05
 Reference value :  3.29848e-05
 Reference value :  3.37848e-05
 Reference value :  3.43848e-05
 Reference value :  3.51848e-05
 Reference value :  3.59848e-05
 Reference value :  3.67848e-05
 Reference value :  3.73848e-05
 Reference value :  3.81848e-05
 Reference value :  3.89848e-05
 Reference value :  3.97848e-05
 Reference value :  4.05848e-05
 Reference value :  4.11848e-05
 Reference value :  4.17848e-05
 Reference value :  4.23848e-05
 Reference value :  4.31848e-05
 Reference value :  4.37848e-05
 Reference value :  4.43848e-05
 Reference value :  4.51848e-05
 Reference value :  4.57848e-05
 Reference value :  4.63848e-05
 Reference value :  4.71848e-05
 Reference value :  4.77848e-05
 Reference value :  4.85848e-05
 Reference value :  4.91848e-05
 Reference value :  4.97848e-05
 Reference value :  5.03848e-05
 Reference value :  5.09848e-05
 Reference value :  5.17848e-05
 Reference value :  5.23848e-05
 Reference value :  5.29848e-05
 Reference value :  5.35848e-05
 Reference value :  5.43848e-05
 Reference value :  5.51848e-05
 Reference value :  5.59848e-05
 Reference value :  5.65848e-05
 Reference value :  5.75848e-05
 Reference value :  5.83848e-05
 Reference value :  5.89848e-05
 Reference value :  5.95848e-05
 Reference value :  6.03848e-05
 Reference value :  6.11848e-05
 Reference value :  6.17848e-05
 Reference value :  6.25848e-05
 Reference value :  6.33848e-05
 Reference value :  6.39848e-05
 Reference value :  6.47848e-05
 Reference value :  6.55848e-05
 Reference value :  6.63848e-05
 Reference value :  6.69848e-05
 Reference value :  6.79848e-05
 Reference value :  6.85848e-05
 Reference value :  6.91848e-05
 Reference value :  6.99848e-05
 Reference value :  7.07848e-05
 Reference value :  7.15848e-05
 Reference value :  7.23848e-05
 Reference value :  7.31848e-05
 Reference value :  7.37848e-05
 Reference value :  7.45848e-05
 Reference value :  7.51848e-05
 Reference value :  7.59848e-05
 Reference value :  7.65848e-05
 Reference value :  7.73848e-05
 Reference value :  7.81848e-05
 Reference value :  7.91848e-05
 Reference value :  7.99848e-05
 Reference value :  8.07848e-05
 Reference value :  8.13848e-05
 Reference value :  8.21848e-05
 Reference value :  8.29848e-05
 Reference value :  8.37848e-05
 Reference value :  8.45848e-05
 Reference value :  8.53848e-05
 Reference value :  8.61848e-05
 Reference value :  8.71848e-05
 Reference value :  8.79848e-05
 Reference value :  8.85848e-05
 Reference value :  8.93848e-05
 Reference value :  8.99848e-05
 Reference value :  9.07848e-05
 Reference value :  9.13848e-05
 Reference value :  9.19848e-05
 Reference value :  9.27848e-05
 Reference value :  9.35848e-05
 Reference value :  9.41848e-05
 Reference value :  9.47848e-05
 Reference value :  9.55848e-05
 Reference value :  9.63848e-05
 Reference value :  9.71848e-05
 Reference value :  9.79848e-05
 Reference value :  9.87848e-05
 Reference value :  9.93848e-05
 Reference value :  9.99848e-05
 Reference value :  1.00585e-04
 Reference value :  1.01185e-04
 Reference value :  1.01785e-04
 Reference value :  1.02585e-04
 Reference value :  1.03185e-04
 Reference value :  1.03985e-04
 Reference value :  1.04785e-04
 Reference value :  1.05585e-04
 Reference value :  1.06385e-04
 Reference value :  1.07185e-04
 Reference value :  1.07985e-04
 Reference value :  1.08585e-04
 Reference value :  1.09385e-04
 Reference value :  1.09985e-04
 Reference value :  1.10785e-04
 Reference value :  1.11385e-04
 Reference value :  1.12185e-04
 Reference value :  1.12985e-04
 Reference value :  1.13585e-04
 Reference value :  1.14385e-04
 Reference value :  1.14985e-04
 Reference value :  1.15785e-04
 Reference value :  1.16385e-04
 Reference value :  1.16985e-04
 Reference value :  1.17785e-04
 Reference value :  1.18385e-04
 Reference value :  1.19185e-04
 Reference value :  1.19985e-04
 Reference value :  1.20785e-04
 Reference value :  1.21585e-04
 Reference value :  1.22385e-04
 Reference value :  1.23185e-04
 Reference value :  1.23785e-04
 Reference value :  1.24585e-04
 Reference value :  1.25385e-04
 Reference value :  1.26185e-04
 Reference value :  1.26985e-04
 Reference value :  1.27585e-04
 Reference value :  1.28385e-04
 Reference value :  1.29185e-04
 Reference value :  1.29985e-04
 Reference value :  1.30785e-04
 Reference value :  1.31385e-04
 Reference value :  1.31985e-04
 Reference value :  1.32785e-04
 Reference value :  1.33585e-04
 Reference value :  1.34385e-04
 Reference value :  1.35185e-04
 Reference value :  1.35785e-04
 Reference value :  1.36385e-04
 Reference value :  1.36985e-04
 Reference value :  1.37585e-04
 Reference value :  1.38385e-04
 Reference value :  1.39185e-04
 Reference value :  1.39785e-04
 Reference value :  1.40385e-04
 Reference value :  1.41185e-04
 Reference value :  1.41985e-04
 Reference value :  1.42785e-04
 Reference value :  1.43585e-04
 Reference value :  1.44385e-04
 Reference value :  1.45185e-04
 Reference value :  1.45985e-04
 Reference value :  1.46585e-04
 Reference value :  1.47385e-04
 Reference value :  1.48185e-04
 Reference value :  1.48985e-04
 Reference value :  1.49585e-04
 Reference value :  1.50185e-04
 Reference value :  1.50985e-04
 Reference value :  1.51785e-04
 Reference value :  1.52585e-04
 Reference value :  1.53385e-04
 Reference value :  1.54185e-04
 Reference value :  1.54985e-04
 Reference value :  1.55585e-04
 Reference value :  1.56385e-04
 Reference value :  1.57185e-04
 Reference value :  1.58185e-04
 Reference value :  1.58785e-04
 Reference value :  1.59585e-04
 Reference value :  1.60185e-04
 Reference value :  1.60785e-04
 Reference value :  1.61585e-04
 Reference value :  1.62385e-04
 Reference value :  1.63185e-04
 Reference value :  1.63985e-04
 Reference value :  1.64585e-04
 Reference value :  1.65385e-04
 Reference value :  1.66185e-04
 Reference value :  1.66785e-04
 Reference value :  1.67585e-04
 Reference value :  1.68385e-04
 Reference value :  1.69185e-04
 Reference value :  1.69985e-04
 Reference value :  1.70785e-04
 Reference value :  1.71585e-04
 Reference value :  1.72185e-04
 Reference value :  1.72785e-04
 Reference value :  1.73385e-04
 Reference value :  1.74185e-04
 Reference value :  1.74985e-04
 Reference value :  1.75785e-04
 Reference value :  1.76385e-04
 Reference value :  1.77185e-04
 Reference value :  1.77985e-04
 Reference value :  1.78785e-04
 Reference value :  1.79585e-04
 Reference value :  1.80385e-04
 Reference value :  1.80985e-04
 Reference value :  1.81785e-04
 Reference value :  1.82785e-04
 Reference value :  1.83585e-04
 Reference value :  1.84185e-04
 Reference value :  1.84985e-04
 Reference value :  1.85585e-04
 Reference value :  1.86185e-04
 Reference value :  1.86985e-04
 Reference value :  1.87785e-04
 Reference value :  1.88585e-04
 Reference value :  1.89185e-04
 Reference value :  1.89985e-04
 Reference value :  1.90585e-04
 Reference value :  1.91385e-04
 Reference value :  1.92185e-04
 Reference value :  1.92785e-04
 Reference value :  1.93585e-04
 Reference value :  1.94385e-04
 Reference value :  1.95185e-04
 Reference value :  1.95785e-04
 Reference value :  1.96585e-04
 Reference value :  1.97385e-04
 Reference value :  1.97985e-04
 Reference value :  1.98785e-04
 Reference value :  1.99585e-04
 Reference value :  2.00385e-04
 Reference value :  2.01185e-04
 Reference value :  2.01785e-04
 Reference value :  2.02385e-04
 Reference value :  2.03185e-04
 Reference value :  2.03985e-04
 Reference value :  2.04585e-04
 Reference value :  2.05385e-04
 Reference value :  2.06185e-04
 Reference value :  2.06785e-04
 Reference value :  2.07385e-04
 Reference value :  2.08185e-04
 Reference value :  2.08985e-04
 Reference value :  2.09585e-04
 Reference value :  2.10185e-04
 Reference value :  2.10785e-04
 Reference value :  2.11585e-04
 Reference value :  2.12185e-04
 Reference value :  2.12785e-04
 Reference value :  2.13585e-04
 Reference value :  2.14385e-04
 Reference value :  2.14985e-04
 Reference value :  2.15585e-04
 Reference value :  2.16185e-04
 Reference value :  2.16985e-04
 Reference value :  2.17785e-04
 Reference value :  2.18585e-04
 Reference value :  2.19185e-04
 Reference value :  2.19985e-04
 Reference value :  2.20585e-04
 Reference value :  2.21185e-04
 Reference value :  2.21985e-04
 Reference value :  2.22985e-04
 Reference value :  2.23585e-04
 Reference value :  2.24185e-04
 Reference value :  2.24785e-04
 Reference value :  2.25585e-04
 Reference value :  2.26385e-04
 Reference value :  2.26985e-04
 Reference value :  2.27585e-04
 Reference value :  2.28385e-04
 Reference value :  2.29185e-04
 Reference value :  2.29985e-04
 Reference value :  2.30585e-04
 Reference value :  2.31585e-04
 Reference value :  2.32385e-04
 Reference value :  2.32985e-04
 Reference value :  2.33785e-04
 Reference value :  2.34385e-04
 Reference value :  2.35185e-04
 Reference value :  2.36185e-04
 Reference value :  2.36985e-04
 Reference value :  2.37585e-04
 Reference value :  2.38385e-04
 Reference value :  2.39185e-04
 Reference value :  2.39785e-04
 Reference value :  2.40585e-04
 Reference value :  2.41185e-04
 Reference value :  2.41985e-04
 Reference value :  2.42785e-04
 Reference value :  2.43585e-04
 Reference value :  2.44385e-04
 Reference value :  2.44985e-04
 Reference value :  2.45785e-04
 Reference value :  2.46585e-04
 Reference value :  2.47385e-04
 Reference value :  2.48185e-04
 Reference value :  2.48785e-04
 Reference value :  2.49585e-04
 Reference value :  2.50385e-04
 Reference value :  2.51185e-04
 Reference value :  2.51785e-04
 Reference value :  2.52385e-04
 Reference value :  2.53185e-04
 Reference value :  2.53785e-04
 Reference value :  2.54785e-04
 Reference value :  2.55385e-04
 Reference value :  2.55985e-04
 Reference value :  2.56785e-04
 Reference value :  2.57585e-04
 Reference value :  2.58385e-04
 Reference value :  2.59185e-04
 Reference value :  2.59985e-04
 Reference value :  2.60585e-04
 Reference value :  2.61185e-04
 Reference value :  2.61785e-04
 Reference value :  2.62585e-04
 Reference value :  2.63185e-04
 Reference value :  2.63785e-04
 Reference value :  2.64585e-04
 Reference value :  2.65385e-04
 Reference value :  2.66185e-04
 Reference value :  2.66785e-04
 Reference value :  2.67585e-04
 Reference value :  2.68185e-04
 Reference value :  2.68985e-04
 Reference value :  2.69585e-04
 Reference value :  2.70385e-04
 Reference value :  2.70985e-04
 Reference value :  2.71785e-04
 Reference value :  2.72585e-04
 Reference value :  2.73385e-04
 Reference value :  2.74185e-04
 Reference value :  2.74785e-04
 Reference value :  2.75385e-04
 Reference value :  2.76185e-04
 Reference value :  2.76985e-04
 Reference value :  2.77785e-04
 Reference value :  2.78585e-04
 Reference value :  2.79185e-04
 Reference value :  2.79985e-04
 Reference value :  2.80785e-04
 Reference value :  2.81385e-04
 Reference value :  2.82185e-04
 Reference value :  2.82985e-04
 Reference value :  2.83585e-04
 Reference value :  2.84385e-04
 Reference value :  2.85185e-04
 Reference value :  2.85985e-04
 Reference value :  2.86785e-04
 Reference value :  2.87585e-04
 Reference value :  2.88385e-04
 Reference value :  2.88985e-04
 Reference value :  2.89785e-04
 Reference value :  2.90585e-04
 Reference value :  2.91185e-04
 Reference value :  2.91785e-04
 Reference value :  2.92585e-04
 Reference value :  2.93185e-04
 Reference value :  2.93985e-04
 Reference value :  2.94585e-04
 Reference value :  2.95385e-04
 Reference value :  2.96185e-04
 Reference value :  2.96985e-04
 Reference value :  2.97585e-04
 Reference value :  2.98185e-04
 Reference value :  2.98985e-04
 Reference value :  2.99785e-04
 Reference value :  3.00585e-04
 Reference value :  3.01385e-04
 Reference value :  3.01985e-04
 Reference value :  3.02585e-04
 Reference value :  3.03385e-04
 Reference value :  3.03985e-04
 Reference value :  3.04785e-04
 Reference value :  3.05585e-04
 Reference value :  3.06185e-04
 Reference value :  3.06985e-04
 Reference value :  3.07985e-04
 Reference value :  3.08785e-04
 Reference value :  3.09585e-04
 Reference value :  3.10385e-04
 Reference value :  3.10985e-04
 Reference value :  3.11785e-04
 Reference value :  3.12385e-04
 Reference value :  3.13185e-04
 Reference value :  3.13985e-04
 Reference value :  3.14585e-04
 Reference value :  3.15385e-04
 Reference value :  3.16185e-04
 Reference value :  3.16785e-04
 Reference value :  3.17585e-04
 Reference value :  3.18385e-04
 Reference value :  3.19385e-04
 Reference value :  3.19985e-04
 Reference value :  3.20785e-04
 Reference value :  3.21585e-04
 Reference value :  3.22385e-04
 Reference value :  3.22985e-04
 Reference value :  3.23585e-04
 Reference value :  3.24185e-04
 Reference value :  3.24785e-04
 Reference value :  3.25385e-04
 Reference value :  3.26185e-04
 Reference value :  3.26985e-04
 Reference value :  3.27585e-04
 Reference value :  3.28185e-04
 Reference value :  3.28985e-04
 Reference value :  3.29785e-04
 Reference value :  3.30585e-04
 Reference value :  3.31385e-04
 Reference value :  3.32185e-04
 Reference value :  3.32985e-04
 Reference value :  3.33785e-04
 Reference value :  3.34585e-04
 Reference value :  3.35185e-04
 Reference value :  3.35985e-04
 Reference value :  3.36985e-04
 Reference value :  3.37785e-04
 Reference value :  3.38585e-04
 Reference value :  3.39185e-04
 Reference value :  3.39985e-04
 Reference value :  3.40785e-04
 Reference value :  3.41585e-04
 Reference value :  3.42185e-04
 Reference value :  3.42985e-04
 Reference value :  3.43785e-04
 Reference value :  3.44785e-04
 Reference value :  3.45385e-04
 Reference value :  3.46185e-04
 Reference value :  3.46985e-04
 Reference value :  3.47785e-04
 Reference value :  3.48385e-04
 Reference value :  3.49185e-04
 Reference value :  3.49985e-04
 Reference value :  3.50785e-04
 Reference value :  3.51585e-04
 Reference value :  3.52185e-04
 Reference value :  3.52985e-04
 Reference value :  3.53785e-04
 Reference value :  3.54585e-04
 Reference value :  3.55385e-04
 Reference value :  3.56185e-04
 Reference value :  3.56985e-04
 Reference value :  3.57785e-04
 Reference value :  3.58585e-04
 Reference value :  3.59385e-04
 Reference value :  3.59985e-04
 Reference value :  3.62385e-04
 Reference value :  3.63185e-04
 Reference value :  3.63985e-04
 Reference value :  3.64585e-04
 Reference value :  3.65385e-04
 Reference value :  3.66185e-04
 Reference value :  3.66985e-04
 Reference value :  3.67785e-04
 Reference value :  3.68585e-04
 Reference value :  3.69385e-04
 Reference value :  3.69985e-04
 Reference value :  3.70785e-04
 Reference value :  3.71585e-04
 Reference value :  3.72385e-04
 Reference value :  3.73185e-04
 Reference value :  3.73985e-04
 Reference value :  3.74585e-04
 Reference value :  3.75385e-04
 Reference value :  3.75985e-04
 Reference value :  3.76785e-04
 Reference value :  3.77585e-04
 Reference value :  3.78585e-04
 Reference value :  3.79185e-04
 Reference value :  3.79985e-04
 Reference value :  3.80785e-04
 Reference value :  3.81385e-04
 Reference value :  3.81985e-04
 Reference value :  3.82785e-04
 Reference value :  3.83585e-04
 Reference value :  3.84185e-04
 Reference value :  3.84985e-04
 Reference value :  3.85785e-04
 Reference value :  3.86585e-04
 Reference value :  3.87385e-04
 Reference value :  3.88185e-04
 Reference value :  3.88985e-04
 Reference value :  3.89785e-04
 Reference value :  3.90585e-04
 Reference value :  3.91385e-04
 Reference value :  3.92185e-04
 Reference value :  3.92985e-04
 Reference value :  3.93585e-04
 Reference value :  3.94385e-04
 Reference value :  3.95185e-04
 Reference value :  3.95985e-04
 Reference value :  3.96785e-04
 Reference value :  3.97385e-04
 Reference value :  3.98185e-04
 Reference value :  3.98785e-04
 Reference value :  3.99585e-04
 Reference value :  4.00385e-04
 Reference value :  4.00985e-04
 Reference value :  4.01585e-04
 Reference value :  4.02385e-04
 Reference value :  4.02985e-04
 Reference value :  4.03785e-04
 Reference value :  4.04585e-04
 Reference value :  4.05385e-04
 Reference value :  4.06185e-04
 Reference value :  4.06985e-04
 Reference value :  4.07785e-04
 Reference value :  4.08585e-04
 Reference value :  4.09385e-04
 Reference value :  4.10185e-04
 Reference value :  4.10785e-04
 Reference value :  4.11585e-04
 Reference value :  4.12385e-04
 Reference value :  4.13185e-04
 Reference value :  4.13785e-04
 Reference value :  4.14585e-04
 Reference value :  4.15385e-04
 Reference value :  4.15985e-04
 Reference value :  4.16785e-04
 Reference value :  4.17385e-04
 Reference value :  4.18185e-04
 Reference value :  4.18985e-04
 Reference value :  4.19585e-04
 Reference value :  4.20385e-04
 Reference value :  4.21185e-04
 Reference value :  4.21785e-04
 Reference value :  4.22585e-04
 Reference value :  4.23185e-04
 Reference value :  4.23985e-04
 Reference value :  4.24785e-04
 Reference value :  4.25385e-04
 Reference value :  4.26185e-04
 Reference value :  4.26785e-04
 Reference value :  4.27585e-04
 Reference value :  4.28185e-04
 Reference value :  4.28985e-04
 Reference value :  4.29785e-04
 Reference value :  4.30585e-04
 Reference value :  4.31185e-04
 Reference value :  4.31985e-04
 Reference value :  4.32785e-04
 Reference value :  4.33585e-04
 Reference value :  4.34385e-04
 Reference value :  4.34985e-04
 Reference value :  4.35585e-04
 Reference value :  4.36185e-04
 Reference value :  4.36985e-04
 Reference value :  4.37785e-04
 Reference value :  4.38585e-04
 Reference value :  4.39385e-04
 Reference value :  4.40185e-04
 Reference value :  4.40985e-04
 Reference value :  4.41585e-04
 Reference value :  4.42385e-04
 Reference value :  4.43185e-04
 Reference value :  4.43785e-04
 Reference value :  4.44585e-04
 Reference value :  4.45385e-04
 Reference value :  4.46185e-04
 Reference value :  4.46985e-04
 Reference value :  4.47785e-04
 Reference value :  4.48585e-04
 Reference value :  4.49385e-04
 Reference value :  4.50185e-04
 Reference value :  4.50985e-04
 Reference value :  4.51785e-04
 Reference value :  4.52585e-04
 Reference value :  4.53385e-04
 Reference value :  4.54185e-04
 Reference value :  4.54985e-04
 Reference value :  4.55785e-04
 Reference value :  4.56585e-04
 Reference value :  4.57185e-04
 Reference value :  4.57785e-04
 Reference value :  4.58585e-04
 Reference value :  4.59385e-04
 Reference value :  4.59985e-04
 Reference value :  4.60785e-04
 Reference value :  4.61385e-04
 Reference value :  4.62185e-04
 Reference value :  4.62985e-04
 Reference value :  4.63585e-04
 Reference value :  4.64385e-04
 Reference value :  4.64985e-04
 Reference value :  4.65785e-04
 Reference value :  4.66385e-04
 Reference value :  4.67185e-04
 Reference value :  4.67985e-04
 Reference value :  4.68785e-04
 Reference value :  4.69585e-04
 Reference value :  4.70385e-04
 Reference value :  4.70985e-04
 Reference value :  4.71785e-04
 Reference value :  4.72585e-04
 Reference value :  4.73385e-04
 Reference value :  4.74185e-04
 Reference value :  4.74985e-04
 Reference value :  4.75785e-04
 Reference value :  4.76585e-04
 Reference value :  4.77185e-04
 Reference value :  4.77985e-04
 Reference value :  4.78785e-04
 Reference value :  4.79385e-04
 Reference value :  4.80185e-04
 Reference value :  4.80785e-04
 Reference value :  4.81385e-04
 Reference value :  4.81985e-04
 Reference value :  4.82585e-04
 Reference value :  4.83185e-04
 Reference value :  4.83985e-04
 Reference value :  4.84785e-04
 Reference value :  4.85385e-04
 Reference value :  4.86185e-04
 Reference value :  4.86985e-04
 Reference value :  4.87785e-04
 Reference value :  4.88385e-04
 Reference value :  4.89185e-04
 Reference value :  4.89785e-04
 Reference value :  4.90585e-04
 Reference value :  4.91385e-04
 Reference value :  4.92185e-04
 Reference value :  4.92985e-04
 Reference value :  4.93785e-04
 Reference value :  4.94385e-04
 Reference value :  4.95185e-04
 Reference value :  4.95985e-04
 Reference value :  4.96785e-04
 Reference value :  4.97385e-04
 Reference value :  4.98185e-04
 Reference value :  4.98785e-04
 Reference value :  4.99585e-04
 Reference value :  5.00385e-04
 Reference value :  5.01185e-04
 Reference value :  5.01985e-04
 Reference value :  5.02785e-04
 Reference value :  5.03585e-04
 Reference value :  5.04385e-04
 Reference value :  5.05185e-04
 Reference value :  5.05985e-04
 Reference value :  5.06585e-04
 Reference value :  5.07385e-04
 Reference value :  5.08185e-04
 Reference value :  5.08985e-04
 Reference value :  5.09585e-04
 Reference value :  5.10385e-04
 Reference value :  5.10985e-04
 Reference value :  5.11785e-04
 Reference value :  5.12585e-04
 Reference value :  5.13385e-04
 Reference value :  5.14185e-04
 Reference value :  5.14785e-04
 Reference value :  5.15585e-04
 Reference value :  5.16385e-04
 Reference value :  5.17185e-04
 Reference value :  5.17985e-04
 Reference value :  5.18785e-04
 Reference value :  5.19585e-04
 Reference value :  5.20385e-04
 Reference value :  5.20985e-04
 Reference value :  5.21585e-04
 Reference value :  5.22185e-04
 Reference value :  5.22985e-04
 Reference value :  5.23785e-04
 Reference value :  5.24585e-04
 Reference value :  5.25585e-04
 Reference value :  5.26385e-04
 Reference value :  5.27185e-04
 Reference value :  5.27785e-04
 Reference value :  5.28385e-04
 Reference value :  5.29185e-04
 Reference value :  5.29785e-04
 Reference value :  5.30585e-04
 Reference value :  5.31385e-04
 Reference value :  5.32185e-04
 Reference value :  5.32785e-04
 Reference value :  5.33585e-04
 Reference value :  5.34185e-04
 Reference value :  5.34985e-04
 Reference value :  5.35785e-04
 Reference value :  5.36385e-04
 Reference value :  5.37185e-04
 Reference value :  5.37785e-04
 Reference value :  5.38585e-04
 Reference value :  5.39185e-04
 Reference value :  5.39985e-04
 Reference value :  5.40585e-04
 Reference value :  5.41185e-04
 Reference value :  5.41785e-04
 Reference value :  5.42585e-04
 Reference value :  5.43385e-04
 Reference value :  5.44385e-04
 Reference value :  5.45185e-04
 Reference value :  5.45985e-04
 Reference value :  5.46785e-04
 Reference value :  5.47385e-04
 Reference value :  5.48185e-04
 Reference value :  5.48985e-04
 Reference value :  5.49585e-04
 Reference value :  5.50385e-04
 Reference value :  5.51185e-04
 Reference value :  5.51985e-04
 Reference value :  5.52585e-04
 Reference value :  5.53385e-04
 Reference value :  5.54185e-04
 Reference value :  5.54785e-04
 Reference value :  5.55585e-04
 Reference value :  5.56185e-04
 Reference value :  5.56985e-04
 Reference value :  5.57785e-04
 Reference value :  5.58585e-04
 Reference value :  5.59385e-04
 Reference value :  5.60185e-04
 Reference value :  5.60985e-04
 Reference value :  5.61785e-04
 Reference value :  5.62585e-04
 Reference value :  5.63185e-04
 Reference value :  5.63785e-04
 Reference value :  5.64585e-04
 Reference value :  5.65185e-04
 Reference value :  5.65985e-04
 Reference value :  5.66785e-04
 Reference value :  5.67585e-04
 Reference value :  5.68385e-04
 Reference value :  5.69585e-04
 Reference value :  5.70385e-04
 Reference value :  5.70985e-04
 Reference value :  5.71585e-04
 Reference value :  5.72385e-04
 Reference value :  5.73185e-04
 Reference value :  5.73785e-04
 Reference value :  5.74385e-04
 Reference value :  5.75185e-04
 Reference value :  5.75985e-04
 Reference value :  5.76585e-04
 Reference value :  5.77385e-04
 Reference value :  5.77985e-04
 Reference value :  5.78785e-04
 Reference value :  5.79385e-04
 Reference value :  5.79985e-04
 Reference value :  5.80585e-04
 Reference value :  5.81385e-04
 Reference value :  5.82385e-04
 Reference value :  5.82985e-04
 Reference value :  5.83785e-04
 Reference value :  5.84585e-04
 Reference value :  5.85385e-04
 Reference value :  5.86185e-04
 Reference value :  5.86985e-04
 Reference value :  5.87585e-04
 Reference value :  5.88585e-04
 Reference value :  5.89385e-04
 Reference value :  5.90185e-04
 Reference value :  5.90785e-04
 Reference value :  5.91585e-04
 Reference value :  5.92385e-04
 Reference value :  5.93185e-04
 Reference value :  5.93785e-04
 Reference value :  5.94585e-04
 Reference value :  5.95385e-04
 Reference value :  5.96185e-04
 Reference value :  5.96985e-04
 Reference value :  5.97785e-04
 Reference value :  5.98585e-04
 Reference value :  5.99385e-04
 Reference value :  5.99985e-04
 Reference value :  6.00785e-04
 Reference value :  6.01585e-04
 Reference value :  6.02185e-04
 Reference value :  6.02985e-04
 Reference value :  6.03785e-04
 Reference value :  6.04585e-04
 Reference value :  6.05385e-04
 Reference value :  6.05985e-04
 Reference value :  6.06585e-04
 Reference value :  6.07185e-04
 Reference value :  6.07985e-04
 Reference value :  6.08585e-04
 Reference value :  6.09185e-04
 Reference value :  6.09785e-04
 Reference value :  6.10385e-04
 Reference value :  6.11185e-04
 Reference value :  6.11985e-04
 Reference value :  6.12785e-04
 Reference value :  6.13385e-04
 Reference value :  6.14185e-04
 Reference value :  6.14985e-04
 Reference value :  6.15785e-04
 Reference value :  6.16585e-04
 Reference value :  6.17385e-04
 Reference value :  6.18185e-04
 Reference value :  6.18985e-04
 Reference value :  6.19785e-04
 Reference value :  6.20385e-04
 Reference value :  6.21185e-04
 Reference value :  6.21985e-04
 Reference value :  6.22585e-04
 Reference value :  6.23385e-04
 Reference value :  6.24185e-04
 Reference value :  6.24985e-04
 Reference value :  6.25585e-04
 Reference value :  6.26385e-04
 Reference value :  6.27185e-04
 Reference value :  6.27985e-04
 Reference value :  6.28585e-04
 Reference value :  6.29385e-04
 Reference value :  6.30185e-04
 Reference value :  6.30785e-04
 Reference value :  6.31385e-04
 Reference value :  6.32185e-04
 Reference value :  6.32985e-04
 Reference value :  6.33785e-04
 Reference value :  6.34585e-04
 Reference value :  6.35185e-04
 Reference value :  6.35985e-04
 Reference value :  6.36585e-04
 Reference value :  6.37185e-04
 Reference value :  6.37785e-04
 Reference value :  6.38585e-04
 Reference value :  6.39185e-04
 Reference value :  6.39985e-04
 Reference value :  6.40585e-04
 Reference value :  6.41385e-04
 Reference value :  6.41985e-04
 Reference value :  6.42785e-04
 Reference value :  6.43585e-04
 Reference value :  6.44385e-04
 Reference value :  6.45185e-04
 Reference value :  6.45985e-04
 Reference value :  6.46585e-04
 Reference value :  6.47585e-04
 Reference value :  6.48185e-04
 Reference value :  6.48785e-04
 Reference value :  6.49585e-04
 Reference value :  6.50185e-04
 Reference value :  6.50985e-04
 Reference value :  6.51785e-04
 Reference value :  6.52585e-04
 Reference value :  6.53385e-04
 Reference value :  6.54185e-04
 Reference value :  6.54985e-04
 Reference value :  6.55585e-04
 Reference value :  6.56185e-04
 Reference value :  6.56985e-04
 Reference value :  6.57585e-04
 Reference value :  6.58385e-04
 Reference value :  6.58985e-04
 Reference value :  6.59785e-04
 Reference value :  6.60385e-04
 Reference value :  6.61185e-04
 Reference value :  6.62185e-04
 Reference value :  6.62985e-04
 Reference value :  6.63785e-04
 Reference value :  6.64585e-04
 Reference value :  6.65385e-04
 Reference value :  6.66185e-04
 Reference value :  6.66985e-04
 Reference value :  6.67785e-04
 Reference value :  6.68585e-04
 Reference value :  6.69385e-04
 Reference value :  6.70185e-04
 Reference value :  6.70985e-04
 Reference value :  6.71585e-04
 Reference value :  6.72385e-04
 Reference value :  6.73185e-04
 Reference value :  6.73985e-04
 Reference value :  6.74785e-04
 Reference value :  6.75585e-04
 Reference value :  6.76185e-04
 Reference value :  6.76985e-04
 Reference value :  6.77785e-04
 Reference value :  6.78585e-04
 Reference value :  6.79385e-04
 Reference value :  6.80185e-04
 Reference value :  6.80785e-04
 Reference value :  6.81585e-04
 Reference value :  6.82385e-04
 Reference value :  6.83185e-04
 Reference value :  6.83985e-04
 Reference value :  6.84785e-04
 Reference value :  6.85585e-04
 Reference value :  6.86385e-04
 Reference value :  6.87185e-04
 Reference value :  6.87985e-04
 Reference value :  6.88585e-04
 Reference value :  6.89385e-04
 Reference value :  6.90185e-04
 Reference value :  6.90985e-04
 Reference value :  6.91585e-04
 Reference value :  6.92385e-04
 Reference value :  6.92985e-04
 Reference value :  6.93785e-04
 Reference value :  6.94785e-04
 Reference value :  6.95585e-04
 Reference value :  6.96385e-04
 Reference value :  6.97185e-04
 Reference value :  6.97985e-04
 Reference value :  6.98585e-04
 Reference value :  6.99385e-04
 Reference value :  7.00185e-04
 Reference value :  7.00985e-04
 Reference value :  7.01785e-04
 Reference value :  7.02585e-04
 Reference value :  7.03385e-04
 Reference value :  7.04185e-04
 Reference value :  7.04985e-04
 Reference value :  7.05585e-04
 Reference value :  7.06385e-04
 Reference value :  7.07185e-04
 Reference value :  7.08185e-04
 Reference value :  7.08985e-04
 Reference value :  7.09785e-04
 Reference value :  7.10385e-04
 Reference value :  7.11185e-04
 Reference value :  7.11985e-04
 Reference value :  7.12585e-04
 Reference value :  7.13385e-04
 Reference value :  7.14185e-04
 Reference value :  7.14985e-04
 Reference value :  7.15585e-04
 Reference value :  7.16385e-04
 Reference value :  7.17185e-04
 Reference value :  7.17985e-04
 Reference value :  7.18985e-04
 Reference value :  7.19585e-04
 Reference value :  7.20385e-04
 Reference value :  7.21185e-04
 Reference value :  7.21985e-04
 Reference value :  7.22585e-04
 Reference value :  7.23385e-04
 Reference value :  7.24185e-04
 Reference value :  7.24985e-04
 Reference value :  7.25785e-04
 Reference value :  7.26585e-04
 Reference value :  7.27385e-04
 Reference value :  7.28185e-04
 Reference value :  7.28985e-04
 Reference value :  7.29785e-04
 Reference value :  7.30585e-04
 Reference value :  7.31185e-04
 Reference value :  7.31785e-04
 Reference value :  7.32385e-04
 Reference value :  7.33185e-04
 Reference value :  7.33785e-04
 Reference value :  7.34585e-04
 Reference value :  7.35185e-04
 Reference value :  7.35785e-04
 Reference value :  7.36585e-04
 Reference value :  7.37385e-04
 Reference value :  7.38185e-04
 Reference value :  7.38985e-04
 Reference value :  7.39785e-04
 Reference value :  7.40585e-04
 Reference value :  7.41385e-04
 Reference value :  7.42185e-04
 Reference value :  7.42785e-04
 Reference value :  7.43585e-04
 Reference value :  7.44385e-04
 Reference value :  7.45185e-04
 Reference value :  7.45785e-04
 Reference value :  7.46585e-04
 Reference value :  7.47385e-04
 Reference value :  7.47985e-04
 Reference value :  7.48785e-04
 Reference value :  7.49585e-04
 Reference value :  7.50385e-04
 Reference value :  7.51185e-04
 Reference value :  7.51985e-04
 Reference value :  7.52785e-04
 Reference value :  7.53585e-04
 Reference value :  7.54385e-04
 Reference value :  7.55185e-04
 Reference value :  7.55985e-04
 Reference value :  7.56585e-04
 Reference value :  7.57385e-04
 Reference value :  7.58185e-04
 Reference value :  7.58985e-04
 Reference value :  7.59785e-04
 Reference value :  7.60585e-04
 Reference value :  7.61385e-04
 Reference value :  7.62185e-04
 Reference value :  7.62985e-04
 Reference value :  7.63785e-04
 Reference value :  7.64585e-04
 Reference value :  7.65185e-04
 Reference value :  7.65985e-04
 Reference value :  7.66585e-04
 Reference value :  7.67385e-04
 Reference value :  7.68185e-04
 Reference value :  7.68985e-04
 Reference value :  7.69785e-04
 Reference value :  7.70785e-04
 Reference value :  7.71585e-04
 Reference value :  7.72185e-04
 Reference value :  7.72985e-04
 Reference value :  7.73785e-04
 Reference value :  7.74585e-04
 Reference value :  7.75185e-04
 Reference value :  7.75985e-04
 Reference value :  7.76785e-04
 Reference value :  7.77585e-04
 Reference value :  7.78185e-04
 Reference value :  7.78985e-04
 Reference value :  7.79585e-04
 Reference value :  7.80385e-04
 Reference value :  7.81185e-04
 Reference value :  7.81985e-04
 Reference value :  7.82785e-04
 Reference value :  7.83585e-04
 Reference value :  7.84185e-04
 Reference value :  7.84985e-04
 Reference value :  7.85785e-04
 Reference value :  7.86585e-04
 Reference value :  7.87385e-04
 Reference value :  7.88185e-04
 Reference value :  7.88785e-04
 Reference value :  7.89585e-04
 Reference value :  7.90185e-04
 Reference value :  7.90785e-04
 Reference value :  7.91585e-04
 Reference value :  7.92385e-04
 Reference value :  7.93185e-04
 Reference value :  7.93785e-04
 Reference value :  7.94585e-04
 Reference value :  7.95585e-04
 Reference value :  7.96385e-04
 Reference value :  7.97185e-04
 Reference value :  7.97985e-04
 Reference value :  7.98785e-04
 Reference value :  7.99385e-04
 Reference value :  8.00185e-04
 Reference value :  8.00985e-04
 Reference value :  8.01785e-04
 Reference value :  8.02585e-04
 Reference value :  8.03585e-04
 Reference value :  8.04385e-04
 Reference value :  8.04985e-04
 Reference value :  8.05585e-04
 Reference value :  8.06385e-04
 Reference value :  8.07185e-04
 Reference value :  8.07985e-04
 Reference value :  8.08585e-04
 Reference value :  8.09385e-04
 Reference value :  8.09985e-04
 Reference value :  8.10785e-04
 Reference value :  8.11585e-04
 Reference value :  8.12385e-04
 Reference value :  8.13185e-04
 Reference value :  8.13985e-04
 Reference value :  8.14785e-04
 Reference value :  8.15385e-04
 Reference value :  8.16185e-04
 Reference value :  8.16985e-04
 Reference value :  8.17585e-04
 Reference value :  8.18185e-04
 Reference value :  8.18985e-04
 Reference value :  8.19585e-04
 Reference value :  8.20385e-04
 Reference value :  8.21185e-04
 Reference value :  8.21785e-04
 Reference value :  8.22585e-04
 Reference value :  8.23385e-04
 Reference value :  8.24185e-04
 Reference value :  8.24985e-04
 Reference value :  8.25785e-04
 Reference value :  8.26585e-04
 Reference value :  8.27385e-04
 Reference value :  8.28185e-04
 Reference value :  8.28985e-04
 Reference value :  8.29585e-04
 Reference value :  8.30385e-04
 Reference value :  8.31185e-04
 Reference value :  8.31985e-04
 Reference value :  8.32585e-04
 Reference value :  8.33385e-04
 Reference value :  8.34185e-04
 Reference value :  8.34985e-04
 Reference value :  8.35585e-04
 Reference value :  8.36385e-04
 Reference value :  8.36985e-04
 Reference value :  8.37585e-04
 Reference value :  8.38385e-04
 Reference value :  8.38985e-04
 Reference value :  8.39785e-04
 Reference value :  8.40585e-04
 Reference value :  8.41385e-04
 Reference value :  8.42185e-04
 Reference value :  8.42985e-04
 Reference value :  8.43585e-04
 Reference value :  8.44385e-04
 Reference value :  8.45185e-04
 Reference value :  8.45985e-04
 Reference value :  8.46585e-04
 Reference value :  8.47385e-04
 Reference value :  8.48185e-04
 Reference value :  8.48985e-04
 Reference value :  8.49785e-04
 Reference value :  8.50585e-04
 Reference value :  8.51385e-04
 Reference value :  8.52185e-04
 Reference value :  8.52985e-04
 Reference value :  8.53985e-04
 Reference value :  8.54985e-04
 Reference value :  8.55785e-04
 Reference value :  8.56585e-04
 Reference value :  8.57385e-04
 Reference value :  8.57985e-04
 Reference value :  8.58785e-04
 Reference value :  8.59385e-04
 Reference value :  8.60185e-04
 Reference value :  8.60985e-04
 Reference value :  8.61785e-04
 Reference value :  8.62585e-04
 Reference value :  8.63385e-04
 Reference value :  8.64185e-04
 Reference value :  8.64985e-04
 Reference value :  8.65785e-04
 Reference value :  8.66585e-04
 Reference value :  8.67385e-04
 Reference value :  8.68185e-04
 Reference value :  8.68985e-04
 Reference value :  8.69785e-04
 Reference value :  8.70585e-04
 Reference value :  8.71185e-04
 Reference value :  8.71985e-04
 Reference value :  8.72785e-04
 Reference value :  8.73385e-04
 Reference value :  8.74185e-04
 Reference value :  8.74985e-04
 Reference value :  8.75585e-04
 Reference value :  8.76385e-04
 Reference value :  8.77185e-04
 Reference value :  8.77785e-04
 Reference value :  8.78585e-04
 Reference value :  8.79385e-04
 Reference value :  8.80185e-04
 Reference value :  8.80785e-04
 Reference value :  8.81385e-04
 Reference value :  8.82185e-04
 Reference value :  8.82785e-04
 Reference value :  8.83585e-04
 Reference value :  8.84585e-04
 Reference value :  8.85185e-04
 Reference value :  8.85985e-04
 Reference value :  8.86785e-04
 Reference value :  8.87585e-04
 Reference value :  8.88185e-04
 Reference value :  8.88985e-04
 Reference value :  8.89785e-04
 Reference value :  8.90585e-04
 Reference value :  8.91385e-04
 Reference value :  8.91985e-04
 Reference value :  8.92785e-04
 Reference value :  8.93585e-04
 Reference value :  8.94385e-04
 Reference value :  8.95185e-04
 Reference value :  8.95985e-04
 Reference value :  8.96785e-04
 Reference value :  8.97585e-04
 Reference value :  8.98185e-04
 Reference value :  8.98985e-04
 Reference value :  8.99785e-04
 Reference value :  9.00585e-04
 Reference value :  9.01385e-04
 Reference value :  9.01985e-04
 Reference value :  9.02785e-04
 Reference value :  9.03785e-04
 Reference value :  9.04585e-04
 Reference value :  9.05385e-04
 Reference value :  9.05985e-04
 Reference value :  9.06585e-04
 Reference value :  9.07385e-04
 Reference value :  9.07985e-04
 Reference value :  9.08785e-04
 Reference value :  9.09585e-04
 Reference value :  9.10385e-04
 Reference value :  9.11185e-04
 Reference value :  9.11785e-04
 Reference value :  9.12385e-04
 Reference value :  9.12985e-04
 Reference value :  9.13785e-04
 Reference value :  9.14585e-04
 Reference value :  9.15385e-04
 Reference value :  9.16185e-04
 Reference value :  9.16985e-04
 Reference value :  9.17785e-04
 Reference value :  9.18385e-04
 Reference value :  9.18985e-04
 Reference value :  9.19585e-04
 Reference value :  9.20385e-04
 Reference value :  9.21185e-04
 Reference value :  9.21985e-04
 Reference value :  9.22785e-04
 Reference value :  9.23385e-04
 Reference value :  9.23985e-04
 Reference value :  9.24785e-04
 Reference value :  9.25385e-04
 Reference value :  9.26185e-04
 Reference value :  9.26985e-04
 Reference value :  9.27785e-04
 Reference value :  9.28585e-04
 Reference value :  9.29385e-04
 Reference value :  9.30185e-04
 Reference value :  9.30985e-04
 Reference value :  9.31785e-04
 Reference value :  9.32585e-04
 Reference value :  9.33385e-04
 Reference value :  9.33985e-04
 Reference value :  9.34585e-04
 Reference value :  9.35385e-04
 Reference value :  9.36185e-04
 Reference value :  9.36985e-04
 Reference value :  9.37785e-04
 Reference value :  9.38585e-04
 Reference value :  9.39185e-04
 Reference value :  9.39985e-04
 Reference value :  9.40985e-04
 Reference value :  9.41785e-04
 Reference value :  9.42585e-04
 Reference value :  9.43385e-04
 Reference value :  9.44185e-04
 Reference value :  9.44985e-04
 Reference value :  9.45585e-04
 Reference value :  9.46385e-04
 Reference value :  9.46985e-04
 Reference value :  9.47785e-04
 Reference value :  9.48585e-04
 Reference value :  9.49185e-04
 Reference value :  9.49785e-04
 Reference value :  9.50585e-04
 Reference value :  9.51385e-04
 Reference value :  9.52185e-04
 Reference value :  9.52985e-04
 Reference value :  9.53785e-04
 Reference value :  9.54585e-04
 Reference value :  9.55185e-04
 Reference value :  9.55985e-04
 Reference value :  9.56785e-04
 Reference value :  9.57585e-04
 Reference value :  9.58185e-04
 Reference value :  9.58985e-04
 Reference value :  9.59785e-04
 Reference value :  9.60385e-04
 Reference value :  9.61185e-04
 Reference value :  9.61985e-04
 Reference value :  9.62585e-04
 Reference value :  9.63385e-04
 Reference value :  9.64185e-04
 Reference value :  9.64985e-04
 Reference value :  9.65585e-04
 Reference value :  9.66385e-04
 Reference value :  9.66985e-04
 Reference value :  9.67585e-04
 Reference value :  9.68385e-04
 Reference value :  9.69185e-04
 Reference value :  9.69985e-04
 Reference value :  9.70785e-04
 Reference value :  9.71385e-04
 Reference value :  9.72185e-04
 Reference value :  9.72785e-04
 Reference value :  9.73585e-04
 Reference value :  9.74585e-04
 Reference value :  9.75185e-04
 Reference value :  9.75985e-04
 Reference value :  9.76585e-04
 Reference value :  9.77385e-04
 Reference value :  9.78185e-04
 Reference value :  9.78985e-04
 Reference value :  9.79785e-04
 Reference value :  9.80585e-04
 Reference value :  9.83985e-04
 Reference value :  9.84585e-04
 Reference value :  9.85585e-04
 Reference value :  9.86385e-04
 Reference value :  9.87185e-04
 Reference value :  9.87785e-04
 Reference value :  9.88585e-04
 Reference value :  9.89185e-04
 Reference value :  9.89985e-04
 Reference value :  9.90585e-04
 Reference value :  9.91385e-04
 Reference value :  9.92185e-04
 Reference value :  9.92785e-04
 Reference value :  9.93585e-04
 Reference value :  9.94185e-04
 Reference value :  9.94985e-04
 Reference value :  9.95785e-04
 Reference value :  9.96385e-04
 Reference value :  9.97185e-04
 Reference value :  9.97985e-04
 Reference value :  9.98785e-04
 Reference value :  9.99585e-04
 Reference value :  1.00002e-03
 Reference value :  1.00030e-03
 Reference value :  1.00110e-03
 Reference value :  1.00190e-03
 Reference value :  1.00250e-03
 Reference value :  1.00330e-03
 Reference value :  1.00390e-03
 Reference value :  1.00470e-03
 Reference value :  1.00550e-03
 Reference value :  1.00610e-03
 Reference value :  1.00690e-03
 Reference value :  1.00770e-03
 Reference value :  1.00850e-03
 Reference value :  1.00910e-03
 Reference value :  1.00990e-03
 Reference value :  1.01050e-03
 Reference value :  1.01110e-03
 Reference value :  1.01190e-03
 Reference value :  1.01390e-03
 Reference value :  1.01470e-03
 Reference value :  1.01530e-03
 Reference value :  1.01610e-03
 Reference value :  1.01690e-03
 Reference value :  1.01750e-03
 Reference value :  1.01830e-03
 Reference value :  1.01890e-03
 Reference value :  1.01970e-03
 Reference value :  1.02050e-03
 Reference value :  1.02110e-03
 Reference value :  1.02190e-03
 Reference value :  1.02270e-03
 Reference value :  1.02350e-03
 Reference value :  1.02410e-03
 Reference value :  1.02490e-03
 Reference value :  1.02570e-03
 Reference value :  1.02650e-03
 Reference value :  1.02730e-03
 Reference value :  1.02790e-03
 Reference value :  1.02870e-03
 Reference value :  1.02950e-03
 Reference value :  1.03030e-03
 Reference value :  1.03110e-03
 Reference value :  1.03190e-03
 Reference value :  1.03310e-03
 Reference value :  1.03370e-03
 Reference value :  1.03450e-03
 Reference value :  1.03530e-03
 Reference value :  1.03590e-03
 Reference value :  1.03650e-03
 Reference value :  1.03730e-03
 Reference value :  1.03810e-03
 Reference value :  1.03870e-03
 Reference value :  1.03930e-03
 Reference value :  1.04010e-03
 Reference value :  1.04090e-03
 Reference value :  1.04170e-03
 Reference value :  1.04230e-03
 Reference value :  1.04310e-03
 Reference value :  1.04390e-03
 Reference value :  1.04470e-03
 Reference value :  1.04550e-03
 Reference value :  1.04630e-03
 Reference value :  1.04710e-03
 Reference value :  1.04770e-03
 Reference value :  1.04850e-03
 Reference value :  1.04930e-03
 Reference value :  1.05010e-03
 Reference value :  1.05090e-03
 Reference value :  1.05170e-03
 Reference value :  1.05250e-03
 Reference value :  1.05330e-03
 Reference value :  1.05390e-03
 Reference value :  1.05470e-03
 Reference value :  1.05550e-03
 Reference value :  1.05630e-03
 Reference value :  1.05690e-03
 Reference value :  1.05770e-03
 Reference value :  1.05850e-03
 Reference value :  1.05910e-03
 Reference value :  1.05990e-03
 Reference value :  1.06050e-03
 Reference value :  1.06130e-03
 Reference value :  1.06210e-03
 Reference value :  1.06290e-03
 Reference value :  1.06350e-03
 Reference value :  1.06410e-03
 Reference value :  1.06470e-03
 Reference value :  1.06550e-03
 Reference value :  1.06630e-03
 Reference value :  1.06690e-03
 Reference value :  1.06770e-03
 Reference value :  1.06830e-03
 Reference value :  1.06910e-03
 Reference value :  1.06990e-03
 Reference value :  1.07070e-03
 Reference value :  1.07150e-03
 Reference value :  1.07210e-03
 Reference value :  1.07270e-03
 Reference value :  1.07330e-03
 Reference value :  1.07390e-03
 Reference value :  1.07450e-03
 Reference value :  1.07530e-03
 Reference value :  1.07610e-03
 Reference value :  1.07690e-03
 Reference value :  1.07770e-03
 Reference value :  1.07850e-03
 Reference value :  1.07930e-03
 Reference value :  1.07990e-03
 Reference value :  1.08070e-03
 Reference value :  1.08150e-03
 Reference value :  1.08230e-03
 Reference value :  1.08310e-03
 Reference value :  1.08390e-03
 Reference value :  1.08470e-03
 Reference value :  1.08550e-03
 Reference value :  1.08610e-03
 Reference value :  1.08670e-03
 Reference value :  1.08730e-03
 Reference value :  1.08810e-03
 Reference value :  1.08890e-03
 Reference value :  1.08970e-03
 Reference value :  1.09050e-03
 Reference value :  1.09130e-03
 Reference value :  1.09210e-03
 Reference value :  1.09310e-03
 Reference value :  1.09390e-03
 Reference value :  1.09470e-03
 Reference value :  1.09550e-03
 Reference value :  1.09610e-03
 Reference value :  1.09690e-03
 Reference value :  1.09750e-03
 Reference value :  1.09810e-03
 Reference value :  1.09870e-03
 Reference value :  1.09930e-03
 Reference value :  1.10010e-03
 Reference value :  1.10070e-03
 Reference value :  1.10150e-03
 Reference value :  1.10230e-03
 Reference value :  1.10290e-03
 Reference value :  1.10370e-03
 Reference value :  1.10450e-03
 Reference value :  1.10530e-03
 Reference value :  1.10610e-03
 Reference value :  1.10690e-03
 Reference value :  1.10770e-03
 Reference value :  1.10830e-03
 Reference value :  1.10930e-03
 Reference value :  1.11010e-03
 Reference value :  1.11090e-03
 Reference value :  1.11170e-03
 Reference value :  1.11250e-03
 Reference value :  1.11310e-03
 Reference value :  1.11390e-03
 Reference value :  1.11470e-03
 Reference value :  1.11570e-03
 Reference value :  1.11650e-03
 Reference value :  1.11730e-03
 Reference value :  1.11810e-03
 Reference value :  1.11890e-03
 Reference value :  1.11950e-03
 Reference value :  1.12030e-03
 Reference value :  1.12110e-03
 Reference value :  1.12210e-03
 Reference value :  1.12290e-03
 Reference value :  1.12370e-03
 Reference value :  1.12430e-03
 Reference value :  1.12510e-03
 Reference value :  1.12590e-03
 Reference value :  1.12670e-03
 Reference value :  1.12750e-03
 Reference value :  1.12830e-03
 Reference value :  1.12890e-03
 Reference value :  1.12970e-03
 Reference value :  1.13050e-03
 Reference value :  1.13150e-03
 Reference value :  1.13210e-03
 Reference value :  1.13270e-03
 Reference value :  1.13370e-03
 Reference value :  1.13430e-03
 Reference value :  1.13510e-03
 Reference value :  1.13590e-03
 Reference value :  1.13670e-03
 Reference value :  1.13750e-03
 Reference value :  1.13830e-03
 Reference value :  1.13890e-03
 Reference value :  1.13970e-03
 Reference value :  1.14050e-03
 Reference value :  1.14130e-03
 Reference value :  1.14230e-03
 Reference value :  1.14330e-03
 Reference value :  1.14670e-03
 Reference value :  1.14750e-03
 Reference value :  1.14830e-03
 Reference value :  1.14910e-03
 Reference value :  1.14990e-03
 Reference value :  1.15070e-03
 Reference value :  1.15150e-03
 Reference value :  1.15230e-03
 Reference value :  1.15310e-03
 Reference value :  1.15390e-03
 Reference value :  1.15470e-03
 Reference value :  1.15550e-03
 Reference value :  1.15630e-03
 Reference value :  1.15710e-03
 Reference value :  1.15790e-03
 Reference value :  1.15870e-03
 Reference value :  1.15950e-03
 Reference value :  1.16030e-03
 Reference value :  1.16110e-03
 Reference value :  1.16190e-03
 Reference value :  1.16270e-03
 Reference value :  1.16350e-03
 Reference value :  1.16430e-03
 Reference value :  1.16510e-03
 Reference value :  1.16590e-03
 Reference value :  1.16670e-03
 Reference value :  1.16750e-03
 Reference value :  1.16810e-03
 Reference value :  1.16890e-03
 Reference value :  1.16950e-03
 Reference value :  1.17050e-03
 Reference value :  1.17110e-03
 Reference value :  1.17190e-03
 Reference value :  1.17270e-03
 Reference value :  1.17350e-03
 Reference value :  1.17430e-03
 Reference value :  1.17510e-03
 Reference value :  1.17590e-03
 Reference value :  1.17670e-03
 Reference value :  1.17750e-03
 Reference value :  1.17830e-03
 Reference value :  1.17930e-03
 Reference value :  1.18010e-03
 Reference value :  1.18090e-03
 Reference value :  1.18170e-03
 Reference value :  1.18230e-03
 Reference value :  1.18290e-03
 Reference value :  1.18370e-03
 Reference value :  1.18450e-03
 Reference value :  1.18530e-03
 Reference value :  1.18630e-03
 Reference value :  1.18690e-03
 Reference value :  1.18770e-03
 Reference value :  1.18850e-03
 Reference value :  1.18930e-03
 Reference value :  1.19010e-03
 Reference value :  1.19090e-03
 Reference value :  1.19150e-03
 Reference value :  1.19230e-03
 Reference value :  1.19310e-03
 Reference value :  1.19410e-03
 Reference value :  1.19490e-03
 Reference value :  1.19570e-03
 Reference value :  1.19630e-03
 Reference value :  1.19730e-03
 Reference value :  1.20030e-03
 Reference value :  1.20090e-03
 Reference value :  1.20170e-03
 Reference value :  1.20250e-03
 Reference value :  1.20310e-03
 Reference value :  1.20370e-03
 Reference value :  1.20430e-03
 Reference value :  1.20490e-03
 Reference value :  1.20570e-03
 Reference value :  1.20650e-03
 Reference value :  1.20750e-03
 Reference value :  1.20830e-03
 Reference value :  1.20890e-03
 Reference value :  1.20970e-03
 Reference value :  1.21050e-03
 Reference value :  1.21130e-03
 Reference value :  1.21210e-03
 Reference value :  1.21290e-03
 Reference value :  1.21370e-03
 Reference value :  1.21450e-03
 Reference value :  1.21530e-03
 Reference value :  1.21610e-03
 Reference value :  1.21670e-03
 Reference value :  1.21750e-03
 Reference value :  1.21930e-03
 Reference value :  1.22030e-03
 Reference value :  1.22110e-03
 Reference value :  1.22170e-03
 Reference value :  1.22230e-03
 Reference value :  1.22310e-03
 Reference value :  1.22390e-03
 Reference value :  1.22470e-03
 Reference value :  1.22550e-03
 Reference value :  1.22610e-03
 Reference value :  1.22670e-03
 Reference value :  1.22750e-03
 Reference value :  1.22830e-03
 Reference value :  1.22910e-03
 Reference value :  1.22990e-03
 Reference value :  1.23070e-03
 Reference value :  1.23150e-03
 Reference value :  1.23230e-03
 Reference value :  1.23310e-03
 Reference value :  1.23370e-03
 Reference value :  1.23450e-03
 Reference value :  1.23510e-03
 Reference value :  1.23590e-03
 Reference value :  1.23650e-03
 Reference value :  1.23730e-03
 Reference value :  1.23810e-03
 Reference value :  1.23890e-03
 Reference value :  1.23970e-03
 Reference value :  1.24050e-03
 Reference value :  1.24130e-03
 Reference value :  1.24210e-03
 Reference value :  1.24290e-03
 Reference value :  1.24350e-03
 Reference value :  1.24430e-03
 Reference value :  1.24530e-03
 Reference value :  1.24610e-03
 Reference value :  1.24690e-03
 Reference value :  1.24770e-03
 Reference value :  1.24830e-03
 Reference value :  1.24910e-03
 Reference value :  1.24990e-03
 Reference value :  1.25070e-03
 Reference value :  1.25150e-03
 Reference value :  1.25230e-03
 Reference value :  1.25310e-03
 Reference value :  1.25390e-03
 Reference value :  1.25470e-03
 Reference value :  1.25550e-03
 Reference value :  1.25630e-03
 Reference value :  1.25690e-03
 Reference value :  1.25770e-03
 Reference value :  1.25850e-03
 Reference value :  1.25910e-03
 Reference value :  1.25990e-03
 Reference value :  1.26050e-03
 Reference value :  1.26130e-03
 Reference value :  1.26210e-03
 Reference value :  1.26290e-03
 Reference value :  1.26370e-03
 Reference value :  1.26450e-03
 Reference value :  1.26530e-03
 Reference value :  1.26610e-03
 Reference value :  1.26690e-03
 Reference value :  1.26750e-03
 Reference value :  1.26830e-03
 Reference value :  1.26910e-03
 Reference value :  1.26990e-03
 Reference value :  1.27050e-03
 Reference value :  1.27130e-03
 Reference value :  1.27210e-03
 Reference value :  1.27290e-03
 Reference value :  1.27350e-03
 Reference value :  1.27430e-03
 Reference value :  1.27510e-03
 Reference value :  1.27590e-03
 Reference value :  1.27690e-03
 Reference value :  1.27790e-03
 Reference value :  1.27870e-03
 Reference value :  1.27950e-03
 Reference value :  1.28030e-03
 Reference value :  1.28110e-03
 Reference value :  1.28190e-03
 Reference value :  1.28270e-03
 Reference value :  1.28350e-03
 Reference value :  1.28430e-03
 Reference value :  1.28510e-03
 Reference value :  1.28570e-03
 Reference value :  1.28650e-03
 Reference value :  1.28730e-03
 Reference value :  1.28810e-03
 Reference value :  1.28870e-03
 Reference value :  1.28950e-03
 Reference value :  1.29030e-03
 Reference value :  1.29110e-03
 Reference value :  1.29190e-03
 Reference value :  1.29270e-03
 Reference value :  1.29370e-03
 Reference value :  1.29450e-03
 Reference value :  1.29530e-03
 Reference value :  1.29610e-03
 Reference value :  1.29690e-03
 Reference value :  1.29790e-03
 Reference value :  1.29870e-03
 Reference value :  1.29950e-03
 Reference value :  1.30030e-03
 Reference value :  1.30110e-03
 Reference value :  1.30190e-03
 Reference value :  1.30270e-03
 Reference value :  1.30330e-03
 Reference value :  1.30390e-03
 Reference value :  1.30450e-03
 Reference value :  1.30530e-03
 Reference value :  1.30610e-03
 Reference value :  1.30690e-03
 Reference value :  1.30750e-03
 Reference value :  1.30830e-03
 Reference value :  1.30910e-03
 Reference value :  1.30990e-03
 Reference value :  1.31050e-03
 Reference value :  1.31110e-03
 Reference value :  1.31190e-03
 Reference value :  1.31270e-03
 Reference value :  1.31350e-03
 Reference value :  1.31430e-03
 Reference value :  1.31510e-03
 Reference value :  1.31590e-03
 Reference value :  1.31670e-03
 Reference value :  1.31750e-03
 Reference value :  1.31830e-03
 Reference value :  1.31890e-03
 Reference value :  1.31950e-03
 Reference value :  1.32030e-03
 Reference value :  1.32110e-03
 Reference value :  1.32190e-03
 Reference value :  1.32270e-03
 Reference value :  1.32350e-03
 Reference value :  1.32430e-03
 Reference value :  1.32510e-03
 Reference value :  1.32590e-03
 Reference value :  1.32690e-03
 Reference value :  1.32770e-03
 Reference value :  1.32850e-03
 Reference value :  1.32930e-03
 Reference value :  1.32990e-03
 Reference value :  1.33070e-03
 Reference value :  1.33150e-03
 Reference value :  1.33230e-03
 Reference value :  1.33310e-03
 Reference value :  1.33390e-03
 Reference value :  1.33450e-03
 Reference value :  1.33530e-03
 Reference value :  1.33610e-03
 Reference value :  1.33670e-03
 Reference value :  1.33750e-03
 Reference value :  1.33810e-03
 Reference value :  1.33870e-03
 Reference value :  1.33950e-03
 Reference value :  1.34010e-03
 Reference value :  1.34090e-03
 Reference value :  1.34170e-03
 Reference value :  1.34250e-03
 Reference value :  1.34330e-03
 Reference value :  1.34410e-03
 Reference value :  1.34470e-03
 Reference value :  1.34550e-03
 Reference value :  1.34630e-03
 Reference value :  1.34710e-03
 Reference value :  1.34790e-03
 Reference value :  1.34870e-03
 Reference value :  1.34930e-03
 Reference value :  1.35010e-03
 Reference value :  1.35090e-03
 Reference value :  1.35170e-03
 Reference value :  1.35250e-03
 Reference value :  1.35330e-03
 Reference value :  1.35390e-03
 Reference value :  1.35470e-03
 Reference value :  1.35550e-03
 Reference value :  1.35630e-03
 Reference value :  1.35710e-03
 Reference value :  1.35790e-03
 Reference value :  1.35870e-03
 Reference value :  1.35950e-03
 Reference value :  1.36030e-03
 Reference value :  1.36110e-03
 Reference value :  1.36190e-03
 Reference value :  1.36290e-03
 Reference value :  1.36370e-03
 Reference value :  1.36450e-03
 Reference value :  1.36530e-03
 Reference value :  1.36610e-03
 Reference value :  1.36690e-03
 Reference value :  1.36770e-03
 Reference value :  1.36850e-03
 Reference value :  1.36930e-03
 Reference value :  1.37010e-03
 Reference value :  1.37110e-03
 Reference value :  1.37170e-03
 Reference value :  1.37250e-03
 Reference value :  1.37330e-03
 Reference value :  1.37410e-03
 Reference value :  1.37490e-03
 Reference value :  1.37570e-03
 Reference value :  1.37650e-03
 Reference value :  1.37730e-03
 Reference value :  1.37810e-03
 Reference value :  1.37870e-03
 Reference value :  1.37950e-03
 Reference value :  1.38030e-03
 Reference value :  1.38090e-03
 Reference value :  1.38170e-03
 Reference value :  1.38250e-03
 Reference value :  1.38330e-03
 Reference value :  1.38410e-03
 Reference value :  1.38490e-03
 Reference value :  1.38570e-03
 Reference value :  1.38650e-03
 Reference value :  1.38730e-03
 Reference value :  1.38810e-03
 Reference value :  1.38890e-03
 Reference value :  1.38970e-03
 Reference value :  1.39050e-03
 Reference value :  1.39130e-03
 Reference value :  1.39210e-03
 Reference value :  1.39290e-03
 Reference value :  1.39370e-03
 Reference value :  1.39450e-03
 Reference value :  1.39530e-03
 Reference value :  1.39610e-03
 Reference value :  1.39690e-03
 Reference value :  1.39750e-03
 Reference value :  1.39830e-03
 Reference value :  1.39910e-03
 Reference value :  1.39970e-03
 Reference value :  1.40030e-03
 Reference value :  1.40110e-03
 Reference value :  1.40190e-03
 Reference value :  1.40270e-03
 Reference value :  1.40370e-03
 Reference value :  1.40450e-03
 Reference value :  1.40530e-03
 Reference value :  1.40610e-03
 Reference value :  1.40670e-03
 Reference value :  1.40750e-03
 Reference value :  1.40810e-03
 Reference value :  1.40890e-03
 Reference value :  1.40970e-03
 Reference value :  1.41050e-03
 Reference value :  1.41130e-03
 Reference value :  1.41210e-03
 Reference value :  1.41290e-03
 Reference value :  1.41390e-03
 Reference value :  1.41470e-03
 Reference value :  1.41550e-03
 Reference value :  1.41610e-03
 Reference value :  1.41690e-03
 Reference value :  1.41770e-03
 Reference value :  1.41850e-03
 Reference value :  1.41930e-03
 Reference value :  1.42010e-03
 Reference value :  1.42090e-03
 Reference value :  1.42170e-03
 Reference value :  1.42230e-03
 Reference value :  1.42310e-03
 Reference value :  1.42390e-03
 Reference value :  1.42450e-03
 Reference value :  1.42530e-03
 Reference value :  1.42590e-03
 Reference value :  1.42670e-03
 Reference value :  1.42750e-03
 Reference value :  1.42830e-03
 Reference value :  1.42930e-03
 Reference value :  1.43010e-03
 Reference value :  1.43070e-03
 Reference value :  1.43130e-03
 Reference value :  1.43210e-03
 Reference value :  1.43290e-03
 Reference value :  1.43370e-03
 Reference value :  1.43430e-03
 Reference value :  1.43510e-03
 Reference value :  1.43590e-03
 Reference value :  1.43670e-03
 Reference value :  1.43750e-03
 Reference value :  1.43830e-03
 Reference value :  1.43950e-03
 Reference value :  1.44030e-03
 Reference value :  1.44110e-03
 Reference value :  1.44190e-03
 Reference value :  1.44270e-03
 Reference value :  1.44350e-03
 Reference value :  1.44430e-03
 Reference value :  1.44510e-03
 Reference value :  1.44590e-03
 Reference value :  1.44690e-03
 Reference value :  1.44770e-03
 Reference value :  1.44850e-03
 Reference value :  1.44930e-03
 Reference value :  1.45030e-03
 Reference value :  1.45110e-03
 Reference value :  1.45190e-03
 Reference value :  1.45270e-03
 Reference value :  1.45350e-03
 Reference value :  1.45450e-03
 Reference value :  1.45530e-03
 Reference value :  1.45610e-03
 Reference value :  1.45690e-03
 Reference value :  1.45770e-03
 Reference value :  1.45850e-03
 Reference value :  1.45930e-03
 Reference value :  1.46010e-03
 Reference value :  1.46090e-03
 Reference value :  1.46190e-03
 Reference value :  1.46270e-03
 Reference value :  1.46350e-03
 Reference value :  1.46430e-03
 Reference value :  1.46510e-03
 Reference value :  1.46590e-03
 Reference value :  1.46650e-03
 Reference value :  1.46710e-03
 Reference value :  1.46790e-03
 Reference value :  1.46850e-03
 Reference value :  1.46930e-03
 Reference value :  1.46990e-03
 Reference value :  1.47070e-03
 Reference value :  1.47150e-03
 Reference value :  1.47230e-03
 Reference value :  1.47310e-03
 Reference value :  1.47390e-03
 Reference value :  1.47470e-03
 Reference value :  1.47530e-03
 Reference value :  1.47610e-03
 Reference value :  1.47690e-03
 Reference value :  1.47770e-03
 Reference value :  1.47850e-03
 Reference value :  1.47930e-03
 Reference value :  1.47990e-03
 Reference value :  1.48070e-03
 Reference value :  1.48150e-03
 Reference value :  1.48230e-03
 Reference value :  1.48290e-03
 Reference value :  1.48370e-03
 Reference value :  1.48450e-03
 Reference value :  1.48510e-03
 Reference value :  1.48590e-03
 Reference value :  1.48670e-03
 Reference value :  1.48750e-03
 Reference value :  1.48830e-03
 Reference value :  1.48910e-03
 Reference value :  1.48970e-03
 Reference value :  1.49050e-03
 Reference value :  1.49110e-03
 Reference value :  1.49190e-03
 Reference value :  1.49270e-03
 Reference value :  1.49350e-03
 Reference value :  1.49430e-03
 Reference value :  1.49510e-03
 Reference value :  1.49590e-03
 Reference value :  1.49670e-03
 Reference value :  1.49750e-03
 Reference value :  1.49830e-03
 Reference value :  1.49910e-03
 Reference value :  1.49990e-03
 Reference value :  1.50050e-03
 Reference value :  1.50130e-03
 Reference value :  1.50210e-03
 Reference value :  1.50290e-03
 Reference value :  1.50370e-03
 Reference value :  1.50450e-03
 Reference value :  1.50530e-03
 Reference value :  1.50590e-03
 Reference value :  1.50650e-03
 Reference value :  1.50730e-03
 Reference value :  1.50790e-03
 Reference value :  1.50870e-03
 Reference value :  1.50950e-03
 Reference value :  1.51010e-03
 Reference value :  1.51090e-03
 Reference value :  1.51150e-03
 Reference value :  1.51230e-03
 Reference value :  1.51310e-03
 Reference value :  1.51370e-03
 Reference value :  1.51470e-03
 Reference value :  1.51530e-03
 Reference value :  1.51630e-03
 Reference value :  1.51710e-03
 Reference value :  1.51790e-03
 Reference value :  1.51870e-03
 Reference value :  1.51950e-03
 Reference value :  1.52050e-03
 Reference value :  1.52130e-03
 Reference value :  1.52210e-03
 Reference value :  1.52290e-03
 Reference value :  1.52370e-03
 Reference value :  1.52450e-03
 Reference value :  1.52530e-03
 Reference value :  1.52610e-03
 Reference value :  1.52690e-03
 Reference value :  1.52770e-03
 Reference value :  1.52850e-03
 Reference value :  1.52930e-03
 Reference value :  1.53010e-03
 Reference value :  1.53070e-03
 Reference value :  1.53130e-03
 Reference value :  1.53210e-03
 Reference value :  1.53290e-03
 Reference value :  1.53370e-03
 Reference value :  1.53430e-03
 Reference value :  1.53510e-03
 Reference value :  1.53590e-03
 Reference value :  1.53670e-03
 Reference value :  1.53750e-03
 Reference value :  1.53810e-03
 Reference value :  1.53890e-03
 Reference value :  1.53950e-03
 Reference value :  1.54010e-03
 Reference value :  1.54070e-03
 Reference value :  1.54150e-03
 Reference value :  1.54230e-03
 Reference value :  1.54310e-03
 Reference value :  1.54370e-03
 Reference value :  1.54430e-03
 Reference value :  1.54510e-03
 Reference value :  1.54590e-03
 Reference value :  1.54670e-03
 Reference value :  1.54750e-03
 Reference value :  1.54830e-03
 Reference value :  1.54910e-03
 Reference value :  1.54990e-03
 Reference value :  1.55050e-03
 Reference value :  1.55110e-03
 Reference value :  1.55170e-03
 Reference value :  1.55250e-03
 Reference value :  1.55310e-03
 Reference value :  1.55390e-03
 Reference value :  1.55450e-03
 Reference value :  1.55530e-03
 Reference value :  1.55610e-03
 Reference value :  1.55710e-03
 Reference value :  1.55790e-03
 Reference value :  1.55870e-03
 Reference value :  1.55950e-03
 Reference value :  1.56010e-03
 Reference value :  1.56070e-03
 Reference value :  1.56130e-03
 Reference value :  1.56210e-03
 Reference value :  1.56290e-03
 Reference value :  1.56350e-03
 Reference value :  1.56430e-03
 Reference value :  1.56510e-03
 Reference value :  1.56590e-03
 Reference value :  1.56670e-03
 Reference value :  1.56750e-03
 Reference value :  1.56830e-03
 Reference value :  1.56910e-03
 Reference value :  1.57010e-03
 Reference value :  1.57090e-03
 Reference value :  1.57170e-03
 Reference value :  1.57230e-03
 Reference value :  1.57310e-03
 Reference value :  1.57390e-03
 Reference value :  1.57450e-03
 Reference value :  1.57530e-03
 Reference value :  1.57630e-03
 Reference value :  1.57710e-03
 Reference value :  1.57790e-03
 Reference value :  1.57870e-03
 Reference value :  1.57950e-03
 Reference value :  1.58030e-03
 Reference value :  1.58110e-03
 Reference value :  1.58170e-03
 Reference value :  1.58250e-03
 Reference value :  1.58330e-03
 Reference value :  1.58410e-03
 Reference value :  1.58510e-03
 Reference value :  1.58590e-03
 Reference value :  1.58650e-03
 Reference value :  1.58730e-03
 Reference value :  1.58810e-03
 Reference value :  1.58890e-03
 Reference value :  1.58970e-03
 Reference value :  1.59050e-03
 Reference value :  1.59130e-03
 Reference value :  1.59190e-03
 Reference value :  1.59270e-03
 Reference value :  1.59330e-03
 Reference value :  1.59410e-03
 Reference value :  1.59470e-03
 Reference value :  1.59550e-03
 Reference value :  1.59610e-03
 Reference value :  1.59670e-03
 Reference value :  1.59750e-03
 Reference value :  1.59830e-03
 Reference value :  1.59890e-03
 Reference value :  1.59950e-03
 Reference value :  1.60010e-03
 Reference value :  1.60090e-03
 Reference value :  1.60170e-03
 Reference value :  1.60230e-03
 Reference value :  1.60310e-03
 Reference value :  1.60390e-03
 Reference value :  1.60450e-03
 Reference value :  1.60550e-03
 Reference value :  1.60610e-03
 Reference value :  1.60690e-03
 Reference value :  1.60770e-03
 Reference value :  1.60850e-03
 Reference value :  1.60930e-03
 Reference value :  1.61010e-03
 Reference value :  1.61090e-03
 Reference value :  1.61170e-03
 Reference value :  1.61250e-03
 Reference value :  1.61330e-03
 Reference value :  1.61410e-03
 Reference value :  1.61470e-03
 Reference value :  1.61530e-03
 Reference value :  1.61610e-03
 Reference value :  1.61710e-03
 Reference value :  1.61790e-03
 Reference value :  1.61870e-03
 Reference value :  1.61950e-03
 Reference value :  1.62030e-03
 Reference value :  1.62090e-03
 Reference value :  1.62170e-03
 Reference value :  1.62230e-03
 Reference value :  1.62310e-03
 Reference value :  1.62390e-03
 Reference value :  1.62450e-03
 Reference value :  1.62530e-03
 Reference value :  1.62590e-03
 Reference value :  1.62670e-03
 Reference value :  1.62750e-03
 Reference value :  1.62810e-03
 Reference value :  1.62870e-03
 Reference value :  1.62950e-03
 Reference value :  1.63030e-03
 Reference value :  1.63110e-03
 Reference value :  1.63170e-03
 Reference value :  1.63250e-03
 Reference value :  1.63310e-03
 Reference value :  1.63370e-03
 Reference value :  1.63450e-03
 Reference value :  1.63530e-03
 Reference value :  1.63610e-03
 Reference value :  1.63690e-03
 Reference value :  1.63770e-03
 Reference value :  1.63830e-03
 Reference value :  1.63930e-03
 Reference value :  1.64010e-03
 Reference value :  1.64090e-03
 Reference value :  1.64150e-03
 Reference value :  1.64230e-03
 Reference value :  1.64310e-03
 Reference value :  1.64370e-03
 Reference value :  1.64450e-03
 Reference value :  1.64530e-03
 Reference value :  1.64610e-03
 Reference value :  1.64690e-03
 Reference value :  1.64770e-03
 Reference value :  1.64830e-03
 Reference value :  1.64910e-03
 Reference value :  1.64990e-03
 Reference value :  1.65050e-03
 Reference value :  1.65110e-03
 Reference value :  1.65170e-03
 Reference value :  1.65270e-03
 Reference value :  1.65350e-03
 Reference value :  1.65430e-03
 Reference value :  1.65510e-03
 Reference value :  1.65590e-03
 Reference value :  1.65670e-03
 Reference value :  1.65750e-03
 Reference value :  1.65830e-03
 Reference value :  1.65910e-03
 Reference value :  1.65990e-03
 Reference value :  1.66070e-03
 Reference value :  1.66150e-03
 Reference value :  1.66210e-03
 Reference value :  1.66290e-03
 Reference value :  1.66370e-03
 Reference value :  1.66450e-03
 Reference value :  1.66530e-03
 Reference value :  1.66610e-03
 Reference value :  1.66670e-03
 Reference value :  1.66750e-03
 Reference value :  1.66830e-03
 Reference value :  1.66910e-03
 Reference value :  1.66990e-03
 Reference value :  1.67050e-03
 Reference value :  1.67130e-03
 Reference value :  1.67190e-03
 Reference value :  1.67250e-03
 Reference value :  1.67310e-03
 Reference value :  1.67390e-03
 Reference value :  1.67470e-03
 Reference value :  1.67530e-03
 Reference value :  1.67610e-03
 Reference value :  1.67690e-03
 Reference value :  1.67770e-03
 Reference value :  1.67850e-03
 Reference value :  1.67930e-03
 Reference value :  1.68010e-03
 Reference value :  1.68090e-03
 Reference value :  1.68170e-03
 Reference value :  1.68250e-03
 Reference value :  1.68350e-03
 Reference value :  1.68430e-03
 Reference value :  1.68510e-03
 Reference value :  1.68570e-03
 Reference value :  1.68650e-03
 Reference value :  1.68730e-03
 Reference value :  1.68810e-03
 Reference value :  1.68890e-03
 Reference value :  1.68950e-03
 Reference value :  1.69030e-03
 Reference value :  1.69130e-03
 Reference value :  1.69190e-03
 Reference value :  1.69270e-03
 Reference value :  1.69330e-03
 Reference value :  1.69390e-03
 Reference value :  1.69470e-03
 Reference value :  1.69550e-03
 Reference value :  1.69630e-03
 Reference value :  1.69690e-03
 Reference value :  1.69770e-03
 Reference value :  1.69850e-03
 Reference value :  1.69930e-03
 Reference value :  1.70010e-03
 Reference value :  1.70070e-03
 Reference value :  1.70130e-03
 Reference value :  1.70190e-03
 Reference value :  1.70270e-03
 Reference value :  1.70370e-03
 Reference value :  1.70450e-03
 Reference value :  1.70530e-03
 Reference value :  1.70590e-03
 Reference value :  1.70670e-03
 Reference value :  1.70730e-03
 Reference value :  1.70810e-03
 Reference value :  1.70890e-03
 Reference value :  1.70970e-03
 Reference value :  1.71050e-03
 Reference value :  1.71130e-03
 Reference value :  1.71210e-03
 Reference value :  1.71290e-03
 Reference value :  1.71370e-03
 Reference value :  1.71430e-03
 Reference value :  1.71490e-03
 Reference value :  1.71550e-03
 Reference value :  1.71610e-03
 Reference value :  1.71670e-03
 Reference value :  1.71730e-03
 Reference value :  1.71790e-03
 Reference value :  1.71850e-03
 Reference value :  1.71930e-03
 Reference value :  1.72010e-03
 Reference value :  1.72090e-03
 Reference value :  1.72170e-03
 Reference value :  1.72250e-03
 Reference value :  1.72330e-03
 Reference value :  1.72390e-03
 Reference value :  1.72470e-03
 Reference value :  1.72550e-03
 Reference value :  1.72630e-03
 Reference value :  1.72710e-03
 Reference value :  1.72770e-03
 Reference value :  1.72850e-03
 Reference value :  1.72910e-03
 Reference value :  1.72990e-03
 Reference value :  1.73050e-03
 Reference value :  1.73130e-03
 Reference value :  1.73210e-03
 Reference value :  1.73310e-03
 Reference value :  1.73390e-03
 Reference value :  1.73470e-03
 Reference value :  1.73550e-03
 Reference value :  1.73610e-03
 Reference value :  1.73690e-03
 Reference value :  1.73750e-03
 Reference value :  1.73830e-03
 Reference value :  1.73890e-03
 Reference value :  1.73970e-03
 Reference value :  1.74050e-03
 Reference value :  1.74130e-03
 Reference value :  1.74190e-03
 Reference value :  1.74270e-03
 Reference value :  1.74330e-03
 Reference value :  1.74410e-03
 Reference value :  1.74490e-03
 Reference value :  1.74570e-03
 Reference value :  1.74650e-03
 Reference value :  1.74710e-03
 Reference value :  1.74770e-03
 Reference value :  1.74830e-03
 Reference value :  1.74930e-03
 Reference value :  1.75010e-03
 Reference value :  1.75090e-03
 Reference value :  1.75170e-03
 Reference value :  1.75250e-03
 Reference value :  1.75330e-03
 Reference value :  1.75410e-03
 Reference value :  1.75470e-03
 Reference value :  1.75550e-03
 Reference value :  1.75630e-03
 Reference value :  1.75710e-03
 Reference value :  1.75790e-03
 Reference value :  1.75890e-03
 Reference value :  1.75950e-03
 Reference value :  1.76030e-03
 Reference value :  1.76110e-03
 Reference value :  1.76190e-03
 Reference value :  1.76270e-03
 Reference value :  1.76350e-03
 Reference value :  1.76410e-03
 Reference value :  1.76470e-03
 Reference value :  1.76550e-03
 Reference value :  1.76630e-03
 Reference value :  1.76710e-03
 Reference value :  1.76790e-03
 Reference value :  1.76850e-03
 Reference value :  1.76910e-03
 Reference value :  1.76970e-03
 Reference value :  1.77030e-03
 Reference value :  1.77110e-03
 Reference value :  1.77170e-03
 Reference value :  1.77230e-03
 Reference value :  1.77310e-03
 Reference value :  1.77390e-03
 Reference value :  1.77450e-03
 Reference value :  1.77530e-03
 Reference value :  1.77610e-03
 Reference value :  1.77690e-03
 Reference value :  1.77770e-03
 Reference value :  1.77850e-03
 Reference value :  1.77930e-03
 Reference value :  1.78010e-03
 Reference value :  1.78090e-03
 Reference value :  1.78170e-03
 Reference value :  1.78230e-03
 Reference value :  1.78310e-03
 Reference value :  1.78370e-03
 Reference value :  1.78430e-03
 Reference value :  1.78510e-03
 Reference value :  1.78570e-03
 Reference value :  1.78650e-03
 Reference value :  1.78730e-03
 Reference value :  1.78810e-03
 Reference value :  1.78890e-03
 Reference value :  1.78950e-03
 Reference value :  1.79010e-03
 Reference value :  1.79090e-03
 Reference value :  1.79170e-03
 Reference value :  1.79250e-03
 Reference value :  1.79330e-03
 Reference value :  1.79410e-03
 Reference value :  1.79490e-03
 Reference value :  1.79570e-03
 Reference value :  1.79630e-03
 Reference value :  1.79690e-03
 Reference value :  1.79770e-03
 Reference value :  1.79850e-03
 Reference value :  1.79910e-03
 Reference value :  1.79990e-03
 Reference value :  1.80090e-03
 Reference value :  1.80170e-03
 Reference value :  1.80250e-03
 Reference value :  1.80330e-03
 Reference value :  1.80410e-03
 Reference value :  1.80470e-03
 Reference value :  1.80550e-03
 Reference value :  1.80630e-03
 Reference value :  1.80710e-03
 Reference value :  1.80790e-03
 Reference value :  1.80870e-03
 Reference value :  1.80970e-03
 Reference value :  1.81050e-03
 Reference value :  1.81130e-03
 Reference value :  1.81210e-03
 Reference value :  1.81290e-03
 Reference value :  1.81370e-03
 Reference value :  1.81430e-03
 Reference value :  1.81510e-03
 Reference value :  1.81590e-03
 Reference value :  1.81650e-03
 Reference value :  1.81710e-03
 Reference value :  1.81790e-03
 Reference value :  1.81870e-03
 Reference value :  1.81930e-03
 Reference value :  1.82010e-03
 Reference value :  1.82090e-03
 Reference value :  1.82170e-03
 Reference value :  1.82230e-03
 Reference value :  1.82310e-03
 Reference value :  1.82370e-03
 Reference value :  1.82450e-03
 Reference value :  1.82530e-03
 Reference value :  1.82590e-03
 Reference value :  1.82670e-03
 Reference value :  1.82730e-03
 Reference value :  1.82790e-03
 Reference value :  1.82870e-03
 Reference value :  1.82950e-03
 Reference value :  1.83010e-03
 Reference value :  1.83090e-03
 Reference value :  1.83170e-03
 Reference value :  1.83250e-03
 Reference value :  1.83310e-03
 Reference value :  1.83390e-03
 Reference value :  1.83450e-03
 Reference value :  1.83530e-03
 Reference value :  1.83590e-03
 Reference value :  1.83650e-03
 Reference value :  1.83730e-03
 Reference value :  1.83790e-03
 Reference value :  1.83870e-03
 Reference value :  1.83950e-03
 Reference value :  1.84030e-03
 Reference value :  1.84110e-03
 Reference value :  1.84190e-03
 Reference value :  1.84270e-03
 Reference value :  1.84330e-03
 Reference value :  1.84410e-03
 Reference value :  1.84490e-03
 Reference value :  1.84570e-03
 Reference value :  1.84630e-03
 Reference value :  1.84690e-03
 Reference value :  1.84770e-03
 Reference value :  1.84830e-03
 Reference value :  1.84910e-03
 Reference value :  1.84990e-03
 Reference value :  1.85070e-03
 Reference value :  1.85150e-03
 Reference value :  1.85210e-03
 Reference value :  1.85290e-03
 Reference value :  1.85370e-03
 Reference value :  1.85450e-03
 Reference value :  1.85530e-03
 Reference value :  1.85590e-03
 Reference value :  1.85670e-03
 Reference value :  1.85750e-03
 Reference value :  1.85830e-03
 Reference value :  1.85910e-03
 Reference value :  1.85990e-03
 Reference value :  1.86090e-03
 Reference value :  1.86150e-03
 Reference value :  1.86210e-03
 Reference value :  1.86290e-03
 Reference value :  1.86350e-03
 Reference value :  1.86430e-03
 Reference value :  1.86510e-03
 Reference value :  1.86590e-03
 Reference value :  1.86670e-03
 Reference value :  1.86730e-03
 Reference value :  1.86810e-03
 Reference value :  1.86870e-03
 Reference value :  1.86950e-03
 Reference value :  1.87030e-03
 Reference value :  1.87110e-03
 Reference value :  1.87170e-03
 Reference value :  1.87250e-03
 Reference value :  1.87310e-03
 Reference value :  1.87370e-03
 Reference value :  1.87450e-03
 Reference value :  1.87530e-03
 Reference value :  1.87590e-03
 Reference value :  1.87670e-03
 Reference value :  1.87730e-03
 Reference value :  1.87830e-03
 Reference value :  1.87890e-03
 Reference value :  1.87970e-03
 Reference value :  1.88050e-03
 Reference value :  1.88110e-03
 Reference value :  1.88190e-03
 Reference value :  1.88250e-03
 Reference value :  1.88330e-03
 Reference value :  1.88410e-03
 Reference value :  1.88470e-03
 Reference value :  1.88550e-03
 Reference value :  1.88630e-03
 Reference value :  1.88710e-03
 Reference value :  1.88790e-03
 Reference value :  1.88850e-03
 Reference value :  1.88930e-03
 Reference value :  1.89010e-03
 Reference value :  1.89090e-03
 Reference value :  1.89150e-03
 Reference value :  1.89210e-03
 Reference value :  1.89270e-03
 Reference value :  1.89350e-03
 Reference value :  1.89430e-03
 Reference value :  1.89510e-03
 Reference value :  1.89610e-03
 Reference value :  1.89690e-03
 Reference value :  1.89790e-03
 Reference value :  1.89850e-03
 Reference value :  1.89930e-03
 Reference value :  1.90010e-03
 Reference value :  1.90090e-03
 Reference value :  1.90150e-03
 Reference value :  1.90210e-03
 Reference value :  1.90290e-03
 Reference value :  1.90370e-03
 Reference value :  1.90430e-03
 Reference value :  1.90510e-03
 Reference value :  1.90590e-03
 Reference value :  1.90670e-03
 Reference value :  1.90730e-03
 Reference value :  1.90790e-03
 Reference value :  1.90870e-03
 Reference value :  1.90930e-03
 Reference value :  1.91010e-03
 Reference value :  1.91090e-03
 Reference value :  1.91170e-03
 Reference value :  1.91250e-03
 Reference value :  1.91350e-03
 Reference value :  1.91430e-03
 Reference value :  1.91510e-03
 Reference value :  1.91590e-03
 Reference value :  1.91650e-03
 Reference value :  1.91730e-03
 Reference value :  1.91790e-03
 Reference value :  1.91870e-03
 Reference value :  1.91930e-03
 Reference value :  1.91990e-03
 Reference value :  1.92050e-03
 Reference value :  1.92130e-03
 Reference value :  1.92190e-03
 Reference value :  1.92270e-03
 Reference value :  1.92350e-03
 Reference value :  1.92430e-03
 Reference value :  1.92510e-03
 Reference value :  1.92590e-03
 Reference value :  1.92670e-03
 Reference value :  1.92750e-03
 Reference value :  1.92830e-03
 Reference value :  1.92930e-03
 Reference value :  1.93010e-03
 Reference value :  1.93090e-03
 Reference value :  1.93150e-03
 Reference value :  1.93230e-03
 Reference value :  1.93310e-03
 Reference value :  1.93390e-03
 Reference value :  1.93450e-03
 Reference value :  1.93510e-03
 Reference value :  1.93590e-03
 Reference value :  1.93670e-03
 Reference value :  1.93730e-03
 Reference value :  1.93810e-03
 Reference value :  1.93890e-03
 Reference value :  1.93970e-03
 Reference value :  1.94070e-03
 Reference value :  1.94170e-03
 Reference value :  1.94250e-03
 Reference value :  1.94330e-03
 Reference value :  1.94390e-03
 Reference value :  1.94470e-03
 Reference value :  1.94550e-03
 Reference value :  1.94630e-03
 Reference value :  1.94710e-03
 Reference value :  1.94790e-03
 Reference value :  1.94870e-03
 Reference value :  1.94950e-03
 Reference value :  1.95010e-03
 Reference value :  1.95070e-03
 Reference value :  1.95150e-03
 Reference value :  1.95250e-03
 Reference value :  1.95330e-03
 Reference value :  1.95410e-03
 Reference value :  1.95490e-03
 Reference value :  1.95570e-03
 Reference value :  1.95650e-03
 Reference value :  1.95750e-03
 Reference value :  1.95810e-03
 Reference value :  1.95870e-03
 Reference value :  1.95950e-03
 Reference value :  1.96030e-03
 Reference value :  1.96110e-03
 Reference value :  1.96170e-03
 Reference value :  1.96250e-03
 Reference value :  1.96310e-03
 Reference value :  1.96370e-03
 Reference value :  1.96450e-03
 Reference value :  1.96510e-03
 Reference value :  1.96590e-03
 Reference value :  1.96670e-03
 Reference value :  1.96750e-03
 Reference value :  1.96850e-03
 Reference value :  1.96930e-03
 Reference value :  1.97010e-03
 Reference value :  1.97090e-03
 Reference value :  1.97150e-03
 Reference value :  1.97230e-03
 Reference value :  1.97310e-03
 Reference value :  1.97410e-03
 Reference value :  1.97510e-03
 Reference value :  1.97590e-03
 Reference value :  1.97650e-03
 Reference value :  1.97730e-03
 Reference value :  1.97790e-03
 Reference value :  1.97870e-03
 Reference value :  1.97950e-03
 Reference value :  1.98010e-03
 Reference value :  1.98070e-03
 Reference value :  1.98150e-03
 Reference value :  1.98230e-03
 Reference value :  1.98310e-03
 Reference value :  1.98390e-03
 Reference value :  1.98470e-03
 Reference value :  1.98550e-03
 Reference value :  1.98630e-03
 Reference value :  1.98690e-03
 Reference value :  1.98770e-03
 Reference value :  1.98850e-03
 Reference value :  1.98910e-03
 Reference value :  1.98990e-03
 Reference value :  1.99070e-03
 Reference value :  1.99150e-03
 Reference value :  1.99250e-03
 Reference value :  1.99330e-03
 Reference value :  1.99390e-03
 Reference value :  1.99450e-03
 Reference value :  1.99510e-03
 Reference value :  1.99570e-03
 Reference value :  1.99650e-03
 Reference value :  1.99710e-03
 Reference value :  1.99770e-03
 Reference value :  1.99830e-03
 Reference value :  1.99910e-03
 Reference value :  1.99990e-03
 Reference value :  2.00050e-03
 Reference value :  2.00110e-03
 Reference value :  2.00190e-03
 Reference value :  2.00250e-03
 Reference value :  2.00310e-03
 Reference value :  2.00390e-03
 Reference value :  2.00450e-03
 Reference value :  2.00530e-03
 Reference value :  2.00610e-03
 Reference value :  2.00690e-03
 Reference value :  2.00770e-03
 Reference value :  2.00850e-03
 Reference value :  2.00930e-03
 Reference value :  2.01010e-03
 Reference value :  2.01090e-03
 Reference value :  2.01170e-03
 Reference value :  2.01250e-03
 Reference value :  2.01330e-03
 Reference value :  2.01410e-03
 Reference value :  2.01490e-03
 Reference value :  2.01570e-03
 Reference value :  2.01630e-03
 Reference value :  2.01710e-03
 Reference value :  2.01770e-03
 Reference value :  2.01870e-03
 Reference value :  2.01930e-03
 Reference value :  2.02010e-03
 Reference value :  2.02090e-03
 Reference value :  2.02170e-03
 Reference value :  2.02250e-03
 Reference value :  2.02330e-03
 Reference value :  2.02410e-03
 Reference value :  2.02470e-03
 Reference value :  2.02530e-03
 Reference value :  2.02590e-03
 Reference value :  2.02650e-03
 Reference value :  2.02730e-03
 Reference value :  2.02810e-03
 Reference value :  2.02870e-03
 Reference value :  2.02930e-03
 Reference value :  2.02990e-03
 Reference value :  2.03070e-03
 Reference value :  2.03130e-03
 Reference value :  2.03190e-03
 Reference value :  2.03270e-03
 Reference value :  2.03350e-03
 Reference value :  2.03430e-03
 Reference value :  2.03510e-03
 Reference value :  2.03590e-03
 Reference value :  2.03670e-03
 Reference value :  2.03750e-03
 Reference value :  2.03830e-03
 Reference value :  2.03910e-03
 Reference value :  2.03970e-03
 Reference value :  2.04050e-03
 Reference value :  2.04130e-03
 Reference value :  2.04210e-03
 Reference value :  2.04290e-03
 Reference value :  2.04370e-03
 Reference value :  2.04450e-03
 Reference value :  2.04510e-03
 Reference value :  2.04590e-03
 Reference value :  2.04670e-03
 Reference value :  2.04750e-03
 Reference value :  2.04810e-03
 Reference value :  2.04890e-03
 Reference value :  2.04970e-03
 Reference value :  2.05050e-03
 Reference value :  2.05150e-03
 Reference value :  2.05230e-03
 Reference value :  2.05310e-03
 Reference value :  2.05390e-03
 Reference value :  2.05450e-03
 Reference value :  2.05530e-03
 Reference value :  2.05590e-03
 Reference value :  2.05670e-03
 Reference value :  2.05750e-03
 Reference value :  2.05830e-03
 Reference value :  2.05910e-03
 Reference value :  2.05990e-03
 Reference value :  2.06070e-03
 Reference value :  2.06150e-03
 Reference value :  2.06230e-03
 Reference value :  2.06310e-03
 Reference value :  2.06370e-03
 Reference value :  2.06450e-03
 Reference value :  2.06530e-03
 Reference value :  2.06610e-03
 Reference value :  2.06690e-03
 Reference value :  2.06770e-03
 Reference value :  2.06830e-03
 Reference value :  2.06910e-03
 Reference value :  2.06990e-03
 Reference value :  2.07070e-03
 Reference value :  2.07150e-03
 Reference value :  2.07230e-03
 Reference value :  2.07310e-03
 Reference value :  2.07370e-03
 Reference value :  2.07450e-03
 Reference value :  2.07530e-03
 Reference value :  2.07610e-03
 Reference value :  2.07690e-03
 Reference value :  2.07770e-03
 Reference value :  2.07850e-03
 Reference value :  2.07930e-03
 Reference value :  2.08010e-03
 Reference value :  2.08110e-03
 Reference value :  2.08190e-03
 Reference value :  2.08290e-03
 Reference value :  2.08390e-03
 Reference value :  2.08470e-03
 Reference value :  2.08550e-03
 Reference value :  2.08630e-03
 Reference value :  2.08710e-03
 Reference value :  2.08770e-03
 Reference value :  2.08870e-03
 Reference value :  2.08970e-03
 Reference value :  2.09050e-03
 Reference value :  2.09130e-03
 Reference value :  2.09210e-03
 Reference value :  2.09290e-03
 Reference value :  2.09350e-03
 Reference value :  2.09430e-03
 Reference value :  2.09510e-03
 Reference value :  2.09610e-03
 Reference value :  2.09670e-03
 Reference value :  2.09750e-03
 Reference value :  2.09850e-03
 Reference value :  2.09950e-03
 Reference value :  2.10030e-03
 Reference value :  2.10110e-03
 Reference value :  2.10190e-03
 Reference value :  2.10270e-03
 Reference value :  2.10350e-03
 Reference value :  2.10410e-03
 Reference value :  2.10470e-03
 Reference value :  2.10530e-03
 Reference value :  2.10610e-03
 Reference value :  2.10690e-03
 Reference value :  2.10770e-03
 Reference value :  2.10850e-03
 Reference value :  2.10930e-03
 Reference value :  2.10990e-03
 Reference value :  2.11070e-03
 Reference value :  2.11130e-03
 Reference value :  2.11190e-03
 Reference value :  2.11270e-03
 Reference value :  2.11350e-03
 Reference value :  2.11430e-03
 Reference value :  2.11490e-03
 Reference value :  2.11570e-03
 Reference value :  2.11630e-03
 Reference value :  2.11690e-03
 Reference value :  2.11770e-03
 Reference value :  2.11830e-03
 Reference value :  2.11910e-03
 Reference value :  2.11990e-03
 Reference value :  2.12070e-03
 Reference value :  2.12150e-03
 Reference value :  2.12210e-03
 Reference value :  2.12290e-03
 Reference value :  2.12370e-03
 Reference value :  2.12450e-03
 Reference value :  2.12510e-03
 Reference value :  2.12590e-03
 Reference value :  2.12670e-03
 Reference value :  2.12750e-03
 Reference value :  2.12830e-03
 Reference value :  2.12910e-03
 Reference value :  2.12990e-03
 Reference value :  2.13050e-03
 Reference value :  2.13130e-03
 Reference value :  2.13190e-03
 Reference value :  2.13270e-03
 Reference value :  2.13350e-03
 Reference value :  2.13430e-03
 Reference value :  2.13490e-03
 Reference value :  2.13550e-03
 Reference value :  2.13630e-03
 Reference value :  2.13710e-03
 Reference value :  2.13790e-03
 Reference value :  2.13870e-03
 Reference value :  2.13950e-03
 Reference value :  2.14030e-03
 Reference value :  2.14110e-03
 Reference value :  2.14170e-03
 Reference value :  2.14230e-03
 Reference value :  2.14290e-03
 Reference value :  2.14370e-03
 Reference value :  2.14470e-03
 Reference value :  2.14550e-03
 Reference value :  2.14610e-03
 Reference value :  2.14690e-03
 Reference value :  2.14770e-03
 Reference value :  2.14850e-03
 Reference value :  2.14930e-03
 Reference value :  2.15010e-03
 Reference value :  2.15110e-03
 Reference value :  2.15190e-03
 Reference value :  2.15270e-03
 Reference value :  2.15350e-03
 Reference value :  2.15430e-03
 Reference value :  2.15510e-03
 Reference value :  2.15590e-03
 Reference value :  2.15650e-03
 Reference value :  2.15730e-03
 Reference value :  2.15810e-03
 Reference value :  2.15890e-03
 Reference value :  2.15950e-03
 Reference value :  2.16030e-03
 Reference value :  2.16110e-03
 Reference value :  2.16170e-03
 Reference value :  2.16250e-03
 Reference value :  2.16330e-03
 Reference value :  2.16390e-03
 Reference value :  2.16470e-03
 Reference value :  2.16550e-03
 Reference value :  2.16650e-03
 Reference value :  2.16730e-03
 Reference value :  2.16810e-03
 Reference value :  2.16890e-03
 Reference value :  2.16990e-03
 Reference value :  2.17070e-03
 Reference value :  2.17130e-03
 Reference value :  2.17190e-03
 Reference value :  2.17270e-03
 Reference value :  2.17330e-03
 Reference value :  2.17410e-03
 Reference value :  2.17510e-03
 Reference value :  2.17590e-03
 Reference value :  2.17670e-03
 Reference value :  2.17750e-03
 Reference value :  2.17830e-03
 Reference value :  2.17890e-03
 Reference value :  2.17970e-03
 Reference value :  2.18050e-03
 Reference value :  2.18110e-03
 Reference value :  2.18170e-03
 Reference value :  2.18230e-03
 Reference value :  2.18310e-03
 Reference value :  2.18370e-03
 Reference value :  2.18450e-03
 Reference value :  2.18530e-03
 Reference value :  2.18630e-03
 Reference value :  2.18710e-03
 Reference value :  2.18770e-03
 Reference value :  2.18870e-03
 Reference value :  2.18950e-03
 Reference value :  2.19030e-03
 Reference value :  2.19110e-03
 Reference value :  2.19190e-03
 Reference value :  2.19270e-03
 Reference value :  2.19330e-03
 Reference value :  2.19390e-03
 Reference value :  2.19470e-03
 Reference value :  2.19550e-03
 Reference value :  2.19610e-03
 Reference value :  2.19690e-03
 Reference value :  2.19770e-03
 Reference value :  2.19850e-03
 Reference value :  2.19930e-03
 Reference value :  2.20010e-03
 Reference value :  2.20070e-03
 Reference value :  2.20150e-03
 Reference value :  2.20230e-03
 Reference value :  2.20290e-03
 Reference value :  2.20370e-03
 Reference value :  2.20450e-03
 Reference value :  2.20530e-03
 Reference value :  2.20590e-03
 Reference value :  2.20650e-03
 Reference value :  2.20730e-03
 Reference value :  2.20790e-03
 Reference value :  2.20870e-03
 Reference value :  2.20950e-03
 Reference value :  2.21030e-03
 Reference value :  2.21110e-03
 Reference value :  2.21170e-03
 Reference value :  2.21230e-03
 Reference value :  2.21310e-03
 Reference value :  2.21390e-03
 Reference value :  2.21470e-03
 Reference value :  2.21530e-03
 Reference value :  2.21610e-03
 Reference value :  2.21690e-03
 Reference value :  2.21770e-03
 Reference value :  2.21850e-03
 Reference value :  2.21930e-03
 Reference value :  2.22010e-03
 Reference value :  2.22090e-03
 Reference value :  2.22150e-03
 Reference value :  2.22230e-03
 Reference value :  2.22290e-03
 Reference value :  2.22350e-03
 Reference value :  2.22410e-03
 Reference value :  2.22490e-03
 Reference value :  2.22550e-03
 Reference value :  2.22610e-03
 Reference value :  2.22690e-03
 Reference value :  2.22750e-03
 Reference value :  2.22810e-03
 Reference value :  2.22870e-03
 Reference value :  2.22930e-03
 Reference value :  2.22990e-03
 Reference value :  2.23070e-03
 Reference value :  2.23150e-03
 Reference value :  2.23210e-03
 Reference value :  2.23270e-03
 Reference value :  2.23350e-03
 Reference value :  2.23430e-03
 Reference value :  2.23510e-03
 Reference value :  2.23590e-03
 Reference value :  2.23650e-03
 Reference value :  2.23730e-03
 Reference value :  2.23790e-03
 Reference value :  2.23870e-03
 Reference value :  2.23930e-03
 Reference value :  2.24010e-03
 Reference value :  2.24110e-03
 Reference value :  2.24190e-03
 Reference value :  2.24270e-03
 Reference value :  2.24350e-03
 Reference value :  2.24430e-03
 Reference value :  2.24510e-03
 Reference value :  2.24590e-03
 Reference value :  2.24670e-03
 Reference value :  2.24750e-03
 Reference value :  2.24810e-03
 Reference value :  2.24870e-03
 Reference value :  2.24930e-03
 Reference value :  2.24990e-03
 Reference value :  2.25070e-03
 Reference value :  2.25150e-03
 Reference value :  2.25210e-03
 Reference value :  2.25290e-03
 Reference value :  2.25350e-03
 Reference value :  2.25430e-03
 Reference value :  2.25490e-03
 Reference value :  2.25570e-03
 Reference value :  2.25650e-03
 Reference value :  2.25730e-03
 Reference value :  2.25810e-03
 Reference value :  2.25890e-03
 Reference value :  2.25950e-03
 Reference value :  2.26030e-03
 Reference value :  2.26090e-03
 Reference value :  2.26150e-03
 Reference value :  2.26210e-03
 Reference value :  2.26270e-03
 Reference value :  2.26350e-03
 Reference value :  2.26430e-03
 Reference value :  2.26490e-03
 Reference value :  2.26550e-03
 Reference value :  2.26630e-03
 Reference value :  2.26690e-03
 Reference value :  2.26770e-03
 Reference value :  2.26850e-03
 Reference value :  2.26930e-03
 Reference value :  2.26990e-03
 Reference value :  2.27070e-03
 Reference value :  2.27150e-03
 Reference value :  2.27230e-03
 Reference value :  2.27310e-03
 Reference value :  2.27390e-03
 Reference value :  2.27470e-03
 Reference value :  2.27550e-03
 Reference value :  2.27610e-03
 Reference value :  2.27670e-03
 Reference value :  2.27730e-03
 Reference value :  2.27790e-03
 Reference value :  2.27850e-03
 Reference value :  2.27910e-03
 Reference value :  2.27990e-03
 Reference value :  2.28070e-03
 Reference value :  2.28130e-03
 Reference value :  2.28210e-03
 Reference value :  2.28290e-03
 Reference value :  2.28350e-03
 Reference value :  2.28410e-03
 Reference value :  2.28490e-03
 Reference value :  2.28570e-03
 Reference value :  2.28630e-03
 Reference value :  2.28710e-03
 Reference value :  2.28790e-03
 Reference value :  2.28870e-03
 Reference value :  2.28950e-03
 Reference value :  2.29030e-03
 Reference value :  2.29090e-03
 Reference value :  2.29150e-03
 Reference value :  2.29230e-03
 Reference value :  2.29310e-03
 Reference value :  2.29390e-03
 Reference value :  2.29450e-03
 Reference value :  2.29510e-03
 Reference value :  2.29570e-03
 Reference value :  2.29650e-03
 Reference value :  2.29730e-03
 Reference value :  2.29790e-03
 Reference value :  2.29850e-03
 Reference value :  2.29910e-03
 Reference value :  2.29970e-03
 Reference value :  2.30050e-03
 Reference value :  2.30130e-03
 Reference value :  2.30210e-03
 Reference value :  2.30290e-03
 Reference value :  2.30370e-03
 Reference value :  2.30450e-03
 Reference value :  2.30510e-03
 Reference value :  2.30590e-03
 Reference value :  2.30650e-03
 Reference value :  2.30730e-03
 Reference value :  2.30810e-03
 Reference value :  2.30870e-03
 Reference value :  2.30930e-03
 Reference value :  2.31010e-03
 Reference value :  2.31090e-03
 Reference value :  2.31170e-03
 Reference value :  2.31250e-03
 Reference value :  2.31310e-03
 Reference value :  2.31390e-03
 Reference value :  2.31470e-03
 Reference value :  2.31530e-03
 Reference value :  2.31630e-03
 Reference value :  2.31690e-03
 Reference value :  2.31750e-03
 Reference value :  2.31810e-03
 Reference value :  2.31890e-03
 Reference value :  2.31970e-03
 Reference value :  2.32030e-03
 Reference value :  2.32090e-03
 Reference value :  2.32150e-03
 Reference value :  2.32210e-03
 Reference value :  2.32290e-03
 Reference value :  2.32370e-03
 Reference value :  2.32450e-03
 Reference value :  2.32530e-03
 Reference value :  2.32610e-03
 Reference value :  2.32690e-03
 Reference value :  2.32750e-03
 Reference value :  2.32830e-03
 Reference value :  2.32890e-03
 Reference value :  2.32970e-03
 Reference value :  2.33050e-03
 Reference value :  2.33110e-03
 Reference value :  2.33190e-03
 Reference value :  2.33270e-03
 Reference value :  2.33330e-03
 Reference value :  2.33410e-03
 Reference value :  2.33490e-03
 Reference value :  2.33570e-03
 Reference value :  2.33650e-03
 Reference value :  2.33730e-03
 Reference value :  2.33790e-03
 Reference value :  2.33870e-03
 Reference value :  2.33930e-03
 Reference value :  2.33990e-03
 Reference value :  2.34050e-03
 Reference value :  2.34110e-03
 Reference value :  2.34170e-03
 Reference value :  2.34230e-03
 Reference value :  2.34310e-03
 Reference value :  2.34370e-03
 Reference value :  2.34430e-03
 Reference value :  2.34510e-03
 Reference value :  2.34570e-03
 Reference value :  2.34630e-03
 Reference value :  2.34690e-03
 Reference value :  2.34750e-03
 Reference value :  2.34810e-03
 Reference value :  2.34870e-03
 Reference value :  2.34930e-03
 Reference value :  2.34990e-03
 Reference value :  2.35050e-03
 Reference value :  2.35110e-03
 Reference value :  2.35170e-03
 Reference value :  2.35230e-03
 Reference value :  2.35310e-03
 Reference value :  2.35370e-03
 Reference value :  2.35450e-03
 Reference value :  2.35530e-03
 Reference value :  2.35590e-03
 Reference value :  2.35650e-03
 Reference value :  2.35730e-03
 Reference value :  2.35810e-03
 Reference value :  2.35890e-03
 Reference value :  2.35950e-03
 Reference value :  2.36030e-03
 Reference value :  2.36090e-03
 Reference value :  2.36170e-03
 Reference value :  2.36230e-03
 Reference value :  2.36310e-03
 Reference value :  2.36390e-03
 Reference value :  2.36470e-03
 Reference value :  2.36550e-03
 Reference value :  2.36630e-03
 Reference value :  2.36690e-03
 Reference value :  2.36750e-03
 Reference value :  2.36830e-03
 Reference value :  2.36890e-03
 Reference value :  2.36970e-03
 Reference value :  2.37030e-03
 Reference value :  2.37110e-03
 Reference value :  2.37190e-03
 Reference value :  2.37270e-03
 Reference value :  2.37370e-03
 Reference value :  2.37430e-03
 Reference value :  2.37490e-03
 Reference value :  2.37550e-03
 Reference value :  2.37630e-03
 Reference value :  2.37710e-03
 Reference value :  2.37770e-03
 Reference value :  2.37830e-03
 Reference value :  2.37910e-03
 Reference value :  2.37990e-03
 Reference value :  2.38050e-03
 Reference value :  2.38130e-03
 Reference value :  2.38190e-03
 Reference value :  2.38250e-03
 Reference value :  2.38310e-03
 Reference value :  2.38390e-03
 Reference value :  2.38470e-03
 Reference value :  2.38550e-03
 Reference value :  2.38610e-03
 Reference value :  2.38670e-03
 Reference value :  2.38730e-03
 Reference value :  2.38810e-03
 Reference value :  2.38870e-03
 Reference value :  2.38930e-03
 Reference value :  2.39010e-03
 Reference value :  2.39090e-03
 Reference value :  2.39170e-03
 Reference value :  2.39250e-03
 Reference value :  2.39330e-03
 Reference value :  2.39410e-03
 Reference value :  2.39470e-03
 Reference value :  2.39550e-03
 Reference value :  2.39630e-03
 Reference value :  2.39690e-03
 Reference value :  2.39770e-03
 Reference value :  2.39830e-03
 Reference value :  2.39910e-03
 Reference value :  2.39970e-03
 Reference value :  2.40050e-03
 Reference value :  2.40110e-03
 Reference value :  2.40190e-03
 Reference value :  2.40270e-03
 Reference value :  2.40350e-03
 Reference value :  2.40430e-03
 Reference value :  2.40490e-03
 Reference value :  2.40570e-03
 Reference value :  2.40630e-03
 Reference value :  2.40710e-03
 Reference value :  2.40790e-03
 Reference value :  2.40870e-03
 Reference value :  2.40950e-03
 Reference value :  2.41030e-03
 Reference value :  2.41110e-03
 Reference value :  2.41170e-03
 Reference value :  2.41250e-03
 Reference value :  2.41330e-03
 Reference value :  2.41410e-03
 Reference value :  2.41470e-03
 Reference value :  2.41530e-03
 Reference value :  2.41610e-03
 Reference value :  2.41710e-03
 Reference value :  2.41790e-03
 Reference value :  2.41850e-03
 Reference value :  2.41910e-03
 Reference value :  2.41970e-03
 Reference value :  2.42030e-03
 Reference value :  2.42090e-03
 Reference value :  2.42150e-03
 Reference value :  2.42210e-03
 Reference value :  2.42270e-03
 Reference value :  2.42350e-03
 Reference value :  2.42430e-03
 Reference value :  2.42510e-03
 Reference value :  2.42570e-03
 Reference value :  2.42630e-03
 Reference value :  2.42690e-03
 Reference value :  2.42750e-03
 Reference value :  2.42810e-03
 Reference value :  2.42890e-03
 Reference value :  2.42970e-03
 Reference value :  2.43050e-03
 Reference value :  2.43130e-03
 Reference value :  2.43210e-03
 Reference value :  2.43270e-03
 Reference value :  2.43330e-03
 Reference value :  2.43410e-03
 Reference value :  2.43470e-03
 Reference value :  2.43530e-03
 Reference value :  2.43590e-03
 Reference value :  2.43650e-03
 Reference value :  2.43730e-03
 Reference value :  2.43810e-03
 Reference value :  2.43870e-03
 Reference value :  2.43950e-03
 Reference value :  2.44010e-03
 Reference value :  2.44070e-03
 Reference value :  2.44130e-03
 Reference value :  2.44230e-03
 Reference value :  2.44330e-03
 Reference value :  2.44410e-03
 Reference value :  2.44470e-03
 Reference value :  2.44550e-03
 Reference value :  2.44610e-03
 Reference value :  2.44690e-03
 Reference value :  2.44770e-03
 Reference value :  2.44830e-03
 Reference value :  2.44910e-03
 Reference value :  2.44970e-03
 Reference value :  2.45050e-03
 Reference value :  2.45110e-03
 Reference value :  2.45170e-03
 Reference value :  2.45230e-03
 Reference value :  2.45290e-03
 Reference value :  2.45350e-03
 Reference value :  2.45410e-03
 Reference value :  2.45470e-03
 Reference value :  2.45530e-03
 Reference value :  2.45590e-03
 Reference value :  2.45670e-03
 Reference value :  2.45730e-03
 Reference value :  2.45790e-03
 Reference value :  2.45870e-03
 Reference value :  2.45950e-03
 Reference value :  2.46010e-03
 Reference value :  2.46090e-03
 Reference value :  2.46170e-03
 Reference value :  2.46250e-03
 Reference value :  2.46310e-03
 Reference value :  2.46390e-03
 Reference value :  2.46470e-03
 Reference value :  2.46530e-03
 Reference value :  2.46590e-03
 Reference value :  2.46670e-03
 Reference value :  2.46730e-03
 Reference value :  2.46790e-03
 Reference value :  2.46850e-03
 Reference value :  2.46930e-03
 Reference value :  2.47010e-03
 Reference value :  2.47090e-03
 Reference value :  2.47170e-03
 Reference value :  2.47250e-03
 Reference value :  2.47330e-03
 Reference value :  2.47410e-03
 Reference value :  2.47490e-03
 Reference value :  2.47570e-03
 Reference value :  2.47650e-03
 Reference value :  2.47710e-03
 Reference value :  2.47810e-03
 Reference value :  2.47870e-03
 Reference value :  2.47950e-03
 Reference value :  2.48030e-03
 Reference value :  2.48110e-03
 Reference value :  2.48190e-03
 Reference value :  2.48270e-03
 Reference value :  2.48350e-03
 Reference value :  2.48410e-03
 Reference value :  2.48490e-03
 Reference value :  2.48570e-03
 Reference value :  2.48650e-03
 Reference value :  2.48730e-03
 Reference value :  2.48810e-03
 Reference value :  2.48890e-03
 Reference value :  2.48950e-03
 Reference value :  2.49030e-03
 Reference value :  2.49110e-03
 Reference value :  2.49190e-03
 Reference value :  2.49270e-03
 Reference value :  2.49350e-03
 Reference value :  2.49430e-03
 Reference value :  2.49510e-03
 Reference value :  2.49590e-03
 Reference value :  2.49670e-03
 Reference value :  2.49730e-03
 Reference value :  2.49790e-03
 Reference value :  2.49850e-03
 Reference value :  2.49930e-03
 Reference value :  2.49985e-03
No. of Data Rows : 12574
t_vdd_s             =  7.98898e-04
t_ref_s             =  8.47686e-04
t_vdd_f             =  7.98898e-07
t_ref_f             =  8.08627e-07
t_vdd_g             =  7.98898e-10
t_ref_g             =  2.70880e-09
v_s                 =  1.19003e+00
v_f                 =  1.19003e+00
v_g                 =  1.19003e+00
v_n                 =  3.84121e-02
g_n                 =  3.60731e+00
isg                 =  -3.28653e-05
v_s1                =  1.19003e+00
v_f1                =  1.19003e+00
v_g1                =  1.19003e+00
meas_t_start_s = 4.878800e-05
meas_t_start_f = 9.728900e-09
meas_t_start_g = 1.909901e-09
meas_t_abs_s = 8.476861e-04
meas_vref_s = 1.190026e+00
meas_vref_f = 1.190026e+00
meas_vref_g = 1.190026e+00
meas_vref_spread = 0.000000e+00
meas_vref_spread_early = 0.000000e+00
meas_vref_converge = 0.000000e+00
meas_vref_n = 3.841210e-02
meas_gn_n = 3.607313e+00
meas_isup_g = 3.286530e-05
ngspice-46 done

# ==== ngspice stderr ====

