# point: tt_mm_27c_3.30v_seed-b
# record: 20260803-084950-e599e30
# role: seed-check -- seed-stability: same point, different setseed -- the samples must change while sigma must not, i.e. the reported spread is a property of the model, not of one lucky draw
# section=tt_mm temp=27C supply=3.30V seed=20260804 samples=300
# pdk: sky130A @ open_pdks c6d73a35f524070e85faff4a6a9eef49553ebc2b (/home/ubuntu/.volare/sky130A/libs.tech/combined/sky130.lib.spice)
# ngspice exit: 0
# run (UTC): 2026-08-03T08:49:50Z

# ==== .spiceinit (exact) ====
| * ngspice init settings for the sky130 PDK model libraries.
| *
| * The corner runner copies this file into its scratch run directory as
| * `.spiceinit` before invoking ngspice, so runs do not depend on whatever
| * happens to be in ~/.spiceinit. To drive ngspice by hand with the same
| * settings, copy this file to `.spiceinit` in your working directory.
| *
| * Derived from the PDK's own libs.tech/ngspice/spinit; kept in-repo so the
| * settings a record was produced under are versioned with the harness.
| 
| set ngbehavior=hsa     ; HSPICE-ish compatibility, required to read PDK libs
| set skywaterpdk        ; skip some checks for faster lib loading
| set ng_nomodcheck      ; do not check model parameters
| option noinit          ; do not dump operating point data into the log
| option klu             ; KLU direct linear solver

# ==== deck (exact input given to ngspice) ====
| * error-amp-offset-mc Monte Carlo deck -- generated by sim/error-amp-offset-mc/run_amp_offset_mc.py, do not edit
| * point: tt_mm_27c_3.30v_seed-b
| .param vsup=3.3
| .option wnflag=1
| .temp 27
| .lib "/home/ubuntu/.volare/sky130A/libs.tech/combined/sky130.lib.spice" tt_mm
| ** sch_path: sim/error-amp-offset-mc/testbench/tb_amp_offset_mc.sch
| **.subckt tb_amp_offset_mc
| V1 VDD 0 'vsup'
| XBG VREF GDRV VDD 0 bandgap_core
| IE8S 0 E8S 5.3u
| XXQ8S 0 0 E8S sky130_fd_pr__pnp_05v5_W0p68L0p68 m=8 mult=8
| IE8L 0 E8L 5.3u
| XXQ8L 0 0 E8L sky130_fd_pr__pnp_05v5_W3p40L3p40 m=8 mult=8
| IE1S 0 E1S 1u
| XXQ1S 0 0 E1S sky130_fd_pr__pnp_05v5_W0p68L0p68 m=1 mult=1
| IE1L 0 E1L 1u
| XXQ1L 0 0 E1L sky130_fd_pr__pnp_05v5_W3p40L3p40 m=1 mult=1
| IRA 0 NRA 1u
| XXRRA 0 NRA 0 sky130_fd_pr__res_high_po W=1 L=270 mult=1 m=1
| IRB 0 NRB 1u
| XXRRB 0 NRB 0 sky130_fd_pr__res_high_po W=1 L=35 mult=1 m=1
| **** begin user architecture code
| 
| 
| * DC-solver seed, not a forced solution: bandgap_core has a stable
| * zero-current state by construction (issue #10's startup circuit is what
| * breaks it in silicon). A .nodeset only biases the initial guess and is
| * removed before the final Newton iterations, so each Monte Carlo sample is a
| * genuine solution of that sample's circuit -- and the same seed is applied to
| * every sample, so it cannot bias the spread.
| *
| * v(gdrv)=2.0 rather than the 2.2 sim/bandgap-smoke and sim/error-amp-loop
| * use, and the difference is load-bearing HERE and nowhere else. The mirror
| * gate settles near 1.97 V, so a 2.2 V guess sits on the wrong side of it;
| * the deterministic runs converge anyway, but under Monte Carlo 12 of 40
| * draws at -40 degC converged instead to the core's other stable solution
| * (VOUT ~ 0.52 V), which would have shown up as a 350 mV sigma. With 2.0 V
| * the same 40 draws all land on the operating solution. Verified not to be
| * the tail wagging the dog: at 27 degC, where neither guess produces a
| * degenerate sample, the two nodesets give sigma(VOUT) = 5.57 vs 5.67 mV and
| * sigma(VOS) = 0.485 vs 0.495 mV over the same 40 draws -- i.e. the guess
| * moves which *solution branch* the solver finds, not the spread it reports.
| * The runner also classifies every sample and refuses to fold a
| * non-operating one into the statistics, so this is belt and braces.
| .nodeset v(vref)=1.2 v(gdrv)=2.0
| 
| 
| **** end user architecture code
| **.ends
| 
| * expanding   symbol:  design/bandgap_core.sym # of pins=4
| ** sym_path: design/bandgap_core.sym
| ** sch_path: design/bandgap_core.sch
| .subckt bandgap_core VOUT GDRV VDD VSS
| *.opin VOUT
| *.iopin GDRV
| *.iopin VDD
| *.iopin VSS
| **** begin user architecture code
| 
| 
| * ---- Kuijk core parameters (issue #8) ----
| * PNP emitter-area ratio N is built ONLY from paralleled unit devices:
| *   N = (n_pnp_ptat * 11.56 um2) / (n_pnp_ctat * 0.4624 um2)
| * Keep both counts equal to hold the pair's measured dVBE while lowering the
| * per-unit current and sigma(dVBE); raise n_pnp_ptat alone for more PTAT.
| .param n_pnp_ctat=8
| .param n_pnp_ptat=8
| * res_high_po unit segment: W = r_w um, L = r_lseg um (R ~ 380 + 325*L ohm)
| .param r_w=1
| .param r_lseg=5
| * segment counts. K = R2/R1 is set by the integer ratio n_r2/n_r1.
| .param n_r1=7
| .param n_r2=54
| * PMOS mirror multiplicities (unit device W=8u L=2u)
| .param m_out=2
| .param m_ampbias=2
| 
| 
| **** end user architecture code
| XMPOUT VOUT GDRV VDD VDD sky130_fd_pr__pfet_g5v0d10v5 L=2 W=8 nf=1 ad=2.32 as=2.32 pd=16.58 ps=16.58 nrd=0.03625 nrs=0.03625 sa=0 sb=0
| + sd=0 mult='m_out' m='m_out'
| XMPAMP TAIL GDRV VDD VDD sky130_fd_pr__pfet_g5v0d10v5 L=2 W=8 nf=1 ad=2.32 as=2.32 pd=16.58 ps=16.58 nrd=0.03625 nrs=0.03625 sa=0 sb=0
| + sd=0 mult='m_ampbias' m='m_ampbias'
| XAMP VB VA GDRV TAIL VDD VSS error_amp
| XR2A VA VOUT VSS sky130_fd_pr__res_high_po W='r_w' L='r_lseg*n_r2' mult=1 m=1
| XR2B VB VOUT VSS sky130_fd_pr__res_high_po W='r_w' L='r_lseg*n_r2' mult=1 m=1
| XQ1 VSS VSS VA sky130_fd_pr__pnp_05v5_W0p68L0p68 m='n_pnp_ctat' mult='n_pnp_ctat'
| XR1 VBQ VB VSS sky130_fd_pr__res_high_po W='r_w' L='r_lseg*n_r1' mult=1 m=1
| XQ2 VSS VSS VBQ sky130_fd_pr__pnp_05v5_W3p40L3p40 m='n_pnp_ptat' mult='n_pnp_ptat'
| .ends
| 
| 
| * expanding   symbol:  design/error_amp.sym # of pins=6
| ** sym_path: design/error_amp.sym
| ** sch_path: design/error_amp.sch
| .subckt error_amp VINP VINN AOUT ITAIL VDD VSS
| *.ipin VINP
| *.ipin VINN
| *.opin AOUT
| *.iopin ITAIL
| *.iopin VDD
| *.iopin VSS
| **** begin user architecture code
| 
| 
| * ---- error-amp device multiplicities (issue #9 sizing) ----
| * Unit geometry is fixed on the instances below; mult is the matching axis
| * (sigma(Vth) scales as 1/sqrt(W*L*mult) in the PDK's own model).
| * amp_m_in    : input-pair PMOS units   (W=20u L=10u each -> 3200 um^2 total)
| * amp_m_nmirr : NMOS load/mirror units  (W=8u  L=20u each ->  640 um^2 total)
| * amp_m_pmirr : PMOS mirror units       (W=6u  L=20u each ->  960 um^2 total)
| * amp_m_cc    : MOS-capacitor units     (W=30u L=20u each -> 9600 um^2 total)
| .param amp_m_in=16
| .param amp_m_nmirr=4
| .param amp_m_pmirr=8
| .param amp_m_cc=16
| 
| 
| **** end user architecture code
| XMP1 D1 VINP ITAIL VDD sky130_fd_pr__pfet_g5v0d10v5 L=10 W=20 nf=1 ad=5.8 as=5.8 pd=40.58 ps=40.58 nrd=0.0145 nrs=0.0145 sa=0 sb=0 sd=0 mult='amp_m_in' m='amp_m_in'
| XMP2 D2 VINN ITAIL VDD sky130_fd_pr__pfet_g5v0d10v5 L=10 W=20 nf=1 ad=5.8 as=5.8 pd=40.58 ps=40.58 nrd=0.0145 nrs=0.0145 sa=0 sb=0 sd=0 mult='amp_m_in' m='amp_m_in'
| XMN1 D1 D1 VSS VSS sky130_fd_pr__nfet_g5v0d10v5 L=20 W=8 nf=1 ad=2.32 as=2.32 pd=16.58 ps=16.58 nrd=0.03625 nrs=0.03625 sa=0 sb=0 sd=0 mult='amp_m_nmirr' m='amp_m_nmirr'
| XMN2 D2 D2 VSS VSS sky130_fd_pr__nfet_g5v0d10v5 L=20 W=8 nf=1 ad=2.32 as=2.32 pd=16.58 ps=16.58 nrd=0.03625 nrs=0.03625 sa=0 sb=0 sd=0 mult='amp_m_nmirr' m='amp_m_nmirr'
| XMN3 AOUT D1 VSS VSS sky130_fd_pr__nfet_g5v0d10v5 L=20 W=8 nf=1 ad=2.32 as=2.32 pd=16.58 ps=16.58 nrd=0.03625 nrs=0.03625 sa=0 sb=0 sd=0 mult='amp_m_nmirr' m='amp_m_nmirr'
| XMN4 PN D2 VSS VSS sky130_fd_pr__nfet_g5v0d10v5 L=20 W=8 nf=1 ad=2.32 as=2.32 pd=16.58 ps=16.58 nrd=0.03625 nrs=0.03625 sa=0 sb=0 sd=0 mult='amp_m_nmirr' m='amp_m_nmirr'
| XMP4 AOUT PN VDD VDD sky130_fd_pr__pfet_g5v0d10v5 L=20 W=6 nf=1 ad=1.74 as=1.74 pd=12.58 ps=12.58 nrd=0.0483333333333333 nrs=0.0483333333333333 sa=0 sb=0 sd=0 mult='amp_m_pmirr' m='amp_m_pmirr'
| XMP3 PN PN VDD VDD sky130_fd_pr__pfet_g5v0d10v5 L=20 W=6 nf=1 ad=1.74 as=1.74 pd=12.58 ps=12.58 nrd=0.0483333333333333 nrs=0.0483333333333333 sa=0 sb=0 sd=0 mult='amp_m_pmirr' m='amp_m_pmirr'
| XMCC VDD AOUT VDD VDD sky130_fd_pr__pfet_g5v0d10v5 L=20 W=30 nf=1 ad=8.7 as=8.7 pd=60.58 ps=60.58 nrd=0.00966666666666667 nrs=0.00966666666666667 sa=0 sb=0 sd=0 mult='amp_m_cc' m='amp_m_cc'
| .ends
| 
| .control
| setseed 20260804
| set width = 512
| set height = 100000
| let nruns = 300
| let run = 0
| dowhile run < nruns
|   reset
|   op
|   let vos   = v(xbg.va)-v(xbg.vb)
|   let vout  = v(vref)
|   let dvbe8 = v(e8s)-v(e8l)
|   let veb8  = v(e8s)
|   let dvbe1 = v(e1s)-v(e1l)
|   let rra   = v(nra)
|   let rrb   = v(nrb)
|   let vgdrv = v(gdrv)
|   print vos vout dvbe8 veb8 dvbe1 rra rrb vgdrv
|   let run = run + 1
| end
| quit
| .endc
| .end

# ==== ngspice stdout+stderr ====

Note: Compatibility modes selected: hs a


Circuit: * error-amp-offset-mc monte carlo deck -- generated by sim/error-amp-offset-mc/run_amp_offset_mc.py, do not edit

option SCALE: Scale is set to 1e-06 for instance and model parameters
option SCALE: Scale is set to 1e-06 for instance and model parameters
option SCALE: Scale is set to 1e-06 for instance and model parameters
option SCALE: Scale is set to 1e-06 for instance and model parameters
Reset re-loads circuit * error-amp-offset-mc monte carlo deck -- generated by sim/error-amp-offset-mc/run_amp_offset_mc.py, do not edit

Circuit: * error-amp-offset-mc monte carlo deck -- generated by sim/error-amp-offset-mc/run_amp_offset_mc.py, do not edit

option SCALE: Scale is set to 1e-06 for instance and model parameters
option SCALE: Scale is set to 1e-06 for instance and model parameters
option SCALE: Scale is set to 1e-06 for instance and model parameters
option SCALE: Scale is set to 1e-06 for instance and model parameters
Doing analysis at TEMP = 27.000000 and TNOM = 27.000000

Using KLU as Direct Linear Solver
 Reference value :  0.00000e+00
No. of Data Rows : 1
vos = 4.540444e-04
vout = 1.195453e+00
dvbe8 = 6.228084e-02
veb8 = 7.310474e-01
dvbe1 = 6.372025e-02
rra = 8.811325e-02
rrb = 1.172107e-02
vgdrv = 2.041416e+00
Reset re-loads circuit * error-amp-offset-mc monte carlo deck -- generated by sim/error-amp-offset-mc/run_amp_offset_mc.py, do not edit

Circuit: * error-amp-offset-mc monte carlo deck -- generated by sim/error-amp-offset-mc/run_amp_offset_mc.py, do not edit

option SCALE: Scale is set to 1e-06 for instance and model parameters
option SCALE: Scale is set to 1e-06 for instance and model parameters
option SCALE: Scale is set to 1e-06 for instance and model parameters
option SCALE: Scale is set to 1e-06 for instance and model parameters
Doing analysis at TEMP = 27.000000 and TNOM = 27.000000

Using KLU as Direct Linear Solver

No. of Data Rows : 1
vos = -3.11076e-04
vout = 1.202792e+00
dvbe8 = 6.205544e-02
veb8 = 7.308722e-01
dvbe1 = 6.454566e-02
rra = 8.805234e-02
rrb = 1.178729e-02
vgdrv = 2.035468e+00
Reset re-loads circuit * error-amp-offset-mc monte carlo deck -- generated by sim/error-amp-offset-mc/run_amp_offset_mc.py, do not edit

Circuit: * error-amp-offset-mc monte carlo deck -- generated by sim/error-amp-offset-mc/run_amp_offset_mc.py, do not edit

option SCALE: Scale is set to 1e-06 for instance and model parameters
option SCALE: Scale is set to 1e-06 for instance and model parameters
option SCALE: Scale is set to 1e-06 for instance and model parameters
option SCALE: Scale is set to 1e-06 for instance and model parameters
Doing analysis at TEMP = 27.000000 and TNOM = 27.000000

Using KLU as Direct Linear Solver
 Reference value :  0.00000e+00
No. of Data Rows : 1
vos = -8.72689e-04
vout = 1.203679e+00
dvbe8 = 6.214891e-02
veb8 = 7.309882e-01
dvbe1 = 6.287751e-02
rra = 8.794951e-02
rrb = 1.165940e-02
vgdrv = 2.036686e+00
Reset re-loads circuit * error-amp-offset-mc monte carlo deck -- generated by sim/error-amp-offset-mc/run_amp_offset_mc.py, do not edit

Circuit: * error-amp-offset-mc monte carlo deck -- generated by sim/error-amp-offset-mc/run_amp_offset_mc.py, do not edit

option SCALE: Scale is set to 1e-06 for instance and model parameters
option SCALE: Scale is set to 1e-06 for instance and model parameters
option SCALE: Scale is set to 1e-06 for instance and model parameters
option SCALE: Scale is set to 1e-06 for instance and model parameters
Doing analysis at TEMP = 27.000000 and TNOM = 27.000000

Using KLU as Direct Linear Solver

No. of Data Rows : 1
vos = -6.89678e-05
vout = 1.202905e+00
dvbe8 = 6.223071e-02
veb8 = 7.310270e-01
dvbe1 = 6.219299e-02
rra = 8.811538e-02
rrb = 1.171552e-02
vgdrv = 2.036360e+00
Reset re-loads circuit * error-amp-offset-mc monte carlo deck -- generated by sim/error-amp-offset-mc/run_amp_offset_mc.py, do not edit

Circuit: * error-amp-offset-mc monte carlo deck -- generated by sim/error-amp-offset-mc/run_amp_offset_mc.py, do not edit

option SCALE: Scale is set to 1e-06 for instance and model parameters
option SCALE: Scale is set to 1e-06 for instance and model parameters
option SCALE: Scale is set to 1e-06 for instance and model parameters
option SCALE: Scale is set to 1e-06 for instance and model parameters
Doing analysis at TEMP = 27.000000 and TNOM = 27.000000

Using KLU as Direct Linear Solver

No. of Data Rows : 1
vos = -7.75908e-04
vout = 1.207312e+00
dvbe8 = 6.215818e-02
veb8 = 7.309419e-01
dvbe1 = 6.237325e-02
rra = 8.800403e-02
rrb = 1.177277e-02
vgdrv = 2.032780e+00
Reset re-loads circuit * error-amp-offset-mc monte carlo deck -- generated by sim/error-amp-offset-mc/run_amp_offset_mc.py, do not edit

Circuit: * error-amp-offset-mc monte carlo deck -- generated by sim/error-amp-offset-mc/run_amp_offset_mc.py, do not edit

option SCALE: Scale is set to 1e-06 for instance and model parameters
option SCALE: Scale is set to 1e-06 for instance and model parameters
option SCALE: Scale is set to 1e-06 for instance and model parameters
option SCALE: Scale is set to 1e-06 for instance and model parameters
Doing analysis at TEMP = 27.000000 and TNOM = 27.000000

Using KLU as Direct Linear Solver
 Reference value :  0.00000e+00
No. of Data Rows : 1
vos = -1.77720e-04
vout = 1.202102e+00
dvbe8 = 6.235239e-02
veb8 = 7.311412e-01
dvbe1 = 6.298065e-02
rra = 8.793495e-02
rrb = 1.177876e-02
vgdrv = 2.038992e+00
Reset re-loads circuit * error-amp-offset-mc monte carlo deck -- generated by sim/error-amp-offset-mc/run_amp_offset_mc.py, do not edit

Circuit: * error-amp-offset-mc monte carlo deck -- generated by sim/error-amp-offset-mc/run_amp_offset_mc.py, do not edit

option SCALE: Scale is set to 1e-06 for instance and model parameters
option SCALE: Scale is set to 1e-06 for instance and model parameters
option SCALE: Scale is set to 1e-06 for instance and model parameters
option SCALE: Scale is set to 1e-06 for instance and model parameters
Doing analysis at TEMP = 27.000000 and TNOM = 27.000000

Using KLU as Direct Linear Solver

No. of Data Rows : 1
vos = 4.666666e-05
vout = 1.196254e+00
dvbe8 = 6.234277e-02
veb8 = 7.311167e-01
dvbe1 = 6.306087e-02
rra = 8.804270e-02
rrb = 1.181667e-02
vgdrv = 2.035881e+00
Reset re-loads circuit * error-amp-offset-mc monte carlo deck -- generated by sim/error-amp-offset-mc/run_amp_offset_mc.py, do not edit

Circuit: * error-amp-offset-mc monte carlo deck -- generated by sim/error-amp-offset-mc/run_amp_offset_mc.py, do not edit

option SCALE: Scale is set to 1e-06 for instance and model parameters
option SCALE: Scale is set to 1e-06 for instance and model parameters
option SCALE: Scale is set to 1e-06 for instance and model parameters
option SCALE: Scale is set to 1e-06 for instance and model parameters
Doing analysis at TEMP = 27.000000 and TNOM = 27.000000

Using KLU as Direct Linear Solver

No. of Data Rows : 1
vos = 3.767164e-04
vout = 1.197233e+00
dvbe8 = 6.202298e-02
veb8 = 7.308066e-01
dvbe1 = 6.315426e-02
rra = 8.801953e-02
rrb = 1.171987e-02
vgdrv = 2.041674e+00
Reset re-loads circuit * error-amp-offset-mc monte carlo deck -- generated by sim/error-amp-offset-mc/run_amp_offset_mc.py, do not edit

Circuit: * error-amp-offset-mc monte carlo deck -- generated by sim/error-amp-offset-mc/run_amp_offset_mc.py, do not edit

option SCALE: Scale is set to 1e-06 for instance and model parameters
option SCALE: Scale is set to 1e-06 for instance and model parameters
option SCALE: Scale is set to 1e-06 for instance and model parameters
option SCALE: Scale is set to 1e-06 for instance and model parameters
Doing analysis at TEMP = 27.000000 and TNOM = 27.000000

Using KLU as Direct Linear Solver
 Reference value :  0.00000e+00
No. of Data Rows : 1
vos = -1.12725e-05
vout = 1.195105e+00
dvbe8 = 6.243418e-02
veb8 = 7.311798e-01
dvbe1 = 6.276033e-02
rra = 8.801863e-02
rrb = 1.170470e-02
vgdrv = 2.034864e+00
Reset re-loads circuit * error-amp-offset-mc monte carlo deck -- generated by sim/error-amp-offset-mc/run_amp_offset_mc.py, do not edit

Circuit: * error-amp-offset-mc monte carlo deck -- generated by sim/error-amp-offset-mc/run_amp_offset_mc.py, do not edit

option SCALE: Scale is set to 1e-06 for instance and model parameters
option SCALE: Scale is set to 1e-06 for instance and model parameters
option SCALE: Scale is set to 1e-06 for instance and model parameters
option SCALE: Scale is set to 1e-06 for instance and model parameters
Doing analysis at TEMP = 27.000000 and TNOM = 27.000000

Using KLU as Direct Linear Solver
 Reference value :  0.00000e+00
No. of Data Rows : 1
vos = -8.83886e-04
vout = 1.210387e+00
dvbe8 = 6.244178e-02
veb8 = 7.312280e-01
dvbe1 = 6.345174e-02
rra = 8.811993e-02
rrb = 1.181133e-02
vgdrv = 2.031939e+00
Reset re-loads circuit * error-amp-offset-mc monte carlo deck -- generated by sim/error-amp-offset-mc/run_amp_offset_mc.py, do not edit

Circuit: * error-amp-offset-mc monte carlo deck -- generated by sim/error-amp-offset-mc/run_amp_offset_mc.py, do not edit

option SCALE: Scale is set to 1e-06 for instance and model parameters
option SCALE: Scale is set to 1e-06 for instance and model parameters
option SCALE: Scale is set to 1e-06 for instance and model parameters
option SCALE: Scale is set to 1e-06 for instance and model parameters
Doing analysis at TEMP = 27.000000 and TNOM = 27.000000

Using KLU as Direct Linear Solver
 Reference value :  0.00000e+00
No. of Data Rows : 1
vos = -1.23098e-04
vout = 1.199866e+00
dvbe8 = 6.270126e-02
veb8 = 7.314699e-01
dvbe1 = 6.274966e-02
rra = 8.819385e-02
rrb = 1.170345e-02
vgdrv = 2.037662e+00
Reset re-loads circuit * error-amp-offset-mc monte carlo deck -- generated by sim/error-amp-offset-mc/run_amp_offset_mc.py, do not edit

Circuit: * error-amp-offset-mc monte carlo deck -- generated by sim/error-amp-offset-mc/run_amp_offset_mc.py, do not edit

option SCALE: Scale is set to 1e-06 for instance and model parameters
option SCALE: Scale is set to 1e-06 for instance and model parameters
option SCALE: Scale is set to 1e-06 for instance and model parameters
option SCALE: Scale is set to 1e-06 for instance and model parameters
Doing analysis at TEMP = 27.000000 and TNOM = 27.000000

Using KLU as Direct Linear Solver

No. of Data Rows : 1
vos = -3.31001e-04
vout = 1.204838e+00
dvbe8 = 6.220703e-02
veb8 = 7.310178e-01
dvbe1 = 6.317113e-02
rra = 8.798987e-02
rrb = 1.181741e-02
vgdrv = 2.033274e+00
Reset re-loads circuit * error-amp-offset-mc monte carlo deck -- generated by sim/error-amp-offset-mc/run_amp_offset_mc.py, do not edit

Circuit: * error-amp-offset-mc monte carlo deck -- generated by sim/error-amp-offset-mc/run_amp_offset_mc.py, do not edit

option SCALE: Scale is set to 1e-06 for instance and model parameters
option SCALE: Scale is set to 1e-06 for instance and model parameters
option SCALE: Scale is set to 1e-06 for instance and model parameters
option SCALE: Scale is set to 1e-06 for instance and model parameters
Doing analysis at TEMP = 27.000000 and TNOM = 27.000000

Using KLU as Direct Linear Solver

No. of Data Rows : 1
vos = -2.88937e-04
vout = 1.205639e+00
dvbe8 = 6.239747e-02
veb8 = 7.312013e-01
dvbe1 = 6.277042e-02
rra = 8.805806e-02
rrb = 1.162568e-02
vgdrv = 2.034948e+00
Reset re-loads circuit * error-amp-offset-mc monte carlo deck -- generated by sim/error-amp-offset-mc/run_amp_offset_mc.py, do not edit

Circuit: * error-amp-offset-mc monte carlo deck -- generated by sim/error-amp-offset-mc/run_amp_offset_mc.py, do not edit

option SCALE: Scale is set to 1e-06 for instance and model parameters
option SCALE: Scale is set to 1e-06 for instance and model parameters
option SCALE: Scale is set to 1e-06 for instance and model parameters
option SCALE: Scale is set to 1e-06 for instance and model parameters
Doing analysis at TEMP = 27.000000 and TNOM = 27.000000

Using KLU as Direct Linear Solver
 Reference value :  0.00000e+00
No. of Data Rows : 1
vos = 5.577269e-04
vout = 1.192045e+00
dvbe8 = 6.240264e-02
veb8 = 7.312093e-01
dvbe1 = 6.276162e-02
rra = 8.809242e-02
rrb = 1.170893e-02
vgdrv = 2.037023e+00
Reset re-loads circuit * error-amp-offset-mc monte carlo deck -- generated by sim/error-amp-offset-mc/run_amp_offset_mc.py, do not edit

Circuit: * error-amp-offset-mc monte carlo deck -- generated by sim/error-amp-offset-mc/run_amp_offset_mc.py, do not edit

option SCALE: Scale is set to 1e-06 for instance and model parameters
option SCALE: Scale is set to 1e-06 for instance and model parameters
option SCALE: Scale is set to 1e-06 for instance and model parameters
option SCALE: Scale is set to 1e-06 for instance and model parameters
Doing analysis at TEMP = 27.000000 and TNOM = 27.000000

Using KLU as Direct Linear Solver

No. of Data Rows : 1
vos = 3.828913e-04
vout = 1.195769e+00
dvbe8 = 6.234209e-02
veb8 = 7.311300e-01
dvbe1 = 6.326545e-02
rra = 8.819407e-02
rrb = 1.177571e-02
vgdrv = 2.037926e+00
Reset re-loads circuit * error-amp-offset-mc monte carlo deck -- generated by sim/error-amp-offset-mc/run_amp_offset_mc.py, do not edit

Circuit: * error-amp-offset-mc monte carlo deck -- generated by sim/error-amp-offset-mc/run_amp_offset_mc.py, do not edit

option SCALE: Scale is set to 1e-06 for instance and model parameters
option SCALE: Scale is set to 1e-06 for instance and model parameters
option SCALE: Scale is set to 1e-06 for instance and model parameters
option SCALE: Scale is set to 1e-06 for instance and model parameters
Doing analysis at TEMP = 27.000000 and TNOM = 27.000000

Using KLU as Direct Linear Solver
 Reference value :  0.00000e+00
No. of Data Rows : 1
vos = -2.12177e-04
vout = 1.200124e+00
dvbe8 = 6.228161e-02
veb8 = 7.310709e-01
dvbe1 = 6.258347e-02
rra = 8.799611e-02
rrb = 1.173623e-02
vgdrv = 2.035274e+00
Reset re-loads circuit * error-amp-offset-mc monte carlo deck -- generated by sim/error-amp-offset-mc/run_amp_offset_mc.py, do not edit

Circuit: * error-amp-offset-mc monte carlo deck -- generated by sim/error-amp-offset-mc/run_amp_offset_mc.py, do not edit

option SCALE: Scale is set to 1e-06 for instance and model parameters
option SCALE: Scale is set to 1e-06 for instance and model parameters
option SCALE: Scale is set to 1e-06 for instance and model parameters
option SCALE: Scale is set to 1e-06 for instance and model parameters
Doing analysis at TEMP = 27.000000 and TNOM = 27.000000

Using KLU as Direct Linear Solver

No. of Data Rows : 1
vos = -4.05147e-04
vout = 1.205021e+00
dvbe8 = 6.248002e-02
veb8 = 7.312461e-01
dvbe1 = 6.262482e-02
rra = 8.823215e-02
rrb = 1.175967e-02
vgdrv = 2.037512e+00
Reset re-loads circuit * error-amp-offset-mc monte carlo deck -- generated by sim/error-amp-offset-mc/run_amp_offset_mc.py, do not edit

Circuit: * error-amp-offset-mc monte carlo deck -- generated by sim/error-amp-offset-mc/run_amp_offset_mc.py, do not edit

option SCALE: Scale is set to 1e-06 for instance and model parameters
option SCALE: Scale is set to 1e-06 for instance and model parameters
option SCALE: Scale is set to 1e-06 for instance and model parameters
option SCALE: Scale is set to 1e-06 for instance and model parameters
Doing analysis at TEMP = 27.000000 and TNOM = 27.000000

Using KLU as Direct Linear Solver
 Reference value :  0.00000e+00
No. of Data Rows : 1
vos = -5.16373e-04
vout = 1.206444e+00
dvbe8 = 6.257336e-02
veb8 = 7.313570e-01
dvbe1 = 6.340944e-02
rra = 8.796680e-02
rrb = 1.180061e-02
vgdrv = 2.035066e+00
Reset re-loads circuit * error-amp-offset-mc monte carlo deck -- generated by sim/error-amp-offset-mc/run_amp_offset_mc.py, do not edit

Circuit: * error-amp-offset-mc monte carlo deck -- generated by sim/error-amp-offset-mc/run_amp_offset_mc.py, do not edit

option SCALE: Scale is set to 1e-06 for instance and model parameters
option SCALE: Scale is set to 1e-06 for instance and model parameters
option SCALE: Scale is set to 1e-06 for instance and model parameters
option SCALE: Scale is set to 1e-06 for instance and model parameters
Doing analysis at TEMP = 27.000000 and TNOM = 27.000000

Using KLU as Direct Linear Solver
 Reference value :  0.00000e+00
No. of Data Rows : 1
vos = 1.306814e-04
vout = 1.192381e+00
dvbe8 = 6.204798e-02
veb8 = 7.308740e-01
dvbe1 = 6.285781e-02
rra = 8.818994e-02
rrb = 1.176366e-02
vgdrv = 2.036373e+00
Reset re-loads circuit * error-amp-offset-mc monte carlo deck -- generated by sim/error-amp-offset-mc/run_amp_offset_mc.py, do not edit

Circuit: * error-amp-offset-mc monte carlo deck -- generated by sim/error-amp-offset-mc/run_amp_offset_mc.py, do not edit

option SCALE: Scale is set to 1e-06 for instance and model parameters
option SCALE: Scale is set to 1e-06 for instance and model parameters
option SCALE: Scale is set to 1e-06 for instance and model parameters
option SCALE: Scale is set to 1e-06 for instance and model parameters
Doing analysis at TEMP = 27.000000 and TNOM = 27.000000

Using KLU as Direct Linear Solver
 Reference value :  0.00000e+00
No. of Data Rows : 1
vos = -3.23155e-04
vout = 1.196681e+00
dvbe8 = 6.227869e-02
veb8 = 7.310403e-01
dvbe1 = 6.319991e-02
rra = 8.815106e-02
rrb = 1.181391e-02
vgdrv = 2.038382e+00
Reset re-loads circuit * error-amp-offset-mc monte carlo deck -- generated by sim/error-amp-offset-mc/run_amp_offset_mc.py, do not edit

Circuit: * error-amp-offset-mc monte carlo deck -- generated by sim/error-amp-offset-mc/run_amp_offset_mc.py, do not edit

option SCALE: Scale is set to 1e-06 for instance and model parameters
option SCALE: Scale is set to 1e-06 for instance and model parameters
option SCALE: Scale is set to 1e-06 for instance and model parameters
option SCALE: Scale is set to 1e-06 for instance and model parameters
Doing analysis at TEMP = 27.000000 and TNOM = 27.000000

Using KLU as Direct Linear Solver

No. of Data Rows : 1
vos = -1.46188e-04
vout = 1.199012e+00
dvbe8 = 6.240011e-02
veb8 = 7.312073e-01
dvbe1 = 6.245195e-02
rra = 8.796908e-02
rrb = 1.178259e-02
vgdrv = 2.038113e+00
Reset re-loads circuit * error-amp-offset-mc monte carlo deck -- generated by sim/error-amp-offset-mc/run_amp_offset_mc.py, do not edit

Circuit: * error-amp-offset-mc monte carlo deck -- generated by sim/error-amp-offset-mc/run_amp_offset_mc.py, do not edit

option SCALE: Scale is set to 1e-06 for instance and model parameters
option SCALE: Scale is set to 1e-06 for instance and model parameters
option SCALE: Scale is set to 1e-06 for instance and model parameters
option SCALE: Scale is set to 1e-06 for instance and model parameters
Doing analysis at TEMP = 27.000000 and TNOM = 27.000000

Using KLU as Direct Linear Solver

No. of Data Rows : 1
vos = -8.89505e-04
vout = 1.206272e+00
dvbe8 = 6.228911e-02
veb8 = 7.311099e-01
dvbe1 = 6.268583e-02
rra = 8.811573e-02
rrb = 1.177102e-02
vgdrv = 2.032673e+00
Reset re-loads circuit * error-amp-offset-mc monte carlo deck -- generated by sim/error-amp-offset-mc/run_amp_offset_mc.py, do not edit

Circuit: * error-amp-offset-mc monte carlo deck -- generated by sim/error-amp-offset-mc/run_amp_offset_mc.py, do not edit

option SCALE: Scale is set to 1e-06 for instance and model parameters
option SCALE: Scale is set to 1e-06 for instance and model parameters
option SCALE: Scale is set to 1e-06 for instance and model parameters
option SCALE: Scale is set to 1e-06 for instance and model parameters
Doing analysis at TEMP = 27.000000 and TNOM = 27.000000

Using KLU as Direct Linear Solver

No. of Data Rows : 1
vos = 2.539261e-05
vout = 1.196786e+00
dvbe8 = 6.223719e-02
veb8 = 7.310615e-01
dvbe1 = 6.268924e-02
rra = 8.828119e-02
rrb = 1.175669e-02
vgdrv = 2.039749e+00
Reset re-loads circuit * error-amp-offset-mc monte carlo deck -- generated by sim/error-amp-offset-mc/run_amp_offset_mc.py, do not edit

Circuit: * error-amp-offset-mc monte carlo deck -- generated by sim/error-amp-offset-mc/run_amp_offset_mc.py, do not edit

option SCALE: Scale is set to 1e-06 for instance and model parameters
option SCALE: Scale is set to 1e-06 for instance and model parameters
option SCALE: Scale is set to 1e-06 for instance and model parameters
option SCALE: Scale is set to 1e-06 for instance and model parameters
Doing analysis at TEMP = 27.000000 and TNOM = 27.000000

Using KLU as Direct Linear Solver

No. of Data Rows : 1
vos = -4.92249e-04
vout = 1.203200e+00
dvbe8 = 6.214725e-02
veb8 = 7.309197e-01
dvbe1 = 6.356401e-02
rra = 8.803053e-02
rrb = 1.181011e-02
vgdrv = 2.035292e+00
Reset re-loads circuit * error-amp-offset-mc monte carlo deck -- generated by sim/error-amp-offset-mc/run_amp_offset_mc.py, do not edit

Circuit: * error-amp-offset-mc monte carlo deck -- generated by sim/error-amp-offset-mc/run_amp_offset_mc.py, do not edit

option SCALE: Scale is set to 1e-06 for instance and model parameters
option SCALE: Scale is set to 1e-06 for instance and model parameters
option SCALE: Scale is set to 1e-06 for instance and model parameters
option SCALE: Scale is set to 1e-06 for instance and model parameters
Doing analysis at TEMP = 27.000000 and TNOM = 27.000000

Using KLU as Direct Linear Solver
 Reference value :  0.00000e+00
No. of Data Rows : 1
vos = -7.31017e-04
vout = 1.204425e+00
dvbe8 = 6.233617e-02
veb8 = 7.311774e-01
dvbe1 = 6.214383e-02
rra = 8.794814e-02
rrb = 1.182996e-02
vgdrv = 2.033229e+00
Reset re-loads circuit * error-amp-offset-mc monte carlo deck -- generated by sim/error-amp-offset-mc/run_amp_offset_mc.py, do not edit

Circuit: * error-amp-offset-mc monte carlo deck -- generated by sim/error-amp-offset-mc/run_amp_offset_mc.py, do not edit

option SCALE: Scale is set to 1e-06 for instance and model parameters
option SCALE: Scale is set to 1e-06 for instance and model parameters
option SCALE: Scale is set to 1e-06 for instance and model parameters
option SCALE: Scale is set to 1e-06 for instance and model parameters
Doing analysis at TEMP = 27.000000 and TNOM = 27.000000

Using KLU as Direct Linear Solver
 Reference value :  0.00000e+00
No. of Data Rows : 1
vos = 8.497164e-04
vout = 1.191969e+00
dvbe8 = 6.260224e-02
veb8 = 7.314073e-01
dvbe1 = 6.275971e-02
rra = 8.812532e-02
rrb = 1.180119e-02
vgdrv = 2.041465e+00
Reset re-loads circuit * error-amp-offset-mc monte carlo deck -- generated by sim/error-amp-offset-mc/run_amp_offset_mc.py, do not edit

Circuit: * error-amp-offset-mc monte carlo deck -- generated by sim/error-amp-offset-mc/run_amp_offset_mc.py, do not edit

option SCALE: Scale is set to 1e-06 for instance and model parameters
option SCALE: Scale is set to 1e-06 for instance and model parameters
option SCALE: Scale is set to 1e-06 for instance and model parameters
option SCALE: Scale is set to 1e-06 for instance and model parameters
Doing analysis at TEMP = 27.000000 and TNOM = 27.000000

Using KLU as Direct Linear Solver

No. of Data Rows : 1
vos = 8.156687e-04
vout = 1.192845e+00
dvbe8 = 6.248402e-02
veb8 = 7.312877e-01
dvbe1 = 6.356399e-02
rra = 8.791254e-02
rrb = 1.169113e-02
vgdrv = 2.037470e+00
Reset re-loads circuit * error-amp-offset-mc monte carlo deck -- generated by sim/error-amp-offset-mc/run_amp_offset_mc.py, do not edit

Circuit: * error-amp-offset-mc monte carlo deck -- generated by sim/error-amp-offset-mc/run_amp_offset_mc.py, do not edit

option SCALE: Scale is set to 1e-06 for instance and model parameters
option SCALE: Scale is set to 1e-06 for instance and model parameters
option SCALE: Scale is set to 1e-06 for instance and model parameters
option SCALE: Scale is set to 1e-06 for instance and model parameters
Doing analysis at TEMP = 27.000000 and TNOM = 27.000000

Using KLU as Direct Linear Solver

No. of Data Rows : 1
vos = 3.670638e-04
vout = 1.193347e+00
dvbe8 = 6.240907e-02
veb8 = 7.312038e-01
dvbe1 = 6.217710e-02
rra = 8.801005e-02
rrb = 1.176090e-02
vgdrv = 2.035013e+00
Reset re-loads circuit * error-amp-offset-mc monte carlo deck -- generated by sim/error-amp-offset-mc/run_amp_offset_mc.py, do not edit

Circuit: * error-amp-offset-mc monte carlo deck -- generated by sim/error-amp-offset-mc/run_amp_offset_mc.py, do not edit

option SCALE: Scale is set to 1e-06 for instance and model parameters
option SCALE: Scale is set to 1e-06 for instance and model parameters
option SCALE: Scale is set to 1e-06 for instance and model parameters
option SCALE: Scale is set to 1e-06 for instance and model parameters
Doing analysis at TEMP = 27.000000 and TNOM = 27.000000

Using KLU as Direct Linear Solver

No. of Data Rows : 1
vos = -1.12847e-04
vout = 1.200882e+00
dvbe8 = 6.215707e-02
veb8 = 7.309619e-01
dvbe1 = 6.281548e-02
rra = 8.794828e-02
rrb = 1.182040e-02
vgdrv = 2.036660e+00
Reset re-loads circuit * error-amp-offset-mc monte carlo deck -- generated by sim/error-amp-offset-mc/run_amp_offset_mc.py, do not edit

Circuit: * error-amp-offset-mc monte carlo deck -- generated by sim/error-amp-offset-mc/run_amp_offset_mc.py, do not edit

option SCALE: Scale is set to 1e-06 for instance and model parameters
option SCALE: Scale is set to 1e-06 for instance and model parameters
option SCALE: Scale is set to 1e-06 for instance and model parameters
option SCALE: Scale is set to 1e-06 for instance and model parameters
Doing analysis at TEMP = 27.000000 and TNOM = 27.000000

Using KLU as Direct Linear Solver

No. of Data Rows : 1
vos = -4.90641e-04
vout = 1.203414e+00
dvbe8 = 6.253177e-02
veb8 = 7.313127e-01
dvbe1 = 6.238199e-02
rra = 8.800812e-02
rrb = 1.177701e-02
vgdrv = 2.036268e+00
Reset re-loads circuit * error-amp-offset-mc monte carlo deck -- generated by sim/error-amp-offset-mc/run_amp_offset_mc.py, do not edit

Circuit: * error-amp-offset-mc monte carlo deck -- generated by sim/error-amp-offset-mc/run_amp_offset_mc.py, do not edit

option SCALE: Scale is set to 1e-06 for instance and model parameters
option SCALE: Scale is set to 1e-06 for instance and model parameters
option SCALE: Scale is set to 1e-06 for instance and model parameters
option SCALE: Scale is set to 1e-06 for instance and model parameters
Doing analysis at TEMP = 27.000000 and TNOM = 27.000000

Using KLU as Direct Linear Solver
 Reference value :  0.00000e+00
No. of Data Rows : 1
vos = -2.86343e-04
vout = 1.202117e+00
dvbe8 = 6.247093e-02
veb8 = 7.312239e-01
dvbe1 = 6.275245e-02
rra = 8.806807e-02
rrb = 1.177099e-02
vgdrv = 2.035687e+00
Reset re-loads circuit * error-amp-offset-mc monte carlo deck -- generated by sim/error-amp-offset-mc/run_amp_offset_mc.py, do not edit

Circuit: * error-amp-offset-mc monte carlo deck -- generated by sim/error-amp-offset-mc/run_amp_offset_mc.py, do not edit

option SCALE: Scale is set to 1e-06 for instance and model parameters
option SCALE: Scale is set to 1e-06 for instance and model parameters
option SCALE: Scale is set to 1e-06 for instance and model parameters
option SCALE: Scale is set to 1e-06 for instance and model parameters
Doing analysis at TEMP = 27.000000 and TNOM = 27.000000

Using KLU as Direct Linear Solver

No. of Data Rows : 1
vos = -4.59866e-04
vout = 1.203485e+00
dvbe8 = 6.220000e-02
veb8 = 7.309554e-01
dvbe1 = 6.338945e-02
rra = 8.805440e-02
rrb = 1.177152e-02
vgdrv = 2.039205e+00
Reset re-loads circuit * error-amp-offset-mc monte carlo deck -- generated by sim/error-amp-offset-mc/run_amp_offset_mc.py, do not edit

Circuit: * error-amp-offset-mc monte carlo deck -- generated by sim/error-amp-offset-mc/run_amp_offset_mc.py, do not edit

option SCALE: Scale is set to 1e-06 for instance and model parameters
option SCALE: Scale is set to 1e-06 for instance and model parameters
option SCALE: Scale is set to 1e-06 for instance and model parameters
option SCALE: Scale is set to 1e-06 for instance and model parameters
Doing analysis at TEMP = 27.000000 and TNOM = 27.000000

Using KLU as Direct Linear Solver

No. of Data Rows : 1
vos = 3.469860e-04
vout = 1.195706e+00
dvbe8 = 6.224877e-02
veb8 = 7.310457e-01
dvbe1 = 6.319151e-02
rra = 8.818717e-02
rrb = 1.173963e-02
vgdrv = 2.038267e+00
Reset re-loads circuit * error-amp-offset-mc monte carlo deck -- generated by sim/error-amp-offset-mc/run_amp_offset_mc.py, do not edit

Circuit: * error-amp-offset-mc monte carlo deck -- generated by sim/error-amp-offset-mc/run_amp_offset_mc.py, do not edit

option SCALE: Scale is set to 1e-06 for instance and model parameters
option SCALE: Scale is set to 1e-06 for instance and model parameters
option SCALE: Scale is set to 1e-06 for instance and model parameters
option SCALE: Scale is set to 1e-06 for instance and model parameters
Doing analysis at TEMP = 27.000000 and TNOM = 27.000000

Using KLU as Direct Linear Solver

No. of Data Rows : 1
vos = 3.789819e-04
vout = 1.192696e+00
dvbe8 = 6.222089e-02
veb8 = 7.310066e-01
dvbe1 = 6.209786e-02
rra = 8.826471e-02
rrb = 1.173727e-02
vgdrv = 2.037901e+00
Reset re-loads circuit * error-amp-offset-mc monte carlo deck -- generated by sim/error-amp-offset-mc/run_amp_offset_mc.py, do not edit

Circuit: * error-amp-offset-mc monte carlo deck -- generated by sim/error-amp-offset-mc/run_amp_offset_mc.py, do not edit

option SCALE: Scale is set to 1e-06 for instance and model parameters
option SCALE: Scale is set to 1e-06 for instance and model parameters
option SCALE: Scale is set to 1e-06 for instance and model parameters
option SCALE: Scale is set to 1e-06 for instance and model parameters
Doing analysis at TEMP = 27.000000 and TNOM = 27.000000

Using KLU as Direct Linear Solver

No. of Data Rows : 1
vos = 1.380842e-04
vout = 1.192998e+00
dvbe8 = 6.197521e-02
veb8 = 7.307397e-01
dvbe1 = 6.295279e-02
rra = 8.809279e-02
rrb = 1.172442e-02
vgdrv = 2.035713e+00
Reset re-loads circuit * error-amp-offset-mc monte carlo deck -- generated by sim/error-amp-offset-mc/run_amp_offset_mc.py, do not edit

Circuit: * error-amp-offset-mc monte carlo deck -- generated by sim/error-amp-offset-mc/run_amp_offset_mc.py, do not edit

option SCALE: Scale is set to 1e-06 for instance and model parameters
option SCALE: Scale is set to 1e-06 for instance and model parameters
option SCALE: Scale is set to 1e-06 for instance and model parameters
option SCALE: Scale is set to 1e-06 for instance and model parameters
Doing analysis at TEMP = 27.000000 and TNOM = 27.000000

Using KLU as Direct Linear Solver

No. of Data Rows : 1
vos = -8.75211e-05
vout = 1.195049e+00
dvbe8 = 6.244580e-02
veb8 = 7.312378e-01
dvbe1 = 6.304496e-02
rra = 8.822948e-02
rrb = 1.179182e-02
vgdrv = 2.034367e+00
Reset re-loads circuit * error-amp-offset-mc monte carlo deck -- generated by sim/error-amp-offset-mc/run_amp_offset_mc.py, do not edit

Circuit: * error-amp-offset-mc monte carlo deck -- generated by sim/error-amp-offset-mc/run_amp_offset_mc.py, do not edit

option SCALE: Scale is set to 1e-06 for instance and model parameters
option SCALE: Scale is set to 1e-06 for instance and model parameters
option SCALE: Scale is set to 1e-06 for instance and model parameters
option SCALE: Scale is set to 1e-06 for instance and model parameters
Doing analysis at TEMP = 27.000000 and TNOM = 27.000000

Using KLU as Direct Linear Solver
 Reference value :  0.00000e+00
No. of Data Rows : 1
vos = -4.91427e-04
vout = 1.205318e+00
dvbe8 = 6.223370e-02
veb8 = 7.310235e-01
dvbe1 = 6.364457e-02
rra = 8.789746e-02
rrb = 1.171116e-02
vgdrv = 2.034295e+00
Reset re-loads circuit * error-amp-offset-mc monte carlo deck -- generated by sim/error-amp-offset-mc/run_amp_offset_mc.py, do not edit

Circuit: * error-amp-offset-mc monte carlo deck -- generated by sim/error-amp-offset-mc/run_amp_offset_mc.py, do not edit

option SCALE: Scale is set to 1e-06 for instance and model parameters
option SCALE: Scale is set to 1e-06 for instance and model parameters
option SCALE: Scale is set to 1e-06 for instance and model parameters
option SCALE: Scale is set to 1e-06 for instance and model parameters
Doing analysis at TEMP = 27.000000 and TNOM = 27.000000

Using KLU as Direct Linear Solver

No. of Data Rows : 1
vos = -3.65590e-04
vout = 1.200823e+00
dvbe8 = 6.245246e-02
veb8 = 7.313096e-01
dvbe1 = 6.330048e-02
rra = 8.796844e-02
rrb = 1.173292e-02
vgdrv = 2.035063e+00
Reset re-loads circuit * error-amp-offset-mc monte carlo deck -- generated by sim/error-amp-offset-mc/run_amp_offset_mc.py, do not edit

Circuit: * error-amp-offset-mc monte carlo deck -- generated by sim/error-amp-offset-mc/run_amp_offset_mc.py, do not edit

option SCALE: Scale is set to 1e-06 for instance and model parameters
option SCALE: Scale is set to 1e-06 for instance and model parameters
option SCALE: Scale is set to 1e-06 for instance and model parameters
option SCALE: Scale is set to 1e-06 for instance and model parameters
Doing analysis at TEMP = 27.000000 and TNOM = 27.000000

Using KLU as Direct Linear Solver

No. of Data Rows : 1
vos = -3.88163e-04
vout = 1.204428e+00
dvbe8 = 6.228369e-02
veb8 = 7.310871e-01
dvbe1 = 6.304834e-02
rra = 8.827946e-02
rrb = 1.180429e-02
vgdrv = 2.034991e+00
Reset re-loads circuit * error-amp-offset-mc monte carlo deck -- generated by sim/error-amp-offset-mc/run_amp_offset_mc.py, do not edit

Circuit: * error-amp-offset-mc monte carlo deck -- generated by sim/error-amp-offset-mc/run_amp_offset_mc.py, do not edit

option SCALE: Scale is set to 1e-06 for instance and model parameters
option SCALE: Scale is set to 1e-06 for instance and model parameters
option SCALE: Scale is set to 1e-06 for instance and model parameters
option SCALE: Scale is set to 1e-06 for instance and model parameters
Doing analysis at TEMP = 27.000000 and TNOM = 27.000000

Using KLU as Direct Linear Solver
 Reference value :  0.00000e+00
No. of Data Rows : 1
vos = 1.873272e-04
vout = 1.193619e+00
dvbe8 = 6.210478e-02
veb8 = 7.308741e-01
dvbe1 = 6.214841e-02
rra = 8.792499e-02
rrb = 1.175473e-02
vgdrv = 2.035471e+00
Reset re-loads circuit * error-amp-offset-mc monte carlo deck -- generated by sim/error-amp-offset-mc/run_amp_offset_mc.py, do not edit

Circuit: * error-amp-offset-mc monte carlo deck -- generated by sim/error-amp-offset-mc/run_amp_offset_mc.py, do not edit

option SCALE: Scale is set to 1e-06 for instance and model parameters
option SCALE: Scale is set to 1e-06 for instance and model parameters
option SCALE: Scale is set to 1e-06 for instance and model parameters
option SCALE: Scale is set to 1e-06 for instance and model parameters
Doing analysis at TEMP = 27.000000 and TNOM = 27.000000

Using KLU as Direct Linear Solver

No. of Data Rows : 1
vos = -5.85536e-05
vout = 1.196405e+00
dvbe8 = 6.238933e-02
veb8 = 7.311694e-01
dvbe1 = 6.242326e-02
rra = 8.800721e-02
rrb = 1.181883e-02
vgdrv = 2.040614e+00
Reset re-loads circuit * error-amp-offset-mc monte carlo deck -- generated by sim/error-amp-offset-mc/run_amp_offset_mc.py, do not edit

Circuit: * error-amp-offset-mc monte carlo deck -- generated by sim/error-amp-offset-mc/run_amp_offset_mc.py, do not edit

option SCALE: Scale is set to 1e-06 for instance and model parameters
option SCALE: Scale is set to 1e-06 for instance and model parameters
option SCALE: Scale is set to 1e-06 for instance and model parameters
option SCALE: Scale is set to 1e-06 for instance and model parameters
Doing analysis at TEMP = 27.000000 and TNOM = 27.000000

Using KLU as Direct Linear Solver

No. of Data Rows : 1
vos = -1.29462e-04
vout = 1.201586e+00
dvbe8 = 6.257886e-02
veb8 = 7.313603e-01
dvbe1 = 6.238401e-02
rra = 8.796192e-02
rrb = 1.170589e-02
vgdrv = 2.035565e+00
Reset re-loads circuit * error-amp-offset-mc monte carlo deck -- generated by sim/error-amp-offset-mc/run_amp_offset_mc.py, do not edit

Circuit: * error-amp-offset-mc monte carlo deck -- generated by sim/error-amp-offset-mc/run_amp_offset_mc.py, do not edit

option SCALE: Scale is set to 1e-06 for instance and model parameters
option SCALE: Scale is set to 1e-06 for instance and model parameters
option SCALE: Scale is set to 1e-06 for instance and model parameters
option SCALE: Scale is set to 1e-06 for instance and model parameters
Doing analysis at TEMP = 27.000000 and TNOM = 27.000000

Using KLU as Direct Linear Solver

No. of Data Rows : 1
vos = -5.29633e-04
vout = 1.208185e+00
dvbe8 = 6.241383e-02
veb8 = 7.312088e-01
dvbe1 = 6.316188e-02
rra = 8.808610e-02
rrb = 1.177470e-02
vgdrv = 2.032274e+00
Reset re-loads circuit * error-amp-offset-mc monte carlo deck -- generated by sim/error-amp-offset-mc/run_amp_offset_mc.py, do not edit

Circuit: * error-amp-offset-mc monte carlo deck -- generated by sim/error-amp-offset-mc/run_amp_offset_mc.py, do not edit

option SCALE: Scale is set to 1e-06 for instance and model parameters
option SCALE: Scale is set to 1e-06 for instance and model parameters
option SCALE: Scale is set to 1e-06 for instance and model parameters
option SCALE: Scale is set to 1e-06 for instance and model parameters
Doing analysis at TEMP = 27.000000 and TNOM = 27.000000

Using KLU as Direct Linear Solver

No. of Data Rows : 1
vos = 1.943323e-04
vout = 1.200103e+00
dvbe8 = 6.260008e-02
veb8 = 7.313792e-01
dvbe1 = 6.308007e-02
rra = 8.797288e-02
rrb = 1.175329e-02
vgdrv = 2.035817e+00
Reset re-loads circuit * error-amp-offset-mc monte carlo deck -- generated by sim/error-amp-offset-mc/run_amp_offset_mc.py, do not edit

Circuit: * error-amp-offset-mc monte carlo deck -- generated by sim/error-amp-offset-mc/run_amp_offset_mc.py, do not edit

option SCALE: Scale is set to 1e-06 for instance and model parameters
option SCALE: Scale is set to 1e-06 for instance and model parameters
option SCALE: Scale is set to 1e-06 for instance and model parameters
option SCALE: Scale is set to 1e-06 for instance and model parameters
Doing analysis at TEMP = 27.000000 and TNOM = 27.000000

Using KLU as Direct Linear Solver

No. of Data Rows : 1
vos = 5.470917e-04
vout = 1.190781e+00
dvbe8 = 6.229177e-02
veb8 = 7.310787e-01
dvbe1 = 6.363528e-02
rra = 8.803156e-02
rrb = 1.178335e-02
vgdrv = 2.040010e+00
Reset re-loads circuit * error-amp-offset-mc monte carlo deck -- generated by sim/error-amp-offset-mc/run_amp_offset_mc.py, do not edit

Circuit: * error-amp-offset-mc monte carlo deck -- generated by sim/error-amp-offset-mc/run_amp_offset_mc.py, do not edit

option SCALE: Scale is set to 1e-06 for instance and model parameters
option SCALE: Scale is set to 1e-06 for instance and model parameters
option SCALE: Scale is set to 1e-06 for instance and model parameters
option SCALE: Scale is set to 1e-06 for instance and model parameters
Doing analysis at TEMP = 27.000000 and TNOM = 27.000000

Using KLU as Direct Linear Solver
 Reference value :  0.00000e+00
No. of Data Rows : 1
vos = -1.36080e-03
vout = 1.213497e+00
dvbe8 = 6.223591e-02
veb8 = 7.310531e-01
dvbe1 = 6.321697e-02
rra = 8.809553e-02
rrb = 1.176954e-02
vgdrv = 2.033366e+00
Reset re-loads circuit * error-amp-offset-mc monte carlo deck -- generated by sim/error-amp-offset-mc/run_amp_offset_mc.py, do not edit

Circuit: * error-amp-offset-mc monte carlo deck -- generated by sim/error-amp-offset-mc/run_amp_offset_mc.py, do not edit

option SCALE: Scale is set to 1e-06 for instance and model parameters
option SCALE: Scale is set to 1e-06 for instance and model parameters
option SCALE: Scale is set to 1e-06 for instance and model parameters
option SCALE: Scale is set to 1e-06 for instance and model parameters
Doing analysis at TEMP = 27.000000 and TNOM = 27.000000

Using KLU as Direct Linear Solver

No. of Data Rows : 1
vos = 5.479971e-04
vout = 1.188922e+00
dvbe8 = 6.225705e-02
veb8 = 7.310609e-01
dvbe1 = 6.263568e-02
rra = 8.821482e-02
rrb = 1.180430e-02
vgdrv = 2.040022e+00
Reset re-loads circuit * error-amp-offset-mc monte carlo deck -- generated by sim/error-amp-offset-mc/run_amp_offset_mc.py, do not edit

Circuit: * error-amp-offset-mc monte carlo deck -- generated by sim/error-amp-offset-mc/run_amp_offset_mc.py, do not edit

option SCALE: Scale is set to 1e-06 for instance and model parameters
option SCALE: Scale is set to 1e-06 for instance and model parameters
option SCALE: Scale is set to 1e-06 for instance and model parameters
option SCALE: Scale is set to 1e-06 for instance and model parameters
Doing analysis at TEMP = 27.000000 and TNOM = 27.000000

Using KLU as Direct Linear Solver

No. of Data Rows : 1
vos = -1.74702e-04
vout = 1.196534e+00
dvbe8 = 6.245600e-02
veb8 = 7.312581e-01
dvbe1 = 6.316012e-02
rra = 8.793608e-02
rrb = 1.181891e-02
vgdrv = 2.038728e+00
Reset re-loads circuit * error-amp-offset-mc monte carlo deck -- generated by sim/error-amp-offset-mc/run_amp_offset_mc.py, do not edit

Circuit: * error-amp-offset-mc monte carlo deck -- generated by sim/error-amp-offset-mc/run_amp_offset_mc.py, do not edit

option SCALE: Scale is set to 1e-06 for instance and model parameters
option SCALE: Scale is set to 1e-06 for instance and model parameters
option SCALE: Scale is set to 1e-06 for instance and model parameters
option SCALE: Scale is set to 1e-06 for instance and model parameters
Doing analysis at TEMP = 27.000000 and TNOM = 27.000000

Using KLU as Direct Linear Solver

No. of Data Rows : 1
vos = 7.260202e-04
vout = 1.187012e+00
dvbe8 = 6.235669e-02
veb8 = 7.311409e-01
dvbe1 = 6.276990e-02
rra = 8.817009e-02
rrb = 1.174863e-02
vgdrv = 2.040017e+00
Reset re-loads circuit * error-amp-offset-mc monte carlo deck -- generated by sim/error-amp-offset-mc/run_amp_offset_mc.py, do not edit

Circuit: * error-amp-offset-mc monte carlo deck -- generated by sim/error-amp-offset-mc/run_amp_offset_mc.py, do not edit

option SCALE: Scale is set to 1e-06 for instance and model parameters
option SCALE: Scale is set to 1e-06 for instance and model parameters
option SCALE: Scale is set to 1e-06 for instance and model parameters
option SCALE: Scale is set to 1e-06 for instance and model parameters
Doing analysis at TEMP = 27.000000 and TNOM = 27.000000

Using KLU as Direct Linear Solver

No. of Data Rows : 1
vos = 6.316961e-04
vout = 1.195297e+00
dvbe8 = 6.241923e-02
veb8 = 7.312163e-01
dvbe1 = 6.262829e-02
rra = 8.808209e-02
rrb = 1.173571e-02
vgdrv = 2.038255e+00
Reset re-loads circuit * error-amp-offset-mc monte carlo deck -- generated by sim/error-amp-offset-mc/run_amp_offset_mc.py, do not edit

Circuit: * error-amp-offset-mc monte carlo deck -- generated by sim/error-amp-offset-mc/run_amp_offset_mc.py, do not edit

option SCALE: Scale is set to 1e-06 for instance and model parameters
option SCALE: Scale is set to 1e-06 for instance and model parameters
option SCALE: Scale is set to 1e-06 for instance and model parameters
option SCALE: Scale is set to 1e-06 for instance and model parameters
Doing analysis at TEMP = 27.000000 and TNOM = 27.000000

Using KLU as Direct Linear Solver

No. of Data Rows : 1
vos = 3.361942e-04
vout = 1.196372e+00
dvbe8 = 6.234124e-02
veb8 = 7.310919e-01
dvbe1 = 6.366010e-02
rra = 8.811224e-02
rrb = 1.168170e-02
vgdrv = 2.038621e+00
Reset re-loads circuit * error-amp-offset-mc monte carlo deck -- generated by sim/error-amp-offset-mc/run_amp_offset_mc.py, do not edit

Circuit: * error-amp-offset-mc monte carlo deck -- generated by sim/error-amp-offset-mc/run_amp_offset_mc.py, do not edit

option SCALE: Scale is set to 1e-06 for instance and model parameters
option SCALE: Scale is set to 1e-06 for instance and model parameters
option SCALE: Scale is set to 1e-06 for instance and model parameters
option SCALE: Scale is set to 1e-06 for instance and model parameters
Doing analysis at TEMP = 27.000000 and TNOM = 27.000000

Using KLU as Direct Linear Solver
 Reference value :  0.00000e+00
No. of Data Rows : 1
vos = 2.447382e-04
vout = 1.193969e+00
dvbe8 = 6.226303e-02
veb8 = 7.311137e-01
dvbe1 = 6.297403e-02
rra = 8.811256e-02
rrb = 1.182673e-02
vgdrv = 2.035945e+00
Reset re-loads circuit * error-amp-offset-mc monte carlo deck -- generated by sim/error-amp-offset-mc/run_amp_offset_mc.py, do not edit

Circuit: * error-amp-offset-mc monte carlo deck -- generated by sim/error-amp-offset-mc/run_amp_offset_mc.py, do not edit

option SCALE: Scale is set to 1e-06 for instance and model parameters
option SCALE: Scale is set to 1e-06 for instance and model parameters
option SCALE: Scale is set to 1e-06 for instance and model parameters
option SCALE: Scale is set to 1e-06 for instance and model parameters
Doing analysis at TEMP = 27.000000 and TNOM = 27.000000

Using KLU as Direct Linear Solver

No. of Data Rows : 1
vos = 3.172227e-05
vout = 1.202538e+00
dvbe8 = 6.211299e-02
veb8 = 7.308895e-01
dvbe1 = 6.338056e-02
rra = 8.809480e-02
rrb = 1.167146e-02
vgdrv = 2.036954e+00
Reset re-loads circuit * error-amp-offset-mc monte carlo deck -- generated by sim/error-amp-offset-mc/run_amp_offset_mc.py, do not edit

Circuit: * error-amp-offset-mc monte carlo deck -- generated by sim/error-amp-offset-mc/run_amp_offset_mc.py, do not edit

option SCALE: Scale is set to 1e-06 for instance and model parameters
option SCALE: Scale is set to 1e-06 for instance and model parameters
option SCALE: Scale is set to 1e-06 for instance and model parameters
option SCALE: Scale is set to 1e-06 for instance and model parameters
Doing analysis at TEMP = 27.000000 and TNOM = 27.000000

Using KLU as Direct Linear Solver

No. of Data Rows : 1
vos = -3.91243e-05
vout = 1.198657e+00
dvbe8 = 6.259298e-02
veb8 = 7.313368e-01
dvbe1 = 6.378392e-02
rra = 8.787914e-02
rrb = 1.178041e-02
vgdrv = 2.032683e+00
Reset re-loads circuit * error-amp-offset-mc monte carlo deck -- generated by sim/error-amp-offset-mc/run_amp_offset_mc.py, do not edit

Circuit: * error-amp-offset-mc monte carlo deck -- generated by sim/error-amp-offset-mc/run_amp_offset_mc.py, do not edit

option SCALE: Scale is set to 1e-06 for instance and model parameters
option SCALE: Scale is set to 1e-06 for instance and model parameters
option SCALE: Scale is set to 1e-06 for instance and model parameters
option SCALE: Scale is set to 1e-06 for instance and model parameters
Doing analysis at TEMP = 27.000000 and TNOM = 27.000000

Using KLU as Direct Linear Solver

No. of Data Rows : 1
vos = -3.85139e-04
vout = 1.199215e+00
dvbe8 = 6.255734e-02
veb8 = 7.313298e-01
dvbe1 = 6.259557e-02
rra = 8.808840e-02
rrb = 1.177813e-02
vgdrv = 2.036663e+00
Reset re-loads circuit * error-amp-offset-mc monte carlo deck -- generated by sim/error-amp-offset-mc/run_amp_offset_mc.py, do not edit

Circuit: * error-amp-offset-mc monte carlo deck -- generated by sim/error-amp-offset-mc/run_amp_offset_mc.py, do not edit

option SCALE: Scale is set to 1e-06 for instance and model parameters
option SCALE: Scale is set to 1e-06 for instance and model parameters
option SCALE: Scale is set to 1e-06 for instance and model parameters
option SCALE: Scale is set to 1e-06 for instance and model parameters
Doing analysis at TEMP = 27.000000 and TNOM = 27.000000

Using KLU as Direct Linear Solver

No. of Data Rows : 1
vos = -2.44122e-05
vout = 1.199646e+00
dvbe8 = 6.219509e-02
veb8 = 7.309885e-01
dvbe1 = 6.284821e-02
rra = 8.821694e-02
rrb = 1.183224e-02
vgdrv = 2.038936e+00
Reset re-loads circuit * error-amp-offset-mc monte carlo deck -- generated by sim/error-amp-offset-mc/run_amp_offset_mc.py, do not edit

Circuit: * error-amp-offset-mc monte carlo deck -- generated by sim/error-amp-offset-mc/run_amp_offset_mc.py, do not edit

option SCALE: Scale is set to 1e-06 for instance and model parameters
option SCALE: Scale is set to 1e-06 for instance and model parameters
option SCALE: Scale is set to 1e-06 for instance and model parameters
option SCALE: Scale is set to 1e-06 for instance and model parameters
Doing analysis at TEMP = 27.000000 and TNOM = 27.000000

Using KLU as Direct Linear Solver

No. of Data Rows : 1
vos = -1.12154e-04
vout = 1.199923e+00
dvbe8 = 6.231755e-02
veb8 = 7.311092e-01
dvbe1 = 6.328056e-02
rra = 8.791052e-02
rrb = 1.174383e-02
vgdrv = 2.035507e+00
Reset re-loads circuit * error-amp-offset-mc monte carlo deck -- generated by sim/error-amp-offset-mc/run_amp_offset_mc.py, do not edit

Circuit: * error-amp-offset-mc monte carlo deck -- generated by sim/error-amp-offset-mc/run_amp_offset_mc.py, do not edit

option SCALE: Scale is set to 1e-06 for instance and model parameters
option SCALE: Scale is set to 1e-06 for instance and model parameters
option SCALE: Scale is set to 1e-06 for instance and model parameters
option SCALE: Scale is set to 1e-06 for instance and model parameters
Doing analysis at TEMP = 27.000000 and TNOM = 27.000000

Using KLU as Direct Linear Solver
 Reference value :  0.00000e+00
No. of Data Rows : 1
vos = -5.47890e-04
vout = 1.208730e+00
dvbe8 = 6.243457e-02
veb8 = 7.312438e-01
dvbe1 = 6.304524e-02
rra = 8.796773e-02
rrb = 1.167530e-02
vgdrv = 2.035840e+00
Reset re-loads circuit * error-amp-offset-mc monte carlo deck -- generated by sim/error-amp-offset-mc/run_amp_offset_mc.py, do not edit

Circuit: * error-amp-offset-mc monte carlo deck -- generated by sim/error-amp-offset-mc/run_amp_offset_mc.py, do not edit

option SCALE: Scale is set to 1e-06 for instance and model parameters
option SCALE: Scale is set to 1e-06 for instance and model parameters
option SCALE: Scale is set to 1e-06 for instance and model parameters
option SCALE: Scale is set to 1e-06 for instance and model parameters
Doing analysis at TEMP = 27.000000 and TNOM = 27.000000

Using KLU as Direct Linear Solver

No. of Data Rows : 1
vos = -2.87885e-05
vout = 1.197100e+00
dvbe8 = 6.232039e-02
veb8 = 7.310958e-01
dvbe1 = 6.298111e-02
rra = 8.835922e-02
rrb = 1.174700e-02
vgdrv = 2.036667e+00
Reset re-loads circuit * error-amp-offset-mc monte carlo deck -- generated by sim/error-amp-offset-mc/run_amp_offset_mc.py, do not edit

Circuit: * error-amp-offset-mc monte carlo deck -- generated by sim/error-amp-offset-mc/run_amp_offset_mc.py, do not edit

option SCALE: Scale is set to 1e-06 for instance and model parameters
option SCALE: Scale is set to 1e-06 for instance and model parameters
option SCALE: Scale is set to 1e-06 for instance and model parameters
option SCALE: Scale is set to 1e-06 for instance and model parameters
Doing analysis at TEMP = 27.000000 and TNOM = 27.000000

Using KLU as Direct Linear Solver

No. of Data Rows : 1
vos = -7.98066e-04
vout = 1.208538e+00
dvbe8 = 6.239260e-02
veb8 = 7.311486e-01
dvbe1 = 6.269066e-02
rra = 8.799235e-02
rrb = 1.181053e-02
vgdrv = 2.034478e+00
Reset re-loads circuit * error-amp-offset-mc monte carlo deck -- generated by sim/error-amp-offset-mc/run_amp_offset_mc.py, do not edit

Circuit: * error-amp-offset-mc monte carlo deck -- generated by sim/error-amp-offset-mc/run_amp_offset_mc.py, do not edit

option SCALE: Scale is set to 1e-06 for instance and model parameters
option SCALE: Scale is set to 1e-06 for instance and model parameters
option SCALE: Scale is set to 1e-06 for instance and model parameters
option SCALE: Scale is set to 1e-06 for instance and model parameters
Doing analysis at TEMP = 27.000000 and TNOM = 27.000000

Using KLU as Direct Linear Solver

No. of Data Rows : 1
vos = -1.11987e-04
vout = 1.198919e+00
dvbe8 = 6.225259e-02
veb8 = 7.310414e-01
dvbe1 = 6.340565e-02
rra = 8.799942e-02
rrb = 1.181873e-02
vgdrv = 2.036068e+00
Reset re-loads circuit * error-amp-offset-mc monte carlo deck -- generated by sim/error-amp-offset-mc/run_amp_offset_mc.py, do not edit

Circuit: * error-amp-offset-mc monte carlo deck -- generated by sim/error-amp-offset-mc/run_amp_offset_mc.py, do not edit

option SCALE: Scale is set to 1e-06 for instance and model parameters
option SCALE: Scale is set to 1e-06 for instance and model parameters
option SCALE: Scale is set to 1e-06 for instance and model parameters
option SCALE: Scale is set to 1e-06 for instance and model parameters
Doing analysis at TEMP = 27.000000 and TNOM = 27.000000

Using KLU as Direct Linear Solver

No. of Data Rows : 1
vos = -9.64672e-04
vout = 1.206769e+00
dvbe8 = 6.246959e-02
veb8 = 7.312425e-01
dvbe1 = 6.194722e-02
rra = 8.793232e-02
rrb = 1.177169e-02
vgdrv = 2.037699e+00
Reset re-loads circuit * error-amp-offset-mc monte carlo deck -- generated by sim/error-amp-offset-mc/run_amp_offset_mc.py, do not edit

Circuit: * error-amp-offset-mc monte carlo deck -- generated by sim/error-amp-offset-mc/run_amp_offset_mc.py, do not edit

option SCALE: Scale is set to 1e-06 for instance and model parameters
option SCALE: Scale is set to 1e-06 for instance and model parameters
option SCALE: Scale is set to 1e-06 for instance and model parameters
option SCALE: Scale is set to 1e-06 for instance and model parameters
Doing analysis at TEMP = 27.000000 and TNOM = 27.000000

Using KLU as Direct Linear Solver

No. of Data Rows : 1
vos = -5.46115e-04
vout = 1.205483e+00
dvbe8 = 6.235503e-02
veb8 = 7.311295e-01
dvbe1 = 6.283862e-02
rra = 8.800773e-02
rrb = 1.171046e-02
vgdrv = 2.031284e+00
Reset re-loads circuit * error-amp-offset-mc monte carlo deck -- generated by sim/error-amp-offset-mc/run_amp_offset_mc.py, do not edit

Circuit: * error-amp-offset-mc monte carlo deck -- generated by sim/error-amp-offset-mc/run_amp_offset_mc.py, do not edit

option SCALE: Scale is set to 1e-06 for instance and model parameters
option SCALE: Scale is set to 1e-06 for instance and model parameters
option SCALE: Scale is set to 1e-06 for instance and model parameters
option SCALE: Scale is set to 1e-06 for instance and model parameters
Doing analysis at TEMP = 27.000000 and TNOM = 27.000000

Using KLU as Direct Linear Solver
 Reference value :  0.00000e+00
No. of Data Rows : 1
vos = -2.02919e-04
vout = 1.204033e+00
dvbe8 = 6.245924e-02
veb8 = 7.312004e-01
dvbe1 = 6.269083e-02
rra = 8.808125e-02
rrb = 1.176102e-02
vgdrv = 2.032023e+00
Reset re-loads circuit * error-amp-offset-mc monte carlo deck -- generated by sim/error-amp-offset-mc/run_amp_offset_mc.py, do not edit

Circuit: * error-amp-offset-mc monte carlo deck -- generated by sim/error-amp-offset-mc/run_amp_offset_mc.py, do not edit

option SCALE: Scale is set to 1e-06 for instance and model parameters
option SCALE: Scale is set to 1e-06 for instance and model parameters
option SCALE: Scale is set to 1e-06 for instance and model parameters
option SCALE: Scale is set to 1e-06 for instance and model parameters
Doing analysis at TEMP = 27.000000 and TNOM = 27.000000

Using KLU as Direct Linear Solver

No. of Data Rows : 1
vos = 5.006116e-04
vout = 1.192906e+00
dvbe8 = 6.242680e-02
veb8 = 7.312541e-01
dvbe1 = 6.262999e-02
rra = 8.810119e-02
rrb = 1.178917e-02
vgdrv = 2.042966e+00
Reset re-loads circuit * error-amp-offset-mc monte carlo deck -- generated by sim/error-amp-offset-mc/run_amp_offset_mc.py, do not edit

Circuit: * error-amp-offset-mc monte carlo deck -- generated by sim/error-amp-offset-mc/run_amp_offset_mc.py, do not edit

option SCALE: Scale is set to 1e-06 for instance and model parameters
option SCALE: Scale is set to 1e-06 for instance and model parameters
option SCALE: Scale is set to 1e-06 for instance and model parameters
option SCALE: Scale is set to 1e-06 for instance and model parameters
Doing analysis at TEMP = 27.000000 and TNOM = 27.000000

Using KLU as Direct Linear Solver

No. of Data Rows : 1
vos = 9.115188e-04
vout = 1.188550e+00
dvbe8 = 6.214142e-02
veb8 = 7.309366e-01
dvbe1 = 6.352120e-02
rra = 8.804341e-02
rrb = 1.173526e-02
vgdrv = 2.036890e+00
Reset re-loads circuit * error-amp-offset-mc monte carlo deck -- generated by sim/error-amp-offset-mc/run_amp_offset_mc.py, do not edit

Circuit: * error-amp-offset-mc monte carlo deck -- generated by sim/error-amp-offset-mc/run_amp_offset_mc.py, do not edit

option SCALE: Scale is set to 1e-06 for instance and model parameters
option SCALE: Scale is set to 1e-06 for instance and model parameters
option SCALE: Scale is set to 1e-06 for instance and model parameters
option SCALE: Scale is set to 1e-06 for instance and model parameters
Doing analysis at TEMP = 27.000000 and TNOM = 27.000000

Using KLU as Direct Linear Solver

No. of Data Rows : 1
vos = -3.44158e-04
vout = 1.197970e+00
dvbe8 = 6.224882e-02
veb8 = 7.310356e-01
dvbe1 = 6.256324e-02
rra = 8.817984e-02
rrb = 1.166109e-02
vgdrv = 2.038646e+00
Reset re-loads circuit * error-amp-offset-mc monte carlo deck -- generated by sim/error-amp-offset-mc/run_amp_offset_mc.py, do not edit

Circuit: * error-amp-offset-mc monte carlo deck -- generated by sim/error-amp-offset-mc/run_amp_offset_mc.py, do not edit

option SCALE: Scale is set to 1e-06 for instance and model parameters
option SCALE: Scale is set to 1e-06 for instance and model parameters
option SCALE: Scale is set to 1e-06 for instance and model parameters
option SCALE: Scale is set to 1e-06 for instance and model parameters
Doing analysis at TEMP = 27.000000 and TNOM = 27.000000

Using KLU as Direct Linear Solver

No. of Data Rows : 1
vos = -1.13409e-04
vout = 1.201734e+00
dvbe8 = 6.235257e-02
veb8 = 7.311437e-01
dvbe1 = 6.220164e-02
rra = 8.812563e-02
rrb = 1.169915e-02
vgdrv = 2.037778e+00
Reset re-loads circuit * error-amp-offset-mc monte carlo deck -- generated by sim/error-amp-offset-mc/run_amp_offset_mc.py, do not edit

Circuit: * error-amp-offset-mc monte carlo deck -- generated by sim/error-amp-offset-mc/run_amp_offset_mc.py, do not edit

option SCALE: Scale is set to 1e-06 for instance and model parameters
option SCALE: Scale is set to 1e-06 for instance and model parameters
option SCALE: Scale is set to 1e-06 for instance and model parameters
option SCALE: Scale is set to 1e-06 for instance and model parameters
Doing analysis at TEMP = 27.000000 and TNOM = 27.000000

Using KLU as Direct Linear Solver

No. of Data Rows : 1
vos = -8.64728e-04
vout = 1.207960e+00
dvbe8 = 6.232242e-02
veb8 = 7.311430e-01
dvbe1 = 6.254134e-02
rra = 8.821285e-02
rrb = 1.174065e-02
vgdrv = 2.032287e+00
Reset re-loads circuit * error-amp-offset-mc monte carlo deck -- generated by sim/error-amp-offset-mc/run_amp_offset_mc.py, do not edit

Circuit: * error-amp-offset-mc monte carlo deck -- generated by sim/error-amp-offset-mc/run_amp_offset_mc.py, do not edit

option SCALE: Scale is set to 1e-06 for instance and model parameters
option SCALE: Scale is set to 1e-06 for instance and model parameters
option SCALE: Scale is set to 1e-06 for instance and model parameters
option SCALE: Scale is set to 1e-06 for instance and model parameters
Doing analysis at TEMP = 27.000000 and TNOM = 27.000000

Using KLU as Direct Linear Solver
 Reference value :  0.00000e+00
No. of Data Rows : 1
vos = -3.26314e-05
vout = 1.199962e+00
dvbe8 = 6.236964e-02
veb8 = 7.312072e-01
dvbe1 = 6.316074e-02
rra = 8.821982e-02
rrb = 1.169832e-02
vgdrv = 2.036903e+00
Reset re-loads circuit * error-amp-offset-mc monte carlo deck -- generated by sim/error-amp-offset-mc/run_amp_offset_mc.py, do not edit

Circuit: * error-amp-offset-mc monte carlo deck -- generated by sim/error-amp-offset-mc/run_amp_offset_mc.py, do not edit

option SCALE: Scale is set to 1e-06 for instance and model parameters
option SCALE: Scale is set to 1e-06 for instance and model parameters
option SCALE: Scale is set to 1e-06 for instance and model parameters
option SCALE: Scale is set to 1e-06 for instance and model parameters
Doing analysis at TEMP = 27.000000 and TNOM = 27.000000

Using KLU as Direct Linear Solver

No. of Data Rows : 1
vos = 2.491890e-04
vout = 1.195545e+00
dvbe8 = 6.250850e-02
veb8 = 7.313094e-01
dvbe1 = 6.251760e-02
rra = 8.801593e-02
rrb = 1.174830e-02
vgdrv = 2.038854e+00
Reset re-loads circuit * error-amp-offset-mc monte carlo deck -- generated by sim/error-amp-offset-mc/run_amp_offset_mc.py, do not edit

Circuit: * error-amp-offset-mc monte carlo deck -- generated by sim/error-amp-offset-mc/run_amp_offset_mc.py, do not edit

option SCALE: Scale is set to 1e-06 for instance and model parameters
option SCALE: Scale is set to 1e-06 for instance and model parameters
option SCALE: Scale is set to 1e-06 for instance and model parameters
option SCALE: Scale is set to 1e-06 for instance and model parameters
Doing analysis at TEMP = 27.000000 and TNOM = 27.000000

Using KLU as Direct Linear Solver
 Reference value :  0.00000e+00
No. of Data Rows : 1
vos = -2.57637e-04
vout = 1.201586e+00
dvbe8 = 6.220223e-02
veb8 = 7.309875e-01
dvbe1 = 6.290323e-02
rra = 8.811602e-02
rrb = 1.177219e-02
vgdrv = 2.036973e+00
Reset re-loads circuit * error-amp-offset-mc monte carlo deck -- generated by sim/error-amp-offset-mc/run_amp_offset_mc.py, do not edit

Circuit: * error-amp-offset-mc monte carlo deck -- generated by sim/error-amp-offset-mc/run_amp_offset_mc.py, do not edit

option SCALE: Scale is set to 1e-06 for instance and model parameters
option SCALE: Scale is set to 1e-06 for instance and model parameters
option SCALE: Scale is set to 1e-06 for instance and model parameters
option SCALE: Scale is set to 1e-06 for instance and model parameters
Doing analysis at TEMP = 27.000000 and TNOM = 27.000000

Using KLU as Direct Linear Solver
 Reference value :  0.00000e+00
No. of Data Rows : 1
vos = -5.27245e-04
vout = 1.202632e+00
dvbe8 = 6.221461e-02
veb8 = 7.309870e-01
dvbe1 = 6.282345e-02
rra = 8.808460e-02
rrb = 1.186251e-02
vgdrv = 2.036918e+00
Reset re-loads circuit * error-amp-offset-mc monte carlo deck -- generated by sim/error-amp-offset-mc/run_amp_offset_mc.py, do not edit

Circuit: * error-amp-offset-mc monte carlo deck -- generated by sim/error-amp-offset-mc/run_amp_offset_mc.py, do not edit

option SCALE: Scale is set to 1e-06 for instance and model parameters
option SCALE: Scale is set to 1e-06 for instance and model parameters
option SCALE: Scale is set to 1e-06 for instance and model parameters
option SCALE: Scale is set to 1e-06 for instance and model parameters
Doing analysis at TEMP = 27.000000 and TNOM = 27.000000

Using KLU as Direct Linear Solver

No. of Data Rows : 1
vos = -7.57761e-04
vout = 1.204417e+00
dvbe8 = 6.266769e-02
veb8 = 7.314979e-01
dvbe1 = 6.336580e-02
rra = 8.812440e-02
rrb = 1.181195e-02
vgdrv = 2.039801e+00
Reset re-loads circuit * error-amp-offset-mc monte carlo deck -- generated by sim/error-amp-offset-mc/run_amp_offset_mc.py, do not edit

Circuit: * error-amp-offset-mc monte carlo deck -- generated by sim/error-amp-offset-mc/run_amp_offset_mc.py, do not edit

option SCALE: Scale is set to 1e-06 for instance and model parameters
option SCALE: Scale is set to 1e-06 for instance and model parameters
option SCALE: Scale is set to 1e-06 for instance and model parameters
option SCALE: Scale is set to 1e-06 for instance and model parameters
Doing analysis at TEMP = 27.000000 and TNOM = 27.000000

Using KLU as Direct Linear Solver

No. of Data Rows : 1
vos = -4.15622e-04
vout = 1.197950e+00
dvbe8 = 6.253194e-02
veb8 = 7.313754e-01
dvbe1 = 6.309518e-02
rra = 8.817140e-02
rrb = 1.174139e-02
vgdrv = 2.036391e+00
Reset re-loads circuit * error-amp-offset-mc monte carlo deck -- generated by sim/error-amp-offset-mc/run_amp_offset_mc.py, do not edit

Circuit: * error-amp-offset-mc monte carlo deck -- generated by sim/error-amp-offset-mc/run_amp_offset_mc.py, do not edit

option SCALE: Scale is set to 1e-06 for instance and model parameters
option SCALE: Scale is set to 1e-06 for instance and model parameters
option SCALE: Scale is set to 1e-06 for instance and model parameters
option SCALE: Scale is set to 1e-06 for instance and model parameters
Doing analysis at TEMP = 27.000000 and TNOM = 27.000000

Using KLU as Direct Linear Solver

No. of Data Rows : 1
vos = 8.278858e-05
vout = 1.200144e+00
dvbe8 = 6.249377e-02
veb8 = 7.312892e-01
dvbe1 = 6.258173e-02
rra = 8.800460e-02
rrb = 1.175020e-02
vgdrv = 2.035247e+00
Reset re-loads circuit * error-amp-offset-mc monte carlo deck -- generated by sim/error-amp-offset-mc/run_amp_offset_mc.py, do not edit

Circuit: * error-amp-offset-mc monte carlo deck -- generated by sim/error-amp-offset-mc/run_amp_offset_mc.py, do not edit

option SCALE: Scale is set to 1e-06 for instance and model parameters
option SCALE: Scale is set to 1e-06 for instance and model parameters
option SCALE: Scale is set to 1e-06 for instance and model parameters
option SCALE: Scale is set to 1e-06 for instance and model parameters
Doing analysis at TEMP = 27.000000 and TNOM = 27.000000

Using KLU as Direct Linear Solver
 Reference value :  0.00000e+00
No. of Data Rows : 1
vos = 1.421500e-04
vout = 1.197252e+00
dvbe8 = 6.213933e-02
veb8 = 7.309641e-01
dvbe1 = 6.284813e-02
rra = 8.798312e-02
rrb = 1.169703e-02
vgdrv = 2.037644e+00
Reset re-loads circuit * error-amp-offset-mc monte carlo deck -- generated by sim/error-amp-offset-mc/run_amp_offset_mc.py, do not edit

Circuit: * error-amp-offset-mc monte carlo deck -- generated by sim/error-amp-offset-mc/run_amp_offset_mc.py, do not edit

option SCALE: Scale is set to 1e-06 for instance and model parameters
option SCALE: Scale is set to 1e-06 for instance and model parameters
option SCALE: Scale is set to 1e-06 for instance and model parameters
option SCALE: Scale is set to 1e-06 for instance and model parameters
Doing analysis at TEMP = 27.000000 and TNOM = 27.000000

Using KLU as Direct Linear Solver

No. of Data Rows : 1
vos = -4.42345e-04
vout = 1.203143e+00
dvbe8 = 6.204567e-02
veb8 = 7.308543e-01
dvbe1 = 6.371677e-02
rra = 8.815436e-02
rrb = 1.171022e-02
vgdrv = 2.031984e+00
Reset re-loads circuit * error-amp-offset-mc monte carlo deck -- generated by sim/error-amp-offset-mc/run_amp_offset_mc.py, do not edit

Circuit: * error-amp-offset-mc monte carlo deck -- generated by sim/error-amp-offset-mc/run_amp_offset_mc.py, do not edit

option SCALE: Scale is set to 1e-06 for instance and model parameters
option SCALE: Scale is set to 1e-06 for instance and model parameters
option SCALE: Scale is set to 1e-06 for instance and model parameters
option SCALE: Scale is set to 1e-06 for instance and model parameters
Doing analysis at TEMP = 27.000000 and TNOM = 27.000000

Using KLU as Direct Linear Solver

No. of Data Rows : 1
vos = -2.51363e-04
vout = 1.206437e+00
dvbe8 = 6.210861e-02
veb8 = 7.308910e-01
dvbe1 = 6.339719e-02
rra = 8.822573e-02
rrb = 1.172365e-02
vgdrv = 2.031145e+00
Reset re-loads circuit * error-amp-offset-mc monte carlo deck -- generated by sim/error-amp-offset-mc/run_amp_offset_mc.py, do not edit

Circuit: * error-amp-offset-mc monte carlo deck -- generated by sim/error-amp-offset-mc/run_amp_offset_mc.py, do not edit

option SCALE: Scale is set to 1e-06 for instance and model parameters
option SCALE: Scale is set to 1e-06 for instance and model parameters
option SCALE: Scale is set to 1e-06 for instance and model parameters
option SCALE: Scale is set to 1e-06 for instance and model parameters
Doing analysis at TEMP = 27.000000 and TNOM = 27.000000

Using KLU as Direct Linear Solver

No. of Data Rows : 1
vos = -4.85927e-04
vout = 1.204493e+00
dvbe8 = 6.223729e-02
veb8 = 7.310230e-01
dvbe1 = 6.326530e-02
rra = 8.796955e-02
rrb = 1.181680e-02
vgdrv = 2.035709e+00
Reset re-loads circuit * error-amp-offset-mc monte carlo deck -- generated by sim/error-amp-offset-mc/run_amp_offset_mc.py, do not edit

Circuit: * error-amp-offset-mc monte carlo deck -- generated by sim/error-amp-offset-mc/run_amp_offset_mc.py, do not edit

option SCALE: Scale is set to 1e-06 for instance and model parameters
option SCALE: Scale is set to 1e-06 for instance and model parameters
option SCALE: Scale is set to 1e-06 for instance and model parameters
option SCALE: Scale is set to 1e-06 for instance and model parameters
Doing analysis at TEMP = 27.000000 and TNOM = 27.000000

Using KLU as Direct Linear Solver

No. of Data Rows : 1
vos = 5.462613e-04
vout = 1.192935e+00
dvbe8 = 6.217044e-02
veb8 = 7.309349e-01
dvbe1 = 6.251511e-02
rra = 8.812561e-02
rrb = 1.180389e-02
vgdrv = 2.040770e+00
Reset re-loads circuit * error-amp-offset-mc monte carlo deck -- generated by sim/error-amp-offset-mc/run_amp_offset_mc.py, do not edit

Circuit: * error-amp-offset-mc monte carlo deck -- generated by sim/error-amp-offset-mc/run_amp_offset_mc.py, do not edit

option SCALE: Scale is set to 1e-06 for instance and model parameters
option SCALE: Scale is set to 1e-06 for instance and model parameters
option SCALE: Scale is set to 1e-06 for instance and model parameters
option SCALE: Scale is set to 1e-06 for instance and model parameters
Doing analysis at TEMP = 27.000000 and TNOM = 27.000000

Using KLU as Direct Linear Solver

No. of Data Rows : 1
vos = -7.86397e-04
vout = 1.209101e+00
dvbe8 = 6.255979e-02
veb8 = 7.313646e-01
dvbe1 = 6.276729e-02
rra = 8.798923e-02
rrb = 1.183676e-02
vgdrv = 2.034342e+00
Reset re-loads circuit * error-amp-offset-mc monte carlo deck -- generated by sim/error-amp-offset-mc/run_amp_offset_mc.py, do not edit

Circuit: * error-amp-offset-mc monte carlo deck -- generated by sim/error-amp-offset-mc/run_amp_offset_mc.py, do not edit

option SCALE: Scale is set to 1e-06 for instance and model parameters
option SCALE: Scale is set to 1e-06 for instance and model parameters
option SCALE: Scale is set to 1e-06 for instance and model parameters
option SCALE: Scale is set to 1e-06 for instance and model parameters
Doing analysis at TEMP = 27.000000 and TNOM = 27.000000

Using KLU as Direct Linear Solver
 Reference value :  0.00000e+00
No. of Data Rows : 1
vos = -6.22806e-05
vout = 1.194710e+00
dvbe8 = 6.197257e-02
veb8 = 7.307646e-01
dvbe1 = 6.287310e-02
rra = 8.813375e-02
rrb = 1.174385e-02
vgdrv = 2.039502e+00
Reset re-loads circuit * error-amp-offset-mc monte carlo deck -- generated by sim/error-amp-offset-mc/run_amp_offset_mc.py, do not edit

Circuit: * error-amp-offset-mc monte carlo deck -- generated by sim/error-amp-offset-mc/run_amp_offset_mc.py, do not edit

option SCALE: Scale is set to 1e-06 for instance and model parameters
option SCALE: Scale is set to 1e-06 for instance and model parameters
option SCALE: Scale is set to 1e-06 for instance and model parameters
option SCALE: Scale is set to 1e-06 for instance and model parameters
Doing analysis at TEMP = 27.000000 and TNOM = 27.000000

Using KLU as Direct Linear Solver

No. of Data Rows : 1
vos = 1.260716e-03
vout = 1.187288e+00
dvbe8 = 6.225786e-02
veb8 = 7.310505e-01
dvbe1 = 6.281067e-02
rra = 8.816306e-02
rrb = 1.180439e-02
vgdrv = 2.038333e+00
Reset re-loads circuit * error-amp-offset-mc monte carlo deck -- generated by sim/error-amp-offset-mc/run_amp_offset_mc.py, do not edit

Circuit: * error-amp-offset-mc monte carlo deck -- generated by sim/error-amp-offset-mc/run_amp_offset_mc.py, do not edit

option SCALE: Scale is set to 1e-06 for instance and model parameters
option SCALE: Scale is set to 1e-06 for instance and model parameters
option SCALE: Scale is set to 1e-06 for instance and model parameters
option SCALE: Scale is set to 1e-06 for instance and model parameters
Doing analysis at TEMP = 27.000000 and TNOM = 27.000000

Using KLU as Direct Linear Solver

No. of Data Rows : 1
vos = 1.967361e-04
vout = 1.198792e+00
dvbe8 = 6.258236e-02
veb8 = 7.313912e-01
dvbe1 = 6.267456e-02
rra = 8.812338e-02
rrb = 1.161965e-02
vgdrv = 2.034340e+00
Reset re-loads circuit * error-amp-offset-mc monte carlo deck -- generated by sim/error-amp-offset-mc/run_amp_offset_mc.py, do not edit

Circuit: * error-amp-offset-mc monte carlo deck -- generated by sim/error-amp-offset-mc/run_amp_offset_mc.py, do not edit

option SCALE: Scale is set to 1e-06 for instance and model parameters
option SCALE: Scale is set to 1e-06 for instance and model parameters
option SCALE: Scale is set to 1e-06 for instance and model parameters
option SCALE: Scale is set to 1e-06 for instance and model parameters
Doing analysis at TEMP = 27.000000 and TNOM = 27.000000

Using KLU as Direct Linear Solver

No. of Data Rows : 1
vos = 3.017326e-04
vout = 1.196512e+00
dvbe8 = 6.225234e-02
veb8 = 7.310468e-01
dvbe1 = 6.305310e-02
rra = 8.814532e-02
rrb = 1.184274e-02
vgdrv = 2.034025e+00
Reset re-loads circuit * error-amp-offset-mc monte carlo deck -- generated by sim/error-amp-offset-mc/run_amp_offset_mc.py, do not edit

Circuit: * error-amp-offset-mc monte carlo deck -- generated by sim/error-amp-offset-mc/run_amp_offset_mc.py, do not edit

option SCALE: Scale is set to 1e-06 for instance and model parameters
option SCALE: Scale is set to 1e-06 for instance and model parameters
option SCALE: Scale is set to 1e-06 for instance and model parameters
option SCALE: Scale is set to 1e-06 for instance and model parameters
Doing analysis at TEMP = 27.000000 and TNOM = 27.000000

Using KLU as Direct Linear Solver

No. of Data Rows : 1
vos = -3.75479e-05
vout = 1.201031e+00
dvbe8 = 6.217488e-02
veb8 = 7.309654e-01
dvbe1 = 6.293451e-02
rra = 8.803515e-02
rrb = 1.178476e-02
vgdrv = 2.032731e+00
Reset re-loads circuit * error-amp-offset-mc monte carlo deck -- generated by sim/error-amp-offset-mc/run_amp_offset_mc.py, do not edit

Circuit: * error-amp-offset-mc monte carlo deck -- generated by sim/error-amp-offset-mc/run_amp_offset_mc.py, do not edit

option SCALE: Scale is set to 1e-06 for instance and model parameters
option SCALE: Scale is set to 1e-06 for instance and model parameters
option SCALE: Scale is set to 1e-06 for instance and model parameters
option SCALE: Scale is set to 1e-06 for instance and model parameters
Doing analysis at TEMP = 27.000000 and TNOM = 27.000000

Using KLU as Direct Linear Solver

No. of Data Rows : 1
vos = -1.28369e-04
vout = 1.199169e+00
dvbe8 = 6.238261e-02
veb8 = 7.311867e-01
dvbe1 = 6.240669e-02
rra = 8.808859e-02
rrb = 1.177773e-02
vgdrv = 2.040567e+00
Reset re-loads circuit * error-amp-offset-mc monte carlo deck -- generated by sim/error-amp-offset-mc/run_amp_offset_mc.py, do not edit

Circuit: * error-amp-offset-mc monte carlo deck -- generated by sim/error-amp-offset-mc/run_amp_offset_mc.py, do not edit

option SCALE: Scale is set to 1e-06 for instance and model parameters
option SCALE: Scale is set to 1e-06 for instance and model parameters
option SCALE: Scale is set to 1e-06 for instance and model parameters
option SCALE: Scale is set to 1e-06 for instance and model parameters
Doing analysis at TEMP = 27.000000 and TNOM = 27.000000

Using KLU as Direct Linear Solver
 Reference value :  0.00000e+00
No. of Data Rows : 1
vos = -9.75973e-05
vout = 1.197986e+00
dvbe8 = 6.198940e-02
veb8 = 7.307911e-01
dvbe1 = 6.268836e-02
rra = 8.808656e-02
rrb = 1.176221e-02
vgdrv = 2.031021e+00
Reset re-loads circuit * error-amp-offset-mc monte carlo deck -- generated by sim/error-amp-offset-mc/run_amp_offset_mc.py, do not edit

Circuit: * error-amp-offset-mc monte carlo deck -- generated by sim/error-amp-offset-mc/run_amp_offset_mc.py, do not edit

option SCALE: Scale is set to 1e-06 for instance and model parameters
option SCALE: Scale is set to 1e-06 for instance and model parameters
option SCALE: Scale is set to 1e-06 for instance and model parameters
option SCALE: Scale is set to 1e-06 for instance and model parameters
Doing analysis at TEMP = 27.000000 and TNOM = 27.000000

Using KLU as Direct Linear Solver

No. of Data Rows : 1
vos = -3.38458e-04
vout = 1.199147e+00
dvbe8 = 6.238545e-02
veb8 = 7.311617e-01
dvbe1 = 6.405678e-02
rra = 8.819902e-02
rrb = 1.174444e-02
vgdrv = 2.033397e+00
Reset re-loads circuit * error-amp-offset-mc monte carlo deck -- generated by sim/error-amp-offset-mc/run_amp_offset_mc.py, do not edit

Circuit: * error-amp-offset-mc monte carlo deck -- generated by sim/error-amp-offset-mc/run_amp_offset_mc.py, do not edit

option SCALE: Scale is set to 1e-06 for instance and model parameters
option SCALE: Scale is set to 1e-06 for instance and model parameters
option SCALE: Scale is set to 1e-06 for instance and model parameters
option SCALE: Scale is set to 1e-06 for instance and model parameters
Doing analysis at TEMP = 27.000000 and TNOM = 27.000000

Using KLU as Direct Linear Solver

No. of Data Rows : 1
vos = -3.46536e-04
vout = 1.198510e+00
dvbe8 = 6.228964e-02
veb8 = 7.311052e-01
dvbe1 = 6.332870e-02
rra = 8.818206e-02
rrb = 1.173348e-02
vgdrv = 2.035721e+00
Reset re-loads circuit * error-amp-offset-mc monte carlo deck -- generated by sim/error-amp-offset-mc/run_amp_offset_mc.py, do not edit

Circuit: * error-amp-offset-mc monte carlo deck -- generated by sim/error-amp-offset-mc/run_amp_offset_mc.py, do not edit

option SCALE: Scale is set to 1e-06 for instance and model parameters
option SCALE: Scale is set to 1e-06 for instance and model parameters
option SCALE: Scale is set to 1e-06 for instance and model parameters
option SCALE: Scale is set to 1e-06 for instance and model parameters
Doing analysis at TEMP = 27.000000 and TNOM = 27.000000

Using KLU as Direct Linear Solver

No. of Data Rows : 1
vos = 1.597814e-04
vout = 1.200576e+00
dvbe8 = 6.265371e-02
veb8 = 7.314497e-01
dvbe1 = 6.306999e-02
rra = 8.808503e-02
rrb = 1.171968e-02
vgdrv = 2.039429e+00
Reset re-loads circuit * error-amp-offset-mc monte carlo deck -- generated by sim/error-amp-offset-mc/run_amp_offset_mc.py, do not edit

Circuit: * error-amp-offset-mc monte carlo deck -- generated by sim/error-amp-offset-mc/run_amp_offset_mc.py, do not edit

option SCALE: Scale is set to 1e-06 for instance and model parameters
option SCALE: Scale is set to 1e-06 for instance and model parameters
option SCALE: Scale is set to 1e-06 for instance and model parameters
option SCALE: Scale is set to 1e-06 for instance and model parameters
Doing analysis at TEMP = 27.000000 and TNOM = 27.000000

Using KLU as Direct Linear Solver

No. of Data Rows : 1
vos = -3.23088e-04
vout = 1.204294e+00
dvbe8 = 6.237598e-02
veb8 = 7.312053e-01
dvbe1 = 6.330541e-02
rra = 8.812494e-02
rrb = 1.179073e-02
vgdrv = 2.041236e+00
Reset re-loads circuit * error-amp-offset-mc monte carlo deck -- generated by sim/error-amp-offset-mc/run_amp_offset_mc.py, do not edit

Circuit: * error-amp-offset-mc monte carlo deck -- generated by sim/error-amp-offset-mc/run_amp_offset_mc.py, do not edit

option SCALE: Scale is set to 1e-06 for instance and model parameters
option SCALE: Scale is set to 1e-06 for instance and model parameters
option SCALE: Scale is set to 1e-06 for instance and model parameters
option SCALE: Scale is set to 1e-06 for instance and model parameters
Doing analysis at TEMP = 27.000000 and TNOM = 27.000000

Using KLU as Direct Linear Solver
 Reference value :  0.00000e+00
No. of Data Rows : 1
vos = 5.595684e-04
vout = 1.193975e+00
dvbe8 = 6.240355e-02
veb8 = 7.312001e-01
dvbe1 = 6.251521e-02
rra = 8.786900e-02
rrb = 1.175577e-02
vgdrv = 2.039616e+00
Reset re-loads circuit * error-amp-offset-mc monte carlo deck -- generated by sim/error-amp-offset-mc/run_amp_offset_mc.py, do not edit

Circuit: * error-amp-offset-mc monte carlo deck -- generated by sim/error-amp-offset-mc/run_amp_offset_mc.py, do not edit

option SCALE: Scale is set to 1e-06 for instance and model parameters
option SCALE: Scale is set to 1e-06 for instance and model parameters
option SCALE: Scale is set to 1e-06 for instance and model parameters
option SCALE: Scale is set to 1e-06 for instance and model parameters
Doing analysis at TEMP = 27.000000 and TNOM = 27.000000

Using KLU as Direct Linear Solver

No. of Data Rows : 1
vos = 6.959846e-04
vout = 1.189350e+00
dvbe8 = 6.236899e-02
veb8 = 7.311813e-01
dvbe1 = 6.284930e-02
rra = 8.819783e-02
rrb = 1.181790e-02
vgdrv = 2.040589e+00
Reset re-loads circuit * error-amp-offset-mc monte carlo deck -- generated by sim/error-amp-offset-mc/run_amp_offset_mc.py, do not edit

Circuit: * error-amp-offset-mc monte carlo deck -- generated by sim/error-amp-offset-mc/run_amp_offset_mc.py, do not edit

option SCALE: Scale is set to 1e-06 for instance and model parameters
option SCALE: Scale is set to 1e-06 for instance and model parameters
option SCALE: Scale is set to 1e-06 for instance and model parameters
option SCALE: Scale is set to 1e-06 for instance and model parameters
Doing analysis at TEMP = 27.000000 and TNOM = 27.000000

Using KLU as Direct Linear Solver

No. of Data Rows : 1
vos = -1.68069e-04
vout = 1.202905e+00
dvbe8 = 6.255647e-02
veb8 = 7.313579e-01
dvbe1 = 6.253487e-02
rra = 8.799944e-02
rrb = 1.177904e-02
vgdrv = 2.034447e+00
Reset re-loads circuit * error-amp-offset-mc monte carlo deck -- generated by sim/error-amp-offset-mc/run_amp_offset_mc.py, do not edit

Circuit: * error-amp-offset-mc monte carlo deck -- generated by sim/error-amp-offset-mc/run_amp_offset_mc.py, do not edit

option SCALE: Scale is set to 1e-06 for instance and model parameters
option SCALE: Scale is set to 1e-06 for instance and model parameters
option SCALE: Scale is set to 1e-06 for instance and model parameters
option SCALE: Scale is set to 1e-06 for instance and model parameters
Doing analysis at TEMP = 27.000000 and TNOM = 27.000000

Using KLU as Direct Linear Solver

No. of Data Rows : 1
vos = -3.04433e-04
vout = 1.200440e+00
dvbe8 = 6.260870e-02
veb8 = 7.313855e-01
dvbe1 = 6.337747e-02
rra = 8.797682e-02
rrb = 1.176138e-02
vgdrv = 2.038615e+00
Reset re-loads circuit * error-amp-offset-mc monte carlo deck -- generated by sim/error-amp-offset-mc/run_amp_offset_mc.py, do not edit

Circuit: * error-amp-offset-mc monte carlo deck -- generated by sim/error-amp-offset-mc/run_amp_offset_mc.py, do not edit

option SCALE: Scale is set to 1e-06 for instance and model parameters
option SCALE: Scale is set to 1e-06 for instance and model parameters
option SCALE: Scale is set to 1e-06 for instance and model parameters
option SCALE: Scale is set to 1e-06 for instance and model parameters
Doing analysis at TEMP = 27.000000 and TNOM = 27.000000

Using KLU as Direct Linear Solver

No. of Data Rows : 1
vos = -2.27338e-04
vout = 1.206614e+00
dvbe8 = 6.212962e-02
veb8 = 7.309483e-01
dvbe1 = 6.345090e-02
rra = 8.818684e-02
rrb = 1.179591e-02
vgdrv = 2.033630e+00
Reset re-loads circuit * error-amp-offset-mc monte carlo deck -- generated by sim/error-amp-offset-mc/run_amp_offset_mc.py, do not edit

Circuit: * error-amp-offset-mc monte carlo deck -- generated by sim/error-amp-offset-mc/run_amp_offset_mc.py, do not edit

option SCALE: Scale is set to 1e-06 for instance and model parameters
option SCALE: Scale is set to 1e-06 for instance and model parameters
option SCALE: Scale is set to 1e-06 for instance and model parameters
option SCALE: Scale is set to 1e-06 for instance and model parameters
Doing analysis at TEMP = 27.000000 and TNOM = 27.000000

Using KLU as Direct Linear Solver

No. of Data Rows : 1
vos = -5.72925e-04
vout = 1.204190e+00
dvbe8 = 6.237386e-02
veb8 = 7.311751e-01
dvbe1 = 6.261474e-02
rra = 8.802994e-02
rrb = 1.173213e-02
vgdrv = 2.031985e+00
Reset re-loads circuit * error-amp-offset-mc monte carlo deck -- generated by sim/error-amp-offset-mc/run_amp_offset_mc.py, do not edit

Circuit: * error-amp-offset-mc monte carlo deck -- generated by sim/error-amp-offset-mc/run_amp_offset_mc.py, do not edit

option SCALE: Scale is set to 1e-06 for instance and model parameters
option SCALE: Scale is set to 1e-06 for instance and model parameters
option SCALE: Scale is set to 1e-06 for instance and model parameters
option SCALE: Scale is set to 1e-06 for instance and model parameters
Doing analysis at TEMP = 27.000000 and TNOM = 27.000000

Using KLU as Direct Linear Solver
 Reference value :  0.00000e+00
No. of Data Rows : 1
vos = 1.989070e-04
vout = 1.198511e+00
dvbe8 = 6.225082e-02
veb8 = 7.310351e-01
dvbe1 = 6.235376e-02
rra = 8.807853e-02
rrb = 1.181956e-02
vgdrv = 2.034247e+00
Reset re-loads circuit * error-amp-offset-mc monte carlo deck -- generated by sim/error-amp-offset-mc/run_amp_offset_mc.py, do not edit

Circuit: * error-amp-offset-mc monte carlo deck -- generated by sim/error-amp-offset-mc/run_amp_offset_mc.py, do not edit

option SCALE: Scale is set to 1e-06 for instance and model parameters
option SCALE: Scale is set to 1e-06 for instance and model parameters
option SCALE: Scale is set to 1e-06 for instance and model parameters
option SCALE: Scale is set to 1e-06 for instance and model parameters
Doing analysis at TEMP = 27.000000 and TNOM = 27.000000

Using KLU as Direct Linear Solver

No. of Data Rows : 1
vos = 3.031721e-04
vout = 1.196631e+00
dvbe8 = 6.234939e-02
veb8 = 7.311592e-01
dvbe1 = 6.276333e-02
rra = 8.806774e-02
rrb = 1.178104e-02
vgdrv = 2.037906e+00
Reset re-loads circuit * error-amp-offset-mc monte carlo deck -- generated by sim/error-amp-offset-mc/run_amp_offset_mc.py, do not edit

Circuit: * error-amp-offset-mc monte carlo deck -- generated by sim/error-amp-offset-mc/run_amp_offset_mc.py, do not edit

option SCALE: Scale is set to 1e-06 for instance and model parameters
option SCALE: Scale is set to 1e-06 for instance and model parameters
option SCALE: Scale is set to 1e-06 for instance and model parameters
option SCALE: Scale is set to 1e-06 for instance and model parameters
Doing analysis at TEMP = 27.000000 and TNOM = 27.000000

Using KLU as Direct Linear Solver

No. of Data Rows : 1
vos = -4.23641e-04
vout = 1.201361e+00
dvbe8 = 6.251446e-02
veb8 = 7.313113e-01
dvbe1 = 6.247446e-02
rra = 8.787208e-02
rrb = 1.172676e-02
vgdrv = 2.038360e+00
Reset re-loads circuit * error-amp-offset-mc monte carlo deck -- generated by sim/error-amp-offset-mc/run_amp_offset_mc.py, do not edit

Circuit: * error-amp-offset-mc monte carlo deck -- generated by sim/error-amp-offset-mc/run_amp_offset_mc.py, do not edit

option SCALE: Scale is set to 1e-06 for instance and model parameters
option SCALE: Scale is set to 1e-06 for instance and model parameters
option SCALE: Scale is set to 1e-06 for instance and model parameters
option SCALE: Scale is set to 1e-06 for instance and model parameters
Doing analysis at TEMP = 27.000000 and TNOM = 27.000000

Using KLU as Direct Linear Solver

No. of Data Rows : 1
vos = -2.15837e-04
vout = 1.200393e+00
dvbe8 = 6.252874e-02
veb8 = 7.313296e-01
dvbe1 = 6.335327e-02
rra = 8.799156e-02
rrb = 1.182704e-02
vgdrv = 2.041214e+00
Reset re-loads circuit * error-amp-offset-mc monte carlo deck -- generated by sim/error-amp-offset-mc/run_amp_offset_mc.py, do not edit

Circuit: * error-amp-offset-mc monte carlo deck -- generated by sim/error-amp-offset-mc/run_amp_offset_mc.py, do not edit

option SCALE: Scale is set to 1e-06 for instance and model parameters
option SCALE: Scale is set to 1e-06 for instance and model parameters
option SCALE: Scale is set to 1e-06 for instance and model parameters
option SCALE: Scale is set to 1e-06 for instance and model parameters
Doing analysis at TEMP = 27.000000 and TNOM = 27.000000

Using KLU as Direct Linear Solver

No. of Data Rows : 1
vos = -4.28329e-05
vout = 1.200754e+00
dvbe8 = 6.234796e-02
veb8 = 7.311532e-01
dvbe1 = 6.308599e-02
rra = 8.806478e-02
rrb = 1.177600e-02
vgdrv = 2.034300e+00
Reset re-loads circuit * error-amp-offset-mc monte carlo deck -- generated by sim/error-amp-offset-mc/run_amp_offset_mc.py, do not edit

Circuit: * error-amp-offset-mc monte carlo deck -- generated by sim/error-amp-offset-mc/run_amp_offset_mc.py, do not edit

option SCALE: Scale is set to 1e-06 for instance and model parameters
option SCALE: Scale is set to 1e-06 for instance and model parameters
option SCALE: Scale is set to 1e-06 for instance and model parameters
option SCALE: Scale is set to 1e-06 for instance and model parameters
Doing analysis at TEMP = 27.000000 and TNOM = 27.000000

Using KLU as Direct Linear Solver

No. of Data Rows : 1
vos = -7.88635e-05
vout = 1.201180e+00
dvbe8 = 6.250920e-02
veb8 = 7.312894e-01
dvbe1 = 6.267250e-02
rra = 8.800369e-02
rrb = 1.175334e-02
vgdrv = 2.040730e+00
Reset re-loads circuit * error-amp-offset-mc monte carlo deck -- generated by sim/error-amp-offset-mc/run_amp_offset_mc.py, do not edit

Circuit: * error-amp-offset-mc monte carlo deck -- generated by sim/error-amp-offset-mc/run_amp_offset_mc.py, do not edit

option SCALE: Scale is set to 1e-06 for instance and model parameters
option SCALE: Scale is set to 1e-06 for instance and model parameters
option SCALE: Scale is set to 1e-06 for instance and model parameters
option SCALE: Scale is set to 1e-06 for instance and model parameters
Doing analysis at TEMP = 27.000000 and TNOM = 27.000000

Using KLU as Direct Linear Solver
 Reference value :  0.00000e+00
No. of Data Rows : 1
vos = 4.486574e-04
vout = 1.194591e+00
dvbe8 = 6.256071e-02
veb8 = 7.313431e-01
dvbe1 = 6.219925e-02
rra = 8.819109e-02
rrb = 1.174331e-02
vgdrv = 2.038757e+00
Reset re-loads circuit * error-amp-offset-mc monte carlo deck -- generated by sim/error-amp-offset-mc/run_amp_offset_mc.py, do not edit

Circuit: * error-amp-offset-mc monte carlo deck -- generated by sim/error-amp-offset-mc/run_amp_offset_mc.py, do not edit

option SCALE: Scale is set to 1e-06 for instance and model parameters
option SCALE: Scale is set to 1e-06 for instance and model parameters
option SCALE: Scale is set to 1e-06 for instance and model parameters
option SCALE: Scale is set to 1e-06 for instance and model parameters
Doing analysis at TEMP = 27.000000 and TNOM = 27.000000

Using KLU as Direct Linear Solver

No. of Data Rows : 1
vos = -1.32212e-03
vout = 1.209959e+00
dvbe8 = 6.227599e-02
veb8 = 7.311167e-01
dvbe1 = 6.369854e-02
rra = 8.807153e-02
rrb = 1.172751e-02
vgdrv = 2.032708e+00
Reset re-loads circuit * error-amp-offset-mc monte carlo deck -- generated by sim/error-amp-offset-mc/run_amp_offset_mc.py, do not edit

Circuit: * error-amp-offset-mc monte carlo deck -- generated by sim/error-amp-offset-mc/run_amp_offset_mc.py, do not edit

option SCALE: Scale is set to 1e-06 for instance and model parameters
option SCALE: Scale is set to 1e-06 for instance and model parameters
option SCALE: Scale is set to 1e-06 for instance and model parameters
option SCALE: Scale is set to 1e-06 for instance and model parameters
Doing analysis at TEMP = 27.000000 and TNOM = 27.000000

Using KLU as Direct Linear Solver

No. of Data Rows : 1
vos = 4.706319e-05
vout = 1.196947e+00
dvbe8 = 6.250655e-02
veb8 = 7.312847e-01
dvbe1 = 6.229553e-02
rra = 8.797585e-02
rrb = 1.179941e-02
vgdrv = 2.036836e+00
Reset re-loads circuit * error-amp-offset-mc monte carlo deck -- generated by sim/error-amp-offset-mc/run_amp_offset_mc.py, do not edit

Circuit: * error-amp-offset-mc monte carlo deck -- generated by sim/error-amp-offset-mc/run_amp_offset_mc.py, do not edit

option SCALE: Scale is set to 1e-06 for instance and model parameters
option SCALE: Scale is set to 1e-06 for instance and model parameters
option SCALE: Scale is set to 1e-06 for instance and model parameters
option SCALE: Scale is set to 1e-06 for instance and model parameters
Doing analysis at TEMP = 27.000000 and TNOM = 27.000000

Using KLU as Direct Linear Solver

No. of Data Rows : 1
vos = -1.94046e-05
vout = 1.203660e+00
dvbe8 = 6.238315e-02
veb8 = 7.311553e-01
dvbe1 = 6.223369e-02
rra = 8.815337e-02
rrb = 1.173128e-02
vgdrv = 2.035753e+00
Reset re-loads circuit * error-amp-offset-mc monte carlo deck -- generated by sim/error-amp-offset-mc/run_amp_offset_mc.py, do not edit

Circuit: * error-amp-offset-mc monte carlo deck -- generated by sim/error-amp-offset-mc/run_amp_offset_mc.py, do not edit

option SCALE: Scale is set to 1e-06 for instance and model parameters
option SCALE: Scale is set to 1e-06 for instance and model parameters
option SCALE: Scale is set to 1e-06 for instance and model parameters
option SCALE: Scale is set to 1e-06 for instance and model parameters
Doing analysis at TEMP = 27.000000 and TNOM = 27.000000

Using KLU as Direct Linear Solver

No. of Data Rows : 1
vos = -3.62053e-04
vout = 1.202001e+00
dvbe8 = 6.232574e-02
veb8 = 7.310874e-01
dvbe1 = 6.258753e-02
rra = 8.795635e-02
rrb = 1.171340e-02
vgdrv = 2.037227e+00
Reset re-loads circuit * error-amp-offset-mc monte carlo deck -- generated by sim/error-amp-offset-mc/run_amp_offset_mc.py, do not edit

Circuit: * error-amp-offset-mc monte carlo deck -- generated by sim/error-amp-offset-mc/run_amp_offset_mc.py, do not edit

option SCALE: Scale is set to 1e-06 for instance and model parameters
option SCALE: Scale is set to 1e-06 for instance and model parameters
option SCALE: Scale is set to 1e-06 for instance and model parameters
option SCALE: Scale is set to 1e-06 for instance and model parameters
Doing analysis at TEMP = 27.000000 and TNOM = 27.000000

Using KLU as Direct Linear Solver
 Reference value :  0.00000e+00
No. of Data Rows : 1
vos = 6.405536e-05
vout = 1.199220e+00
dvbe8 = 6.256611e-02
veb8 = 7.313382e-01
dvbe1 = 6.299050e-02
rra = 8.811300e-02
rrb = 1.172934e-02
vgdrv = 2.036710e+00
Reset re-loads circuit * error-amp-offset-mc monte carlo deck -- generated by sim/error-amp-offset-mc/run_amp_offset_mc.py, do not edit

Circuit: * error-amp-offset-mc monte carlo deck -- generated by sim/error-amp-offset-mc/run_amp_offset_mc.py, do not edit

option SCALE: Scale is set to 1e-06 for instance and model parameters
option SCALE: Scale is set to 1e-06 for instance and model parameters
option SCALE: Scale is set to 1e-06 for instance and model parameters
option SCALE: Scale is set to 1e-06 for instance and model parameters
Doing analysis at TEMP = 27.000000 and TNOM = 27.000000

Using KLU as Direct Linear Solver

No. of Data Rows : 1
vos = -3.89245e-04
vout = 1.202980e+00
dvbe8 = 6.223817e-02
veb8 = 7.310323e-01
dvbe1 = 6.314406e-02
rra = 8.827023e-02
rrb = 1.173480e-02
vgdrv = 2.037176e+00
Reset re-loads circuit * error-amp-offset-mc monte carlo deck -- generated by sim/error-amp-offset-mc/run_amp_offset_mc.py, do not edit

Circuit: * error-amp-offset-mc monte carlo deck -- generated by sim/error-amp-offset-mc/run_amp_offset_mc.py, do not edit

option SCALE: Scale is set to 1e-06 for instance and model parameters
option SCALE: Scale is set to 1e-06 for instance and model parameters
option SCALE: Scale is set to 1e-06 for instance and model parameters
option SCALE: Scale is set to 1e-06 for instance and model parameters
Doing analysis at TEMP = 27.000000 and TNOM = 27.000000

Using KLU as Direct Linear Solver

No. of Data Rows : 1
vos = 3.227513e-04
vout = 1.194859e+00
dvbe8 = 6.246873e-02
veb8 = 7.312952e-01
dvbe1 = 6.306364e-02
rra = 8.810904e-02
rrb = 1.178983e-02
vgdrv = 2.037128e+00
Reset re-loads circuit * error-amp-offset-mc monte carlo deck -- generated by sim/error-amp-offset-mc/run_amp_offset_mc.py, do not edit

Circuit: * error-amp-offset-mc monte carlo deck -- generated by sim/error-amp-offset-mc/run_amp_offset_mc.py, do not edit

option SCALE: Scale is set to 1e-06 for instance and model parameters
option SCALE: Scale is set to 1e-06 for instance and model parameters
option SCALE: Scale is set to 1e-06 for instance and model parameters
option SCALE: Scale is set to 1e-06 for instance and model parameters
Doing analysis at TEMP = 27.000000 and TNOM = 27.000000

Using KLU as Direct Linear Solver

No. of Data Rows : 1
vos = 2.916296e-04
vout = 1.196792e+00
dvbe8 = 6.235114e-02
veb8 = 7.311310e-01
dvbe1 = 6.332323e-02
rra = 8.802181e-02
rrb = 1.169241e-02
vgdrv = 2.035594e+00
Reset re-loads circuit * error-amp-offset-mc monte carlo deck -- generated by sim/error-amp-offset-mc/run_amp_offset_mc.py, do not edit

Circuit: * error-amp-offset-mc monte carlo deck -- generated by sim/error-amp-offset-mc/run_amp_offset_mc.py, do not edit

option SCALE: Scale is set to 1e-06 for instance and model parameters
option SCALE: Scale is set to 1e-06 for instance and model parameters
option SCALE: Scale is set to 1e-06 for instance and model parameters
option SCALE: Scale is set to 1e-06 for instance and model parameters
Doing analysis at TEMP = 27.000000 and TNOM = 27.000000

Using KLU as Direct Linear Solver

No. of Data Rows : 1
vos = -1.32715e-05
vout = 1.197213e+00
dvbe8 = 6.237464e-02
veb8 = 7.311568e-01
dvbe1 = 6.284709e-02
rra = 8.804047e-02
rrb = 1.176988e-02
vgdrv = 2.034307e+00
Reset re-loads circuit * error-amp-offset-mc monte carlo deck -- generated by sim/error-amp-offset-mc/run_amp_offset_mc.py, do not edit

Circuit: * error-amp-offset-mc monte carlo deck -- generated by sim/error-amp-offset-mc/run_amp_offset_mc.py, do not edit

option SCALE: Scale is set to 1e-06 for instance and model parameters
option SCALE: Scale is set to 1e-06 for instance and model parameters
option SCALE: Scale is set to 1e-06 for instance and model parameters
option SCALE: Scale is set to 1e-06 for instance and model parameters
Doing analysis at TEMP = 27.000000 and TNOM = 27.000000

Using KLU as Direct Linear Solver

No. of Data Rows : 1
vos = -1.86503e-05
vout = 1.200126e+00
dvbe8 = 6.218991e-02
veb8 = 7.309691e-01
dvbe1 = 6.354706e-02
rra = 8.813258e-02
rrb = 1.167065e-02
vgdrv = 2.036783e+00
Reset re-loads circuit * error-amp-offset-mc monte carlo deck -- generated by sim/error-amp-offset-mc/run_amp_offset_mc.py, do not edit

Circuit: * error-amp-offset-mc monte carlo deck -- generated by sim/error-amp-offset-mc/run_amp_offset_mc.py, do not edit

option SCALE: Scale is set to 1e-06 for instance and model parameters
option SCALE: Scale is set to 1e-06 for instance and model parameters
option SCALE: Scale is set to 1e-06 for instance and model parameters
option SCALE: Scale is set to 1e-06 for instance and model parameters
Doing analysis at TEMP = 27.000000 and TNOM = 27.000000

Using KLU as Direct Linear Solver
 Reference value :  0.00000e+00
No. of Data Rows : 1
vos = 4.194395e-04
vout = 1.200650e+00
dvbe8 = 6.254414e-02
veb8 = 7.313693e-01
dvbe1 = 6.303334e-02
rra = 8.810067e-02
rrb = 1.175472e-02
vgdrv = 2.039209e+00
Reset re-loads circuit * error-amp-offset-mc monte carlo deck -- generated by sim/error-amp-offset-mc/run_amp_offset_mc.py, do not edit

Circuit: * error-amp-offset-mc monte carlo deck -- generated by sim/error-amp-offset-mc/run_amp_offset_mc.py, do not edit

option SCALE: Scale is set to 1e-06 for instance and model parameters
option SCALE: Scale is set to 1e-06 for instance and model parameters
option SCALE: Scale is set to 1e-06 for instance and model parameters
option SCALE: Scale is set to 1e-06 for instance and model parameters
Doing analysis at TEMP = 27.000000 and TNOM = 27.000000

Using KLU as Direct Linear Solver

No. of Data Rows : 1
vos = 4.444676e-04
vout = 1.193004e+00
dvbe8 = 6.226820e-02
veb8 = 7.310806e-01
dvbe1 = 6.452194e-02
rra = 8.819696e-02
rrb = 1.171132e-02
vgdrv = 2.038864e+00
Reset re-loads circuit * error-amp-offset-mc monte carlo deck -- generated by sim/error-amp-offset-mc/run_amp_offset_mc.py, do not edit

Circuit: * error-amp-offset-mc monte carlo deck -- generated by sim/error-amp-offset-mc/run_amp_offset_mc.py, do not edit

option SCALE: Scale is set to 1e-06 for instance and model parameters
option SCALE: Scale is set to 1e-06 for instance and model parameters
option SCALE: Scale is set to 1e-06 for instance and model parameters
option SCALE: Scale is set to 1e-06 for instance and model parameters
Doing analysis at TEMP = 27.000000 and TNOM = 27.000000

Using KLU as Direct Linear Solver

No. of Data Rows : 1
vos = -8.92114e-06
vout = 1.200479e+00
dvbe8 = 6.256969e-02
veb8 = 7.313751e-01
dvbe1 = 6.295264e-02
rra = 8.795159e-02
rrb = 1.173278e-02
vgdrv = 2.036870e+00
Reset re-loads circuit * error-amp-offset-mc monte carlo deck -- generated by sim/error-amp-offset-mc/run_amp_offset_mc.py, do not edit

Circuit: * error-amp-offset-mc monte carlo deck -- generated by sim/error-amp-offset-mc/run_amp_offset_mc.py, do not edit

option SCALE: Scale is set to 1e-06 for instance and model parameters
option SCALE: Scale is set to 1e-06 for instance and model parameters
option SCALE: Scale is set to 1e-06 for instance and model parameters
option SCALE: Scale is set to 1e-06 for instance and model parameters
Doing analysis at TEMP = 27.000000 and TNOM = 27.000000

Using KLU as Direct Linear Solver

No. of Data Rows : 1
vos = -1.09854e-05
vout = 1.198280e+00
dvbe8 = 6.239437e-02
veb8 = 7.312036e-01
dvbe1 = 6.241563e-02
rra = 8.804573e-02
rrb = 1.174844e-02
vgdrv = 2.039250e+00
Reset re-loads circuit * error-amp-offset-mc monte carlo deck -- generated by sim/error-amp-offset-mc/run_amp_offset_mc.py, do not edit

Circuit: * error-amp-offset-mc monte carlo deck -- generated by sim/error-amp-offset-mc/run_amp_offset_mc.py, do not edit

option SCALE: Scale is set to 1e-06 for instance and model parameters
option SCALE: Scale is set to 1e-06 for instance and model parameters
option SCALE: Scale is set to 1e-06 for instance and model parameters
option SCALE: Scale is set to 1e-06 for instance and model parameters
Doing analysis at TEMP = 27.000000 and TNOM = 27.000000

Using KLU as Direct Linear Solver

No. of Data Rows : 1
vos = -1.86336e-04
vout = 1.203975e+00
dvbe8 = 6.227711e-02
veb8 = 7.310828e-01
dvbe1 = 6.310574e-02
rra = 8.817646e-02
rrb = 1.174017e-02
vgdrv = 2.033647e+00
Reset re-loads circuit * error-amp-offset-mc monte carlo deck -- generated by sim/error-amp-offset-mc/run_amp_offset_mc.py, do not edit

Circuit: * error-amp-offset-mc monte carlo deck -- generated by sim/error-amp-offset-mc/run_amp_offset_mc.py, do not edit

option SCALE: Scale is set to 1e-06 for instance and model parameters
option SCALE: Scale is set to 1e-06 for instance and model parameters
option SCALE: Scale is set to 1e-06 for instance and model parameters
option SCALE: Scale is set to 1e-06 for instance and model parameters
Doing analysis at TEMP = 27.000000 and TNOM = 27.000000

Using KLU as Direct Linear Solver

No. of Data Rows : 1
vos = -2.28099e-04
vout = 1.202862e+00
dvbe8 = 6.237884e-02
veb8 = 7.311464e-01
dvbe1 = 6.278370e-02
rra = 8.805878e-02
rrb = 1.177161e-02
vgdrv = 2.032019e+00
Reset re-loads circuit * error-amp-offset-mc monte carlo deck -- generated by sim/error-amp-offset-mc/run_amp_offset_mc.py, do not edit

Circuit: * error-amp-offset-mc monte carlo deck -- generated by sim/error-amp-offset-mc/run_amp_offset_mc.py, do not edit

option SCALE: Scale is set to 1e-06 for instance and model parameters
option SCALE: Scale is set to 1e-06 for instance and model parameters
option SCALE: Scale is set to 1e-06 for instance and model parameters
option SCALE: Scale is set to 1e-06 for instance and model parameters
Doing analysis at TEMP = 27.000000 and TNOM = 27.000000

Using KLU as Direct Linear Solver
 Reference value :  0.00000e+00
No. of Data Rows : 1
vos = 1.877018e-04
vout = 1.194846e+00
dvbe8 = 6.246467e-02
veb8 = 7.312610e-01
dvbe1 = 6.254535e-02
rra = 8.780976e-02
rrb = 1.178190e-02
vgdrv = 2.039928e+00
Reset re-loads circuit * error-amp-offset-mc monte carlo deck -- generated by sim/error-amp-offset-mc/run_amp_offset_mc.py, do not edit

Circuit: * error-amp-offset-mc monte carlo deck -- generated by sim/error-amp-offset-mc/run_amp_offset_mc.py, do not edit

option SCALE: Scale is set to 1e-06 for instance and model parameters
option SCALE: Scale is set to 1e-06 for instance and model parameters
option SCALE: Scale is set to 1e-06 for instance and model parameters
option SCALE: Scale is set to 1e-06 for instance and model parameters
Doing analysis at TEMP = 27.000000 and TNOM = 27.000000

Using KLU as Direct Linear Solver

No. of Data Rows : 1
vos = 2.275995e-05
vout = 1.201966e+00
dvbe8 = 6.240404e-02
veb8 = 7.312150e-01
dvbe1 = 6.294516e-02
rra = 8.809678e-02
rrb = 1.164003e-02
vgdrv = 2.035329e+00
Reset re-loads circuit * error-amp-offset-mc monte carlo deck -- generated by sim/error-amp-offset-mc/run_amp_offset_mc.py, do not edit

Circuit: * error-amp-offset-mc monte carlo deck -- generated by sim/error-amp-offset-mc/run_amp_offset_mc.py, do not edit

option SCALE: Scale is set to 1e-06 for instance and model parameters
option SCALE: Scale is set to 1e-06 for instance and model parameters
option SCALE: Scale is set to 1e-06 for instance and model parameters
option SCALE: Scale is set to 1e-06 for instance and model parameters
Doing analysis at TEMP = 27.000000 and TNOM = 27.000000

Using KLU as Direct Linear Solver

No. of Data Rows : 1
vos = 1.673396e-04
vout = 1.198383e+00
dvbe8 = 6.249405e-02
veb8 = 7.312697e-01
dvbe1 = 6.320573e-02
rra = 8.797376e-02
rrb = 1.174035e-02
vgdrv = 2.034482e+00
Reset re-loads circuit * error-amp-offset-mc monte carlo deck -- generated by sim/error-amp-offset-mc/run_amp_offset_mc.py, do not edit

Circuit: * error-amp-offset-mc monte carlo deck -- generated by sim/error-amp-offset-mc/run_amp_offset_mc.py, do not edit

option SCALE: Scale is set to 1e-06 for instance and model parameters
option SCALE: Scale is set to 1e-06 for instance and model parameters
option SCALE: Scale is set to 1e-06 for instance and model parameters
option SCALE: Scale is set to 1e-06 for instance and model parameters
Doing analysis at TEMP = 27.000000 and TNOM = 27.000000

Using KLU as Direct Linear Solver
 Reference value :  0.00000e+00
No. of Data Rows : 1
vos = -5.76152e-05
vout = 1.195107e+00
dvbe8 = 6.213883e-02
veb8 = 7.309281e-01
dvbe1 = 6.291647e-02
rra = 8.794430e-02
rrb = 1.181732e-02
vgdrv = 2.040338e+00
Reset re-loads circuit * error-amp-offset-mc monte carlo deck -- generated by sim/error-amp-offset-mc/run_amp_offset_mc.py, do not edit

Circuit: * error-amp-offset-mc monte carlo deck -- generated by sim/error-amp-offset-mc/run_amp_offset_mc.py, do not edit

option SCALE: Scale is set to 1e-06 for instance and model parameters
option SCALE: Scale is set to 1e-06 for instance and model parameters
option SCALE: Scale is set to 1e-06 for instance and model parameters
option SCALE: Scale is set to 1e-06 for instance and model parameters
Doing analysis at TEMP = 27.000000 and TNOM = 27.000000

Using KLU as Direct Linear Solver

No. of Data Rows : 1
vos = -7.14508e-04
vout = 1.204142e+00
dvbe8 = 6.258109e-02
veb8 = 7.313712e-01
dvbe1 = 6.302667e-02
rra = 8.807490e-02
rrb = 1.174617e-02
vgdrv = 2.037203e+00
Reset re-loads circuit * error-amp-offset-mc monte carlo deck -- generated by sim/error-amp-offset-mc/run_amp_offset_mc.py, do not edit

Circuit: * error-amp-offset-mc monte carlo deck -- generated by sim/error-amp-offset-mc/run_amp_offset_mc.py, do not edit

option SCALE: Scale is set to 1e-06 for instance and model parameters
option SCALE: Scale is set to 1e-06 for instance and model parameters
option SCALE: Scale is set to 1e-06 for instance and model parameters
option SCALE: Scale is set to 1e-06 for instance and model parameters
Doing analysis at TEMP = 27.000000 and TNOM = 27.000000

Using KLU as Direct Linear Solver

No. of Data Rows : 1
vos = 2.530953e-04
vout = 1.194641e+00
dvbe8 = 6.235113e-02
veb8 = 7.311575e-01
dvbe1 = 6.280153e-02
rra = 8.813257e-02
rrb = 1.177957e-02
vgdrv = 2.040356e+00
Reset re-loads circuit * error-amp-offset-mc monte carlo deck -- generated by sim/error-amp-offset-mc/run_amp_offset_mc.py, do not edit

Circuit: * error-amp-offset-mc monte carlo deck -- generated by sim/error-amp-offset-mc/run_amp_offset_mc.py, do not edit

option SCALE: Scale is set to 1e-06 for instance and model parameters
option SCALE: Scale is set to 1e-06 for instance and model parameters
option SCALE: Scale is set to 1e-06 for instance and model parameters
option SCALE: Scale is set to 1e-06 for instance and model parameters
Doing analysis at TEMP = 27.000000 and TNOM = 27.000000

Using KLU as Direct Linear Solver

No. of Data Rows : 1
vos = -5.40578e-04
vout = 1.202171e+00
dvbe8 = 6.219543e-02
veb8 = 7.310114e-01
dvbe1 = 6.324428e-02
rra = 8.815925e-02
rrb = 1.176186e-02
vgdrv = 2.034867e+00
Reset re-loads circuit * error-amp-offset-mc monte carlo deck -- generated by sim/error-amp-offset-mc/run_amp_offset_mc.py, do not edit

Circuit: * error-amp-offset-mc monte carlo deck -- generated by sim/error-amp-offset-mc/run_amp_offset_mc.py, do not edit

option SCALE: Scale is set to 1e-06 for instance and model parameters
option SCALE: Scale is set to 1e-06 for instance and model parameters
option SCALE: Scale is set to 1e-06 for instance and model parameters
option SCALE: Scale is set to 1e-06 for instance and model parameters
Doing analysis at TEMP = 27.000000 and TNOM = 27.000000

Using KLU as Direct Linear Solver

No. of Data Rows : 1
vos = 2.216779e-05
vout = 1.198629e+00
dvbe8 = 6.223443e-02
veb8 = 7.310496e-01
dvbe1 = 6.364209e-02
rra = 8.810104e-02
rrb = 1.171488e-02
vgdrv = 2.040257e+00
Reset re-loads circuit * error-amp-offset-mc monte carlo deck -- generated by sim/error-amp-offset-mc/run_amp_offset_mc.py, do not edit

Circuit: * error-amp-offset-mc monte carlo deck -- generated by sim/error-amp-offset-mc/run_amp_offset_mc.py, do not edit

option SCALE: Scale is set to 1e-06 for instance and model parameters
option SCALE: Scale is set to 1e-06 for instance and model parameters
option SCALE: Scale is set to 1e-06 for instance and model parameters
option SCALE: Scale is set to 1e-06 for instance and model parameters
Doing analysis at TEMP = 27.000000 and TNOM = 27.000000

Using KLU as Direct Linear Solver

No. of Data Rows : 1
vos = -5.55025e-06
vout = 1.197430e+00
dvbe8 = 6.234577e-02
veb8 = 7.311450e-01
dvbe1 = 6.269061e-02
rra = 8.798044e-02
rrb = 1.171656e-02
vgdrv = 2.040545e+00
Reset re-loads circuit * error-amp-offset-mc monte carlo deck -- generated by sim/error-amp-offset-mc/run_amp_offset_mc.py, do not edit

Circuit: * error-amp-offset-mc monte carlo deck -- generated by sim/error-amp-offset-mc/run_amp_offset_mc.py, do not edit

option SCALE: Scale is set to 1e-06 for instance and model parameters
option SCALE: Scale is set to 1e-06 for instance and model parameters
option SCALE: Scale is set to 1e-06 for instance and model parameters
option SCALE: Scale is set to 1e-06 for instance and model parameters
Doing analysis at TEMP = 27.000000 and TNOM = 27.000000

Using KLU as Direct Linear Solver
 Reference value :  0.00000e+00
No. of Data Rows : 1
vos = -5.46490e-04
vout = 1.203667e+00
dvbe8 = 6.233799e-02
veb8 = 7.311377e-01
dvbe1 = 6.295693e-02
rra = 8.816443e-02
rrb = 1.176337e-02
vgdrv = 2.035441e+00
Reset re-loads circuit * error-amp-offset-mc monte carlo deck -- generated by sim/error-amp-offset-mc/run_amp_offset_mc.py, do not edit

Circuit: * error-amp-offset-mc monte carlo deck -- generated by sim/error-amp-offset-mc/run_amp_offset_mc.py, do not edit

option SCALE: Scale is set to 1e-06 for instance and model parameters
option SCALE: Scale is set to 1e-06 for instance and model parameters
option SCALE: Scale is set to 1e-06 for instance and model parameters
option SCALE: Scale is set to 1e-06 for instance and model parameters
Doing analysis at TEMP = 27.000000 and TNOM = 27.000000

Using KLU as Direct Linear Solver

No. of Data Rows : 1
vos = -4.24449e-04
vout = 1.200015e+00
dvbe8 = 6.218338e-02
veb8 = 7.310005e-01
dvbe1 = 6.264194e-02
rra = 8.800387e-02
rrb = 1.171483e-02
vgdrv = 2.036944e+00
Reset re-loads circuit * error-amp-offset-mc monte carlo deck -- generated by sim/error-amp-offset-mc/run_amp_offset_mc.py, do not edit

Circuit: * error-amp-offset-mc monte carlo deck -- generated by sim/error-amp-offset-mc/run_amp_offset_mc.py, do not edit

option SCALE: Scale is set to 1e-06 for instance and model parameters
option SCALE: Scale is set to 1e-06 for instance and model parameters
option SCALE: Scale is set to 1e-06 for instance and model parameters
option SCALE: Scale is set to 1e-06 for instance and model parameters
Doing analysis at TEMP = 27.000000 and TNOM = 27.000000

Using KLU as Direct Linear Solver

No. of Data Rows : 1
vos = -3.88885e-05
vout = 1.194739e+00
dvbe8 = 6.221014e-02
veb8 = 7.309960e-01
dvbe1 = 6.308046e-02
rra = 8.783092e-02
rrb = 1.170747e-02
vgdrv = 2.038392e+00
Reset re-loads circuit * error-amp-offset-mc monte carlo deck -- generated by sim/error-amp-offset-mc/run_amp_offset_mc.py, do not edit

Circuit: * error-amp-offset-mc monte carlo deck -- generated by sim/error-amp-offset-mc/run_amp_offset_mc.py, do not edit

option SCALE: Scale is set to 1e-06 for instance and model parameters
option SCALE: Scale is set to 1e-06 for instance and model parameters
option SCALE: Scale is set to 1e-06 for instance and model parameters
option SCALE: Scale is set to 1e-06 for instance and model parameters
Doing analysis at TEMP = 27.000000 and TNOM = 27.000000

Using KLU as Direct Linear Solver

No. of Data Rows : 1
vos = 3.650463e-04
vout = 1.193832e+00
dvbe8 = 6.234256e-02
veb8 = 7.311557e-01
dvbe1 = 6.299623e-02
rra = 8.813714e-02
rrb = 1.182754e-02
vgdrv = 2.038172e+00
Reset re-loads circuit * error-amp-offset-mc monte carlo deck -- generated by sim/error-amp-offset-mc/run_amp_offset_mc.py, do not edit

Circuit: * error-amp-offset-mc monte carlo deck -- generated by sim/error-amp-offset-mc/run_amp_offset_mc.py, do not edit

option SCALE: Scale is set to 1e-06 for instance and model parameters
option SCALE: Scale is set to 1e-06 for instance and model parameters
option SCALE: Scale is set to 1e-06 for instance and model parameters
option SCALE: Scale is set to 1e-06 for instance and model parameters
Doing analysis at TEMP = 27.000000 and TNOM = 27.000000

Using KLU as Direct Linear Solver

No. of Data Rows : 1
vos = 1.507978e-05
vout = 1.199665e+00
dvbe8 = 6.203222e-02
veb8 = 7.308330e-01
dvbe1 = 6.356419e-02
rra = 8.808253e-02
rrb = 1.183219e-02
vgdrv = 2.037123e+00
Reset re-loads circuit * error-amp-offset-mc monte carlo deck -- generated by sim/error-amp-offset-mc/run_amp_offset_mc.py, do not edit

Circuit: * error-amp-offset-mc monte carlo deck -- generated by sim/error-amp-offset-mc/run_amp_offset_mc.py, do not edit

option SCALE: Scale is set to 1e-06 for instance and model parameters
option SCALE: Scale is set to 1e-06 for instance and model parameters
option SCALE: Scale is set to 1e-06 for instance and model parameters
option SCALE: Scale is set to 1e-06 for instance and model parameters
Doing analysis at TEMP = 27.000000 and TNOM = 27.000000

Using KLU as Direct Linear Solver

No. of Data Rows : 1
vos = -2.12518e-04
vout = 1.202625e+00
dvbe8 = 6.224854e-02
veb8 = 7.310132e-01
dvbe1 = 6.346274e-02
rra = 8.796971e-02
rrb = 1.171668e-02
vgdrv = 2.036721e+00
Reset re-loads circuit * error-amp-offset-mc monte carlo deck -- generated by sim/error-amp-offset-mc/run_amp_offset_mc.py, do not edit

Circuit: * error-amp-offset-mc monte carlo deck -- generated by sim/error-amp-offset-mc/run_amp_offset_mc.py, do not edit

option SCALE: Scale is set to 1e-06 for instance and model parameters
option SCALE: Scale is set to 1e-06 for instance and model parameters
option SCALE: Scale is set to 1e-06 for instance and model parameters
option SCALE: Scale is set to 1e-06 for instance and model parameters
Doing analysis at TEMP = 27.000000 and TNOM = 27.000000

Using KLU as Direct Linear Solver
 Reference value :  0.00000e+00
No. of Data Rows : 1
vos = -4.05192e-04
vout = 1.203799e+00
dvbe8 = 6.236279e-02
veb8 = 7.312063e-01
dvbe1 = 6.399495e-02
rra = 8.785893e-02
rrb = 1.176734e-02
vgdrv = 2.032563e+00
Reset re-loads circuit * error-amp-offset-mc monte carlo deck -- generated by sim/error-amp-offset-mc/run_amp_offset_mc.py, do not edit

Circuit: * error-amp-offset-mc monte carlo deck -- generated by sim/error-amp-offset-mc/run_amp_offset_mc.py, do not edit

option SCALE: Scale is set to 1e-06 for instance and model parameters
option SCALE: Scale is set to 1e-06 for instance and model parameters
option SCALE: Scale is set to 1e-06 for instance and model parameters
option SCALE: Scale is set to 1e-06 for instance and model parameters
Doing analysis at TEMP = 27.000000 and TNOM = 27.000000

Using KLU as Direct Linear Solver

No. of Data Rows : 1
vos = -5.67207e-04
vout = 1.203952e+00
dvbe8 = 6.302438e-02
veb8 = 7.317976e-01
dvbe1 = 6.332913e-02
rra = 8.813312e-02
rrb = 1.177163e-02
vgdrv = 2.035176e+00
Reset re-loads circuit * error-amp-offset-mc monte carlo deck -- generated by sim/error-amp-offset-mc/run_amp_offset_mc.py, do not edit

Circuit: * error-amp-offset-mc monte carlo deck -- generated by sim/error-amp-offset-mc/run_amp_offset_mc.py, do not edit

option SCALE: Scale is set to 1e-06 for instance and model parameters
option SCALE: Scale is set to 1e-06 for instance and model parameters
option SCALE: Scale is set to 1e-06 for instance and model parameters
option SCALE: Scale is set to 1e-06 for instance and model parameters
Doing analysis at TEMP = 27.000000 and TNOM = 27.000000

Using KLU as Direct Linear Solver

No. of Data Rows : 1
vos = 4.618462e-04
vout = 1.197688e+00
dvbe8 = 6.210638e-02
veb8 = 7.308556e-01
dvbe1 = 6.305821e-02
rra = 8.811040e-02
rrb = 1.175673e-02
vgdrv = 2.039620e+00
Reset re-loads circuit * error-amp-offset-mc monte carlo deck -- generated by sim/error-amp-offset-mc/run_amp_offset_mc.py, do not edit

Circuit: * error-amp-offset-mc monte carlo deck -- generated by sim/error-amp-offset-mc/run_amp_offset_mc.py, do not edit

option SCALE: Scale is set to 1e-06 for instance and model parameters
option SCALE: Scale is set to 1e-06 for instance and model parameters
option SCALE: Scale is set to 1e-06 for instance and model parameters
option SCALE: Scale is set to 1e-06 for instance and model parameters
Doing analysis at TEMP = 27.000000 and TNOM = 27.000000

Using KLU as Direct Linear Solver

No. of Data Rows : 1
vos = 6.055205e-04
vout = 1.192926e+00
dvbe8 = 6.218808e-02
veb8 = 7.309695e-01
dvbe1 = 6.282080e-02
rra = 8.784703e-02
rrb = 1.172928e-02
vgdrv = 2.035082e+00
Reset re-loads circuit * error-amp-offset-mc monte carlo deck -- generated by sim/error-amp-offset-mc/run_amp_offset_mc.py, do not edit

Circuit: * error-amp-offset-mc monte carlo deck -- generated by sim/error-amp-offset-mc/run_amp_offset_mc.py, do not edit

option SCALE: Scale is set to 1e-06 for instance and model parameters
option SCALE: Scale is set to 1e-06 for instance and model parameters
option SCALE: Scale is set to 1e-06 for instance and model parameters
option SCALE: Scale is set to 1e-06 for instance and model parameters
Doing analysis at TEMP = 27.000000 and TNOM = 27.000000

Using KLU as Direct Linear Solver

No. of Data Rows : 1
vos = -1.09958e-03
vout = 1.209515e+00
dvbe8 = 6.232650e-02
veb8 = 7.311046e-01
dvbe1 = 6.272547e-02
rra = 8.809506e-02
rrb = 1.174363e-02
vgdrv = 2.033881e+00
Reset re-loads circuit * error-amp-offset-mc monte carlo deck -- generated by sim/error-amp-offset-mc/run_amp_offset_mc.py, do not edit

Circuit: * error-amp-offset-mc monte carlo deck -- generated by sim/error-amp-offset-mc/run_amp_offset_mc.py, do not edit

option SCALE: Scale is set to 1e-06 for instance and model parameters
option SCALE: Scale is set to 1e-06 for instance and model parameters
option SCALE: Scale is set to 1e-06 for instance and model parameters
option SCALE: Scale is set to 1e-06 for instance and model parameters
Doing analysis at TEMP = 27.000000 and TNOM = 27.000000

Using KLU as Direct Linear Solver

No. of Data Rows : 1
vos = -6.57295e-04
vout = 1.203619e+00
dvbe8 = 6.226119e-02
veb8 = 7.310483e-01
dvbe1 = 6.352033e-02
rra = 8.829519e-02
rrb = 1.176358e-02
vgdrv = 2.037220e+00
Reset re-loads circuit * error-amp-offset-mc monte carlo deck -- generated by sim/error-amp-offset-mc/run_amp_offset_mc.py, do not edit

Circuit: * error-amp-offset-mc monte carlo deck -- generated by sim/error-amp-offset-mc/run_amp_offset_mc.py, do not edit

option SCALE: Scale is set to 1e-06 for instance and model parameters
option SCALE: Scale is set to 1e-06 for instance and model parameters
option SCALE: Scale is set to 1e-06 for instance and model parameters
option SCALE: Scale is set to 1e-06 for instance and model parameters
Doing analysis at TEMP = 27.000000 and TNOM = 27.000000

Using KLU as Direct Linear Solver
 Reference value :  0.00000e+00
No. of Data Rows : 1
vos = -7.35832e-04
vout = 1.204305e+00
dvbe8 = 6.214716e-02
veb8 = 7.309136e-01
dvbe1 = 6.399224e-02
rra = 8.826145e-02
rrb = 1.171615e-02
vgdrv = 2.035960e+00
Reset re-loads circuit * error-amp-offset-mc monte carlo deck -- generated by sim/error-amp-offset-mc/run_amp_offset_mc.py, do not edit

Circuit: * error-amp-offset-mc monte carlo deck -- generated by sim/error-amp-offset-mc/run_amp_offset_mc.py, do not edit

option SCALE: Scale is set to 1e-06 for instance and model parameters
option SCALE: Scale is set to 1e-06 for instance and model parameters
option SCALE: Scale is set to 1e-06 for instance and model parameters
option SCALE: Scale is set to 1e-06 for instance and model parameters
Doing analysis at TEMP = 27.000000 and TNOM = 27.000000

Using KLU as Direct Linear Solver

No. of Data Rows : 1
vos = 3.544994e-04
vout = 1.193369e+00
dvbe8 = 6.260087e-02
veb8 = 7.314014e-01
dvbe1 = 6.299578e-02
rra = 8.807895e-02
rrb = 1.167776e-02
vgdrv = 2.036517e+00
Reset re-loads circuit * error-amp-offset-mc monte carlo deck -- generated by sim/error-amp-offset-mc/run_amp_offset_mc.py, do not edit

Circuit: * error-amp-offset-mc monte carlo deck -- generated by sim/error-amp-offset-mc/run_amp_offset_mc.py, do not edit

option SCALE: Scale is set to 1e-06 for instance and model parameters
option SCALE: Scale is set to 1e-06 for instance and model parameters
option SCALE: Scale is set to 1e-06 for instance and model parameters
option SCALE: Scale is set to 1e-06 for instance and model parameters
Doing analysis at TEMP = 27.000000 and TNOM = 27.000000

Using KLU as Direct Linear Solver

No. of Data Rows : 1
vos = 7.231367e-05
vout = 1.195893e+00
dvbe8 = 6.238279e-02
veb8 = 7.312054e-01
dvbe1 = 6.380986e-02
rra = 8.810086e-02
rrb = 1.182401e-02
vgdrv = 2.033986e+00
Reset re-loads circuit * error-amp-offset-mc monte carlo deck -- generated by sim/error-amp-offset-mc/run_amp_offset_mc.py, do not edit

Circuit: * error-amp-offset-mc monte carlo deck -- generated by sim/error-amp-offset-mc/run_amp_offset_mc.py, do not edit

option SCALE: Scale is set to 1e-06 for instance and model parameters
option SCALE: Scale is set to 1e-06 for instance and model parameters
option SCALE: Scale is set to 1e-06 for instance and model parameters
option SCALE: Scale is set to 1e-06 for instance and model parameters
Doing analysis at TEMP = 27.000000 and TNOM = 27.000000

Using KLU as Direct Linear Solver

No. of Data Rows : 1
vos = -2.14477e-04
vout = 1.200580e+00
dvbe8 = 6.206744e-02
veb8 = 7.308630e-01
dvbe1 = 6.338658e-02
rra = 8.802098e-02
rrb = 1.171724e-02
vgdrv = 2.035368e+00
Reset re-loads circuit * error-amp-offset-mc monte carlo deck -- generated by sim/error-amp-offset-mc/run_amp_offset_mc.py, do not edit

Circuit: * error-amp-offset-mc monte carlo deck -- generated by sim/error-amp-offset-mc/run_amp_offset_mc.py, do not edit

option SCALE: Scale is set to 1e-06 for instance and model parameters
option SCALE: Scale is set to 1e-06 for instance and model parameters
option SCALE: Scale is set to 1e-06 for instance and model parameters
option SCALE: Scale is set to 1e-06 for instance and model parameters
Doing analysis at TEMP = 27.000000 and TNOM = 27.000000

Using KLU as Direct Linear Solver

No. of Data Rows : 1
vos = -4.65495e-04
vout = 1.204219e+00
dvbe8 = 6.241424e-02
veb8 = 7.311985e-01
dvbe1 = 6.277634e-02
rra = 8.807318e-02
rrb = 1.175955e-02
vgdrv = 2.035038e+00
Reset re-loads circuit * error-amp-offset-mc monte carlo deck -- generated by sim/error-amp-offset-mc/run_amp_offset_mc.py, do not edit

Circuit: * error-amp-offset-mc monte carlo deck -- generated by sim/error-amp-offset-mc/run_amp_offset_mc.py, do not edit

option SCALE: Scale is set to 1e-06 for instance and model parameters
option SCALE: Scale is set to 1e-06 for instance and model parameters
option SCALE: Scale is set to 1e-06 for instance and model parameters
option SCALE: Scale is set to 1e-06 for instance and model parameters
Doing analysis at TEMP = 27.000000 and TNOM = 27.000000

Using KLU as Direct Linear Solver

No. of Data Rows : 1
vos = 6.114586e-04
vout = 1.193365e+00
dvbe8 = 6.233637e-02
veb8 = 7.311201e-01
dvbe1 = 6.214858e-02
rra = 8.813081e-02
rrb = 1.162793e-02
vgdrv = 2.033372e+00
Reset re-loads circuit * error-amp-offset-mc monte carlo deck -- generated by sim/error-amp-offset-mc/run_amp_offset_mc.py, do not edit

Circuit: * error-amp-offset-mc monte carlo deck -- generated by sim/error-amp-offset-mc/run_amp_offset_mc.py, do not edit

option SCALE: Scale is set to 1e-06 for instance and model parameters
option SCALE: Scale is set to 1e-06 for instance and model parameters
option SCALE: Scale is set to 1e-06 for instance and model parameters
option SCALE: Scale is set to 1e-06 for instance and model parameters
Doing analysis at TEMP = 27.000000 and TNOM = 27.000000

Using KLU as Direct Linear Solver
 Reference value :  0.00000e+00
No. of Data Rows : 1
vos = -8.79600e-05
vout = 1.197450e+00
dvbe8 = 6.234590e-02
veb8 = 7.311506e-01
dvbe1 = 6.324337e-02
rra = 8.815365e-02
rrb = 1.170608e-02
vgdrv = 2.038914e+00
Reset re-loads circuit * error-amp-offset-mc monte carlo deck -- generated by sim/error-amp-offset-mc/run_amp_offset_mc.py, do not edit

Circuit: * error-amp-offset-mc monte carlo deck -- generated by sim/error-amp-offset-mc/run_amp_offset_mc.py, do not edit

option SCALE: Scale is set to 1e-06 for instance and model parameters
option SCALE: Scale is set to 1e-06 for instance and model parameters
option SCALE: Scale is set to 1e-06 for instance and model parameters
option SCALE: Scale is set to 1e-06 for instance and model parameters
Doing analysis at TEMP = 27.000000 and TNOM = 27.000000

Using KLU as Direct Linear Solver

No. of Data Rows : 1
vos = -2.17763e-04
vout = 1.201599e+00
dvbe8 = 6.238145e-02
veb8 = 7.311657e-01
dvbe1 = 6.220266e-02
rra = 8.817438e-02
rrb = 1.174702e-02
vgdrv = 2.035160e+00
Reset re-loads circuit * error-amp-offset-mc monte carlo deck -- generated by sim/error-amp-offset-mc/run_amp_offset_mc.py, do not edit

Circuit: * error-amp-offset-mc monte carlo deck -- generated by sim/error-amp-offset-mc/run_amp_offset_mc.py, do not edit

option SCALE: Scale is set to 1e-06 for instance and model parameters
option SCALE: Scale is set to 1e-06 for instance and model parameters
option SCALE: Scale is set to 1e-06 for instance and model parameters
option SCALE: Scale is set to 1e-06 for instance and model parameters
Doing analysis at TEMP = 27.000000 and TNOM = 27.000000

Using KLU as Direct Linear Solver

No. of Data Rows : 1
vos = 2.625514e-04
vout = 1.197966e+00
dvbe8 = 6.239843e-02
veb8 = 7.311876e-01
dvbe1 = 6.315655e-02
rra = 8.815873e-02
rrb = 1.174826e-02
vgdrv = 2.041299e+00
Reset re-loads circuit * error-amp-offset-mc monte carlo deck -- generated by sim/error-amp-offset-mc/run_amp_offset_mc.py, do not edit

Circuit: * error-amp-offset-mc monte carlo deck -- generated by sim/error-amp-offset-mc/run_amp_offset_mc.py, do not edit

option SCALE: Scale is set to 1e-06 for instance and model parameters
option SCALE: Scale is set to 1e-06 for instance and model parameters
option SCALE: Scale is set to 1e-06 for instance and model parameters
option SCALE: Scale is set to 1e-06 for instance and model parameters
Doing analysis at TEMP = 27.000000 and TNOM = 27.000000

Using KLU as Direct Linear Solver

No. of Data Rows : 1
vos = 6.959148e-04
vout = 1.189842e+00
dvbe8 = 6.234916e-02
veb8 = 7.311199e-01
dvbe1 = 6.272885e-02
rra = 8.792981e-02
rrb = 1.172417e-02
vgdrv = 2.040141e+00
Reset re-loads circuit * error-amp-offset-mc monte carlo deck -- generated by sim/error-amp-offset-mc/run_amp_offset_mc.py, do not edit

Circuit: * error-amp-offset-mc monte carlo deck -- generated by sim/error-amp-offset-mc/run_amp_offset_mc.py, do not edit

option SCALE: Scale is set to 1e-06 for instance and model parameters
option SCALE: Scale is set to 1e-06 for instance and model parameters
option SCALE: Scale is set to 1e-06 for instance and model parameters
option SCALE: Scale is set to 1e-06 for instance and model parameters
Doing analysis at TEMP = 27.000000 and TNOM = 27.000000

Using KLU as Direct Linear Solver

No. of Data Rows : 1
vos = 7.378918e-05
vout = 1.198195e+00
dvbe8 = 6.215743e-02
veb8 = 7.309395e-01
dvbe1 = 6.257538e-02
rra = 8.808723e-02
rrb = 1.177404e-02
vgdrv = 2.038812e+00
Reset re-loads circuit * error-amp-offset-mc monte carlo deck -- generated by sim/error-amp-offset-mc/run_amp_offset_mc.py, do not edit

Circuit: * error-amp-offset-mc monte carlo deck -- generated by sim/error-amp-offset-mc/run_amp_offset_mc.py, do not edit

option SCALE: Scale is set to 1e-06 for instance and model parameters
option SCALE: Scale is set to 1e-06 for instance and model parameters
option SCALE: Scale is set to 1e-06 for instance and model parameters
option SCALE: Scale is set to 1e-06 for instance and model parameters
Doing analysis at TEMP = 27.000000 and TNOM = 27.000000

Using KLU as Direct Linear Solver

No. of Data Rows : 1
vos = 7.118066e-04
vout = 1.191524e+00
dvbe8 = 6.235715e-02
veb8 = 7.311325e-01
dvbe1 = 6.227452e-02
rra = 8.805535e-02
rrb = 1.177344e-02
vgdrv = 2.036006e+00
Reset re-loads circuit * error-amp-offset-mc monte carlo deck -- generated by sim/error-amp-offset-mc/run_amp_offset_mc.py, do not edit

Circuit: * error-amp-offset-mc monte carlo deck -- generated by sim/error-amp-offset-mc/run_amp_offset_mc.py, do not edit

option SCALE: Scale is set to 1e-06 for instance and model parameters
option SCALE: Scale is set to 1e-06 for instance and model parameters
option SCALE: Scale is set to 1e-06 for instance and model parameters
option SCALE: Scale is set to 1e-06 for instance and model parameters
Doing analysis at TEMP = 27.000000 and TNOM = 27.000000

Using KLU as Direct Linear Solver
 Reference value :  0.00000e+00
No. of Data Rows : 1
vos = -6.13858e-05
vout = 1.205910e+00
dvbe8 = 6.235692e-02
veb8 = 7.311872e-01
dvbe1 = 6.362469e-02
rra = 8.812165e-02
rrb = 1.185399e-02
vgdrv = 2.035162e+00
Reset re-loads circuit * error-amp-offset-mc monte carlo deck -- generated by sim/error-amp-offset-mc/run_amp_offset_mc.py, do not edit

Circuit: * error-amp-offset-mc monte carlo deck -- generated by sim/error-amp-offset-mc/run_amp_offset_mc.py, do not edit

option SCALE: Scale is set to 1e-06 for instance and model parameters
option SCALE: Scale is set to 1e-06 for instance and model parameters
option SCALE: Scale is set to 1e-06 for instance and model parameters
option SCALE: Scale is set to 1e-06 for instance and model parameters
Doing analysis at TEMP = 27.000000 and TNOM = 27.000000

Using KLU as Direct Linear Solver

No. of Data Rows : 1
vos = -2.29639e-04
vout = 1.200482e+00
dvbe8 = 6.231956e-02
veb8 = 7.311123e-01
dvbe1 = 6.304566e-02
rra = 8.809415e-02
rrb = 1.176381e-02
vgdrv = 2.035747e+00
Reset re-loads circuit * error-amp-offset-mc monte carlo deck -- generated by sim/error-amp-offset-mc/run_amp_offset_mc.py, do not edit

Circuit: * error-amp-offset-mc monte carlo deck -- generated by sim/error-amp-offset-mc/run_amp_offset_mc.py, do not edit

option SCALE: Scale is set to 1e-06 for instance and model parameters
option SCALE: Scale is set to 1e-06 for instance and model parameters
option SCALE: Scale is set to 1e-06 for instance and model parameters
option SCALE: Scale is set to 1e-06 for instance and model parameters
Doing analysis at TEMP = 27.000000 and TNOM = 27.000000

Using KLU as Direct Linear Solver

No. of Data Rows : 1
vos = 5.891920e-04
vout = 1.191983e+00
dvbe8 = 6.237185e-02
veb8 = 7.311885e-01
dvbe1 = 6.318120e-02
rra = 8.808718e-02
rrb = 1.171807e-02
vgdrv = 2.038682e+00
Reset re-loads circuit * error-amp-offset-mc monte carlo deck -- generated by sim/error-amp-offset-mc/run_amp_offset_mc.py, do not edit

Circuit: * error-amp-offset-mc monte carlo deck -- generated by sim/error-amp-offset-mc/run_amp_offset_mc.py, do not edit

option SCALE: Scale is set to 1e-06 for instance and model parameters
option SCALE: Scale is set to 1e-06 for instance and model parameters
option SCALE: Scale is set to 1e-06 for instance and model parameters
option SCALE: Scale is set to 1e-06 for instance and model parameters
Doing analysis at TEMP = 27.000000 and TNOM = 27.000000

Using KLU as Direct Linear Solver

No. of Data Rows : 1
vos = -1.54978e-04
vout = 1.197622e+00
dvbe8 = 6.219572e-02
veb8 = 7.309686e-01
dvbe1 = 6.271101e-02
rra = 8.795675e-02
rrb = 1.174725e-02
vgdrv = 2.037202e+00
Reset re-loads circuit * error-amp-offset-mc monte carlo deck -- generated by sim/error-amp-offset-mc/run_amp_offset_mc.py, do not edit

Circuit: * error-amp-offset-mc monte carlo deck -- generated by sim/error-amp-offset-mc/run_amp_offset_mc.py, do not edit

option SCALE: Scale is set to 1e-06 for instance and model parameters
option SCALE: Scale is set to 1e-06 for instance and model parameters
option SCALE: Scale is set to 1e-06 for instance and model parameters
option SCALE: Scale is set to 1e-06 for instance and model parameters
Doing analysis at TEMP = 27.000000 and TNOM = 27.000000

Using KLU as Direct Linear Solver

No. of Data Rows : 1
vos = 6.928467e-04
vout = 1.190609e+00
dvbe8 = 6.245455e-02
veb8 = 7.312669e-01
dvbe1 = 6.337244e-02
rra = 8.801382e-02
rrb = 1.166441e-02
vgdrv = 2.039958e+00
Reset re-loads circuit * error-amp-offset-mc monte carlo deck -- generated by sim/error-amp-offset-mc/run_amp_offset_mc.py, do not edit

Circuit: * error-amp-offset-mc monte carlo deck -- generated by sim/error-amp-offset-mc/run_amp_offset_mc.py, do not edit

option SCALE: Scale is set to 1e-06 for instance and model parameters
option SCALE: Scale is set to 1e-06 for instance and model parameters
option SCALE: Scale is set to 1e-06 for instance and model parameters
option SCALE: Scale is set to 1e-06 for instance and model parameters
Doing analysis at TEMP = 27.000000 and TNOM = 27.000000

Using KLU as Direct Linear Solver

No. of Data Rows : 1
vos = -6.93565e-04
vout = 1.204854e+00
dvbe8 = 6.228078e-02
veb8 = 7.310799e-01
dvbe1 = 6.312383e-02
rra = 8.818513e-02
rrb = 1.171565e-02
vgdrv = 2.038482e+00
Reset re-loads circuit * error-amp-offset-mc monte carlo deck -- generated by sim/error-amp-offset-mc/run_amp_offset_mc.py, do not edit

Circuit: * error-amp-offset-mc monte carlo deck -- generated by sim/error-amp-offset-mc/run_amp_offset_mc.py, do not edit

option SCALE: Scale is set to 1e-06 for instance and model parameters
option SCALE: Scale is set to 1e-06 for instance and model parameters
option SCALE: Scale is set to 1e-06 for instance and model parameters
option SCALE: Scale is set to 1e-06 for instance and model parameters
Doing analysis at TEMP = 27.000000 and TNOM = 27.000000

Using KLU as Direct Linear Solver
 Reference value :  0.00000e+00
No. of Data Rows : 1
vos = -3.77433e-04
vout = 1.200693e+00
dvbe8 = 6.246601e-02
veb8 = 7.312510e-01
dvbe1 = 6.234369e-02
rra = 8.806900e-02
rrb = 1.165941e-02
vgdrv = 2.036568e+00
Reset re-loads circuit * error-amp-offset-mc monte carlo deck -- generated by sim/error-amp-offset-mc/run_amp_offset_mc.py, do not edit

Circuit: * error-amp-offset-mc monte carlo deck -- generated by sim/error-amp-offset-mc/run_amp_offset_mc.py, do not edit

option SCALE: Scale is set to 1e-06 for instance and model parameters
option SCALE: Scale is set to 1e-06 for instance and model parameters
option SCALE: Scale is set to 1e-06 for instance and model parameters
option SCALE: Scale is set to 1e-06 for instance and model parameters
Doing analysis at TEMP = 27.000000 and TNOM = 27.000000

Using KLU as Direct Linear Solver

No. of Data Rows : 1
vos = -3.64479e-04
vout = 1.208895e+00
dvbe8 = 6.238853e-02
veb8 = 7.312149e-01
dvbe1 = 6.293350e-02
rra = 8.815470e-02
rrb = 1.170758e-02
vgdrv = 2.033501e+00
Reset re-loads circuit * error-amp-offset-mc monte carlo deck -- generated by sim/error-amp-offset-mc/run_amp_offset_mc.py, do not edit

Circuit: * error-amp-offset-mc monte carlo deck -- generated by sim/error-amp-offset-mc/run_amp_offset_mc.py, do not edit

option SCALE: Scale is set to 1e-06 for instance and model parameters
option SCALE: Scale is set to 1e-06 for instance and model parameters
option SCALE: Scale is set to 1e-06 for instance and model parameters
option SCALE: Scale is set to 1e-06 for instance and model parameters
Doing analysis at TEMP = 27.000000 and TNOM = 27.000000

Using KLU as Direct Linear Solver
 Reference value :  0.00000e+00
No. of Data Rows : 1
vos = -2.03343e-04
vout = 1.201629e+00
dvbe8 = 6.220701e-02
veb8 = 7.309986e-01
dvbe1 = 6.243868e-02
rra = 8.810972e-02
rrb = 1.183380e-02
vgdrv = 2.032841e+00
Reset re-loads circuit * error-amp-offset-mc monte carlo deck -- generated by sim/error-amp-offset-mc/run_amp_offset_mc.py, do not edit

Circuit: * error-amp-offset-mc monte carlo deck -- generated by sim/error-amp-offset-mc/run_amp_offset_mc.py, do not edit

option SCALE: Scale is set to 1e-06 for instance and model parameters
option SCALE: Scale is set to 1e-06 for instance and model parameters
option SCALE: Scale is set to 1e-06 for instance and model parameters
option SCALE: Scale is set to 1e-06 for instance and model parameters
Doing analysis at TEMP = 27.000000 and TNOM = 27.000000

Using KLU as Direct Linear Solver

No. of Data Rows : 1
vos = -5.27437e-04
vout = 1.207470e+00
dvbe8 = 6.234019e-02
veb8 = 7.311751e-01
dvbe1 = 6.287338e-02
rra = 8.824674e-02
rrb = 1.169551e-02
vgdrv = 2.034241e+00
Reset re-loads circuit * error-amp-offset-mc monte carlo deck -- generated by sim/error-amp-offset-mc/run_amp_offset_mc.py, do not edit

Circuit: * error-amp-offset-mc monte carlo deck -- generated by sim/error-amp-offset-mc/run_amp_offset_mc.py, do not edit

option SCALE: Scale is set to 1e-06 for instance and model parameters
option SCALE: Scale is set to 1e-06 for instance and model parameters
option SCALE: Scale is set to 1e-06 for instance and model parameters
option SCALE: Scale is set to 1e-06 for instance and model parameters
Doing analysis at TEMP = 27.000000 and TNOM = 27.000000

Using KLU as Direct Linear Solver

No. of Data Rows : 1
vos = 2.302517e-04
vout = 1.197573e+00
dvbe8 = 6.238232e-02
veb8 = 7.311806e-01
dvbe1 = 6.383306e-02
rra = 8.797045e-02
rrb = 1.176379e-02
vgdrv = 2.035737e+00
Reset re-loads circuit * error-amp-offset-mc monte carlo deck -- generated by sim/error-amp-offset-mc/run_amp_offset_mc.py, do not edit

Circuit: * error-amp-offset-mc monte carlo deck -- generated by sim/error-amp-offset-mc/run_amp_offset_mc.py, do not edit

option SCALE: Scale is set to 1e-06 for instance and model parameters
option SCALE: Scale is set to 1e-06 for instance and model parameters
option SCALE: Scale is set to 1e-06 for instance and model parameters
option SCALE: Scale is set to 1e-06 for instance and model parameters
Doing analysis at TEMP = 27.000000 and TNOM = 27.000000

Using KLU as Direct Linear Solver
 Reference value :  0.00000e+00
No. of Data Rows : 1
vos = -2.49079e-04
vout = 1.196848e+00
dvbe8 = 6.245798e-02
veb8 = 7.312643e-01
dvbe1 = 6.233167e-02
rra = 8.799881e-02
rrb = 1.174863e-02
vgdrv = 2.038914e+00
Reset re-loads circuit * error-amp-offset-mc monte carlo deck -- generated by sim/error-amp-offset-mc/run_amp_offset_mc.py, do not edit

Circuit: * error-amp-offset-mc monte carlo deck -- generated by sim/error-amp-offset-mc/run_amp_offset_mc.py, do not edit

option SCALE: Scale is set to 1e-06 for instance and model parameters
option SCALE: Scale is set to 1e-06 for instance and model parameters
option SCALE: Scale is set to 1e-06 for instance and model parameters
option SCALE: Scale is set to 1e-06 for instance and model parameters
Doing analysis at TEMP = 27.000000 and TNOM = 27.000000

Using KLU as Direct Linear Solver

No. of Data Rows : 1
vos = 6.449022e-04
vout = 1.193293e+00
dvbe8 = 6.203392e-02
veb8 = 7.308407e-01
dvbe1 = 6.322914e-02
rra = 8.809027e-02
rrb = 1.174107e-02
vgdrv = 2.040997e+00
Reset re-loads circuit * error-amp-offset-mc monte carlo deck -- generated by sim/error-amp-offset-mc/run_amp_offset_mc.py, do not edit

Circuit: * error-amp-offset-mc monte carlo deck -- generated by sim/error-amp-offset-mc/run_amp_offset_mc.py, do not edit

option SCALE: Scale is set to 1e-06 for instance and model parameters
option SCALE: Scale is set to 1e-06 for instance and model parameters
option SCALE: Scale is set to 1e-06 for instance and model parameters
option SCALE: Scale is set to 1e-06 for instance and model parameters
Doing analysis at TEMP = 27.000000 and TNOM = 27.000000

Using KLU as Direct Linear Solver

No. of Data Rows : 1
vos = 6.283480e-04
vout = 1.194100e+00
dvbe8 = 6.245973e-02
veb8 = 7.313003e-01
dvbe1 = 6.331483e-02
rra = 8.803266e-02
rrb = 1.175709e-02
vgdrv = 2.035692e+00
Reset re-loads circuit * error-amp-offset-mc monte carlo deck -- generated by sim/error-amp-offset-mc/run_amp_offset_mc.py, do not edit

Circuit: * error-amp-offset-mc monte carlo deck -- generated by sim/error-amp-offset-mc/run_amp_offset_mc.py, do not edit

option SCALE: Scale is set to 1e-06 for instance and model parameters
option SCALE: Scale is set to 1e-06 for instance and model parameters
option SCALE: Scale is set to 1e-06 for instance and model parameters
option SCALE: Scale is set to 1e-06 for instance and model parameters
Doing analysis at TEMP = 27.000000 and TNOM = 27.000000

Using KLU as Direct Linear Solver

No. of Data Rows : 1
vos = -3.84317e-04
vout = 1.201165e+00
dvbe8 = 6.201827e-02
veb8 = 7.307871e-01
dvbe1 = 6.232735e-02
rra = 8.801896e-02
rrb = 1.171666e-02
vgdrv = 2.038297e+00
Reset re-loads circuit * error-amp-offset-mc monte carlo deck -- generated by sim/error-amp-offset-mc/run_amp_offset_mc.py, do not edit

Circuit: * error-amp-offset-mc monte carlo deck -- generated by sim/error-amp-offset-mc/run_amp_offset_mc.py, do not edit

option SCALE: Scale is set to 1e-06 for instance and model parameters
option SCALE: Scale is set to 1e-06 for instance and model parameters
option SCALE: Scale is set to 1e-06 for instance and model parameters
option SCALE: Scale is set to 1e-06 for instance and model parameters
Doing analysis at TEMP = 27.000000 and TNOM = 27.000000

Using KLU as Direct Linear Solver

No. of Data Rows : 1
vos = -7.96821e-04
vout = 1.206731e+00
dvbe8 = 6.233386e-02
veb8 = 7.310989e-01
dvbe1 = 6.350029e-02
rra = 8.802925e-02
rrb = 1.176764e-02
vgdrv = 2.031570e+00
Reset re-loads circuit * error-amp-offset-mc monte carlo deck -- generated by sim/error-amp-offset-mc/run_amp_offset_mc.py, do not edit

Circuit: * error-amp-offset-mc monte carlo deck -- generated by sim/error-amp-offset-mc/run_amp_offset_mc.py, do not edit

option SCALE: Scale is set to 1e-06 for instance and model parameters
option SCALE: Scale is set to 1e-06 for instance and model parameters
option SCALE: Scale is set to 1e-06 for instance and model parameters
option SCALE: Scale is set to 1e-06 for instance and model parameters
Doing analysis at TEMP = 27.000000 and TNOM = 27.000000

Using KLU as Direct Linear Solver
 Reference value :  0.00000e+00
No. of Data Rows : 1
vos = 9.232312e-05
vout = 1.191894e+00
dvbe8 = 6.260629e-02
veb8 = 7.313644e-01
dvbe1 = 6.256965e-02
rra = 8.787503e-02
rrb = 1.179155e-02
vgdrv = 2.041085e+00
Reset re-loads circuit * error-amp-offset-mc monte carlo deck -- generated by sim/error-amp-offset-mc/run_amp_offset_mc.py, do not edit

Circuit: * error-amp-offset-mc monte carlo deck -- generated by sim/error-amp-offset-mc/run_amp_offset_mc.py, do not edit

option SCALE: Scale is set to 1e-06 for instance and model parameters
option SCALE: Scale is set to 1e-06 for instance and model parameters
option SCALE: Scale is set to 1e-06 for instance and model parameters
option SCALE: Scale is set to 1e-06 for instance and model parameters
Doing analysis at TEMP = 27.000000 and TNOM = 27.000000

Using KLU as Direct Linear Solver

No. of Data Rows : 1
vos = -7.90935e-05
vout = 1.198642e+00
dvbe8 = 6.218663e-02
veb8 = 7.309735e-01
dvbe1 = 6.249554e-02
rra = 8.798176e-02
rrb = 1.177262e-02
vgdrv = 2.033506e+00
Reset re-loads circuit * error-amp-offset-mc monte carlo deck -- generated by sim/error-amp-offset-mc/run_amp_offset_mc.py, do not edit

Circuit: * error-amp-offset-mc monte carlo deck -- generated by sim/error-amp-offset-mc/run_amp_offset_mc.py, do not edit

option SCALE: Scale is set to 1e-06 for instance and model parameters
option SCALE: Scale is set to 1e-06 for instance and model parameters
option SCALE: Scale is set to 1e-06 for instance and model parameters
option SCALE: Scale is set to 1e-06 for instance and model parameters
Doing analysis at TEMP = 27.000000 and TNOM = 27.000000

Using KLU as Direct Linear Solver

No. of Data Rows : 1
vos = 6.783933e-04
vout = 1.197081e+00
dvbe8 = 6.263866e-02
veb8 = 7.313964e-01
dvbe1 = 6.251349e-02
rra = 8.800102e-02
rrb = 1.175197e-02
vgdrv = 2.035295e+00
Reset re-loads circuit * error-amp-offset-mc monte carlo deck -- generated by sim/error-amp-offset-mc/run_amp_offset_mc.py, do not edit

Circuit: * error-amp-offset-mc monte carlo deck -- generated by sim/error-amp-offset-mc/run_amp_offset_mc.py, do not edit

option SCALE: Scale is set to 1e-06 for instance and model parameters
option SCALE: Scale is set to 1e-06 for instance and model parameters
option SCALE: Scale is set to 1e-06 for instance and model parameters
option SCALE: Scale is set to 1e-06 for instance and model parameters
Doing analysis at TEMP = 27.000000 and TNOM = 27.000000

Using KLU as Direct Linear Solver

No. of Data Rows : 1
vos = -7.86191e-04
vout = 1.207444e+00
dvbe8 = 6.253032e-02
veb8 = 7.313168e-01
dvbe1 = 6.322069e-02
rra = 8.823679e-02
rrb = 1.170517e-02
vgdrv = 2.036217e+00
Reset re-loads circuit * error-amp-offset-mc monte carlo deck -- generated by sim/error-amp-offset-mc/run_amp_offset_mc.py, do not edit

Circuit: * error-amp-offset-mc monte carlo deck -- generated by sim/error-amp-offset-mc/run_amp_offset_mc.py, do not edit

option SCALE: Scale is set to 1e-06 for instance and model parameters
option SCALE: Scale is set to 1e-06 for instance and model parameters
option SCALE: Scale is set to 1e-06 for instance and model parameters
option SCALE: Scale is set to 1e-06 for instance and model parameters
Doing analysis at TEMP = 27.000000 and TNOM = 27.000000

Using KLU as Direct Linear Solver

No. of Data Rows : 1
vos = -6.65631e-04
vout = 1.203381e+00
dvbe8 = 6.244692e-02
veb8 = 7.312592e-01
dvbe1 = 6.310297e-02
rra = 8.812505e-02
rrb = 1.175115e-02
vgdrv = 2.035316e+00
Reset re-loads circuit * error-amp-offset-mc monte carlo deck -- generated by sim/error-amp-offset-mc/run_amp_offset_mc.py, do not edit

Circuit: * error-amp-offset-mc monte carlo deck -- generated by sim/error-amp-offset-mc/run_amp_offset_mc.py, do not edit

option SCALE: Scale is set to 1e-06 for instance and model parameters
option SCALE: Scale is set to 1e-06 for instance and model parameters
option SCALE: Scale is set to 1e-06 for instance and model parameters
option SCALE: Scale is set to 1e-06 for instance and model parameters
Doing analysis at TEMP = 27.000000 and TNOM = 27.000000

Using KLU as Direct Linear Solver
 Reference value :  0.00000e+00
No. of Data Rows : 1
vos = -1.78498e-04
vout = 1.195853e+00
dvbe8 = 6.263047e-02
veb8 = 7.314156e-01
dvbe1 = 6.342962e-02
rra = 8.811516e-02
rrb = 1.180765e-02
vgdrv = 2.039642e+00
Reset re-loads circuit * error-amp-offset-mc monte carlo deck -- generated by sim/error-amp-offset-mc/run_amp_offset_mc.py, do not edit

Circuit: * error-amp-offset-mc monte carlo deck -- generated by sim/error-amp-offset-mc/run_amp_offset_mc.py, do not edit

option SCALE: Scale is set to 1e-06 for instance and model parameters
option SCALE: Scale is set to 1e-06 for instance and model parameters
option SCALE: Scale is set to 1e-06 for instance and model parameters
option SCALE: Scale is set to 1e-06 for instance and model parameters
Doing analysis at TEMP = 27.000000 and TNOM = 27.000000

Using KLU as Direct Linear Solver

No. of Data Rows : 1
vos = -1.16973e-04
vout = 1.197906e+00
dvbe8 = 6.222805e-02
veb8 = 7.310480e-01
dvbe1 = 6.287994e-02
rra = 8.796130e-02
rrb = 1.178682e-02
vgdrv = 2.038248e+00
Reset re-loads circuit * error-amp-offset-mc monte carlo deck -- generated by sim/error-amp-offset-mc/run_amp_offset_mc.py, do not edit

Circuit: * error-amp-offset-mc monte carlo deck -- generated by sim/error-amp-offset-mc/run_amp_offset_mc.py, do not edit

option SCALE: Scale is set to 1e-06 for instance and model parameters
option SCALE: Scale is set to 1e-06 for instance and model parameters
option SCALE: Scale is set to 1e-06 for instance and model parameters
option SCALE: Scale is set to 1e-06 for instance and model parameters
Doing analysis at TEMP = 27.000000 and TNOM = 27.000000

Using KLU as Direct Linear Solver

No. of Data Rows : 1
vos = 2.770263e-04
vout = 1.191416e+00
dvbe8 = 6.263071e-02
veb8 = 7.314403e-01
dvbe1 = 6.294452e-02
rra = 8.817487e-02
rrb = 1.175644e-02
vgdrv = 2.040999e+00
Reset re-loads circuit * error-amp-offset-mc monte carlo deck -- generated by sim/error-amp-offset-mc/run_amp_offset_mc.py, do not edit

Circuit: * error-amp-offset-mc monte carlo deck -- generated by sim/error-amp-offset-mc/run_amp_offset_mc.py, do not edit

option SCALE: Scale is set to 1e-06 for instance and model parameters
option SCALE: Scale is set to 1e-06 for instance and model parameters
option SCALE: Scale is set to 1e-06 for instance and model parameters
option SCALE: Scale is set to 1e-06 for instance and model parameters
Doing analysis at TEMP = 27.000000 and TNOM = 27.000000

Using KLU as Direct Linear Solver

No. of Data Rows : 1
vos = -4.64846e-04
vout = 1.203949e+00
dvbe8 = 6.225876e-02
veb8 = 7.310257e-01
dvbe1 = 6.278924e-02
rra = 8.817957e-02
rrb = 1.177792e-02
vgdrv = 2.035992e+00
Reset re-loads circuit * error-amp-offset-mc monte carlo deck -- generated by sim/error-amp-offset-mc/run_amp_offset_mc.py, do not edit

Circuit: * error-amp-offset-mc monte carlo deck -- generated by sim/error-amp-offset-mc/run_amp_offset_mc.py, do not edit

option SCALE: Scale is set to 1e-06 for instance and model parameters
option SCALE: Scale is set to 1e-06 for instance and model parameters
option SCALE: Scale is set to 1e-06 for instance and model parameters
option SCALE: Scale is set to 1e-06 for instance and model parameters
Doing analysis at TEMP = 27.000000 and TNOM = 27.000000

Using KLU as Direct Linear Solver

No. of Data Rows : 1
vos = -6.67775e-04
vout = 1.206754e+00
dvbe8 = 6.242665e-02
veb8 = 7.311986e-01
dvbe1 = 6.254014e-02
rra = 8.788675e-02
rrb = 1.168007e-02
vgdrv = 2.034354e+00
Reset re-loads circuit * error-amp-offset-mc monte carlo deck -- generated by sim/error-amp-offset-mc/run_amp_offset_mc.py, do not edit

Circuit: * error-amp-offset-mc monte carlo deck -- generated by sim/error-amp-offset-mc/run_amp_offset_mc.py, do not edit

option SCALE: Scale is set to 1e-06 for instance and model parameters
option SCALE: Scale is set to 1e-06 for instance and model parameters
option SCALE: Scale is set to 1e-06 for instance and model parameters
option SCALE: Scale is set to 1e-06 for instance and model parameters
Doing analysis at TEMP = 27.000000 and TNOM = 27.000000

Using KLU as Direct Linear Solver
 Reference value :  0.00000e+00
No. of Data Rows : 1
vos = -1.01285e-03
vout = 1.206877e+00
dvbe8 = 6.235698e-02
veb8 = 7.311557e-01
dvbe1 = 6.319218e-02
rra = 8.809364e-02
rrb = 1.175561e-02
vgdrv = 2.032526e+00
Reset re-loads circuit * error-amp-offset-mc monte carlo deck -- generated by sim/error-amp-offset-mc/run_amp_offset_mc.py, do not edit

Circuit: * error-amp-offset-mc monte carlo deck -- generated by sim/error-amp-offset-mc/run_amp_offset_mc.py, do not edit

option SCALE: Scale is set to 1e-06 for instance and model parameters
option SCALE: Scale is set to 1e-06 for instance and model parameters
option SCALE: Scale is set to 1e-06 for instance and model parameters
option SCALE: Scale is set to 1e-06 for instance and model parameters
Doing analysis at TEMP = 27.000000 and TNOM = 27.000000

Using KLU as Direct Linear Solver

No. of Data Rows : 1
vos = -8.91781e-05
vout = 1.200205e+00
dvbe8 = 6.242554e-02
veb8 = 7.312373e-01
dvbe1 = 6.271542e-02
rra = 8.825794e-02
rrb = 1.176969e-02
vgdrv = 2.031086e+00
Reset re-loads circuit * error-amp-offset-mc monte carlo deck -- generated by sim/error-amp-offset-mc/run_amp_offset_mc.py, do not edit

Circuit: * error-amp-offset-mc monte carlo deck -- generated by sim/error-amp-offset-mc/run_amp_offset_mc.py, do not edit

option SCALE: Scale is set to 1e-06 for instance and model parameters
option SCALE: Scale is set to 1e-06 for instance and model parameters
option SCALE: Scale is set to 1e-06 for instance and model parameters
option SCALE: Scale is set to 1e-06 for instance and model parameters
Doing analysis at TEMP = 27.000000 and TNOM = 27.000000

Using KLU as Direct Linear Solver

No. of Data Rows : 1
vos = -7.58447e-05
vout = 1.200607e+00
dvbe8 = 6.232475e-02
veb8 = 7.311005e-01
dvbe1 = 6.312909e-02
rra = 8.818907e-02
rrb = 1.168272e-02
vgdrv = 2.037261e+00
Reset re-loads circuit * error-amp-offset-mc monte carlo deck -- generated by sim/error-amp-offset-mc/run_amp_offset_mc.py, do not edit

Circuit: * error-amp-offset-mc monte carlo deck -- generated by sim/error-amp-offset-mc/run_amp_offset_mc.py, do not edit

option SCALE: Scale is set to 1e-06 for instance and model parameters
option SCALE: Scale is set to 1e-06 for instance and model parameters
option SCALE: Scale is set to 1e-06 for instance and model parameters
option SCALE: Scale is set to 1e-06 for instance and model parameters
Doing analysis at TEMP = 27.000000 and TNOM = 27.000000

Using KLU as Direct Linear Solver

No. of Data Rows : 1
vos = 6.073373e-04
vout = 1.192347e+00
dvbe8 = 6.232009e-02
veb8 = 7.311188e-01
dvbe1 = 6.268488e-02
rra = 8.798223e-02
rrb = 1.174139e-02
vgdrv = 2.040266e+00
Reset re-loads circuit * error-amp-offset-mc monte carlo deck -- generated by sim/error-amp-offset-mc/run_amp_offset_mc.py, do not edit

Circuit: * error-amp-offset-mc monte carlo deck -- generated by sim/error-amp-offset-mc/run_amp_offset_mc.py, do not edit

option SCALE: Scale is set to 1e-06 for instance and model parameters
option SCALE: Scale is set to 1e-06 for instance and model parameters
option SCALE: Scale is set to 1e-06 for instance and model parameters
option SCALE: Scale is set to 1e-06 for instance and model parameters
Doing analysis at TEMP = 27.000000 and TNOM = 27.000000

Using KLU as Direct Linear Solver

No. of Data Rows : 1
vos = 1.519977e-05
vout = 1.200768e+00
dvbe8 = 6.232420e-02
veb8 = 7.311242e-01
dvbe1 = 6.298382e-02
rra = 8.810198e-02
rrb = 1.177731e-02
vgdrv = 2.033929e+00
Reset re-loads circuit * error-amp-offset-mc monte carlo deck -- generated by sim/error-amp-offset-mc/run_amp_offset_mc.py, do not edit

Circuit: * error-amp-offset-mc monte carlo deck -- generated by sim/error-amp-offset-mc/run_amp_offset_mc.py, do not edit

option SCALE: Scale is set to 1e-06 for instance and model parameters
option SCALE: Scale is set to 1e-06 for instance and model parameters
option SCALE: Scale is set to 1e-06 for instance and model parameters
option SCALE: Scale is set to 1e-06 for instance and model parameters
Doing analysis at TEMP = 27.000000 and TNOM = 27.000000

Using KLU as Direct Linear Solver
 Reference value :  0.00000e+00
No. of Data Rows : 1
vos = 5.828304e-05
vout = 1.196641e+00
dvbe8 = 6.214383e-02
veb8 = 7.308982e-01
dvbe1 = 6.303431e-02
rra = 8.809956e-02
rrb = 1.176741e-02
vgdrv = 2.039982e+00
Reset re-loads circuit * error-amp-offset-mc monte carlo deck -- generated by sim/error-amp-offset-mc/run_amp_offset_mc.py, do not edit

Circuit: * error-amp-offset-mc monte carlo deck -- generated by sim/error-amp-offset-mc/run_amp_offset_mc.py, do not edit

option SCALE: Scale is set to 1e-06 for instance and model parameters
option SCALE: Scale is set to 1e-06 for instance and model parameters
option SCALE: Scale is set to 1e-06 for instance and model parameters
option SCALE: Scale is set to 1e-06 for instance and model parameters
Doing analysis at TEMP = 27.000000 and TNOM = 27.000000

Using KLU as Direct Linear Solver

No. of Data Rows : 1
vos = -2.85755e-04
vout = 1.202657e+00
dvbe8 = 6.253747e-02
veb8 = 7.313422e-01
dvbe1 = 6.250873e-02
rra = 8.820948e-02
rrb = 1.168620e-02
vgdrv = 2.038319e+00
Reset re-loads circuit * error-amp-offset-mc monte carlo deck -- generated by sim/error-amp-offset-mc/run_amp_offset_mc.py, do not edit

Circuit: * error-amp-offset-mc monte carlo deck -- generated by sim/error-amp-offset-mc/run_amp_offset_mc.py, do not edit

option SCALE: Scale is set to 1e-06 for instance and model parameters
option SCALE: Scale is set to 1e-06 for instance and model parameters
option SCALE: Scale is set to 1e-06 for instance and model parameters
option SCALE: Scale is set to 1e-06 for instance and model parameters
Doing analysis at TEMP = 27.000000 and TNOM = 27.000000

Using KLU as Direct Linear Solver

No. of Data Rows : 1
vos = 3.770959e-04
vout = 1.198445e+00
dvbe8 = 6.200634e-02
veb8 = 7.308138e-01
dvbe1 = 6.266395e-02
rra = 8.802774e-02
rrb = 1.174769e-02
vgdrv = 2.040467e+00
Reset re-loads circuit * error-amp-offset-mc monte carlo deck -- generated by sim/error-amp-offset-mc/run_amp_offset_mc.py, do not edit

Circuit: * error-amp-offset-mc monte carlo deck -- generated by sim/error-amp-offset-mc/run_amp_offset_mc.py, do not edit

option SCALE: Scale is set to 1e-06 for instance and model parameters
option SCALE: Scale is set to 1e-06 for instance and model parameters
option SCALE: Scale is set to 1e-06 for instance and model parameters
option SCALE: Scale is set to 1e-06 for instance and model parameters
Doing analysis at TEMP = 27.000000 and TNOM = 27.000000

Using KLU as Direct Linear Solver

No. of Data Rows : 1
vos = -8.98589e-04
vout = 1.200330e+00
dvbe8 = 6.244261e-02
veb8 = 7.312090e-01
dvbe1 = 6.371800e-02
rra = 8.795752e-02
rrb = 1.173281e-02
vgdrv = 2.040942e+00
Reset re-loads circuit * error-amp-offset-mc monte carlo deck -- generated by sim/error-amp-offset-mc/run_amp_offset_mc.py, do not edit

Circuit: * error-amp-offset-mc monte carlo deck -- generated by sim/error-amp-offset-mc/run_amp_offset_mc.py, do not edit

option SCALE: Scale is set to 1e-06 for instance and model parameters
option SCALE: Scale is set to 1e-06 for instance and model parameters
option SCALE: Scale is set to 1e-06 for instance and model parameters
option SCALE: Scale is set to 1e-06 for instance and model parameters
Doing analysis at TEMP = 27.000000 and TNOM = 27.000000

Using KLU as Direct Linear Solver

No. of Data Rows : 1
vos = 1.082779e-04
vout = 1.194836e+00
dvbe8 = 6.242477e-02
veb8 = 7.311942e-01
dvbe1 = 6.359363e-02
rra = 8.825887e-02
rrb = 1.171777e-02
vgdrv = 2.039431e+00
Reset re-loads circuit * error-amp-offset-mc monte carlo deck -- generated by sim/error-amp-offset-mc/run_amp_offset_mc.py, do not edit

Circuit: * error-amp-offset-mc monte carlo deck -- generated by sim/error-amp-offset-mc/run_amp_offset_mc.py, do not edit

option SCALE: Scale is set to 1e-06 for instance and model parameters
option SCALE: Scale is set to 1e-06 for instance and model parameters
option SCALE: Scale is set to 1e-06 for instance and model parameters
option SCALE: Scale is set to 1e-06 for instance and model parameters
Doing analysis at TEMP = 27.000000 and TNOM = 27.000000

Using KLU as Direct Linear Solver
 Reference value :  0.00000e+00
No. of Data Rows : 1
vos = 4.515210e-04
vout = 1.193215e+00
dvbe8 = 6.262498e-02
veb8 = 7.314181e-01
dvbe1 = 6.231569e-02
rra = 8.814893e-02
rrb = 1.173817e-02
vgdrv = 2.036762e+00
Reset re-loads circuit * error-amp-offset-mc monte carlo deck -- generated by sim/error-amp-offset-mc/run_amp_offset_mc.py, do not edit

Circuit: * error-amp-offset-mc monte carlo deck -- generated by sim/error-amp-offset-mc/run_amp_offset_mc.py, do not edit

option SCALE: Scale is set to 1e-06 for instance and model parameters
option SCALE: Scale is set to 1e-06 for instance and model parameters
option SCALE: Scale is set to 1e-06 for instance and model parameters
option SCALE: Scale is set to 1e-06 for instance and model parameters
Doing analysis at TEMP = 27.000000 and TNOM = 27.000000

Using KLU as Direct Linear Solver

No. of Data Rows : 1
vos = -2.75613e-05
vout = 1.200146e+00
dvbe8 = 6.237312e-02
veb8 = 7.311483e-01
dvbe1 = 6.304771e-02
rra = 8.817674e-02
rrb = 1.182003e-02
vgdrv = 2.037464e+00
Reset re-loads circuit * error-amp-offset-mc monte carlo deck -- generated by sim/error-amp-offset-mc/run_amp_offset_mc.py, do not edit

Circuit: * error-amp-offset-mc monte carlo deck -- generated by sim/error-amp-offset-mc/run_amp_offset_mc.py, do not edit

option SCALE: Scale is set to 1e-06 for instance and model parameters
option SCALE: Scale is set to 1e-06 for instance and model parameters
option SCALE: Scale is set to 1e-06 for instance and model parameters
option SCALE: Scale is set to 1e-06 for instance and model parameters
Doing analysis at TEMP = 27.000000 and TNOM = 27.000000

Using KLU as Direct Linear Solver

No. of Data Rows : 1
vos = 7.010582e-05
vout = 1.194824e+00
dvbe8 = 6.235414e-02
veb8 = 7.311672e-01
dvbe1 = 6.272815e-02
rra = 8.801044e-02
rrb = 1.182446e-02
vgdrv = 2.038727e+00
Reset re-loads circuit * error-amp-offset-mc monte carlo deck -- generated by sim/error-amp-offset-mc/run_amp_offset_mc.py, do not edit

Circuit: * error-amp-offset-mc monte carlo deck -- generated by sim/error-amp-offset-mc/run_amp_offset_mc.py, do not edit

option SCALE: Scale is set to 1e-06 for instance and model parameters
option SCALE: Scale is set to 1e-06 for instance and model parameters
option SCALE: Scale is set to 1e-06 for instance and model parameters
option SCALE: Scale is set to 1e-06 for instance and model parameters
Doing analysis at TEMP = 27.000000 and TNOM = 27.000000

Using KLU as Direct Linear Solver
 Reference value :  0.00000e+00
No. of Data Rows : 1
vos = 6.282766e-04
vout = 1.192987e+00
dvbe8 = 6.231001e-02
veb8 = 7.311005e-01
dvbe1 = 6.243520e-02
rra = 8.824199e-02
rrb = 1.181925e-02
vgdrv = 2.036418e+00
Reset re-loads circuit * error-amp-offset-mc monte carlo deck -- generated by sim/error-amp-offset-mc/run_amp_offset_mc.py, do not edit

Circuit: * error-amp-offset-mc monte carlo deck -- generated by sim/error-amp-offset-mc/run_amp_offset_mc.py, do not edit

option SCALE: Scale is set to 1e-06 for instance and model parameters
option SCALE: Scale is set to 1e-06 for instance and model parameters
option SCALE: Scale is set to 1e-06 for instance and model parameters
option SCALE: Scale is set to 1e-06 for instance and model parameters
Doing analysis at TEMP = 27.000000 and TNOM = 27.000000

Using KLU as Direct Linear Solver

No. of Data Rows : 1
vos = 2.100508e-04
vout = 1.202324e+00
dvbe8 = 6.250630e-02
veb8 = 7.313419e-01
dvbe1 = 6.256190e-02
rra = 8.804227e-02
rrb = 1.172464e-02
vgdrv = 2.039519e+00
Reset re-loads circuit * error-amp-offset-mc monte carlo deck -- generated by sim/error-amp-offset-mc/run_amp_offset_mc.py, do not edit

Circuit: * error-amp-offset-mc monte carlo deck -- generated by sim/error-amp-offset-mc/run_amp_offset_mc.py, do not edit

option SCALE: Scale is set to 1e-06 for instance and model parameters
option SCALE: Scale is set to 1e-06 for instance and model parameters
option SCALE: Scale is set to 1e-06 for instance and model parameters
option SCALE: Scale is set to 1e-06 for instance and model parameters
Doing analysis at TEMP = 27.000000 and TNOM = 27.000000

Using KLU as Direct Linear Solver

No. of Data Rows : 1
vos = -1.02499e-03
vout = 1.205740e+00
dvbe8 = 6.219983e-02
veb8 = 7.310023e-01
dvbe1 = 6.286332e-02
rra = 8.806677e-02
rrb = 1.177506e-02
vgdrv = 2.033782e+00
Reset re-loads circuit * error-amp-offset-mc monte carlo deck -- generated by sim/error-amp-offset-mc/run_amp_offset_mc.py, do not edit

Circuit: * error-amp-offset-mc monte carlo deck -- generated by sim/error-amp-offset-mc/run_amp_offset_mc.py, do not edit

option SCALE: Scale is set to 1e-06 for instance and model parameters
option SCALE: Scale is set to 1e-06 for instance and model parameters
option SCALE: Scale is set to 1e-06 for instance and model parameters
option SCALE: Scale is set to 1e-06 for instance and model parameters
Doing analysis at TEMP = 27.000000 and TNOM = 27.000000

Using KLU as Direct Linear Solver

No. of Data Rows : 1
vos = -7.96467e-06
vout = 1.205062e+00
dvbe8 = 6.198706e-02
veb8 = 7.308348e-01
dvbe1 = 6.260090e-02
rra = 8.815723e-02
rrb = 1.173994e-02
vgdrv = 2.036974e+00
Reset re-loads circuit * error-amp-offset-mc monte carlo deck -- generated by sim/error-amp-offset-mc/run_amp_offset_mc.py, do not edit

Circuit: * error-amp-offset-mc monte carlo deck -- generated by sim/error-amp-offset-mc/run_amp_offset_mc.py, do not edit

option SCALE: Scale is set to 1e-06 for instance and model parameters
option SCALE: Scale is set to 1e-06 for instance and model parameters
option SCALE: Scale is set to 1e-06 for instance and model parameters
option SCALE: Scale is set to 1e-06 for instance and model parameters
Doing analysis at TEMP = 27.000000 and TNOM = 27.000000

Using KLU as Direct Linear Solver
 Reference value :  0.00000e+00
No. of Data Rows : 1
vos = -2.14738e-05
vout = 1.200974e+00
dvbe8 = 6.218151e-02
veb8 = 7.310091e-01
dvbe1 = 6.327509e-02
rra = 8.806971e-02
rrb = 1.176360e-02
vgdrv = 2.034244e+00
Reset re-loads circuit * error-amp-offset-mc monte carlo deck -- generated by sim/error-amp-offset-mc/run_amp_offset_mc.py, do not edit

Circuit: * error-amp-offset-mc monte carlo deck -- generated by sim/error-amp-offset-mc/run_amp_offset_mc.py, do not edit

option SCALE: Scale is set to 1e-06 for instance and model parameters
option SCALE: Scale is set to 1e-06 for instance and model parameters
option SCALE: Scale is set to 1e-06 for instance and model parameters
option SCALE: Scale is set to 1e-06 for instance and model parameters
Doing analysis at TEMP = 27.000000 and TNOM = 27.000000

Using KLU as Direct Linear Solver
 Reference value :  0.00000e+00
No. of Data Rows : 1
vos = -8.93923e-05
vout = 1.196182e+00
dvbe8 = 6.242669e-02
veb8 = 7.312133e-01
dvbe1 = 6.304302e-02
rra = 8.817600e-02
rrb = 1.177749e-02
vgdrv = 2.036372e+00
Reset re-loads circuit * error-amp-offset-mc monte carlo deck -- generated by sim/error-amp-offset-mc/run_amp_offset_mc.py, do not edit

Circuit: * error-amp-offset-mc monte carlo deck -- generated by sim/error-amp-offset-mc/run_amp_offset_mc.py, do not edit

option SCALE: Scale is set to 1e-06 for instance and model parameters
option SCALE: Scale is set to 1e-06 for instance and model parameters
option SCALE: Scale is set to 1e-06 for instance and model parameters
option SCALE: Scale is set to 1e-06 for instance and model parameters
Doing analysis at TEMP = 27.000000 and TNOM = 27.000000

Using KLU as Direct Linear Solver
 Reference value :  0.00000e+00
No. of Data Rows : 1
vos = 8.486233e-04
vout = 1.189325e+00
dvbe8 = 6.213946e-02
veb8 = 7.309092e-01
dvbe1 = 6.306281e-02
rra = 8.818615e-02
rrb = 1.172042e-02
vgdrv = 2.034530e+00
Reset re-loads circuit * error-amp-offset-mc monte carlo deck -- generated by sim/error-amp-offset-mc/run_amp_offset_mc.py, do not edit

Circuit: * error-amp-offset-mc monte carlo deck -- generated by sim/error-amp-offset-mc/run_amp_offset_mc.py, do not edit

option SCALE: Scale is set to 1e-06 for instance and model parameters
option SCALE: Scale is set to 1e-06 for instance and model parameters
option SCALE: Scale is set to 1e-06 for instance and model parameters
option SCALE: Scale is set to 1e-06 for instance and model parameters
Doing analysis at TEMP = 27.000000 and TNOM = 27.000000

Using KLU as Direct Linear Solver

No. of Data Rows : 1
vos = 9.160746e-04
vout = 1.187608e+00
dvbe8 = 6.247686e-02
veb8 = 7.312863e-01
dvbe1 = 6.276594e-02
rra = 8.822660e-02
rrb = 1.184261e-02
vgdrv = 2.038585e+00
Reset re-loads circuit * error-amp-offset-mc monte carlo deck -- generated by sim/error-amp-offset-mc/run_amp_offset_mc.py, do not edit

Circuit: * error-amp-offset-mc monte carlo deck -- generated by sim/error-amp-offset-mc/run_amp_offset_mc.py, do not edit

option SCALE: Scale is set to 1e-06 for instance and model parameters
option SCALE: Scale is set to 1e-06 for instance and model parameters
option SCALE: Scale is set to 1e-06 for instance and model parameters
option SCALE: Scale is set to 1e-06 for instance and model parameters
Doing analysis at TEMP = 27.000000 and TNOM = 27.000000

Using KLU as Direct Linear Solver
 Reference value :  0.00000e+00
No. of Data Rows : 1
vos = -6.44286e-04
vout = 1.205157e+00
dvbe8 = 6.252187e-02
veb8 = 7.313382e-01
dvbe1 = 6.362844e-02
rra = 8.806269e-02
rrb = 1.174352e-02
vgdrv = 2.036879e+00
Reset re-loads circuit * error-amp-offset-mc monte carlo deck -- generated by sim/error-amp-offset-mc/run_amp_offset_mc.py, do not edit

Circuit: * error-amp-offset-mc monte carlo deck -- generated by sim/error-amp-offset-mc/run_amp_offset_mc.py, do not edit

option SCALE: Scale is set to 1e-06 for instance and model parameters
option SCALE: Scale is set to 1e-06 for instance and model parameters
option SCALE: Scale is set to 1e-06 for instance and model parameters
option SCALE: Scale is set to 1e-06 for instance and model parameters
Doing analysis at TEMP = 27.000000 and TNOM = 27.000000

Using KLU as Direct Linear Solver

No. of Data Rows : 1
vos = -1.04874e-03
vout = 1.208704e+00
dvbe8 = 6.243276e-02
veb8 = 7.312187e-01
dvbe1 = 6.383665e-02
rra = 8.821888e-02
rrb = 1.169636e-02
vgdrv = 2.032740e+00
Reset re-loads circuit * error-amp-offset-mc monte carlo deck -- generated by sim/error-amp-offset-mc/run_amp_offset_mc.py, do not edit

Circuit: * error-amp-offset-mc monte carlo deck -- generated by sim/error-amp-offset-mc/run_amp_offset_mc.py, do not edit

option SCALE: Scale is set to 1e-06 for instance and model parameters
option SCALE: Scale is set to 1e-06 for instance and model parameters
option SCALE: Scale is set to 1e-06 for instance and model parameters
option SCALE: Scale is set to 1e-06 for instance and model parameters
Doing analysis at TEMP = 27.000000 and TNOM = 27.000000

Using KLU as Direct Linear Solver

No. of Data Rows : 1
vos = 2.520789e-04
vout = 1.198465e+00
dvbe8 = 6.212792e-02
veb8 = 7.308932e-01
dvbe1 = 6.386241e-02
rra = 8.795747e-02
rrb = 1.185235e-02
vgdrv = 2.041415e+00
Reset re-loads circuit * error-amp-offset-mc monte carlo deck -- generated by sim/error-amp-offset-mc/run_amp_offset_mc.py, do not edit

Circuit: * error-amp-offset-mc monte carlo deck -- generated by sim/error-amp-offset-mc/run_amp_offset_mc.py, do not edit

option SCALE: Scale is set to 1e-06 for instance and model parameters
option SCALE: Scale is set to 1e-06 for instance and model parameters
option SCALE: Scale is set to 1e-06 for instance and model parameters
option SCALE: Scale is set to 1e-06 for instance and model parameters
Doing analysis at TEMP = 27.000000 and TNOM = 27.000000

Using KLU as Direct Linear Solver

No. of Data Rows : 1
vos = 9.720788e-04
vout = 1.186363e+00
dvbe8 = 6.226155e-02
veb8 = 7.310775e-01
dvbe1 = 6.330956e-02
rra = 8.803085e-02
rrb = 1.169815e-02
vgdrv = 2.038247e+00
Reset re-loads circuit * error-amp-offset-mc monte carlo deck -- generated by sim/error-amp-offset-mc/run_amp_offset_mc.py, do not edit

Circuit: * error-amp-offset-mc monte carlo deck -- generated by sim/error-amp-offset-mc/run_amp_offset_mc.py, do not edit

option SCALE: Scale is set to 1e-06 for instance and model parameters
option SCALE: Scale is set to 1e-06 for instance and model parameters
option SCALE: Scale is set to 1e-06 for instance and model parameters
option SCALE: Scale is set to 1e-06 for instance and model parameters
Doing analysis at TEMP = 27.000000 and TNOM = 27.000000

Using KLU as Direct Linear Solver

No. of Data Rows : 1
vos = -3.76956e-04
vout = 1.205362e+00
dvbe8 = 6.231426e-02
veb8 = 7.310961e-01
dvbe1 = 6.275330e-02
rra = 8.806229e-02
rrb = 1.172051e-02
vgdrv = 2.036111e+00
Reset re-loads circuit * error-amp-offset-mc monte carlo deck -- generated by sim/error-amp-offset-mc/run_amp_offset_mc.py, do not edit

Circuit: * error-amp-offset-mc monte carlo deck -- generated by sim/error-amp-offset-mc/run_amp_offset_mc.py, do not edit

option SCALE: Scale is set to 1e-06 for instance and model parameters
option SCALE: Scale is set to 1e-06 for instance and model parameters
option SCALE: Scale is set to 1e-06 for instance and model parameters
option SCALE: Scale is set to 1e-06 for instance and model parameters
Doing analysis at TEMP = 27.000000 and TNOM = 27.000000

Using KLU as Direct Linear Solver
 Reference value :  0.00000e+00
No. of Data Rows : 1
vos = 2.808734e-04
vout = 1.195538e+00
dvbe8 = 6.243634e-02
veb8 = 7.312280e-01
dvbe1 = 6.263058e-02
rra = 8.828144e-02
rrb = 1.170951e-02
vgdrv = 2.037008e+00
Reset re-loads circuit * error-amp-offset-mc monte carlo deck -- generated by sim/error-amp-offset-mc/run_amp_offset_mc.py, do not edit

Circuit: * error-amp-offset-mc monte carlo deck -- generated by sim/error-amp-offset-mc/run_amp_offset_mc.py, do not edit

option SCALE: Scale is set to 1e-06 for instance and model parameters
option SCALE: Scale is set to 1e-06 for instance and model parameters
option SCALE: Scale is set to 1e-06 for instance and model parameters
option SCALE: Scale is set to 1e-06 for instance and model parameters
Doing analysis at TEMP = 27.000000 and TNOM = 27.000000

Using KLU as Direct Linear Solver

No. of Data Rows : 1
vos = -1.98003e-05
vout = 1.198128e+00
dvbe8 = 6.240413e-02
veb8 = 7.311852e-01
dvbe1 = 6.281318e-02
rra = 8.813339e-02
rrb = 1.179682e-02
vgdrv = 2.037219e+00
Reset re-loads circuit * error-amp-offset-mc monte carlo deck -- generated by sim/error-amp-offset-mc/run_amp_offset_mc.py, do not edit

Circuit: * error-amp-offset-mc monte carlo deck -- generated by sim/error-amp-offset-mc/run_amp_offset_mc.py, do not edit

option SCALE: Scale is set to 1e-06 for instance and model parameters
option SCALE: Scale is set to 1e-06 for instance and model parameters
option SCALE: Scale is set to 1e-06 for instance and model parameters
option SCALE: Scale is set to 1e-06 for instance and model parameters
Doing analysis at TEMP = 27.000000 and TNOM = 27.000000

Using KLU as Direct Linear Solver

No. of Data Rows : 1
vos = -4.61578e-05
vout = 1.199733e+00
dvbe8 = 6.230159e-02
veb8 = 7.311120e-01
dvbe1 = 6.259981e-02
rra = 8.806020e-02
rrb = 1.174141e-02
vgdrv = 2.039266e+00
Reset re-loads circuit * error-amp-offset-mc monte carlo deck -- generated by sim/error-amp-offset-mc/run_amp_offset_mc.py, do not edit

Circuit: * error-amp-offset-mc monte carlo deck -- generated by sim/error-amp-offset-mc/run_amp_offset_mc.py, do not edit

option SCALE: Scale is set to 1e-06 for instance and model parameters
option SCALE: Scale is set to 1e-06 for instance and model parameters
option SCALE: Scale is set to 1e-06 for instance and model parameters
option SCALE: Scale is set to 1e-06 for instance and model parameters
Doing analysis at TEMP = 27.000000 and TNOM = 27.000000

Using KLU as Direct Linear Solver

No. of Data Rows : 1
vos = -4.27520e-04
vout = 1.201770e+00
dvbe8 = 6.222785e-02
veb8 = 7.310038e-01
dvbe1 = 6.356715e-02
rra = 8.807823e-02
rrb = 1.175332e-02
vgdrv = 2.036421e+00
Reset re-loads circuit * error-amp-offset-mc monte carlo deck -- generated by sim/error-amp-offset-mc/run_amp_offset_mc.py, do not edit

Circuit: * error-amp-offset-mc monte carlo deck -- generated by sim/error-amp-offset-mc/run_amp_offset_mc.py, do not edit

option SCALE: Scale is set to 1e-06 for instance and model parameters
option SCALE: Scale is set to 1e-06 for instance and model parameters
option SCALE: Scale is set to 1e-06 for instance and model parameters
option SCALE: Scale is set to 1e-06 for instance and model parameters
Doing analysis at TEMP = 27.000000 and TNOM = 27.000000

Using KLU as Direct Linear Solver

No. of Data Rows : 1
vos = 1.177654e-04
vout = 1.198966e+00
dvbe8 = 6.220661e-02
veb8 = 7.310433e-01
dvbe1 = 6.316005e-02
rra = 8.802556e-02
rrb = 1.171334e-02
vgdrv = 2.036806e+00
Reset re-loads circuit * error-amp-offset-mc monte carlo deck -- generated by sim/error-amp-offset-mc/run_amp_offset_mc.py, do not edit

Circuit: * error-amp-offset-mc monte carlo deck -- generated by sim/error-amp-offset-mc/run_amp_offset_mc.py, do not edit

option SCALE: Scale is set to 1e-06 for instance and model parameters
option SCALE: Scale is set to 1e-06 for instance and model parameters
option SCALE: Scale is set to 1e-06 for instance and model parameters
option SCALE: Scale is set to 1e-06 for instance and model parameters
Doing analysis at TEMP = 27.000000 and TNOM = 27.000000

Using KLU as Direct Linear Solver
 Reference value :  0.00000e+00
No. of Data Rows : 1
vos = 5.763255e-04
vout = 1.192729e+00
dvbe8 = 6.227929e-02
veb8 = 7.310871e-01
dvbe1 = 6.283764e-02
rra = 8.811162e-02
rrb = 1.179256e-02
vgdrv = 2.038978e+00
Reset re-loads circuit * error-amp-offset-mc monte carlo deck -- generated by sim/error-amp-offset-mc/run_amp_offset_mc.py, do not edit

Circuit: * error-amp-offset-mc monte carlo deck -- generated by sim/error-amp-offset-mc/run_amp_offset_mc.py, do not edit

option SCALE: Scale is set to 1e-06 for instance and model parameters
option SCALE: Scale is set to 1e-06 for instance and model parameters
option SCALE: Scale is set to 1e-06 for instance and model parameters
option SCALE: Scale is set to 1e-06 for instance and model parameters
Doing analysis at TEMP = 27.000000 and TNOM = 27.000000

Using KLU as Direct Linear Solver

No. of Data Rows : 1
vos = -1.15090e-04
vout = 1.199091e+00
dvbe8 = 6.242854e-02
veb8 = 7.312162e-01
dvbe1 = 6.248543e-02
rra = 8.793954e-02
rrb = 1.168173e-02
vgdrv = 2.037314e+00
Reset re-loads circuit * error-amp-offset-mc monte carlo deck -- generated by sim/error-amp-offset-mc/run_amp_offset_mc.py, do not edit

Circuit: * error-amp-offset-mc monte carlo deck -- generated by sim/error-amp-offset-mc/run_amp_offset_mc.py, do not edit

option SCALE: Scale is set to 1e-06 for instance and model parameters
option SCALE: Scale is set to 1e-06 for instance and model parameters
option SCALE: Scale is set to 1e-06 for instance and model parameters
option SCALE: Scale is set to 1e-06 for instance and model parameters
Doing analysis at TEMP = 27.000000 and TNOM = 27.000000

Using KLU as Direct Linear Solver

No. of Data Rows : 1
vos = -9.89671e-04
vout = 1.206988e+00
dvbe8 = 6.232755e-02
veb8 = 7.311751e-01
dvbe1 = 6.313730e-02
rra = 8.790800e-02
rrb = 1.177802e-02
vgdrv = 2.037296e+00
Reset re-loads circuit * error-amp-offset-mc monte carlo deck -- generated by sim/error-amp-offset-mc/run_amp_offset_mc.py, do not edit

Circuit: * error-amp-offset-mc monte carlo deck -- generated by sim/error-amp-offset-mc/run_amp_offset_mc.py, do not edit

option SCALE: Scale is set to 1e-06 for instance and model parameters
option SCALE: Scale is set to 1e-06 for instance and model parameters
option SCALE: Scale is set to 1e-06 for instance and model parameters
option SCALE: Scale is set to 1e-06 for instance and model parameters
Doing analysis at TEMP = 27.000000 and TNOM = 27.000000

Using KLU as Direct Linear Solver

No. of Data Rows : 1
vos = -6.57794e-04
vout = 1.209152e+00
dvbe8 = 6.217874e-02
veb8 = 7.309213e-01
dvbe1 = 6.227317e-02
rra = 8.803503e-02
rrb = 1.176582e-02
vgdrv = 2.030466e+00
Reset re-loads circuit * error-amp-offset-mc monte carlo deck -- generated by sim/error-amp-offset-mc/run_amp_offset_mc.py, do not edit

Circuit: * error-amp-offset-mc monte carlo deck -- generated by sim/error-amp-offset-mc/run_amp_offset_mc.py, do not edit

option SCALE: Scale is set to 1e-06 for instance and model parameters
option SCALE: Scale is set to 1e-06 for instance and model parameters
option SCALE: Scale is set to 1e-06 for instance and model parameters
option SCALE: Scale is set to 1e-06 for instance and model parameters
Doing analysis at TEMP = 27.000000 and TNOM = 27.000000

Using KLU as Direct Linear Solver

No. of Data Rows : 1
vos = -1.63009e-04
vout = 1.202174e+00
dvbe8 = 6.199729e-02
veb8 = 7.307642e-01
dvbe1 = 6.326090e-02
rra = 8.813653e-02
rrb = 1.174322e-02
vgdrv = 2.034059e+00
Reset re-loads circuit * error-amp-offset-mc monte carlo deck -- generated by sim/error-amp-offset-mc/run_amp_offset_mc.py, do not edit

Circuit: * error-amp-offset-mc monte carlo deck -- generated by sim/error-amp-offset-mc/run_amp_offset_mc.py, do not edit

option SCALE: Scale is set to 1e-06 for instance and model parameters
option SCALE: Scale is set to 1e-06 for instance and model parameters
option SCALE: Scale is set to 1e-06 for instance and model parameters
option SCALE: Scale is set to 1e-06 for instance and model parameters
Doing analysis at TEMP = 27.000000 and TNOM = 27.000000

Using KLU as Direct Linear Solver
 Reference value :  0.00000e+00
No. of Data Rows : 1
vos = 1.609095e-04
vout = 1.201584e+00
dvbe8 = 6.259000e-02
veb8 = 7.314263e-01
dvbe1 = 6.336669e-02
rra = 8.787701e-02
rrb = 1.180638e-02
vgdrv = 2.037580e+00
Reset re-loads circuit * error-amp-offset-mc monte carlo deck -- generated by sim/error-amp-offset-mc/run_amp_offset_mc.py, do not edit

Circuit: * error-amp-offset-mc monte carlo deck -- generated by sim/error-amp-offset-mc/run_amp_offset_mc.py, do not edit

option SCALE: Scale is set to 1e-06 for instance and model parameters
option SCALE: Scale is set to 1e-06 for instance and model parameters
option SCALE: Scale is set to 1e-06 for instance and model parameters
option SCALE: Scale is set to 1e-06 for instance and model parameters
Doing analysis at TEMP = 27.000000 and TNOM = 27.000000

Using KLU as Direct Linear Solver

No. of Data Rows : 1
vos = 1.398767e-04
vout = 1.200118e+00
dvbe8 = 6.241016e-02
veb8 = 7.312142e-01
dvbe1 = 6.319707e-02
rra = 8.801598e-02
rrb = 1.173416e-02
vgdrv = 2.041116e+00
Reset re-loads circuit * error-amp-offset-mc monte carlo deck -- generated by sim/error-amp-offset-mc/run_amp_offset_mc.py, do not edit

Circuit: * error-amp-offset-mc monte carlo deck -- generated by sim/error-amp-offset-mc/run_amp_offset_mc.py, do not edit

option SCALE: Scale is set to 1e-06 for instance and model parameters
option SCALE: Scale is set to 1e-06 for instance and model parameters
option SCALE: Scale is set to 1e-06 for instance and model parameters
option SCALE: Scale is set to 1e-06 for instance and model parameters
Doing analysis at TEMP = 27.000000 and TNOM = 27.000000

Using KLU as Direct Linear Solver

No. of Data Rows : 1
vos = -1.74981e-05
vout = 1.198228e+00
dvbe8 = 6.200670e-02
veb8 = 7.308363e-01
dvbe1 = 6.246232e-02
rra = 8.785539e-02
rrb = 1.172075e-02
vgdrv = 2.040250e+00
Reset re-loads circuit * error-amp-offset-mc monte carlo deck -- generated by sim/error-amp-offset-mc/run_amp_offset_mc.py, do not edit

Circuit: * error-amp-offset-mc monte carlo deck -- generated by sim/error-amp-offset-mc/run_amp_offset_mc.py, do not edit

option SCALE: Scale is set to 1e-06 for instance and model parameters
option SCALE: Scale is set to 1e-06 for instance and model parameters
option SCALE: Scale is set to 1e-06 for instance and model parameters
option SCALE: Scale is set to 1e-06 for instance and model parameters
Doing analysis at TEMP = 27.000000 and TNOM = 27.000000

Using KLU as Direct Linear Solver

No. of Data Rows : 1
vos = 6.270369e-04
vout = 1.187827e+00
dvbe8 = 6.228982e-02
veb8 = 7.310959e-01
dvbe1 = 6.288689e-02
rra = 8.802811e-02
rrb = 1.175736e-02
vgdrv = 2.039066e+00
Reset re-loads circuit * error-amp-offset-mc monte carlo deck -- generated by sim/error-amp-offset-mc/run_amp_offset_mc.py, do not edit

Circuit: * error-amp-offset-mc monte carlo deck -- generated by sim/error-amp-offset-mc/run_amp_offset_mc.py, do not edit

option SCALE: Scale is set to 1e-06 for instance and model parameters
option SCALE: Scale is set to 1e-06 for instance and model parameters
option SCALE: Scale is set to 1e-06 for instance and model parameters
option SCALE: Scale is set to 1e-06 for instance and model parameters
Doing analysis at TEMP = 27.000000 and TNOM = 27.000000

Using KLU as Direct Linear Solver

No. of Data Rows : 1
vos = -7.71983e-04
vout = 1.204893e+00
dvbe8 = 6.210109e-02
veb8 = 7.309245e-01
dvbe1 = 6.276803e-02
rra = 8.802750e-02
rrb = 1.180831e-02
vgdrv = 2.033111e+00
Reset re-loads circuit * error-amp-offset-mc monte carlo deck -- generated by sim/error-amp-offset-mc/run_amp_offset_mc.py, do not edit

Circuit: * error-amp-offset-mc monte carlo deck -- generated by sim/error-amp-offset-mc/run_amp_offset_mc.py, do not edit

option SCALE: Scale is set to 1e-06 for instance and model parameters
option SCALE: Scale is set to 1e-06 for instance and model parameters
option SCALE: Scale is set to 1e-06 for instance and model parameters
option SCALE: Scale is set to 1e-06 for instance and model parameters
Doing analysis at TEMP = 27.000000 and TNOM = 27.000000

Using KLU as Direct Linear Solver
 Reference value :  0.00000e+00
No. of Data Rows : 1
vos = 6.163654e-04
vout = 1.192351e+00
dvbe8 = 6.235956e-02
veb8 = 7.312056e-01
dvbe1 = 6.260492e-02
rra = 8.802140e-02
rrb = 1.173091e-02
vgdrv = 2.036761e+00
Reset re-loads circuit * error-amp-offset-mc monte carlo deck -- generated by sim/error-amp-offset-mc/run_amp_offset_mc.py, do not edit

Circuit: * error-amp-offset-mc monte carlo deck -- generated by sim/error-amp-offset-mc/run_amp_offset_mc.py, do not edit

option SCALE: Scale is set to 1e-06 for instance and model parameters
option SCALE: Scale is set to 1e-06 for instance and model parameters
option SCALE: Scale is set to 1e-06 for instance and model parameters
option SCALE: Scale is set to 1e-06 for instance and model parameters
Doing analysis at TEMP = 27.000000 and TNOM = 27.000000

Using KLU as Direct Linear Solver

No. of Data Rows : 1
vos = -6.55782e-05
vout = 1.201378e+00
dvbe8 = 6.266418e-02
veb8 = 7.314560e-01
dvbe1 = 6.335907e-02
rra = 8.805560e-02
rrb = 1.174614e-02
vgdrv = 2.035812e+00
Reset re-loads circuit * error-amp-offset-mc monte carlo deck -- generated by sim/error-amp-offset-mc/run_amp_offset_mc.py, do not edit

Circuit: * error-amp-offset-mc monte carlo deck -- generated by sim/error-amp-offset-mc/run_amp_offset_mc.py, do not edit

option SCALE: Scale is set to 1e-06 for instance and model parameters
option SCALE: Scale is set to 1e-06 for instance and model parameters
option SCALE: Scale is set to 1e-06 for instance and model parameters
option SCALE: Scale is set to 1e-06 for instance and model parameters
Doing analysis at TEMP = 27.000000 and TNOM = 27.000000

Using KLU as Direct Linear Solver
 Reference value :  0.00000e+00
No. of Data Rows : 1
vos = -1.66943e-04
vout = 1.196774e+00
dvbe8 = 6.217065e-02
veb8 = 7.309641e-01
dvbe1 = 6.288700e-02
rra = 8.798444e-02
rrb = 1.174100e-02
vgdrv = 2.037943e+00
Reset re-loads circuit * error-amp-offset-mc monte carlo deck -- generated by sim/error-amp-offset-mc/run_amp_offset_mc.py, do not edit

Circuit: * error-amp-offset-mc monte carlo deck -- generated by sim/error-amp-offset-mc/run_amp_offset_mc.py, do not edit

option SCALE: Scale is set to 1e-06 for instance and model parameters
option SCALE: Scale is set to 1e-06 for instance and model parameters
option SCALE: Scale is set to 1e-06 for instance and model parameters
option SCALE: Scale is set to 1e-06 for instance and model parameters
Doing analysis at TEMP = 27.000000 and TNOM = 27.000000

Using KLU as Direct Linear Solver

No. of Data Rows : 1
vos = -2.27222e-04
vout = 1.199062e+00
dvbe8 = 6.241407e-02
veb8 = 7.311960e-01
dvbe1 = 6.248710e-02
rra = 8.811204e-02
rrb = 1.172611e-02
vgdrv = 2.036691e+00
Reset re-loads circuit * error-amp-offset-mc monte carlo deck -- generated by sim/error-amp-offset-mc/run_amp_offset_mc.py, do not edit

Circuit: * error-amp-offset-mc monte carlo deck -- generated by sim/error-amp-offset-mc/run_amp_offset_mc.py, do not edit

option SCALE: Scale is set to 1e-06 for instance and model parameters
option SCALE: Scale is set to 1e-06 for instance and model parameters
option SCALE: Scale is set to 1e-06 for instance and model parameters
option SCALE: Scale is set to 1e-06 for instance and model parameters
Doing analysis at TEMP = 27.000000 and TNOM = 27.000000

Using KLU as Direct Linear Solver

No. of Data Rows : 1
vos = 3.688962e-04
vout = 1.197881e+00
dvbe8 = 6.232591e-02
veb8 = 7.311171e-01
dvbe1 = 6.261639e-02
rra = 8.805486e-02
rrb = 1.180020e-02
vgdrv = 2.034529e+00
Reset re-loads circuit * error-amp-offset-mc monte carlo deck -- generated by sim/error-amp-offset-mc/run_amp_offset_mc.py, do not edit

Circuit: * error-amp-offset-mc monte carlo deck -- generated by sim/error-amp-offset-mc/run_amp_offset_mc.py, do not edit

option SCALE: Scale is set to 1e-06 for instance and model parameters
option SCALE: Scale is set to 1e-06 for instance and model parameters
option SCALE: Scale is set to 1e-06 for instance and model parameters
option SCALE: Scale is set to 1e-06 for instance and model parameters
Doing analysis at TEMP = 27.000000 and TNOM = 27.000000

Using KLU as Direct Linear Solver
 Reference value :  0.00000e+00
No. of Data Rows : 1
vos = -1.80180e-04
vout = 1.199471e+00
dvbe8 = 6.238742e-02
veb8 = 7.311652e-01
dvbe1 = 6.258259e-02
rra = 8.814321e-02
rrb = 1.173934e-02
vgdrv = 2.038524e+00
Reset re-loads circuit * error-amp-offset-mc monte carlo deck -- generated by sim/error-amp-offset-mc/run_amp_offset_mc.py, do not edit

Circuit: * error-amp-offset-mc monte carlo deck -- generated by sim/error-amp-offset-mc/run_amp_offset_mc.py, do not edit

option SCALE: Scale is set to 1e-06 for instance and model parameters
option SCALE: Scale is set to 1e-06 for instance and model parameters
option SCALE: Scale is set to 1e-06 for instance and model parameters
option SCALE: Scale is set to 1e-06 for instance and model parameters
Doing analysis at TEMP = 27.000000 and TNOM = 27.000000

Using KLU as Direct Linear Solver
 Reference value :  0.00000e+00
No. of Data Rows : 1
vos = 3.773229e-04
vout = 1.195908e+00
dvbe8 = 6.260046e-02
veb8 = 7.313969e-01
dvbe1 = 6.336593e-02
rra = 8.801237e-02
rrb = 1.174639e-02
vgdrv = 2.041650e+00
Reset re-loads circuit * error-amp-offset-mc monte carlo deck -- generated by sim/error-amp-offset-mc/run_amp_offset_mc.py, do not edit

Circuit: * error-amp-offset-mc monte carlo deck -- generated by sim/error-amp-offset-mc/run_amp_offset_mc.py, do not edit

option SCALE: Scale is set to 1e-06 for instance and model parameters
option SCALE: Scale is set to 1e-06 for instance and model parameters
option SCALE: Scale is set to 1e-06 for instance and model parameters
option SCALE: Scale is set to 1e-06 for instance and model parameters
Doing analysis at TEMP = 27.000000 and TNOM = 27.000000

Using KLU as Direct Linear Solver

No. of Data Rows : 1
vos = -1.03669e-03
vout = 1.212775e+00
dvbe8 = 6.228242e-02
veb8 = 7.310726e-01
dvbe1 = 6.339847e-02
rra = 8.790964e-02
rrb = 1.182423e-02
vgdrv = 2.038321e+00
Reset re-loads circuit * error-amp-offset-mc monte carlo deck -- generated by sim/error-amp-offset-mc/run_amp_offset_mc.py, do not edit

Circuit: * error-amp-offset-mc monte carlo deck -- generated by sim/error-amp-offset-mc/run_amp_offset_mc.py, do not edit

option SCALE: Scale is set to 1e-06 for instance and model parameters
option SCALE: Scale is set to 1e-06 for instance and model parameters
option SCALE: Scale is set to 1e-06 for instance and model parameters
option SCALE: Scale is set to 1e-06 for instance and model parameters
Doing analysis at TEMP = 27.000000 and TNOM = 27.000000

Using KLU as Direct Linear Solver

No. of Data Rows : 1
vos = -3.85897e-04
vout = 1.203592e+00
dvbe8 = 6.231007e-02
veb8 = 7.310762e-01
dvbe1 = 6.238284e-02
rra = 8.809932e-02
rrb = 1.180979e-02
vgdrv = 2.038350e+00
Reset re-loads circuit * error-amp-offset-mc monte carlo deck -- generated by sim/error-amp-offset-mc/run_amp_offset_mc.py, do not edit

Circuit: * error-amp-offset-mc monte carlo deck -- generated by sim/error-amp-offset-mc/run_amp_offset_mc.py, do not edit

option SCALE: Scale is set to 1e-06 for instance and model parameters
option SCALE: Scale is set to 1e-06 for instance and model parameters
option SCALE: Scale is set to 1e-06 for instance and model parameters
option SCALE: Scale is set to 1e-06 for instance and model parameters
Doing analysis at TEMP = 27.000000 and TNOM = 27.000000

Using KLU as Direct Linear Solver

No. of Data Rows : 1
vos = -3.96283e-04
vout = 1.200204e+00
dvbe8 = 6.252029e-02
veb8 = 7.312980e-01
dvbe1 = 6.301393e-02
rra = 8.820629e-02
rrb = 1.169069e-02
vgdrv = 2.039132e+00
Reset re-loads circuit * error-amp-offset-mc monte carlo deck -- generated by sim/error-amp-offset-mc/run_amp_offset_mc.py, do not edit

Circuit: * error-amp-offset-mc monte carlo deck -- generated by sim/error-amp-offset-mc/run_amp_offset_mc.py, do not edit

option SCALE: Scale is set to 1e-06 for instance and model parameters
option SCALE: Scale is set to 1e-06 for instance and model parameters
option SCALE: Scale is set to 1e-06 for instance and model parameters
option SCALE: Scale is set to 1e-06 for instance and model parameters
Doing analysis at TEMP = 27.000000 and TNOM = 27.000000

Using KLU as Direct Linear Solver

No. of Data Rows : 1
vos = -7.60514e-04
vout = 1.208064e+00
dvbe8 = 6.243524e-02
veb8 = 7.312258e-01
dvbe1 = 6.388464e-02
rra = 8.798386e-02
rrb = 1.171506e-02
vgdrv = 2.036130e+00
Reset re-loads circuit * error-amp-offset-mc monte carlo deck -- generated by sim/error-amp-offset-mc/run_amp_offset_mc.py, do not edit

Circuit: * error-amp-offset-mc monte carlo deck -- generated by sim/error-amp-offset-mc/run_amp_offset_mc.py, do not edit

option SCALE: Scale is set to 1e-06 for instance and model parameters
option SCALE: Scale is set to 1e-06 for instance and model parameters
option SCALE: Scale is set to 1e-06 for instance and model parameters
option SCALE: Scale is set to 1e-06 for instance and model parameters
Doing analysis at TEMP = 27.000000 and TNOM = 27.000000

Using KLU as Direct Linear Solver
 Reference value :  0.00000e+00
No. of Data Rows : 1
vos = -6.12226e-04
vout = 1.201877e+00
dvbe8 = 6.230486e-02
veb8 = 7.311017e-01
dvbe1 = 6.273018e-02
rra = 8.800099e-02
rrb = 1.181646e-02
vgdrv = 2.037061e+00
Reset re-loads circuit * error-amp-offset-mc monte carlo deck -- generated by sim/error-amp-offset-mc/run_amp_offset_mc.py, do not edit

Circuit: * error-amp-offset-mc monte carlo deck -- generated by sim/error-amp-offset-mc/run_amp_offset_mc.py, do not edit

option SCALE: Scale is set to 1e-06 for instance and model parameters
option SCALE: Scale is set to 1e-06 for instance and model parameters
option SCALE: Scale is set to 1e-06 for instance and model parameters
option SCALE: Scale is set to 1e-06 for instance and model parameters
Doing analysis at TEMP = 27.000000 and TNOM = 27.000000

Using KLU as Direct Linear Solver

No. of Data Rows : 1
vos = 1.142600e-03
vout = 1.185793e+00
dvbe8 = 6.287647e-02
veb8 = 7.316511e-01
dvbe1 = 6.350867e-02
rra = 8.798891e-02
rrb = 1.175009e-02
vgdrv = 2.042968e+00
Reset re-loads circuit * error-amp-offset-mc monte carlo deck -- generated by sim/error-amp-offset-mc/run_amp_offset_mc.py, do not edit

Circuit: * error-amp-offset-mc monte carlo deck -- generated by sim/error-amp-offset-mc/run_amp_offset_mc.py, do not edit

option SCALE: Scale is set to 1e-06 for instance and model parameters
option SCALE: Scale is set to 1e-06 for instance and model parameters
option SCALE: Scale is set to 1e-06 for instance and model parameters
option SCALE: Scale is set to 1e-06 for instance and model parameters
Doing analysis at TEMP = 27.000000 and TNOM = 27.000000

Using KLU as Direct Linear Solver

No. of Data Rows : 1
vos = -3.80284e-04
vout = 1.206486e+00
dvbe8 = 6.231293e-02
veb8 = 7.311546e-01
dvbe1 = 6.273722e-02
rra = 8.808173e-02
rrb = 1.169731e-02
vgdrv = 2.034351e+00
Reset re-loads circuit * error-amp-offset-mc monte carlo deck -- generated by sim/error-amp-offset-mc/run_amp_offset_mc.py, do not edit

Circuit: * error-amp-offset-mc monte carlo deck -- generated by sim/error-amp-offset-mc/run_amp_offset_mc.py, do not edit

option SCALE: Scale is set to 1e-06 for instance and model parameters
option SCALE: Scale is set to 1e-06 for instance and model parameters
option SCALE: Scale is set to 1e-06 for instance and model parameters
option SCALE: Scale is set to 1e-06 for instance and model parameters
Doing analysis at TEMP = 27.000000 and TNOM = 27.000000

Using KLU as Direct Linear Solver

No. of Data Rows : 1
vos = -5.94586e-05
vout = 1.196823e+00
dvbe8 = 6.239221e-02
veb8 = 7.312029e-01
dvbe1 = 6.215098e-02
rra = 8.799027e-02
rrb = 1.178375e-02
vgdrv = 2.038455e+00
Reset re-loads circuit * error-amp-offset-mc monte carlo deck -- generated by sim/error-amp-offset-mc/run_amp_offset_mc.py, do not edit

Circuit: * error-amp-offset-mc monte carlo deck -- generated by sim/error-amp-offset-mc/run_amp_offset_mc.py, do not edit

option SCALE: Scale is set to 1e-06 for instance and model parameters
option SCALE: Scale is set to 1e-06 for instance and model parameters
option SCALE: Scale is set to 1e-06 for instance and model parameters
option SCALE: Scale is set to 1e-06 for instance and model parameters
Doing analysis at TEMP = 27.000000 and TNOM = 27.000000

Using KLU as Direct Linear Solver

No. of Data Rows : 1
vos = -6.95980e-04
vout = 1.207486e+00
dvbe8 = 6.219925e-02
veb8 = 7.310450e-01
dvbe1 = 6.326481e-02
rra = 8.800647e-02
rrb = 1.173489e-02
vgdrv = 2.039903e+00
Reset re-loads circuit * error-amp-offset-mc monte carlo deck -- generated by sim/error-amp-offset-mc/run_amp_offset_mc.py, do not edit

Circuit: * error-amp-offset-mc monte carlo deck -- generated by sim/error-amp-offset-mc/run_amp_offset_mc.py, do not edit

option SCALE: Scale is set to 1e-06 for instance and model parameters
option SCALE: Scale is set to 1e-06 for instance and model parameters
option SCALE: Scale is set to 1e-06 for instance and model parameters
option SCALE: Scale is set to 1e-06 for instance and model parameters
Doing analysis at TEMP = 27.000000 and TNOM = 27.000000

Using KLU as Direct Linear Solver
 Reference value :  0.00000e+00
No. of Data Rows : 1
vos = 2.375003e-04
vout = 1.192233e+00
dvbe8 = 6.255103e-02
veb8 = 7.313218e-01
dvbe1 = 6.337262e-02
rra = 8.815477e-02
rrb = 1.176817e-02
vgdrv = 2.039539e+00
Reset re-loads circuit * error-amp-offset-mc monte carlo deck -- generated by sim/error-amp-offset-mc/run_amp_offset_mc.py, do not edit

Circuit: * error-amp-offset-mc monte carlo deck -- generated by sim/error-amp-offset-mc/run_amp_offset_mc.py, do not edit

option SCALE: Scale is set to 1e-06 for instance and model parameters
option SCALE: Scale is set to 1e-06 for instance and model parameters
option SCALE: Scale is set to 1e-06 for instance and model parameters
option SCALE: Scale is set to 1e-06 for instance and model parameters
Doing analysis at TEMP = 27.000000 and TNOM = 27.000000

Using KLU as Direct Linear Solver

No. of Data Rows : 1
vos = -2.61433e-04
vout = 1.204413e+00
dvbe8 = 6.249048e-02
veb8 = 7.312609e-01
dvbe1 = 6.245031e-02
rra = 8.812884e-02
rrb = 1.175114e-02
vgdrv = 2.034735e+00
Reset re-loads circuit * error-amp-offset-mc monte carlo deck -- generated by sim/error-amp-offset-mc/run_amp_offset_mc.py, do not edit

Circuit: * error-amp-offset-mc monte carlo deck -- generated by sim/error-amp-offset-mc/run_amp_offset_mc.py, do not edit

option SCALE: Scale is set to 1e-06 for instance and model parameters
option SCALE: Scale is set to 1e-06 for instance and model parameters
option SCALE: Scale is set to 1e-06 for instance and model parameters
option SCALE: Scale is set to 1e-06 for instance and model parameters
Doing analysis at TEMP = 27.000000 and TNOM = 27.000000

Using KLU as Direct Linear Solver

No. of Data Rows : 1
vos = -1.32217e-03
vout = 1.210112e+00
dvbe8 = 6.226855e-02
veb8 = 7.310568e-01
dvbe1 = 6.370953e-02
rra = 8.799464e-02
rrb = 1.176852e-02
vgdrv = 2.034552e+00
Reset re-loads circuit * error-amp-offset-mc monte carlo deck -- generated by sim/error-amp-offset-mc/run_amp_offset_mc.py, do not edit

Circuit: * error-amp-offset-mc monte carlo deck -- generated by sim/error-amp-offset-mc/run_amp_offset_mc.py, do not edit

option SCALE: Scale is set to 1e-06 for instance and model parameters
option SCALE: Scale is set to 1e-06 for instance and model parameters
option SCALE: Scale is set to 1e-06 for instance and model parameters
option SCALE: Scale is set to 1e-06 for instance and model parameters
Doing analysis at TEMP = 27.000000 and TNOM = 27.000000

Using KLU as Direct Linear Solver

No. of Data Rows : 1
vos = -5.88872e-04
vout = 1.201847e+00
dvbe8 = 6.206569e-02
veb8 = 7.308239e-01
dvbe1 = 6.364711e-02
rra = 8.790854e-02
rrb = 1.174364e-02
vgdrv = 2.036205e+00
Reset re-loads circuit * error-amp-offset-mc monte carlo deck -- generated by sim/error-amp-offset-mc/run_amp_offset_mc.py, do not edit

Circuit: * error-amp-offset-mc monte carlo deck -- generated by sim/error-amp-offset-mc/run_amp_offset_mc.py, do not edit

option SCALE: Scale is set to 1e-06 for instance and model parameters
option SCALE: Scale is set to 1e-06 for instance and model parameters
option SCALE: Scale is set to 1e-06 for instance and model parameters
option SCALE: Scale is set to 1e-06 for instance and model parameters
Doing analysis at TEMP = 27.000000 and TNOM = 27.000000

Using KLU as Direct Linear Solver

No. of Data Rows : 1
vos = 9.918947e-04
vout = 1.192278e+00
dvbe8 = 6.273895e-02
veb8 = 7.315541e-01
dvbe1 = 6.276792e-02
rra = 8.812616e-02
rrb = 1.182904e-02
vgdrv = 2.039061e+00
Reset re-loads circuit * error-amp-offset-mc monte carlo deck -- generated by sim/error-amp-offset-mc/run_amp_offset_mc.py, do not edit

Circuit: * error-amp-offset-mc monte carlo deck -- generated by sim/error-amp-offset-mc/run_amp_offset_mc.py, do not edit

option SCALE: Scale is set to 1e-06 for instance and model parameters
option SCALE: Scale is set to 1e-06 for instance and model parameters
option SCALE: Scale is set to 1e-06 for instance and model parameters
option SCALE: Scale is set to 1e-06 for instance and model parameters
Doing analysis at TEMP = 27.000000 and TNOM = 27.000000

Using KLU as Direct Linear Solver
 Reference value :  0.00000e+00
No. of Data Rows : 1
vos = -1.65401e-04
vout = 1.202522e+00
dvbe8 = 6.239536e-02
veb8 = 7.312533e-01
dvbe1 = 6.228592e-02
rra = 8.794093e-02
rrb = 1.178179e-02
vgdrv = 2.038027e+00
Reset re-loads circuit * error-amp-offset-mc monte carlo deck -- generated by sim/error-amp-offset-mc/run_amp_offset_mc.py, do not edit

Circuit: * error-amp-offset-mc monte carlo deck -- generated by sim/error-amp-offset-mc/run_amp_offset_mc.py, do not edit

option SCALE: Scale is set to 1e-06 for instance and model parameters
option SCALE: Scale is set to 1e-06 for instance and model parameters
option SCALE: Scale is set to 1e-06 for instance and model parameters
option SCALE: Scale is set to 1e-06 for instance and model parameters
Doing analysis at TEMP = 27.000000 and TNOM = 27.000000

Using KLU as Direct Linear Solver

No. of Data Rows : 1
vos = -6.62376e-04
vout = 1.205277e+00
dvbe8 = 6.249994e-02
veb8 = 7.313031e-01
dvbe1 = 6.323371e-02
rra = 8.846491e-02
rrb = 1.171296e-02
vgdrv = 2.037746e+00
Reset re-loads circuit * error-amp-offset-mc monte carlo deck -- generated by sim/error-amp-offset-mc/run_amp_offset_mc.py, do not edit

Circuit: * error-amp-offset-mc monte carlo deck -- generated by sim/error-amp-offset-mc/run_amp_offset_mc.py, do not edit

option SCALE: Scale is set to 1e-06 for instance and model parameters
option SCALE: Scale is set to 1e-06 for instance and model parameters
option SCALE: Scale is set to 1e-06 for instance and model parameters
option SCALE: Scale is set to 1e-06 for instance and model parameters
Doing analysis at TEMP = 27.000000 and TNOM = 27.000000

Using KLU as Direct Linear Solver

No. of Data Rows : 1
vos = 6.081812e-04
vout = 1.193656e+00
dvbe8 = 6.238227e-02
veb8 = 7.311950e-01
dvbe1 = 6.298130e-02
rra = 8.793236e-02
rrb = 1.179658e-02
vgdrv = 2.037815e+00
Reset re-loads circuit * error-amp-offset-mc monte carlo deck -- generated by sim/error-amp-offset-mc/run_amp_offset_mc.py, do not edit

Circuit: * error-amp-offset-mc monte carlo deck -- generated by sim/error-amp-offset-mc/run_amp_offset_mc.py, do not edit

option SCALE: Scale is set to 1e-06 for instance and model parameters
option SCALE: Scale is set to 1e-06 for instance and model parameters
option SCALE: Scale is set to 1e-06 for instance and model parameters
option SCALE: Scale is set to 1e-06 for instance and model parameters
Doing analysis at TEMP = 27.000000 and TNOM = 27.000000

Using KLU as Direct Linear Solver

No. of Data Rows : 1
vos = 1.664590e-04
vout = 1.196095e+00
dvbe8 = 6.235279e-02
veb8 = 7.311547e-01
dvbe1 = 6.279170e-02
rra = 8.823310e-02
rrb = 1.174146e-02
vgdrv = 2.037857e+00
Reset re-loads circuit * error-amp-offset-mc monte carlo deck -- generated by sim/error-amp-offset-mc/run_amp_offset_mc.py, do not edit

Circuit: * error-amp-offset-mc monte carlo deck -- generated by sim/error-amp-offset-mc/run_amp_offset_mc.py, do not edit

option SCALE: Scale is set to 1e-06 for instance and model parameters
option SCALE: Scale is set to 1e-06 for instance and model parameters
option SCALE: Scale is set to 1e-06 for instance and model parameters
option SCALE: Scale is set to 1e-06 for instance and model parameters
Doing analysis at TEMP = 27.000000 and TNOM = 27.000000

Using KLU as Direct Linear Solver

No. of Data Rows : 1
vos = -2.37796e-04
vout = 1.207568e+00
dvbe8 = 6.255735e-02
veb8 = 7.313370e-01
dvbe1 = 6.351968e-02
rra = 8.815241e-02
rrb = 1.179379e-02
vgdrv = 2.036461e+00
Reset re-loads circuit * error-amp-offset-mc monte carlo deck -- generated by sim/error-amp-offset-mc/run_amp_offset_mc.py, do not edit

Circuit: * error-amp-offset-mc monte carlo deck -- generated by sim/error-amp-offset-mc/run_amp_offset_mc.py, do not edit

option SCALE: Scale is set to 1e-06 for instance and model parameters
option SCALE: Scale is set to 1e-06 for instance and model parameters
option SCALE: Scale is set to 1e-06 for instance and model parameters
option SCALE: Scale is set to 1e-06 for instance and model parameters
Doing analysis at TEMP = 27.000000 and TNOM = 27.000000

Using KLU as Direct Linear Solver
 Reference value :  0.00000e+00
No. of Data Rows : 1
vos = -2.64549e-04
vout = 1.197978e+00
dvbe8 = 6.213710e-02
veb8 = 7.309440e-01
dvbe1 = 6.301183e-02
rra = 8.805527e-02
rrb = 1.171164e-02
vgdrv = 2.041335e+00
Reset re-loads circuit * error-amp-offset-mc monte carlo deck -- generated by sim/error-amp-offset-mc/run_amp_offset_mc.py, do not edit

Circuit: * error-amp-offset-mc monte carlo deck -- generated by sim/error-amp-offset-mc/run_amp_offset_mc.py, do not edit

option SCALE: Scale is set to 1e-06 for instance and model parameters
option SCALE: Scale is set to 1e-06 for instance and model parameters
option SCALE: Scale is set to 1e-06 for instance and model parameters
option SCALE: Scale is set to 1e-06 for instance and model parameters
Doing analysis at TEMP = 27.000000 and TNOM = 27.000000

Using KLU as Direct Linear Solver

No. of Data Rows : 1
vos = 6.165380e-04
vout = 1.191862e+00
dvbe8 = 6.204281e-02
veb8 = 7.308203e-01
dvbe1 = 6.343859e-02
rra = 8.807248e-02
rrb = 1.178046e-02
vgdrv = 2.040657e+00
Reset re-loads circuit * error-amp-offset-mc monte carlo deck -- generated by sim/error-amp-offset-mc/run_amp_offset_mc.py, do not edit

Circuit: * error-amp-offset-mc monte carlo deck -- generated by sim/error-amp-offset-mc/run_amp_offset_mc.py, do not edit

option SCALE: Scale is set to 1e-06 for instance and model parameters
option SCALE: Scale is set to 1e-06 for instance and model parameters
option SCALE: Scale is set to 1e-06 for instance and model parameters
option SCALE: Scale is set to 1e-06 for instance and model parameters
Doing analysis at TEMP = 27.000000 and TNOM = 27.000000

Using KLU as Direct Linear Solver

No. of Data Rows : 1
vos = -2.30803e-04
vout = 1.197313e+00
dvbe8 = 6.227849e-02
veb8 = 7.311013e-01
dvbe1 = 6.251291e-02
rra = 8.821146e-02
rrb = 1.168455e-02
vgdrv = 2.033880e+00
Reset re-loads circuit * error-amp-offset-mc monte carlo deck -- generated by sim/error-amp-offset-mc/run_amp_offset_mc.py, do not edit

Circuit: * error-amp-offset-mc monte carlo deck -- generated by sim/error-amp-offset-mc/run_amp_offset_mc.py, do not edit

option SCALE: Scale is set to 1e-06 for instance and model parameters
option SCALE: Scale is set to 1e-06 for instance and model parameters
option SCALE: Scale is set to 1e-06 for instance and model parameters
option SCALE: Scale is set to 1e-06 for instance and model parameters
Doing analysis at TEMP = 27.000000 and TNOM = 27.000000

Using KLU as Direct Linear Solver

No. of Data Rows : 1
vos = -2.20402e-04
vout = 1.203561e+00
dvbe8 = 6.248207e-02
veb8 = 7.312901e-01
dvbe1 = 6.231764e-02
rra = 8.803464e-02
rrb = 1.179096e-02
vgdrv = 2.036911e+00
Reset re-loads circuit * error-amp-offset-mc monte carlo deck -- generated by sim/error-amp-offset-mc/run_amp_offset_mc.py, do not edit

Circuit: * error-amp-offset-mc monte carlo deck -- generated by sim/error-amp-offset-mc/run_amp_offset_mc.py, do not edit

option SCALE: Scale is set to 1e-06 for instance and model parameters
option SCALE: Scale is set to 1e-06 for instance and model parameters
option SCALE: Scale is set to 1e-06 for instance and model parameters
option SCALE: Scale is set to 1e-06 for instance and model parameters
Doing analysis at TEMP = 27.000000 and TNOM = 27.000000

Using KLU as Direct Linear Solver

No. of Data Rows : 1
vos = -9.25020e-05
vout = 1.198271e+00
dvbe8 = 6.236186e-02
veb8 = 7.311348e-01
dvbe1 = 6.277583e-02
rra = 8.804533e-02
rrb = 1.176315e-02
vgdrv = 2.037691e+00
Reset re-loads circuit * error-amp-offset-mc monte carlo deck -- generated by sim/error-amp-offset-mc/run_amp_offset_mc.py, do not edit

Circuit: * error-amp-offset-mc monte carlo deck -- generated by sim/error-amp-offset-mc/run_amp_offset_mc.py, do not edit

option SCALE: Scale is set to 1e-06 for instance and model parameters
option SCALE: Scale is set to 1e-06 for instance and model parameters
option SCALE: Scale is set to 1e-06 for instance and model parameters
option SCALE: Scale is set to 1e-06 for instance and model parameters
Doing analysis at TEMP = 27.000000 and TNOM = 27.000000

Using KLU as Direct Linear Solver
 Reference value :  0.00000e+00
No. of Data Rows : 1
vos = -2.37043e-04
vout = 1.202315e+00
dvbe8 = 6.198773e-02
veb8 = 7.308355e-01
dvbe1 = 6.403576e-02
rra = 8.802253e-02
rrb = 1.176541e-02
vgdrv = 2.035046e+00
Reset re-loads circuit * error-amp-offset-mc monte carlo deck -- generated by sim/error-amp-offset-mc/run_amp_offset_mc.py, do not edit

Circuit: * error-amp-offset-mc monte carlo deck -- generated by sim/error-amp-offset-mc/run_amp_offset_mc.py, do not edit

option SCALE: Scale is set to 1e-06 for instance and model parameters
option SCALE: Scale is set to 1e-06 for instance and model parameters
option SCALE: Scale is set to 1e-06 for instance and model parameters
option SCALE: Scale is set to 1e-06 for instance and model parameters
Doing analysis at TEMP = 27.000000 and TNOM = 27.000000

Using KLU as Direct Linear Solver

No. of Data Rows : 1
vos = -3.46485e-04
vout = 1.207694e+00
dvbe8 = 6.244964e-02
veb8 = 7.312569e-01
dvbe1 = 6.288184e-02
rra = 8.806196e-02
rrb = 1.186702e-02
vgdrv = 2.033037e+00
Reset re-loads circuit * error-amp-offset-mc monte carlo deck -- generated by sim/error-amp-offset-mc/run_amp_offset_mc.py, do not edit

Circuit: * error-amp-offset-mc monte carlo deck -- generated by sim/error-amp-offset-mc/run_amp_offset_mc.py, do not edit

option SCALE: Scale is set to 1e-06 for instance and model parameters
option SCALE: Scale is set to 1e-06 for instance and model parameters
option SCALE: Scale is set to 1e-06 for instance and model parameters
option SCALE: Scale is set to 1e-06 for instance and model parameters
Doing analysis at TEMP = 27.000000 and TNOM = 27.000000

Using KLU as Direct Linear Solver

No. of Data Rows : 1
vos = 7.177121e-04
vout = 1.191128e+00
dvbe8 = 6.248130e-02
veb8 = 7.312555e-01
dvbe1 = 6.269158e-02
rra = 8.809302e-02
rrb = 1.175007e-02
vgdrv = 2.038621e+00
Reset re-loads circuit * error-amp-offset-mc monte carlo deck -- generated by sim/error-amp-offset-mc/run_amp_offset_mc.py, do not edit

Circuit: * error-amp-offset-mc monte carlo deck -- generated by sim/error-amp-offset-mc/run_amp_offset_mc.py, do not edit

option SCALE: Scale is set to 1e-06 for instance and model parameters
option SCALE: Scale is set to 1e-06 for instance and model parameters
option SCALE: Scale is set to 1e-06 for instance and model parameters
option SCALE: Scale is set to 1e-06 for instance and model parameters
Doing analysis at TEMP = 27.000000 and TNOM = 27.000000

Using KLU as Direct Linear Solver

No. of Data Rows : 1
vos = 1.011431e-03
vout = 1.188510e+00
dvbe8 = 6.227133e-02
veb8 = 7.311052e-01
dvbe1 = 6.315691e-02
rra = 8.786506e-02
rrb = 1.172447e-02
vgdrv = 2.040875e+00
Reset re-loads circuit * error-amp-offset-mc monte carlo deck -- generated by sim/error-amp-offset-mc/run_amp_offset_mc.py, do not edit

Circuit: * error-amp-offset-mc monte carlo deck -- generated by sim/error-amp-offset-mc/run_amp_offset_mc.py, do not edit

option SCALE: Scale is set to 1e-06 for instance and model parameters
option SCALE: Scale is set to 1e-06 for instance and model parameters
option SCALE: Scale is set to 1e-06 for instance and model parameters
option SCALE: Scale is set to 1e-06 for instance and model parameters
Doing analysis at TEMP = 27.000000 and TNOM = 27.000000

Using KLU as Direct Linear Solver

No. of Data Rows : 1
vos = 3.193016e-04
vout = 1.199193e+00
dvbe8 = 6.258043e-02
veb8 = 7.313746e-01
dvbe1 = 6.283402e-02
rra = 8.801296e-02
rrb = 1.178576e-02
vgdrv = 2.035030e+00
Reset re-loads circuit * error-amp-offset-mc monte carlo deck -- generated by sim/error-amp-offset-mc/run_amp_offset_mc.py, do not edit

Circuit: * error-amp-offset-mc monte carlo deck -- generated by sim/error-amp-offset-mc/run_amp_offset_mc.py, do not edit

option SCALE: Scale is set to 1e-06 for instance and model parameters
option SCALE: Scale is set to 1e-06 for instance and model parameters
option SCALE: Scale is set to 1e-06 for instance and model parameters
option SCALE: Scale is set to 1e-06 for instance and model parameters
Doing analysis at TEMP = 27.000000 and TNOM = 27.000000

Using KLU as Direct Linear Solver
 Reference value :  0.00000e+00
No. of Data Rows : 1
vos = 5.857401e-04
vout = 1.191163e+00
dvbe8 = 6.215291e-02
veb8 = 7.309648e-01
dvbe1 = 6.292190e-02
rra = 8.828685e-02
rrb = 1.184233e-02
vgdrv = 2.037007e+00
Reset re-loads circuit * error-amp-offset-mc monte carlo deck -- generated by sim/error-amp-offset-mc/run_amp_offset_mc.py, do not edit

Circuit: * error-amp-offset-mc monte carlo deck -- generated by sim/error-amp-offset-mc/run_amp_offset_mc.py, do not edit

option SCALE: Scale is set to 1e-06 for instance and model parameters
option SCALE: Scale is set to 1e-06 for instance and model parameters
option SCALE: Scale is set to 1e-06 for instance and model parameters
option SCALE: Scale is set to 1e-06 for instance and model parameters
Doing analysis at TEMP = 27.000000 and TNOM = 27.000000

Using KLU as Direct Linear Solver

No. of Data Rows : 1
vos = -1.35546e-04
vout = 1.202465e+00
dvbe8 = 6.224368e-02
veb8 = 7.310268e-01
dvbe1 = 6.296885e-02
rra = 8.823313e-02
rrb = 1.169731e-02
vgdrv = 2.042311e+00
Reset re-loads circuit * error-amp-offset-mc monte carlo deck -- generated by sim/error-amp-offset-mc/run_amp_offset_mc.py, do not edit

Circuit: * error-amp-offset-mc monte carlo deck -- generated by sim/error-amp-offset-mc/run_amp_offset_mc.py, do not edit

option SCALE: Scale is set to 1e-06 for instance and model parameters
option SCALE: Scale is set to 1e-06 for instance and model parameters
option SCALE: Scale is set to 1e-06 for instance and model parameters
option SCALE: Scale is set to 1e-06 for instance and model parameters
Doing analysis at TEMP = 27.000000 and TNOM = 27.000000

Using KLU as Direct Linear Solver

No. of Data Rows : 1
vos = -5.19504e-04
vout = 1.205227e+00
dvbe8 = 6.235909e-02
veb8 = 7.311258e-01
dvbe1 = 6.264511e-02
rra = 8.811620e-02
rrb = 1.175365e-02
vgdrv = 2.037321e+00
Reset re-loads circuit * error-amp-offset-mc monte carlo deck -- generated by sim/error-amp-offset-mc/run_amp_offset_mc.py, do not edit

Circuit: * error-amp-offset-mc monte carlo deck -- generated by sim/error-amp-offset-mc/run_amp_offset_mc.py, do not edit

option SCALE: Scale is set to 1e-06 for instance and model parameters
option SCALE: Scale is set to 1e-06 for instance and model parameters
option SCALE: Scale is set to 1e-06 for instance and model parameters
option SCALE: Scale is set to 1e-06 for instance and model parameters
Doing analysis at TEMP = 27.000000 and TNOM = 27.000000

Using KLU as Direct Linear Solver

No. of Data Rows : 1
vos = 2.619552e-04
vout = 1.194305e+00
dvbe8 = 6.236115e-02
veb8 = 7.311533e-01
dvbe1 = 6.250910e-02
rra = 8.841225e-02
rrb = 1.177243e-02
vgdrv = 2.038908e+00
Reset re-loads circuit * error-amp-offset-mc monte carlo deck -- generated by sim/error-amp-offset-mc/run_amp_offset_mc.py, do not edit

Circuit: * error-amp-offset-mc monte carlo deck -- generated by sim/error-amp-offset-mc/run_amp_offset_mc.py, do not edit

option SCALE: Scale is set to 1e-06 for instance and model parameters
option SCALE: Scale is set to 1e-06 for instance and model parameters
option SCALE: Scale is set to 1e-06 for instance and model parameters
option SCALE: Scale is set to 1e-06 for instance and model parameters
Doing analysis at TEMP = 27.000000 and TNOM = 27.000000

Using KLU as Direct Linear Solver

No. of Data Rows : 1
vos = -6.08888e-05
vout = 1.197934e+00
dvbe8 = 6.238214e-02
veb8 = 7.311904e-01
dvbe1 = 6.339875e-02
rra = 8.820005e-02
rrb = 1.177458e-02
vgdrv = 2.036681e+00
Reset re-loads circuit * error-amp-offset-mc monte carlo deck -- generated by sim/error-amp-offset-mc/run_amp_offset_mc.py, do not edit

Circuit: * error-amp-offset-mc monte carlo deck -- generated by sim/error-amp-offset-mc/run_amp_offset_mc.py, do not edit

option SCALE: Scale is set to 1e-06 for instance and model parameters
option SCALE: Scale is set to 1e-06 for instance and model parameters
option SCALE: Scale is set to 1e-06 for instance and model parameters
option SCALE: Scale is set to 1e-06 for instance and model parameters
Doing analysis at TEMP = 27.000000 and TNOM = 27.000000

Using KLU as Direct Linear Solver
 Reference value :  0.00000e+00
No. of Data Rows : 1
vos = 4.832578e-04
vout = 1.195353e+00
dvbe8 = 6.189488e-02
veb8 = 7.306716e-01
dvbe1 = 6.243386e-02
rra = 8.815000e-02
rrb = 1.171150e-02
vgdrv = 2.036342e+00
Reset re-loads circuit * error-amp-offset-mc monte carlo deck -- generated by sim/error-amp-offset-mc/run_amp_offset_mc.py, do not edit

Circuit: * error-amp-offset-mc monte carlo deck -- generated by sim/error-amp-offset-mc/run_amp_offset_mc.py, do not edit

option SCALE: Scale is set to 1e-06 for instance and model parameters
option SCALE: Scale is set to 1e-06 for instance and model parameters
option SCALE: Scale is set to 1e-06 for instance and model parameters
option SCALE: Scale is set to 1e-06 for instance and model parameters
Doing analysis at TEMP = 27.000000 and TNOM = 27.000000

Using KLU as Direct Linear Solver

No. of Data Rows : 1
vos = -4.72197e-04
vout = 1.205623e+00
dvbe8 = 6.232038e-02
veb8 = 7.311074e-01
dvbe1 = 6.356706e-02
rra = 8.807115e-02
rrb = 1.178618e-02
vgdrv = 2.034151e+00
Reset re-loads circuit * error-amp-offset-mc monte carlo deck -- generated by sim/error-amp-offset-mc/run_amp_offset_mc.py, do not edit

Circuit: * error-amp-offset-mc monte carlo deck -- generated by sim/error-amp-offset-mc/run_amp_offset_mc.py, do not edit

option SCALE: Scale is set to 1e-06 for instance and model parameters
option SCALE: Scale is set to 1e-06 for instance and model parameters
option SCALE: Scale is set to 1e-06 for instance and model parameters
option SCALE: Scale is set to 1e-06 for instance and model parameters
Doing analysis at TEMP = 27.000000 and TNOM = 27.000000

Using KLU as Direct Linear Solver

No. of Data Rows : 1
vos = 1.066128e-04
vout = 1.195721e+00
dvbe8 = 6.247031e-02
veb8 = 7.312772e-01
dvbe1 = 6.305045e-02
rra = 8.816940e-02
rrb = 1.177201e-02
vgdrv = 2.041661e+00
Reset re-loads circuit * error-amp-offset-mc monte carlo deck -- generated by sim/error-amp-offset-mc/run_amp_offset_mc.py, do not edit

Circuit: * error-amp-offset-mc monte carlo deck -- generated by sim/error-amp-offset-mc/run_amp_offset_mc.py, do not edit

option SCALE: Scale is set to 1e-06 for instance and model parameters
option SCALE: Scale is set to 1e-06 for instance and model parameters
option SCALE: Scale is set to 1e-06 for instance and model parameters
option SCALE: Scale is set to 1e-06 for instance and model parameters
Doing analysis at TEMP = 27.000000 and TNOM = 27.000000

Using KLU as Direct Linear Solver

No. of Data Rows : 1
vos = -8.20254e-04
vout = 1.212561e+00
dvbe8 = 6.246126e-02
veb8 = 7.312398e-01
dvbe1 = 6.354020e-02
rra = 8.813675e-02
rrb = 1.175962e-02
vgdrv = 2.028956e+00
Reset re-loads circuit * error-amp-offset-mc monte carlo deck -- generated by sim/error-amp-offset-mc/run_amp_offset_mc.py, do not edit

Circuit: * error-amp-offset-mc monte carlo deck -- generated by sim/error-amp-offset-mc/run_amp_offset_mc.py, do not edit

option SCALE: Scale is set to 1e-06 for instance and model parameters
option SCALE: Scale is set to 1e-06 for instance and model parameters
option SCALE: Scale is set to 1e-06 for instance and model parameters
option SCALE: Scale is set to 1e-06 for instance and model parameters
Doing analysis at TEMP = 27.000000 and TNOM = 27.000000

Using KLU as Direct Linear Solver

No. of Data Rows : 1
vos = -1.53782e-04
vout = 1.197858e+00
dvbe8 = 6.221409e-02
veb8 = 7.310416e-01
dvbe1 = 6.354430e-02
rra = 8.819158e-02
rrb = 1.179178e-02
vgdrv = 2.035581e+00
Reset re-loads circuit * error-amp-offset-mc monte carlo deck -- generated by sim/error-amp-offset-mc/run_amp_offset_mc.py, do not edit

Circuit: * error-amp-offset-mc monte carlo deck -- generated by sim/error-amp-offset-mc/run_amp_offset_mc.py, do not edit

option SCALE: Scale is set to 1e-06 for instance and model parameters
option SCALE: Scale is set to 1e-06 for instance and model parameters
option SCALE: Scale is set to 1e-06 for instance and model parameters
option SCALE: Scale is set to 1e-06 for instance and model parameters
Doing analysis at TEMP = 27.000000 and TNOM = 27.000000

Using KLU as Direct Linear Solver
 Reference value :  0.00000e+00
No. of Data Rows : 1
vos = 1.682820e-04
vout = 1.198978e+00
dvbe8 = 6.257205e-02
veb8 = 7.313644e-01
dvbe1 = 6.294100e-02
rra = 8.784222e-02
rrb = 1.176822e-02
vgdrv = 2.039572e+00
Reset re-loads circuit * error-amp-offset-mc monte carlo deck -- generated by sim/error-amp-offset-mc/run_amp_offset_mc.py, do not edit

Circuit: * error-amp-offset-mc monte carlo deck -- generated by sim/error-amp-offset-mc/run_amp_offset_mc.py, do not edit

option SCALE: Scale is set to 1e-06 for instance and model parameters
option SCALE: Scale is set to 1e-06 for instance and model parameters
option SCALE: Scale is set to 1e-06 for instance and model parameters
option SCALE: Scale is set to 1e-06 for instance and model parameters
Doing analysis at TEMP = 27.000000 and TNOM = 27.000000

Using KLU as Direct Linear Solver

No. of Data Rows : 1
vos = 1.680746e-04
vout = 1.193103e+00
dvbe8 = 6.242225e-02
veb8 = 7.311919e-01
dvbe1 = 6.336771e-02
rra = 8.801368e-02
rrb = 1.178244e-02
vgdrv = 2.038023e+00
Reset re-loads circuit * error-amp-offset-mc monte carlo deck -- generated by sim/error-amp-offset-mc/run_amp_offset_mc.py, do not edit

Circuit: * error-amp-offset-mc monte carlo deck -- generated by sim/error-amp-offset-mc/run_amp_offset_mc.py, do not edit

option SCALE: Scale is set to 1e-06 for instance and model parameters
option SCALE: Scale is set to 1e-06 for instance and model parameters
option SCALE: Scale is set to 1e-06 for instance and model parameters
option SCALE: Scale is set to 1e-06 for instance and model parameters
Doing analysis at TEMP = 27.000000 and TNOM = 27.000000

Using KLU as Direct Linear Solver

No. of Data Rows : 1
vos = -4.77009e-04
vout = 1.203402e+00
dvbe8 = 6.249201e-02
veb8 = 7.312685e-01
dvbe1 = 6.247314e-02
rra = 8.795075e-02
rrb = 1.172945e-02
vgdrv = 2.036957e+00
Reset re-loads circuit * error-amp-offset-mc monte carlo deck -- generated by sim/error-amp-offset-mc/run_amp_offset_mc.py, do not edit

Circuit: * error-amp-offset-mc monte carlo deck -- generated by sim/error-amp-offset-mc/run_amp_offset_mc.py, do not edit

option SCALE: Scale is set to 1e-06 for instance and model parameters
option SCALE: Scale is set to 1e-06 for instance and model parameters
option SCALE: Scale is set to 1e-06 for instance and model parameters
option SCALE: Scale is set to 1e-06 for instance and model parameters
Doing analysis at TEMP = 27.000000 and TNOM = 27.000000

Using KLU as Direct Linear Solver

No. of Data Rows : 1
vos = -8.82221e-05
vout = 1.200038e+00
dvbe8 = 6.220331e-02
veb8 = 7.310061e-01
dvbe1 = 6.386207e-02
rra = 8.807999e-02
rrb = 1.168565e-02
vgdrv = 2.036975e+00
Reset re-loads circuit * error-amp-offset-mc monte carlo deck -- generated by sim/error-amp-offset-mc/run_amp_offset_mc.py, do not edit

Circuit: * error-amp-offset-mc monte carlo deck -- generated by sim/error-amp-offset-mc/run_amp_offset_mc.py, do not edit

option SCALE: Scale is set to 1e-06 for instance and model parameters
option SCALE: Scale is set to 1e-06 for instance and model parameters
option SCALE: Scale is set to 1e-06 for instance and model parameters
option SCALE: Scale is set to 1e-06 for instance and model parameters
Doing analysis at TEMP = 27.000000 and TNOM = 27.000000

Using KLU as Direct Linear Solver

No. of Data Rows : 1
vos = -1.25733e-03
vout = 1.211235e+00
dvbe8 = 6.268350e-02
veb8 = 7.314635e-01
dvbe1 = 6.299336e-02
rra = 8.803873e-02
rrb = 1.174837e-02
vgdrv = 2.035745e+00
Reset re-loads circuit * error-amp-offset-mc monte carlo deck -- generated by sim/error-amp-offset-mc/run_amp_offset_mc.py, do not edit

Circuit: * error-amp-offset-mc monte carlo deck -- generated by sim/error-amp-offset-mc/run_amp_offset_mc.py, do not edit

option SCALE: Scale is set to 1e-06 for instance and model parameters
option SCALE: Scale is set to 1e-06 for instance and model parameters
option SCALE: Scale is set to 1e-06 for instance and model parameters
option SCALE: Scale is set to 1e-06 for instance and model parameters
Doing analysis at TEMP = 27.000000 and TNOM = 27.000000

Using KLU as Direct Linear Solver
 Reference value :  0.00000e+00
No. of Data Rows : 1
vos = 5.439915e-04
vout = 1.189608e+00
dvbe8 = 6.221691e-02
veb8 = 7.310414e-01
dvbe1 = 6.322018e-02
rra = 8.807460e-02
rrb = 1.185504e-02
vgdrv = 2.039994e+00
Reset re-loads circuit * error-amp-offset-mc monte carlo deck -- generated by sim/error-amp-offset-mc/run_amp_offset_mc.py, do not edit

Circuit: * error-amp-offset-mc monte carlo deck -- generated by sim/error-amp-offset-mc/run_amp_offset_mc.py, do not edit

option SCALE: Scale is set to 1e-06 for instance and model parameters
option SCALE: Scale is set to 1e-06 for instance and model parameters
option SCALE: Scale is set to 1e-06 for instance and model parameters
option SCALE: Scale is set to 1e-06 for instance and model parameters
Doing analysis at TEMP = 27.000000 and TNOM = 27.000000

Using KLU as Direct Linear Solver

No. of Data Rows : 1
vos = 1.356899e-04
vout = 1.199275e+00
dvbe8 = 6.237032e-02
veb8 = 7.311604e-01
dvbe1 = 6.312993e-02
rra = 8.803914e-02
rrb = 1.168229e-02
vgdrv = 2.034733e+00
Reset re-loads circuit * error-amp-offset-mc monte carlo deck -- generated by sim/error-amp-offset-mc/run_amp_offset_mc.py, do not edit

Circuit: * error-amp-offset-mc monte carlo deck -- generated by sim/error-amp-offset-mc/run_amp_offset_mc.py, do not edit

option SCALE: Scale is set to 1e-06 for instance and model parameters
option SCALE: Scale is set to 1e-06 for instance and model parameters
option SCALE: Scale is set to 1e-06 for instance and model parameters
option SCALE: Scale is set to 1e-06 for instance and model parameters
Doing analysis at TEMP = 27.000000 and TNOM = 27.000000

Using KLU as Direct Linear Solver

No. of Data Rows : 1
vos = 3.144599e-04
vout = 1.196882e+00
dvbe8 = 6.259953e-02
veb8 = 7.313540e-01
dvbe1 = 6.304380e-02
rra = 8.817523e-02
rrb = 1.174740e-02
vgdrv = 2.038596e+00
Reset re-loads circuit * error-amp-offset-mc monte carlo deck -- generated by sim/error-amp-offset-mc/run_amp_offset_mc.py, do not edit

Circuit: * error-amp-offset-mc monte carlo deck -- generated by sim/error-amp-offset-mc/run_amp_offset_mc.py, do not edit

option SCALE: Scale is set to 1e-06 for instance and model parameters
option SCALE: Scale is set to 1e-06 for instance and model parameters
option SCALE: Scale is set to 1e-06 for instance and model parameters
option SCALE: Scale is set to 1e-06 for instance and model parameters
Doing analysis at TEMP = 27.000000 and TNOM = 27.000000

Using KLU as Direct Linear Solver

No. of Data Rows : 1
vos = -9.40172e-06
vout = 1.196148e+00
dvbe8 = 6.241249e-02
veb8 = 7.311978e-01
dvbe1 = 6.318304e-02
rra = 8.819206e-02
rrb = 1.177321e-02
vgdrv = 2.034539e+00
Reset re-loads circuit * error-amp-offset-mc monte carlo deck -- generated by sim/error-amp-offset-mc/run_amp_offset_mc.py, do not edit

Circuit: * error-amp-offset-mc monte carlo deck -- generated by sim/error-amp-offset-mc/run_amp_offset_mc.py, do not edit

option SCALE: Scale is set to 1e-06 for instance and model parameters
option SCALE: Scale is set to 1e-06 for instance and model parameters
option SCALE: Scale is set to 1e-06 for instance and model parameters
option SCALE: Scale is set to 1e-06 for instance and model parameters
Doing analysis at TEMP = 27.000000 and TNOM = 27.000000

Using KLU as Direct Linear Solver
 Reference value :  0.00000e+00
No. of Data Rows : 1
vos = -3.82541e-04
vout = 1.200208e+00
dvbe8 = 6.222398e-02
veb8 = 7.310097e-01
dvbe1 = 6.352406e-02
rra = 8.803710e-02
rrb = 1.174724e-02
vgdrv = 2.040603e+00
Reset re-loads circuit * error-amp-offset-mc monte carlo deck -- generated by sim/error-amp-offset-mc/run_amp_offset_mc.py, do not edit

Circuit: * error-amp-offset-mc monte carlo deck -- generated by sim/error-amp-offset-mc/run_amp_offset_mc.py, do not edit

option SCALE: Scale is set to 1e-06 for instance and model parameters
option SCALE: Scale is set to 1e-06 for instance and model parameters
option SCALE: Scale is set to 1e-06 for instance and model parameters
option SCALE: Scale is set to 1e-06 for instance and model parameters
Doing analysis at TEMP = 27.000000 and TNOM = 27.000000

Using KLU as Direct Linear Solver

No. of Data Rows : 1
vos = 1.031489e-04
vout = 1.198034e+00
dvbe8 = 6.248876e-02
veb8 = 7.312690e-01
dvbe1 = 6.280625e-02
rra = 8.827687e-02
rrb = 1.176528e-02
vgdrv = 2.032837e+00
Reset re-loads circuit * error-amp-offset-mc monte carlo deck -- generated by sim/error-amp-offset-mc/run_amp_offset_mc.py, do not edit

Circuit: * error-amp-offset-mc monte carlo deck -- generated by sim/error-amp-offset-mc/run_amp_offset_mc.py, do not edit

option SCALE: Scale is set to 1e-06 for instance and model parameters
option SCALE: Scale is set to 1e-06 for instance and model parameters
option SCALE: Scale is set to 1e-06 for instance and model parameters
option SCALE: Scale is set to 1e-06 for instance and model parameters
Doing analysis at TEMP = 27.000000 and TNOM = 27.000000

Using KLU as Direct Linear Solver

No. of Data Rows : 1
vos = -3.49977e-04
vout = 1.201113e+00
dvbe8 = 6.232678e-02
veb8 = 7.310992e-01
dvbe1 = 6.295711e-02
rra = 8.808757e-02
rrb = 1.172353e-02
vgdrv = 2.036498e+00
Reset re-loads circuit * error-amp-offset-mc monte carlo deck -- generated by sim/error-amp-offset-mc/run_amp_offset_mc.py, do not edit

Circuit: * error-amp-offset-mc monte carlo deck -- generated by sim/error-amp-offset-mc/run_amp_offset_mc.py, do not edit

option SCALE: Scale is set to 1e-06 for instance and model parameters
option SCALE: Scale is set to 1e-06 for instance and model parameters
option SCALE: Scale is set to 1e-06 for instance and model parameters
option SCALE: Scale is set to 1e-06 for instance and model parameters
Doing analysis at TEMP = 27.000000 and TNOM = 27.000000

Using KLU as Direct Linear Solver

No. of Data Rows : 1
vos = 1.533796e-05
vout = 1.197353e+00
dvbe8 = 6.229738e-02
veb8 = 7.310948e-01
dvbe1 = 6.308799e-02
rra = 8.792666e-02
rrb = 1.169847e-02
vgdrv = 2.036690e+00
Reset re-loads circuit * error-amp-offset-mc monte carlo deck -- generated by sim/error-amp-offset-mc/run_amp_offset_mc.py, do not edit

Circuit: * error-amp-offset-mc monte carlo deck -- generated by sim/error-amp-offset-mc/run_amp_offset_mc.py, do not edit

option SCALE: Scale is set to 1e-06 for instance and model parameters
option SCALE: Scale is set to 1e-06 for instance and model parameters
option SCALE: Scale is set to 1e-06 for instance and model parameters
option SCALE: Scale is set to 1e-06 for instance and model parameters
Doing analysis at TEMP = 27.000000 and TNOM = 27.000000

Using KLU as Direct Linear Solver
 Reference value :  0.00000e+00
No. of Data Rows : 1
vos = -4.82910e-04
vout = 1.198859e+00
dvbe8 = 6.217245e-02
veb8 = 7.310081e-01
dvbe1 = 6.299576e-02
rra = 8.820116e-02
rrb = 1.168169e-02
vgdrv = 2.037316e+00
Reset re-loads circuit * error-amp-offset-mc monte carlo deck -- generated by sim/error-amp-offset-mc/run_amp_offset_mc.py, do not edit

Circuit: * error-amp-offset-mc monte carlo deck -- generated by sim/error-amp-offset-mc/run_amp_offset_mc.py, do not edit

option SCALE: Scale is set to 1e-06 for instance and model parameters
option SCALE: Scale is set to 1e-06 for instance and model parameters
option SCALE: Scale is set to 1e-06 for instance and model parameters
option SCALE: Scale is set to 1e-06 for instance and model parameters
Doing analysis at TEMP = 27.000000 and TNOM = 27.000000

Using KLU as Direct Linear Solver

No. of Data Rows : 1
vos = 2.056949e-04
vout = 1.195240e+00
dvbe8 = 6.231867e-02
veb8 = 7.310830e-01
dvbe1 = 6.291511e-02
rra = 8.806582e-02
rrb = 1.171547e-02
vgdrv = 2.037135e+00
Reset re-loads circuit * error-amp-offset-mc monte carlo deck -- generated by sim/error-amp-offset-mc/run_amp_offset_mc.py, do not edit

Circuit: * error-amp-offset-mc monte carlo deck -- generated by sim/error-amp-offset-mc/run_amp_offset_mc.py, do not edit

option SCALE: Scale is set to 1e-06 for instance and model parameters
option SCALE: Scale is set to 1e-06 for instance and model parameters
option SCALE: Scale is set to 1e-06 for instance and model parameters
option SCALE: Scale is set to 1e-06 for instance and model parameters
Doing analysis at TEMP = 27.000000 and TNOM = 27.000000

Using KLU as Direct Linear Solver

No. of Data Rows : 1
vos = -2.55475e-04
vout = 1.200370e+00
dvbe8 = 6.217226e-02
veb8 = 7.310153e-01
dvbe1 = 6.258804e-02
rra = 8.806800e-02
rrb = 1.184178e-02
vgdrv = 2.037406e+00
Reset re-loads circuit * error-amp-offset-mc monte carlo deck -- generated by sim/error-amp-offset-mc/run_amp_offset_mc.py, do not edit

Circuit: * error-amp-offset-mc monte carlo deck -- generated by sim/error-amp-offset-mc/run_amp_offset_mc.py, do not edit

option SCALE: Scale is set to 1e-06 for instance and model parameters
option SCALE: Scale is set to 1e-06 for instance and model parameters
option SCALE: Scale is set to 1e-06 for instance and model parameters
option SCALE: Scale is set to 1e-06 for instance and model parameters
Doing analysis at TEMP = 27.000000 and TNOM = 27.000000

Using KLU as Direct Linear Solver

No. of Data Rows : 1
vos = -1.53861e-04
vout = 1.196983e+00
dvbe8 = 6.228373e-02
veb8 = 7.311424e-01
dvbe1 = 6.310058e-02
rra = 8.801174e-02
rrb = 1.174667e-02
vgdrv = 2.038383e+00
Reset re-loads circuit * error-amp-offset-mc monte carlo deck -- generated by sim/error-amp-offset-mc/run_amp_offset_mc.py, do not edit

Circuit: * error-amp-offset-mc monte carlo deck -- generated by sim/error-amp-offset-mc/run_amp_offset_mc.py, do not edit

option SCALE: Scale is set to 1e-06 for instance and model parameters
option SCALE: Scale is set to 1e-06 for instance and model parameters
option SCALE: Scale is set to 1e-06 for instance and model parameters
option SCALE: Scale is set to 1e-06 for instance and model parameters
Doing analysis at TEMP = 27.000000 and TNOM = 27.000000

Using KLU as Direct Linear Solver

No. of Data Rows : 1
vos = 2.127869e-04
vout = 1.193666e+00
dvbe8 = 6.264591e-02
veb8 = 7.314001e-01
dvbe1 = 6.266349e-02
rra = 8.806848e-02
rrb = 1.174115e-02
vgdrv = 2.033461e+00
Reset re-loads circuit * error-amp-offset-mc monte carlo deck -- generated by sim/error-amp-offset-mc/run_amp_offset_mc.py, do not edit

Circuit: * error-amp-offset-mc monte carlo deck -- generated by sim/error-amp-offset-mc/run_amp_offset_mc.py, do not edit

option SCALE: Scale is set to 1e-06 for instance and model parameters
option SCALE: Scale is set to 1e-06 for instance and model parameters
option SCALE: Scale is set to 1e-06 for instance and model parameters
option SCALE: Scale is set to 1e-06 for instance and model parameters
Doing analysis at TEMP = 27.000000 and TNOM = 27.000000

Using KLU as Direct Linear Solver
 Reference value :  0.00000e+00
No. of Data Rows : 1
vos = 8.757274e-04
vout = 1.191887e+00
dvbe8 = 6.206735e-02
veb8 = 7.308997e-01
dvbe1 = 6.274598e-02
rra = 8.823114e-02
rrb = 1.175251e-02
vgdrv = 2.039610e+00
Reset re-loads circuit * error-amp-offset-mc monte carlo deck -- generated by sim/error-amp-offset-mc/run_amp_offset_mc.py, do not edit

Circuit: * error-amp-offset-mc monte carlo deck -- generated by sim/error-amp-offset-mc/run_amp_offset_mc.py, do not edit

option SCALE: Scale is set to 1e-06 for instance and model parameters
option SCALE: Scale is set to 1e-06 for instance and model parameters
option SCALE: Scale is set to 1e-06 for instance and model parameters
option SCALE: Scale is set to 1e-06 for instance and model parameters
Doing analysis at TEMP = 27.000000 and TNOM = 27.000000

Using KLU as Direct Linear Solver

No. of Data Rows : 1
vos = -4.58706e-04
vout = 1.200836e+00
dvbe8 = 6.231217e-02
veb8 = 7.311571e-01
dvbe1 = 6.312718e-02
rra = 8.828773e-02
rrb = 1.175059e-02
vgdrv = 2.039189e+00
Reset re-loads circuit * error-amp-offset-mc monte carlo deck -- generated by sim/error-amp-offset-mc/run_amp_offset_mc.py, do not edit

Circuit: * error-amp-offset-mc monte carlo deck -- generated by sim/error-amp-offset-mc/run_amp_offset_mc.py, do not edit

option SCALE: Scale is set to 1e-06 for instance and model parameters
option SCALE: Scale is set to 1e-06 for instance and model parameters
option SCALE: Scale is set to 1e-06 for instance and model parameters
option SCALE: Scale is set to 1e-06 for instance and model parameters
Doing analysis at TEMP = 27.000000 and TNOM = 27.000000

Using KLU as Direct Linear Solver

No. of Data Rows : 1
vos = 2.976079e-04
vout = 1.196493e+00
dvbe8 = 6.234665e-02
veb8 = 7.311175e-01
dvbe1 = 6.237170e-02
rra = 8.803752e-02
rrb = 1.175729e-02
vgdrv = 2.039574e+00
Reset re-loads circuit * error-amp-offset-mc monte carlo deck -- generated by sim/error-amp-offset-mc/run_amp_offset_mc.py, do not edit

Circuit: * error-amp-offset-mc monte carlo deck -- generated by sim/error-amp-offset-mc/run_amp_offset_mc.py, do not edit

option SCALE: Scale is set to 1e-06 for instance and model parameters
option SCALE: Scale is set to 1e-06 for instance and model parameters
option SCALE: Scale is set to 1e-06 for instance and model parameters
option SCALE: Scale is set to 1e-06 for instance and model parameters
Doing analysis at TEMP = 27.000000 and TNOM = 27.000000

Using KLU as Direct Linear Solver
 Reference value :  0.00000e+00
No. of Data Rows : 1
vos = -7.70648e-04
vout = 1.206342e+00
dvbe8 = 6.226846e-02
veb8 = 7.310235e-01
dvbe1 = 6.329114e-02
rra = 8.817183e-02
rrb = 1.175364e-02
vgdrv = 2.038705e+00
Reset re-loads circuit * error-amp-offset-mc monte carlo deck -- generated by sim/error-amp-offset-mc/run_amp_offset_mc.py, do not edit

Circuit: * error-amp-offset-mc monte carlo deck -- generated by sim/error-amp-offset-mc/run_amp_offset_mc.py, do not edit

option SCALE: Scale is set to 1e-06 for instance and model parameters
option SCALE: Scale is set to 1e-06 for instance and model parameters
option SCALE: Scale is set to 1e-06 for instance and model parameters
option SCALE: Scale is set to 1e-06 for instance and model parameters
Doing analysis at TEMP = 27.000000 and TNOM = 27.000000

Using KLU as Direct Linear Solver

No. of Data Rows : 1
vos = 2.813939e-05
vout = 1.197469e+00
dvbe8 = 6.236776e-02
veb8 = 7.311501e-01
dvbe1 = 6.302332e-02
rra = 8.797196e-02
rrb = 1.177536e-02
vgdrv = 2.034686e+00
Reset re-loads circuit * error-amp-offset-mc monte carlo deck -- generated by sim/error-amp-offset-mc/run_amp_offset_mc.py, do not edit

Circuit: * error-amp-offset-mc monte carlo deck -- generated by sim/error-amp-offset-mc/run_amp_offset_mc.py, do not edit

option SCALE: Scale is set to 1e-06 for instance and model parameters
option SCALE: Scale is set to 1e-06 for instance and model parameters
option SCALE: Scale is set to 1e-06 for instance and model parameters
option SCALE: Scale is set to 1e-06 for instance and model parameters
Doing analysis at TEMP = 27.000000 and TNOM = 27.000000

Using KLU as Direct Linear Solver

No. of Data Rows : 1
vos = -4.83162e-04
vout = 1.206227e+00
dvbe8 = 6.252696e-02
veb8 = 7.313007e-01
dvbe1 = 6.251981e-02
rra = 8.809155e-02
rrb = 1.178093e-02
vgdrv = 2.031495e+00
Reset re-loads circuit * error-amp-offset-mc monte carlo deck -- generated by sim/error-amp-offset-mc/run_amp_offset_mc.py, do not edit

Circuit: * error-amp-offset-mc monte carlo deck -- generated by sim/error-amp-offset-mc/run_amp_offset_mc.py, do not edit

option SCALE: Scale is set to 1e-06 for instance and model parameters
option SCALE: Scale is set to 1e-06 for instance and model parameters
option SCALE: Scale is set to 1e-06 for instance and model parameters
option SCALE: Scale is set to 1e-06 for instance and model parameters
Doing analysis at TEMP = 27.000000 and TNOM = 27.000000

Using KLU as Direct Linear Solver

No. of Data Rows : 1
vos = 4.703762e-04
vout = 1.192763e+00
dvbe8 = 6.241428e-02
veb8 = 7.311839e-01
dvbe1 = 6.342915e-02
rra = 8.802354e-02
rrb = 1.171086e-02
vgdrv = 2.039252e+00
Reset re-loads circuit * error-amp-offset-mc monte carlo deck -- generated by sim/error-amp-offset-mc/run_amp_offset_mc.py, do not edit

Circuit: * error-amp-offset-mc monte carlo deck -- generated by sim/error-amp-offset-mc/run_amp_offset_mc.py, do not edit

option SCALE: Scale is set to 1e-06 for instance and model parameters
option SCALE: Scale is set to 1e-06 for instance and model parameters
option SCALE: Scale is set to 1e-06 for instance and model parameters
option SCALE: Scale is set to 1e-06 for instance and model parameters
Doing analysis at TEMP = 27.000000 and TNOM = 27.000000

Using KLU as Direct Linear Solver

No. of Data Rows : 1
vos = -7.08038e-04
vout = 1.208538e+00
dvbe8 = 6.258436e-02
veb8 = 7.313917e-01
dvbe1 = 6.298173e-02
rra = 8.785974e-02
rrb = 1.180798e-02
vgdrv = 2.033996e+00
Reset re-loads circuit * error-amp-offset-mc monte carlo deck -- generated by sim/error-amp-offset-mc/run_amp_offset_mc.py, do not edit

Circuit: * error-amp-offset-mc monte carlo deck -- generated by sim/error-amp-offset-mc/run_amp_offset_mc.py, do not edit

option SCALE: Scale is set to 1e-06 for instance and model parameters
option SCALE: Scale is set to 1e-06 for instance and model parameters
option SCALE: Scale is set to 1e-06 for instance and model parameters
option SCALE: Scale is set to 1e-06 for instance and model parameters
Doing analysis at TEMP = 27.000000 and TNOM = 27.000000

Using KLU as Direct Linear Solver
 Reference value :  0.00000e+00
No. of Data Rows : 1
vos = -2.10334e-04
vout = 1.198177e+00
dvbe8 = 6.231624e-02
veb8 = 7.311039e-01
dvbe1 = 6.300293e-02
rra = 8.827227e-02
rrb = 1.181896e-02
vgdrv = 2.040229e+00
Reset re-loads circuit * error-amp-offset-mc monte carlo deck -- generated by sim/error-amp-offset-mc/run_amp_offset_mc.py, do not edit

Circuit: * error-amp-offset-mc monte carlo deck -- generated by sim/error-amp-offset-mc/run_amp_offset_mc.py, do not edit

option SCALE: Scale is set to 1e-06 for instance and model parameters
option SCALE: Scale is set to 1e-06 for instance and model parameters
option SCALE: Scale is set to 1e-06 for instance and model parameters
option SCALE: Scale is set to 1e-06 for instance and model parameters
Doing analysis at TEMP = 27.000000 and TNOM = 27.000000

Using KLU as Direct Linear Solver

No. of Data Rows : 1
vos = -3.17330e-04
vout = 1.201860e+00
dvbe8 = 6.219675e-02
veb8 = 7.309935e-01
dvbe1 = 6.304919e-02
rra = 8.809691e-02
rrb = 1.182942e-02
vgdrv = 2.036733e+00
Reset re-loads circuit * error-amp-offset-mc monte carlo deck -- generated by sim/error-amp-offset-mc/run_amp_offset_mc.py, do not edit

Circuit: * error-amp-offset-mc monte carlo deck -- generated by sim/error-amp-offset-mc/run_amp_offset_mc.py, do not edit

option SCALE: Scale is set to 1e-06 for instance and model parameters
option SCALE: Scale is set to 1e-06 for instance and model parameters
option SCALE: Scale is set to 1e-06 for instance and model parameters
option SCALE: Scale is set to 1e-06 for instance and model parameters
Doing analysis at TEMP = 27.000000 and TNOM = 27.000000

Using KLU as Direct Linear Solver

No. of Data Rows : 1
vos = 4.228004e-04
vout = 1.196219e+00
dvbe8 = 6.238643e-02
veb8 = 7.311728e-01
dvbe1 = 6.260124e-02
rra = 8.818541e-02
rrb = 1.174290e-02
vgdrv = 2.039409e+00
Reset re-loads circuit * error-amp-offset-mc monte carlo deck -- generated by sim/error-amp-offset-mc/run_amp_offset_mc.py, do not edit

Circuit: * error-amp-offset-mc monte carlo deck -- generated by sim/error-amp-offset-mc/run_amp_offset_mc.py, do not edit

option SCALE: Scale is set to 1e-06 for instance and model parameters
option SCALE: Scale is set to 1e-06 for instance and model parameters
option SCALE: Scale is set to 1e-06 for instance and model parameters
option SCALE: Scale is set to 1e-06 for instance and model parameters
Doing analysis at TEMP = 27.000000 and TNOM = 27.000000

Using KLU as Direct Linear Solver

No. of Data Rows : 1
vos = -5.74858e-05
vout = 1.198473e+00
dvbe8 = 6.249068e-02
veb8 = 7.312630e-01
dvbe1 = 6.285623e-02
rra = 8.793394e-02
rrb = 1.166627e-02
vgdrv = 2.033623e+00
Reset re-loads circuit * error-amp-offset-mc monte carlo deck -- generated by sim/error-amp-offset-mc/run_amp_offset_mc.py, do not edit

Circuit: * error-amp-offset-mc monte carlo deck -- generated by sim/error-amp-offset-mc/run_amp_offset_mc.py, do not edit

option SCALE: Scale is set to 1e-06 for instance and model parameters
option SCALE: Scale is set to 1e-06 for instance and model parameters
option SCALE: Scale is set to 1e-06 for instance and model parameters
option SCALE: Scale is set to 1e-06 for instance and model parameters
Doing analysis at TEMP = 27.000000 and TNOM = 27.000000

Using KLU as Direct Linear Solver

No. of Data Rows : 1
vos = 1.643827e-04
vout = 1.194997e+00
dvbe8 = 6.236461e-02
veb8 = 7.311358e-01
dvbe1 = 6.300726e-02
rra = 8.801454e-02
rrb = 1.175701e-02
vgdrv = 2.041844e+00
Reset re-loads circuit * error-amp-offset-mc monte carlo deck -- generated by sim/error-amp-offset-mc/run_amp_offset_mc.py, do not edit

Circuit: * error-amp-offset-mc monte carlo deck -- generated by sim/error-amp-offset-mc/run_amp_offset_mc.py, do not edit

option SCALE: Scale is set to 1e-06 for instance and model parameters
option SCALE: Scale is set to 1e-06 for instance and model parameters
option SCALE: Scale is set to 1e-06 for instance and model parameters
option SCALE: Scale is set to 1e-06 for instance and model parameters
Doing analysis at TEMP = 27.000000 and TNOM = 27.000000

Using KLU as Direct Linear Solver
 Reference value :  0.00000e+00
No. of Data Rows : 1
vos = -2.85492e-04
vout = 1.200096e+00
dvbe8 = 6.255831e-02
veb8 = 7.313370e-01
dvbe1 = 6.294463e-02
rra = 8.805600e-02
rrb = 1.179930e-02
vgdrv = 2.036444e+00
ngspice-46 done
