# point: tt_mm_-40c_3.30v
# record: 20260803-084950-e599e30
# role: mismatch -- local-mismatch distribution at the nominal process point
# section=tt_mm temp=-40C supply=3.30V seed=20260803 samples=300
# pdk: sky130A @ open_pdks c6d73a35f524070e85faff4a6a9eef49553ebc2b (/home/ubuntu/.volare/sky130A/libs.tech/combined/sky130.lib.spice)
# ngspice exit: 0
# run (UTC): 2026-08-03T08:49:50Z

# ==== .spiceinit (exact) ====
| * ngspice init settings for the sky130 PDK model libraries.
| *
| * The corner runner copies this file into its scratch run directory as
| * `.spiceinit` before invoking ngspice, so runs do not depend on whatever
| * happens to be in ~/.spiceinit. To drive ngspice by hand with the same
| * settings, copy this file to `.spiceinit` in your working directory.
| *
| * Derived from the PDK's own libs.tech/ngspice/spinit; kept in-repo so the
| * settings a record was produced under are versioned with the harness.
| 
| set ngbehavior=hsa     ; HSPICE-ish compatibility, required to read PDK libs
| set skywaterpdk        ; skip some checks for faster lib loading
| set ng_nomodcheck      ; do not check model parameters
| option noinit          ; do not dump operating point data into the log
| option klu             ; KLU direct linear solver

# ==== deck (exact input given to ngspice) ====
| * error-amp-offset-mc Monte Carlo deck -- generated by sim/error-amp-offset-mc/run_amp_offset_mc.py, do not edit
| * point: tt_mm_-40c_3.30v
| .param vsup=3.3
| .option wnflag=1
| .temp -40
| .lib "/home/ubuntu/.volare/sky130A/libs.tech/combined/sky130.lib.spice" tt_mm
| ** sch_path: sim/error-amp-offset-mc/testbench/tb_amp_offset_mc.sch
| **.subckt tb_amp_offset_mc
| V1 VDD 0 'vsup'
| XBG VREF GDRV VDD 0 bandgap_core
| IE8S 0 E8S 5.3u
| XXQ8S 0 0 E8S sky130_fd_pr__pnp_05v5_W0p68L0p68 m=8 mult=8
| IE8L 0 E8L 5.3u
| XXQ8L 0 0 E8L sky130_fd_pr__pnp_05v5_W3p40L3p40 m=8 mult=8
| IE1S 0 E1S 1u
| XXQ1S 0 0 E1S sky130_fd_pr__pnp_05v5_W0p68L0p68 m=1 mult=1
| IE1L 0 E1L 1u
| XXQ1L 0 0 E1L sky130_fd_pr__pnp_05v5_W3p40L3p40 m=1 mult=1
| IRA 0 NRA 1u
| XXRRA 0 NRA 0 sky130_fd_pr__res_high_po W=1 L=270 mult=1 m=1
| IRB 0 NRB 1u
| XXRRB 0 NRB 0 sky130_fd_pr__res_high_po W=1 L=35 mult=1 m=1
| **** begin user architecture code
| 
| 
| * DC-solver seed, not a forced solution: bandgap_core has a stable
| * zero-current state by construction (issue #10's startup circuit is what
| * breaks it in silicon). A .nodeset only biases the initial guess and is
| * removed before the final Newton iterations, so each Monte Carlo sample is a
| * genuine solution of that sample's circuit -- and the same seed is applied to
| * every sample, so it cannot bias the spread.
| *
| * v(gdrv)=2.0 rather than the 2.2 sim/bandgap-smoke and sim/error-amp-loop
| * use, and the difference is load-bearing HERE and nowhere else. The mirror
| * gate settles near 1.97 V, so a 2.2 V guess sits on the wrong side of it;
| * the deterministic runs converge anyway, but under Monte Carlo 12 of 40
| * draws at -40 degC converged instead to the core's other stable solution
| * (VOUT ~ 0.52 V), which would have shown up as a 350 mV sigma. With 2.0 V
| * the same 40 draws all land on the operating solution. Verified not to be
| * the tail wagging the dog: at 27 degC, where neither guess produces a
| * degenerate sample, the two nodesets give sigma(VOUT) = 5.57 vs 5.67 mV and
| * sigma(VOS) = 0.485 vs 0.495 mV over the same 40 draws -- i.e. the guess
| * moves which *solution branch* the solver finds, not the spread it reports.
| * The runner also classifies every sample and refuses to fold a
| * non-operating one into the statistics, so this is belt and braces.
| .nodeset v(vref)=1.2 v(gdrv)=2.0
| 
| 
| **** end user architecture code
| **.ends
| 
| * expanding   symbol:  design/bandgap_core.sym # of pins=4
| ** sym_path: design/bandgap_core.sym
| ** sch_path: design/bandgap_core.sch
| .subckt bandgap_core VOUT GDRV VDD VSS
| *.opin VOUT
| *.iopin GDRV
| *.iopin VDD
| *.iopin VSS
| **** begin user architecture code
| 
| 
| * ---- Kuijk core parameters (issue #8) ----
| * PNP emitter-area ratio N is built ONLY from paralleled unit devices:
| *   N = (n_pnp_ptat * 11.56 um2) / (n_pnp_ctat * 0.4624 um2)
| * Keep both counts equal to hold the pair's measured dVBE while lowering the
| * per-unit current and sigma(dVBE); raise n_pnp_ptat alone for more PTAT.
| .param n_pnp_ctat=8
| .param n_pnp_ptat=8
| * res_high_po unit segment: W = r_w um, L = r_lseg um (R ~ 380 + 325*L ohm)
| .param r_w=1
| .param r_lseg=5
| * segment counts. K = R2/R1 is set by the integer ratio n_r2/n_r1.
| .param n_r1=7
| .param n_r2=54
| * PMOS mirror multiplicities (unit device W=8u L=2u)
| .param m_out=2
| .param m_ampbias=2
| 
| 
| **** end user architecture code
| XMPOUT VOUT GDRV VDD VDD sky130_fd_pr__pfet_g5v0d10v5 L=2 W=8 nf=1 ad=2.32 as=2.32 pd=16.58 ps=16.58 nrd=0.03625 nrs=0.03625 sa=0 sb=0
| + sd=0 mult='m_out' m='m_out'
| XMPAMP TAIL GDRV VDD VDD sky130_fd_pr__pfet_g5v0d10v5 L=2 W=8 nf=1 ad=2.32 as=2.32 pd=16.58 ps=16.58 nrd=0.03625 nrs=0.03625 sa=0 sb=0
| + sd=0 mult='m_ampbias' m='m_ampbias'
| XAMP VB VA GDRV TAIL VDD VSS error_amp
| XR2A VA VOUT VSS sky130_fd_pr__res_high_po W='r_w' L='r_lseg*n_r2' mult=1 m=1
| XR2B VB VOUT VSS sky130_fd_pr__res_high_po W='r_w' L='r_lseg*n_r2' mult=1 m=1
| XQ1 VSS VSS VA sky130_fd_pr__pnp_05v5_W0p68L0p68 m='n_pnp_ctat' mult='n_pnp_ctat'
| XR1 VBQ VB VSS sky130_fd_pr__res_high_po W='r_w' L='r_lseg*n_r1' mult=1 m=1
| XQ2 VSS VSS VBQ sky130_fd_pr__pnp_05v5_W3p40L3p40 m='n_pnp_ptat' mult='n_pnp_ptat'
| .ends
| 
| 
| * expanding   symbol:  design/error_amp.sym # of pins=6
| ** sym_path: design/error_amp.sym
| ** sch_path: design/error_amp.sch
| .subckt error_amp VINP VINN AOUT ITAIL VDD VSS
| *.ipin VINP
| *.ipin VINN
| *.opin AOUT
| *.iopin ITAIL
| *.iopin VDD
| *.iopin VSS
| **** begin user architecture code
| 
| 
| * ---- error-amp device multiplicities (issue #9 sizing) ----
| * Unit geometry is fixed on the instances below; mult is the matching axis
| * (sigma(Vth) scales as 1/sqrt(W*L*mult) in the PDK's own model).
| * amp_m_in    : input-pair PMOS units   (W=20u L=10u each -> 3200 um^2 total)
| * amp_m_nmirr : NMOS load/mirror units  (W=8u  L=20u each ->  640 um^2 total)
| * amp_m_pmirr : PMOS mirror units       (W=6u  L=20u each ->  960 um^2 total)
| * amp_m_cc    : MOS-capacitor units     (W=30u L=20u each -> 9600 um^2 total)
| .param amp_m_in=16
| .param amp_m_nmirr=4
| .param amp_m_pmirr=8
| .param amp_m_cc=16
| 
| 
| **** end user architecture code
| XMP1 D1 VINP ITAIL VDD sky130_fd_pr__pfet_g5v0d10v5 L=10 W=20 nf=1 ad=5.8 as=5.8 pd=40.58 ps=40.58 nrd=0.0145 nrs=0.0145 sa=0 sb=0 sd=0 mult='amp_m_in' m='amp_m_in'
| XMP2 D2 VINN ITAIL VDD sky130_fd_pr__pfet_g5v0d10v5 L=10 W=20 nf=1 ad=5.8 as=5.8 pd=40.58 ps=40.58 nrd=0.0145 nrs=0.0145 sa=0 sb=0 sd=0 mult='amp_m_in' m='amp_m_in'
| XMN1 D1 D1 VSS VSS sky130_fd_pr__nfet_g5v0d10v5 L=20 W=8 nf=1 ad=2.32 as=2.32 pd=16.58 ps=16.58 nrd=0.03625 nrs=0.03625 sa=0 sb=0 sd=0 mult='amp_m_nmirr' m='amp_m_nmirr'
| XMN2 D2 D2 VSS VSS sky130_fd_pr__nfet_g5v0d10v5 L=20 W=8 nf=1 ad=2.32 as=2.32 pd=16.58 ps=16.58 nrd=0.03625 nrs=0.03625 sa=0 sb=0 sd=0 mult='amp_m_nmirr' m='amp_m_nmirr'
| XMN3 AOUT D1 VSS VSS sky130_fd_pr__nfet_g5v0d10v5 L=20 W=8 nf=1 ad=2.32 as=2.32 pd=16.58 ps=16.58 nrd=0.03625 nrs=0.03625 sa=0 sb=0 sd=0 mult='amp_m_nmirr' m='amp_m_nmirr'
| XMN4 PN D2 VSS VSS sky130_fd_pr__nfet_g5v0d10v5 L=20 W=8 nf=1 ad=2.32 as=2.32 pd=16.58 ps=16.58 nrd=0.03625 nrs=0.03625 sa=0 sb=0 sd=0 mult='amp_m_nmirr' m='amp_m_nmirr'
| XMP4 AOUT PN VDD VDD sky130_fd_pr__pfet_g5v0d10v5 L=20 W=6 nf=1 ad=1.74 as=1.74 pd=12.58 ps=12.58 nrd=0.0483333333333333 nrs=0.0483333333333333 sa=0 sb=0 sd=0 mult='amp_m_pmirr' m='amp_m_pmirr'
| XMP3 PN PN VDD VDD sky130_fd_pr__pfet_g5v0d10v5 L=20 W=6 nf=1 ad=1.74 as=1.74 pd=12.58 ps=12.58 nrd=0.0483333333333333 nrs=0.0483333333333333 sa=0 sb=0 sd=0 mult='amp_m_pmirr' m='amp_m_pmirr'
| XMCC VDD AOUT VDD VDD sky130_fd_pr__pfet_g5v0d10v5 L=20 W=30 nf=1 ad=8.7 as=8.7 pd=60.58 ps=60.58 nrd=0.00966666666666667 nrs=0.00966666666666667 sa=0 sb=0 sd=0 mult='amp_m_cc' m='amp_m_cc'
| .ends
| 
| .control
| setseed 20260803
| set width = 512
| set height = 100000
| let nruns = 300
| let run = 0
| dowhile run < nruns
|   reset
|   op
|   let vos   = v(xbg.va)-v(xbg.vb)
|   let vout  = v(vref)
|   let dvbe8 = v(e8s)-v(e8l)
|   let veb8  = v(e8s)
|   let dvbe1 = v(e1s)-v(e1l)
|   let rra   = v(nra)
|   let rrb   = v(nrb)
|   let vgdrv = v(gdrv)
|   print vos vout dvbe8 veb8 dvbe1 rra rrb vgdrv
|   let run = run + 1
| end
| quit
| .endc
| .end

# ==== ngspice stdout+stderr ====

Note: Compatibility modes selected: hs a


Circuit: * error-amp-offset-mc monte carlo deck -- generated by sim/error-amp-offset-mc/run_amp_offset_mc.py, do not edit

option SCALE: Scale is set to 1e-06 for instance and model parameters
option SCALE: Scale is set to 1e-06 for instance and model parameters
option SCALE: Scale is set to 1e-06 for instance and model parameters
option SCALE: Scale is set to 1e-06 for instance and model parameters
Reset re-loads circuit * error-amp-offset-mc monte carlo deck -- generated by sim/error-amp-offset-mc/run_amp_offset_mc.py, do not edit

Circuit: * error-amp-offset-mc monte carlo deck -- generated by sim/error-amp-offset-mc/run_amp_offset_mc.py, do not edit

option SCALE: Scale is set to 1e-06 for instance and model parameters
option SCALE: Scale is set to 1e-06 for instance and model parameters
option SCALE: Scale is set to 1e-06 for instance and model parameters
option SCALE: Scale is set to 1e-06 for instance and model parameters
Doing analysis at TEMP = -40.000000 and TNOM = 27.000000

Using KLU as Direct Linear Solver
 Reference value :  0.00000e+00
No. of Data Rows : 1
vos = -4.48196e-04
vout = 1.212901e+00
dvbe8 = 4.913905e-02
veb8 = 8.448643e-01
dvbe1 = 5.015921e-02
rra = 8.559977e-02
rrb = 1.143650e-02
vgdrv = 1.969914e+00
Reset re-loads circuit * error-amp-offset-mc monte carlo deck -- generated by sim/error-amp-offset-mc/run_amp_offset_mc.py, do not edit

Circuit: * error-amp-offset-mc monte carlo deck -- generated by sim/error-amp-offset-mc/run_amp_offset_mc.py, do not edit

option SCALE: Scale is set to 1e-06 for instance and model parameters
option SCALE: Scale is set to 1e-06 for instance and model parameters
option SCALE: Scale is set to 1e-06 for instance and model parameters
option SCALE: Scale is set to 1e-06 for instance and model parameters
Doing analysis at TEMP = -40.000000 and TNOM = 27.000000

Using KLU as Direct Linear Solver

No. of Data Rows : 1
vos = 5.109731e-04
vout = 1.202055e+00
dvbe8 = 4.936191e-02
veb8 = 8.450727e-01
dvbe1 = 4.876350e-02
rra = 8.542618e-02
rrb = 1.138726e-02
vgdrv = 1.973776e+00
Reset re-loads circuit * error-amp-offset-mc monte carlo deck -- generated by sim/error-amp-offset-mc/run_amp_offset_mc.py, do not edit

Circuit: * error-amp-offset-mc monte carlo deck -- generated by sim/error-amp-offset-mc/run_amp_offset_mc.py, do not edit

option SCALE: Scale is set to 1e-06 for instance and model parameters
option SCALE: Scale is set to 1e-06 for instance and model parameters
option SCALE: Scale is set to 1e-06 for instance and model parameters
option SCALE: Scale is set to 1e-06 for instance and model parameters
Doing analysis at TEMP = -40.000000 and TNOM = 27.000000

Using KLU as Direct Linear Solver

No. of Data Rows : 1
vos = -7.34824e-05
vout = 1.205678e+00
dvbe8 = 4.910642e-02
veb8 = 8.448035e-01
dvbe1 = 5.013815e-02
rra = 8.565286e-02
rrb = 1.138852e-02
vgdrv = 1.970941e+00
Reset re-loads circuit * error-amp-offset-mc monte carlo deck -- generated by sim/error-amp-offset-mc/run_amp_offset_mc.py, do not edit

Circuit: * error-amp-offset-mc monte carlo deck -- generated by sim/error-amp-offset-mc/run_amp_offset_mc.py, do not edit

option SCALE: Scale is set to 1e-06 for instance and model parameters
option SCALE: Scale is set to 1e-06 for instance and model parameters
option SCALE: Scale is set to 1e-06 for instance and model parameters
option SCALE: Scale is set to 1e-06 for instance and model parameters
Doing analysis at TEMP = -40.000000 and TNOM = 27.000000

Using KLU as Direct Linear Solver

No. of Data Rows : 1
vos = -5.42579e-04
vout = 1.211811e+00
dvbe8 = 4.931715e-02
veb8 = 8.450871e-01
dvbe1 = 4.989980e-02
rra = 8.543802e-02
rrb = 1.138880e-02
vgdrv = 1.966050e+00
Reset re-loads circuit * error-amp-offset-mc monte carlo deck -- generated by sim/error-amp-offset-mc/run_amp_offset_mc.py, do not edit

Circuit: * error-amp-offset-mc monte carlo deck -- generated by sim/error-amp-offset-mc/run_amp_offset_mc.py, do not edit

option SCALE: Scale is set to 1e-06 for instance and model parameters
option SCALE: Scale is set to 1e-06 for instance and model parameters
option SCALE: Scale is set to 1e-06 for instance and model parameters
option SCALE: Scale is set to 1e-06 for instance and model parameters
Doing analysis at TEMP = -40.000000 and TNOM = 27.000000

Using KLU as Direct Linear Solver

No. of Data Rows : 1
vos = 2.639387e-04
vout = 1.204593e+00
dvbe8 = 4.917791e-02
veb8 = 8.449197e-01
dvbe1 = 4.933972e-02
rra = 8.546813e-02
rrb = 1.142531e-02
vgdrv = 1.975191e+00
Reset re-loads circuit * error-amp-offset-mc monte carlo deck -- generated by sim/error-amp-offset-mc/run_amp_offset_mc.py, do not edit

Circuit: * error-amp-offset-mc monte carlo deck -- generated by sim/error-amp-offset-mc/run_amp_offset_mc.py, do not edit

option SCALE: Scale is set to 1e-06 for instance and model parameters
option SCALE: Scale is set to 1e-06 for instance and model parameters
option SCALE: Scale is set to 1e-06 for instance and model parameters
option SCALE: Scale is set to 1e-06 for instance and model parameters
Doing analysis at TEMP = -40.000000 and TNOM = 27.000000

Using KLU as Direct Linear Solver
 Reference value :  0.00000e+00
No. of Data Rows : 1
vos = -2.38732e-04
vout = 1.206893e+00
dvbe8 = 4.910630e-02
veb8 = 8.449644e-01
dvbe1 = 5.013959e-02
rra = 8.575224e-02
rrb = 1.147305e-02
vgdrv = 1.969760e+00
Reset re-loads circuit * error-amp-offset-mc monte carlo deck -- generated by sim/error-amp-offset-mc/run_amp_offset_mc.py, do not edit

Circuit: * error-amp-offset-mc monte carlo deck -- generated by sim/error-amp-offset-mc/run_amp_offset_mc.py, do not edit

option SCALE: Scale is set to 1e-06 for instance and model parameters
option SCALE: Scale is set to 1e-06 for instance and model parameters
option SCALE: Scale is set to 1e-06 for instance and model parameters
option SCALE: Scale is set to 1e-06 for instance and model parameters
Doing analysis at TEMP = -40.000000 and TNOM = 27.000000

Using KLU as Direct Linear Solver

No. of Data Rows : 1
vos = -1.43848e-03
vout = 1.219794e+00
dvbe8 = 4.899934e-02
veb8 = 8.447212e-01
dvbe1 = 4.974591e-02
rra = 8.576376e-02
rrb = 1.132306e-02
vgdrv = 1.971357e+00
Reset re-loads circuit * error-amp-offset-mc monte carlo deck -- generated by sim/error-amp-offset-mc/run_amp_offset_mc.py, do not edit

Circuit: * error-amp-offset-mc monte carlo deck -- generated by sim/error-amp-offset-mc/run_amp_offset_mc.py, do not edit

option SCALE: Scale is set to 1e-06 for instance and model parameters
option SCALE: Scale is set to 1e-06 for instance and model parameters
option SCALE: Scale is set to 1e-06 for instance and model parameters
option SCALE: Scale is set to 1e-06 for instance and model parameters
Doing analysis at TEMP = -40.000000 and TNOM = 27.000000

Using KLU as Direct Linear Solver

No. of Data Rows : 1
vos = -1.10001e-03
vout = 1.217228e+00
dvbe8 = 4.905938e-02
veb8 = 8.448462e-01
dvbe1 = 4.970553e-02
rra = 8.549212e-02
rrb = 1.140768e-02
vgdrv = 1.973826e+00
Reset re-loads circuit * error-amp-offset-mc monte carlo deck -- generated by sim/error-amp-offset-mc/run_amp_offset_mc.py, do not edit

Circuit: * error-amp-offset-mc monte carlo deck -- generated by sim/error-amp-offset-mc/run_amp_offset_mc.py, do not edit

option SCALE: Scale is set to 1e-06 for instance and model parameters
option SCALE: Scale is set to 1e-06 for instance and model parameters
option SCALE: Scale is set to 1e-06 for instance and model parameters
option SCALE: Scale is set to 1e-06 for instance and model parameters
Doing analysis at TEMP = -40.000000 and TNOM = 27.000000

Using KLU as Direct Linear Solver

No. of Data Rows : 1
vos = 9.584110e-06
vout = 1.207246e+00
dvbe8 = 4.911977e-02
veb8 = 8.448650e-01
dvbe1 = 4.968386e-02
rra = 8.552055e-02
rrb = 1.149314e-02
vgdrv = 1.971806e+00
Reset re-loads circuit * error-amp-offset-mc monte carlo deck -- generated by sim/error-amp-offset-mc/run_amp_offset_mc.py, do not edit

Circuit: * error-amp-offset-mc monte carlo deck -- generated by sim/error-amp-offset-mc/run_amp_offset_mc.py, do not edit

option SCALE: Scale is set to 1e-06 for instance and model parameters
option SCALE: Scale is set to 1e-06 for instance and model parameters
option SCALE: Scale is set to 1e-06 for instance and model parameters
option SCALE: Scale is set to 1e-06 for instance and model parameters
Doing analysis at TEMP = -40.000000 and TNOM = 27.000000

Using KLU as Direct Linear Solver

No. of Data Rows : 1
vos = 4.701710e-04
vout = 1.203214e+00
dvbe8 = 4.901143e-02
veb8 = 8.447897e-01
dvbe1 = 4.903254e-02
rra = 8.565743e-02
rrb = 1.137454e-02
vgdrv = 1.969972e+00
Reset re-loads circuit * error-amp-offset-mc monte carlo deck -- generated by sim/error-amp-offset-mc/run_amp_offset_mc.py, do not edit

Circuit: * error-amp-offset-mc monte carlo deck -- generated by sim/error-amp-offset-mc/run_amp_offset_mc.py, do not edit

option SCALE: Scale is set to 1e-06 for instance and model parameters
option SCALE: Scale is set to 1e-06 for instance and model parameters
option SCALE: Scale is set to 1e-06 for instance and model parameters
option SCALE: Scale is set to 1e-06 for instance and model parameters
Doing analysis at TEMP = -40.000000 and TNOM = 27.000000

Using KLU as Direct Linear Solver

No. of Data Rows : 1
vos = 1.082636e-04
vout = 1.200868e+00
dvbe8 = 4.912489e-02
veb8 = 8.448720e-01
dvbe1 = 4.990112e-02
rra = 8.566067e-02
rrb = 1.141758e-02
vgdrv = 1.973415e+00
Reset re-loads circuit * error-amp-offset-mc monte carlo deck -- generated by sim/error-amp-offset-mc/run_amp_offset_mc.py, do not edit

Circuit: * error-amp-offset-mc monte carlo deck -- generated by sim/error-amp-offset-mc/run_amp_offset_mc.py, do not edit

option SCALE: Scale is set to 1e-06 for instance and model parameters
option SCALE: Scale is set to 1e-06 for instance and model parameters
option SCALE: Scale is set to 1e-06 for instance and model parameters
option SCALE: Scale is set to 1e-06 for instance and model parameters
Doing analysis at TEMP = -40.000000 and TNOM = 27.000000

Using KLU as Direct Linear Solver
 Reference value :  0.00000e+00
No. of Data Rows : 1
vos = -2.03645e-04
vout = 1.208482e+00
dvbe8 = 4.894120e-02
veb8 = 8.447431e-01
dvbe1 = 4.972434e-02
rra = 8.565795e-02
rrb = 1.140322e-02
vgdrv = 1.968881e+00
Reset re-loads circuit * error-amp-offset-mc monte carlo deck -- generated by sim/error-amp-offset-mc/run_amp_offset_mc.py, do not edit

Circuit: * error-amp-offset-mc monte carlo deck -- generated by sim/error-amp-offset-mc/run_amp_offset_mc.py, do not edit

option SCALE: Scale is set to 1e-06 for instance and model parameters
option SCALE: Scale is set to 1e-06 for instance and model parameters
option SCALE: Scale is set to 1e-06 for instance and model parameters
option SCALE: Scale is set to 1e-06 for instance and model parameters
Doing analysis at TEMP = -40.000000 and TNOM = 27.000000

Using KLU as Direct Linear Solver

No. of Data Rows : 1
vos = 6.465102e-04
vout = 1.201465e+00
dvbe8 = 4.908034e-02
veb8 = 8.448333e-01
dvbe1 = 4.958558e-02
rra = 8.568662e-02
rrb = 1.140825e-02
vgdrv = 1.980072e+00
Reset re-loads circuit * error-amp-offset-mc monte carlo deck -- generated by sim/error-amp-offset-mc/run_amp_offset_mc.py, do not edit

Circuit: * error-amp-offset-mc monte carlo deck -- generated by sim/error-amp-offset-mc/run_amp_offset_mc.py, do not edit

option SCALE: Scale is set to 1e-06 for instance and model parameters
option SCALE: Scale is set to 1e-06 for instance and model parameters
option SCALE: Scale is set to 1e-06 for instance and model parameters
option SCALE: Scale is set to 1e-06 for instance and model parameters
Doing analysis at TEMP = -40.000000 and TNOM = 27.000000

Using KLU as Direct Linear Solver

No. of Data Rows : 1
vos = -1.62446e-04
vout = 1.210822e+00
dvbe8 = 4.905207e-02
veb8 = 8.448001e-01
dvbe1 = 4.960684e-02
rra = 8.555491e-02
rrb = 1.145277e-02
vgdrv = 1.969225e+00
Reset re-loads circuit * error-amp-offset-mc monte carlo deck -- generated by sim/error-amp-offset-mc/run_amp_offset_mc.py, do not edit

Circuit: * error-amp-offset-mc monte carlo deck -- generated by sim/error-amp-offset-mc/run_amp_offset_mc.py, do not edit

option SCALE: Scale is set to 1e-06 for instance and model parameters
option SCALE: Scale is set to 1e-06 for instance and model parameters
option SCALE: Scale is set to 1e-06 for instance and model parameters
option SCALE: Scale is set to 1e-06 for instance and model parameters
Doing analysis at TEMP = -40.000000 and TNOM = 27.000000

Using KLU as Direct Linear Solver

No. of Data Rows : 1
vos = -6.87814e-04
vout = 1.212788e+00
dvbe8 = 4.907251e-02
veb8 = 8.448331e-01
dvbe1 = 4.881598e-02
rra = 8.539189e-02
rrb = 1.145422e-02
vgdrv = 1.968983e+00
Reset re-loads circuit * error-amp-offset-mc monte carlo deck -- generated by sim/error-amp-offset-mc/run_amp_offset_mc.py, do not edit

Circuit: * error-amp-offset-mc monte carlo deck -- generated by sim/error-amp-offset-mc/run_amp_offset_mc.py, do not edit

option SCALE: Scale is set to 1e-06 for instance and model parameters
option SCALE: Scale is set to 1e-06 for instance and model parameters
option SCALE: Scale is set to 1e-06 for instance and model parameters
option SCALE: Scale is set to 1e-06 for instance and model parameters
Doing analysis at TEMP = -40.000000 and TNOM = 27.000000

Using KLU as Direct Linear Solver

No. of Data Rows : 1
vos = -3.88892e-04
vout = 1.212388e+00
dvbe8 = 4.892754e-02
veb8 = 8.446874e-01
dvbe1 = 5.005061e-02
rra = 8.560637e-02
rrb = 1.139629e-02
vgdrv = 1.973932e+00
Reset re-loads circuit * error-amp-offset-mc monte carlo deck -- generated by sim/error-amp-offset-mc/run_amp_offset_mc.py, do not edit

Circuit: * error-amp-offset-mc monte carlo deck -- generated by sim/error-amp-offset-mc/run_amp_offset_mc.py, do not edit

option SCALE: Scale is set to 1e-06 for instance and model parameters
option SCALE: Scale is set to 1e-06 for instance and model parameters
option SCALE: Scale is set to 1e-06 for instance and model parameters
option SCALE: Scale is set to 1e-06 for instance and model parameters
Doing analysis at TEMP = -40.000000 and TNOM = 27.000000

Using KLU as Direct Linear Solver

No. of Data Rows : 1
vos = 1.795057e-04
vout = 1.206824e+00
dvbe8 = 4.913122e-02
veb8 = 8.449013e-01
dvbe1 = 4.964749e-02
rra = 8.549260e-02
rrb = 1.150955e-02
vgdrv = 1.971420e+00
Reset re-loads circuit * error-amp-offset-mc monte carlo deck -- generated by sim/error-amp-offset-mc/run_amp_offset_mc.py, do not edit

Circuit: * error-amp-offset-mc monte carlo deck -- generated by sim/error-amp-offset-mc/run_amp_offset_mc.py, do not edit

option SCALE: Scale is set to 1e-06 for instance and model parameters
option SCALE: Scale is set to 1e-06 for instance and model parameters
option SCALE: Scale is set to 1e-06 for instance and model parameters
option SCALE: Scale is set to 1e-06 for instance and model parameters
Doing analysis at TEMP = -40.000000 and TNOM = 27.000000

Using KLU as Direct Linear Solver
 Reference value :  0.00000e+00
No. of Data Rows : 1
vos = -9.25455e-04
vout = 1.215004e+00
dvbe8 = 4.905653e-02
veb8 = 8.448701e-01
dvbe1 = 5.016589e-02
rra = 8.572062e-02
rrb = 1.142289e-02
vgdrv = 1.971303e+00
Reset re-loads circuit * error-amp-offset-mc monte carlo deck -- generated by sim/error-amp-offset-mc/run_amp_offset_mc.py, do not edit

Circuit: * error-amp-offset-mc monte carlo deck -- generated by sim/error-amp-offset-mc/run_amp_offset_mc.py, do not edit

option SCALE: Scale is set to 1e-06 for instance and model parameters
option SCALE: Scale is set to 1e-06 for instance and model parameters
option SCALE: Scale is set to 1e-06 for instance and model parameters
option SCALE: Scale is set to 1e-06 for instance and model parameters
Doing analysis at TEMP = -40.000000 and TNOM = 27.000000

Using KLU as Direct Linear Solver

No. of Data Rows : 1
vos = 1.835150e-04
vout = 1.203561e+00
dvbe8 = 4.907263e-02
veb8 = 8.448429e-01
dvbe1 = 4.991116e-02
rra = 8.563456e-02
rrb = 1.141617e-02
vgdrv = 1.970212e+00
Reset re-loads circuit * error-amp-offset-mc monte carlo deck -- generated by sim/error-amp-offset-mc/run_amp_offset_mc.py, do not edit

Circuit: * error-amp-offset-mc monte carlo deck -- generated by sim/error-amp-offset-mc/run_amp_offset_mc.py, do not edit

option SCALE: Scale is set to 1e-06 for instance and model parameters
option SCALE: Scale is set to 1e-06 for instance and model parameters
option SCALE: Scale is set to 1e-06 for instance and model parameters
option SCALE: Scale is set to 1e-06 for instance and model parameters
Doing analysis at TEMP = -40.000000 and TNOM = 27.000000

Using KLU as Direct Linear Solver

No. of Data Rows : 1
vos = -8.19336e-04
vout = 1.212751e+00
dvbe8 = 4.902065e-02
veb8 = 8.448193e-01
dvbe1 = 4.994808e-02
rra = 8.553448e-02
rrb = 1.148746e-02
vgdrv = 1.970466e+00
Reset re-loads circuit * error-amp-offset-mc monte carlo deck -- generated by sim/error-amp-offset-mc/run_amp_offset_mc.py, do not edit

Circuit: * error-amp-offset-mc monte carlo deck -- generated by sim/error-amp-offset-mc/run_amp_offset_mc.py, do not edit

option SCALE: Scale is set to 1e-06 for instance and model parameters
option SCALE: Scale is set to 1e-06 for instance and model parameters
option SCALE: Scale is set to 1e-06 for instance and model parameters
option SCALE: Scale is set to 1e-06 for instance and model parameters
Doing analysis at TEMP = -40.000000 and TNOM = 27.000000

Using KLU as Direct Linear Solver

No. of Data Rows : 1
vos = -1.85869e-04
vout = 1.206983e+00
dvbe8 = 4.923850e-02
veb8 = 8.449568e-01
dvbe1 = 4.927772e-02
rra = 8.575642e-02
rrb = 1.140108e-02
vgdrv = 1.973044e+00
Reset re-loads circuit * error-amp-offset-mc monte carlo deck -- generated by sim/error-amp-offset-mc/run_amp_offset_mc.py, do not edit

Circuit: * error-amp-offset-mc monte carlo deck -- generated by sim/error-amp-offset-mc/run_amp_offset_mc.py, do not edit

option SCALE: Scale is set to 1e-06 for instance and model parameters
option SCALE: Scale is set to 1e-06 for instance and model parameters
option SCALE: Scale is set to 1e-06 for instance and model parameters
option SCALE: Scale is set to 1e-06 for instance and model parameters
Doing analysis at TEMP = -40.000000 and TNOM = 27.000000

Using KLU as Direct Linear Solver

No. of Data Rows : 1
vos = -2.35243e-04
vout = 1.207534e+00
dvbe8 = 4.899232e-02
veb8 = 8.447850e-01
dvbe1 = 4.910326e-02
rra = 8.549230e-02
rrb = 1.155026e-02
vgdrv = 1.968374e+00
Reset re-loads circuit * error-amp-offset-mc monte carlo deck -- generated by sim/error-amp-offset-mc/run_amp_offset_mc.py, do not edit

Circuit: * error-amp-offset-mc monte carlo deck -- generated by sim/error-amp-offset-mc/run_amp_offset_mc.py, do not edit

option SCALE: Scale is set to 1e-06 for instance and model parameters
option SCALE: Scale is set to 1e-06 for instance and model parameters
option SCALE: Scale is set to 1e-06 for instance and model parameters
option SCALE: Scale is set to 1e-06 for instance and model parameters
Doing analysis at TEMP = -40.000000 and TNOM = 27.000000

Using KLU as Direct Linear Solver

No. of Data Rows : 1
vos = -1.12472e-04
vout = 1.203009e+00
dvbe8 = 4.919005e-02
veb8 = 8.449314e-01
dvbe1 = 4.969237e-02
rra = 8.569021e-02
rrb = 1.141608e-02
vgdrv = 1.970904e+00
Reset re-loads circuit * error-amp-offset-mc monte carlo deck -- generated by sim/error-amp-offset-mc/run_amp_offset_mc.py, do not edit

Circuit: * error-amp-offset-mc monte carlo deck -- generated by sim/error-amp-offset-mc/run_amp_offset_mc.py, do not edit

option SCALE: Scale is set to 1e-06 for instance and model parameters
option SCALE: Scale is set to 1e-06 for instance and model parameters
option SCALE: Scale is set to 1e-06 for instance and model parameters
option SCALE: Scale is set to 1e-06 for instance and model parameters
Doing analysis at TEMP = -40.000000 and TNOM = 27.000000

Using KLU as Direct Linear Solver
 Reference value :  0.00000e+00
No. of Data Rows : 1
vos = -9.70776e-04
vout = 1.214433e+00
dvbe8 = 4.905929e-02
veb8 = 8.448441e-01
dvbe1 = 4.983021e-02
rra = 8.558919e-02
rrb = 1.139379e-02
vgdrv = 1.969362e+00
Reset re-loads circuit * error-amp-offset-mc monte carlo deck -- generated by sim/error-amp-offset-mc/run_amp_offset_mc.py, do not edit

Circuit: * error-amp-offset-mc monte carlo deck -- generated by sim/error-amp-offset-mc/run_amp_offset_mc.py, do not edit

option SCALE: Scale is set to 1e-06 for instance and model parameters
option SCALE: Scale is set to 1e-06 for instance and model parameters
option SCALE: Scale is set to 1e-06 for instance and model parameters
option SCALE: Scale is set to 1e-06 for instance and model parameters
Doing analysis at TEMP = -40.000000 and TNOM = 27.000000

Using KLU as Direct Linear Solver

No. of Data Rows : 1
vos = 5.149527e-04
vout = 1.197880e+00
dvbe8 = 4.893779e-02
veb8 = 8.446883e-01
dvbe1 = 4.968156e-02
rra = 8.550385e-02
rrb = 1.142246e-02
vgdrv = 1.979170e+00
Reset re-loads circuit * error-amp-offset-mc monte carlo deck -- generated by sim/error-amp-offset-mc/run_amp_offset_mc.py, do not edit

Circuit: * error-amp-offset-mc monte carlo deck -- generated by sim/error-amp-offset-mc/run_amp_offset_mc.py, do not edit

option SCALE: Scale is set to 1e-06 for instance and model parameters
option SCALE: Scale is set to 1e-06 for instance and model parameters
option SCALE: Scale is set to 1e-06 for instance and model parameters
option SCALE: Scale is set to 1e-06 for instance and model parameters
Doing analysis at TEMP = -40.000000 and TNOM = 27.000000

Using KLU as Direct Linear Solver

No. of Data Rows : 1
vos = -3.89472e-04
vout = 1.212295e+00
dvbe8 = 4.902647e-02
veb8 = 8.448123e-01
dvbe1 = 4.930747e-02
rra = 8.555293e-02
rrb = 1.139305e-02
vgdrv = 1.967628e+00
Reset re-loads circuit * error-amp-offset-mc monte carlo deck -- generated by sim/error-amp-offset-mc/run_amp_offset_mc.py, do not edit

Circuit: * error-amp-offset-mc monte carlo deck -- generated by sim/error-amp-offset-mc/run_amp_offset_mc.py, do not edit

option SCALE: Scale is set to 1e-06 for instance and model parameters
option SCALE: Scale is set to 1e-06 for instance and model parameters
option SCALE: Scale is set to 1e-06 for instance and model parameters
option SCALE: Scale is set to 1e-06 for instance and model parameters
Doing analysis at TEMP = -40.000000 and TNOM = 27.000000

Using KLU as Direct Linear Solver

No. of Data Rows : 1
vos = 7.204982e-04
vout = 1.199985e+00
dvbe8 = 4.906902e-02
veb8 = 8.447948e-01
dvbe1 = 4.951502e-02
rra = 8.571630e-02
rrb = 1.139557e-02
vgdrv = 1.974373e+00
Reset re-loads circuit * error-amp-offset-mc monte carlo deck -- generated by sim/error-amp-offset-mc/run_amp_offset_mc.py, do not edit

Circuit: * error-amp-offset-mc monte carlo deck -- generated by sim/error-amp-offset-mc/run_amp_offset_mc.py, do not edit

option SCALE: Scale is set to 1e-06 for instance and model parameters
option SCALE: Scale is set to 1e-06 for instance and model parameters
option SCALE: Scale is set to 1e-06 for instance and model parameters
option SCALE: Scale is set to 1e-06 for instance and model parameters
Doing analysis at TEMP = -40.000000 and TNOM = 27.000000

Using KLU as Direct Linear Solver

No. of Data Rows : 1
vos = 1.280724e-04
vout = 1.203276e+00
dvbe8 = 4.906434e-02
veb8 = 8.448020e-01
dvbe1 = 4.942499e-02
rra = 8.561160e-02
rrb = 1.147890e-02
vgdrv = 1.975963e+00
Reset re-loads circuit * error-amp-offset-mc monte carlo deck -- generated by sim/error-amp-offset-mc/run_amp_offset_mc.py, do not edit

Circuit: * error-amp-offset-mc monte carlo deck -- generated by sim/error-amp-offset-mc/run_amp_offset_mc.py, do not edit

option SCALE: Scale is set to 1e-06 for instance and model parameters
option SCALE: Scale is set to 1e-06 for instance and model parameters
option SCALE: Scale is set to 1e-06 for instance and model parameters
option SCALE: Scale is set to 1e-06 for instance and model parameters
Doing analysis at TEMP = -40.000000 and TNOM = 27.000000

Using KLU as Direct Linear Solver

No. of Data Rows : 1
vos = 2.612371e-04
vout = 1.203919e+00
dvbe8 = 4.890204e-02
veb8 = 8.446723e-01
dvbe1 = 4.990148e-02
rra = 8.557639e-02
rrb = 1.143556e-02
vgdrv = 1.975222e+00
Reset re-loads circuit * error-amp-offset-mc monte carlo deck -- generated by sim/error-amp-offset-mc/run_amp_offset_mc.py, do not edit

Circuit: * error-amp-offset-mc monte carlo deck -- generated by sim/error-amp-offset-mc/run_amp_offset_mc.py, do not edit

option SCALE: Scale is set to 1e-06 for instance and model parameters
option SCALE: Scale is set to 1e-06 for instance and model parameters
option SCALE: Scale is set to 1e-06 for instance and model parameters
option SCALE: Scale is set to 1e-06 for instance and model parameters
Doing analysis at TEMP = -40.000000 and TNOM = 27.000000

Using KLU as Direct Linear Solver
 Reference value :  0.00000e+00
No. of Data Rows : 1
vos = 5.887737e-05
vout = 1.203890e+00
dvbe8 = 4.909123e-02
veb8 = 8.448547e-01
dvbe1 = 4.905863e-02
rra = 8.545265e-02
rrb = 1.142060e-02
vgdrv = 1.973968e+00
Reset re-loads circuit * error-amp-offset-mc monte carlo deck -- generated by sim/error-amp-offset-mc/run_amp_offset_mc.py, do not edit

Circuit: * error-amp-offset-mc monte carlo deck -- generated by sim/error-amp-offset-mc/run_amp_offset_mc.py, do not edit

option SCALE: Scale is set to 1e-06 for instance and model parameters
option SCALE: Scale is set to 1e-06 for instance and model parameters
option SCALE: Scale is set to 1e-06 for instance and model parameters
option SCALE: Scale is set to 1e-06 for instance and model parameters
Doing analysis at TEMP = -40.000000 and TNOM = 27.000000

Using KLU as Direct Linear Solver

No. of Data Rows : 1
vos = -1.55929e-04
vout = 1.208439e+00
dvbe8 = 4.896725e-02
veb8 = 8.447788e-01
dvbe1 = 5.031814e-02
rra = 8.545941e-02
rrb = 1.138734e-02
vgdrv = 1.970943e+00
Reset re-loads circuit * error-amp-offset-mc monte carlo deck -- generated by sim/error-amp-offset-mc/run_amp_offset_mc.py, do not edit

Circuit: * error-amp-offset-mc monte carlo deck -- generated by sim/error-amp-offset-mc/run_amp_offset_mc.py, do not edit

option SCALE: Scale is set to 1e-06 for instance and model parameters
option SCALE: Scale is set to 1e-06 for instance and model parameters
option SCALE: Scale is set to 1e-06 for instance and model parameters
option SCALE: Scale is set to 1e-06 for instance and model parameters
Doing analysis at TEMP = -40.000000 and TNOM = 27.000000

Using KLU as Direct Linear Solver

No. of Data Rows : 1
vos = 5.159480e-04
vout = 1.199606e+00
dvbe8 = 4.917660e-02
veb8 = 8.449556e-01
dvbe1 = 4.958137e-02
rra = 8.577273e-02
rrb = 1.141923e-02
vgdrv = 1.979516e+00
Reset re-loads circuit * error-amp-offset-mc monte carlo deck -- generated by sim/error-amp-offset-mc/run_amp_offset_mc.py, do not edit

Circuit: * error-amp-offset-mc monte carlo deck -- generated by sim/error-amp-offset-mc/run_amp_offset_mc.py, do not edit

option SCALE: Scale is set to 1e-06 for instance and model parameters
option SCALE: Scale is set to 1e-06 for instance and model parameters
option SCALE: Scale is set to 1e-06 for instance and model parameters
option SCALE: Scale is set to 1e-06 for instance and model parameters
Doing analysis at TEMP = -40.000000 and TNOM = 27.000000

Using KLU as Direct Linear Solver

No. of Data Rows : 1
vos = -6.20444e-05
vout = 1.209656e+00
dvbe8 = 4.913875e-02
veb8 = 8.449076e-01
dvbe1 = 4.894414e-02
rra = 8.566025e-02
rrb = 1.149556e-02
vgdrv = 1.968579e+00
Reset re-loads circuit * error-amp-offset-mc monte carlo deck -- generated by sim/error-amp-offset-mc/run_amp_offset_mc.py, do not edit

Circuit: * error-amp-offset-mc monte carlo deck -- generated by sim/error-amp-offset-mc/run_amp_offset_mc.py, do not edit

option SCALE: Scale is set to 1e-06 for instance and model parameters
option SCALE: Scale is set to 1e-06 for instance and model parameters
option SCALE: Scale is set to 1e-06 for instance and model parameters
option SCALE: Scale is set to 1e-06 for instance and model parameters
Doing analysis at TEMP = -40.000000 and TNOM = 27.000000

Using KLU as Direct Linear Solver

No. of Data Rows : 1
vos = -3.14828e-04
vout = 1.208299e+00
dvbe8 = 4.915807e-02
veb8 = 8.449393e-01
dvbe1 = 4.912657e-02
rra = 8.557550e-02
rrb = 1.142241e-02
vgdrv = 1.970856e+00
Reset re-loads circuit * error-amp-offset-mc monte carlo deck -- generated by sim/error-amp-offset-mc/run_amp_offset_mc.py, do not edit

Circuit: * error-amp-offset-mc monte carlo deck -- generated by sim/error-amp-offset-mc/run_amp_offset_mc.py, do not edit

option SCALE: Scale is set to 1e-06 for instance and model parameters
option SCALE: Scale is set to 1e-06 for instance and model parameters
option SCALE: Scale is set to 1e-06 for instance and model parameters
option SCALE: Scale is set to 1e-06 for instance and model parameters
Doing analysis at TEMP = -40.000000 and TNOM = 27.000000

Using KLU as Direct Linear Solver

No. of Data Rows : 1
vos = 1.632509e-04
vout = 1.204190e+00
dvbe8 = 4.905643e-02
veb8 = 8.447683e-01
dvbe1 = 5.017179e-02
rra = 8.555266e-02
rrb = 1.136409e-02
vgdrv = 1.971931e+00
Reset re-loads circuit * error-amp-offset-mc monte carlo deck -- generated by sim/error-amp-offset-mc/run_amp_offset_mc.py, do not edit

Circuit: * error-amp-offset-mc monte carlo deck -- generated by sim/error-amp-offset-mc/run_amp_offset_mc.py, do not edit

option SCALE: Scale is set to 1e-06 for instance and model parameters
option SCALE: Scale is set to 1e-06 for instance and model parameters
option SCALE: Scale is set to 1e-06 for instance and model parameters
option SCALE: Scale is set to 1e-06 for instance and model parameters
Doing analysis at TEMP = -40.000000 and TNOM = 27.000000

Using KLU as Direct Linear Solver
 Reference value :  0.00000e+00
No. of Data Rows : 1
vos = 2.465155e-04
vout = 1.202991e+00
dvbe8 = 4.916684e-02
veb8 = 8.449084e-01
dvbe1 = 4.987166e-02
rra = 8.540281e-02
rrb = 1.147701e-02
vgdrv = 1.975946e+00
Reset re-loads circuit * error-amp-offset-mc monte carlo deck -- generated by sim/error-amp-offset-mc/run_amp_offset_mc.py, do not edit

Circuit: * error-amp-offset-mc monte carlo deck -- generated by sim/error-amp-offset-mc/run_amp_offset_mc.py, do not edit

option SCALE: Scale is set to 1e-06 for instance and model parameters
option SCALE: Scale is set to 1e-06 for instance and model parameters
option SCALE: Scale is set to 1e-06 for instance and model parameters
option SCALE: Scale is set to 1e-06 for instance and model parameters
Doing analysis at TEMP = -40.000000 and TNOM = 27.000000

Using KLU as Direct Linear Solver

No. of Data Rows : 1
vos = 7.286737e-05
vout = 1.201872e+00
dvbe8 = 4.899998e-02
veb8 = 8.448045e-01
dvbe1 = 4.972442e-02
rra = 8.545877e-02
rrb = 1.139395e-02
vgdrv = 1.975093e+00
Reset re-loads circuit * error-amp-offset-mc monte carlo deck -- generated by sim/error-amp-offset-mc/run_amp_offset_mc.py, do not edit

Circuit: * error-amp-offset-mc monte carlo deck -- generated by sim/error-amp-offset-mc/run_amp_offset_mc.py, do not edit

option SCALE: Scale is set to 1e-06 for instance and model parameters
option SCALE: Scale is set to 1e-06 for instance and model parameters
option SCALE: Scale is set to 1e-06 for instance and model parameters
option SCALE: Scale is set to 1e-06 for instance and model parameters
Doing analysis at TEMP = -40.000000 and TNOM = 27.000000

Using KLU as Direct Linear Solver

No. of Data Rows : 1
vos = 7.514997e-05
vout = 1.207855e+00
dvbe8 = 4.914234e-02
veb8 = 8.449194e-01
dvbe1 = 4.955561e-02
rra = 8.536905e-02
rrb = 1.149515e-02
vgdrv = 1.975736e+00
Reset re-loads circuit * error-amp-offset-mc monte carlo deck -- generated by sim/error-amp-offset-mc/run_amp_offset_mc.py, do not edit

Circuit: * error-amp-offset-mc monte carlo deck -- generated by sim/error-amp-offset-mc/run_amp_offset_mc.py, do not edit

option SCALE: Scale is set to 1e-06 for instance and model parameters
option SCALE: Scale is set to 1e-06 for instance and model parameters
option SCALE: Scale is set to 1e-06 for instance and model parameters
option SCALE: Scale is set to 1e-06 for instance and model parameters
Doing analysis at TEMP = -40.000000 and TNOM = 27.000000

Using KLU as Direct Linear Solver

No. of Data Rows : 1
vos = -1.37605e-03
vout = 1.222259e+00
dvbe8 = 4.913549e-02
veb8 = 8.449044e-01
dvbe1 = 4.961904e-02
rra = 8.557058e-02
rrb = 1.148499e-02
vgdrv = 1.967887e+00
Reset re-loads circuit * error-amp-offset-mc monte carlo deck -- generated by sim/error-amp-offset-mc/run_amp_offset_mc.py, do not edit

Circuit: * error-amp-offset-mc monte carlo deck -- generated by sim/error-amp-offset-mc/run_amp_offset_mc.py, do not edit

option SCALE: Scale is set to 1e-06 for instance and model parameters
option SCALE: Scale is set to 1e-06 for instance and model parameters
option SCALE: Scale is set to 1e-06 for instance and model parameters
option SCALE: Scale is set to 1e-06 for instance and model parameters
Doing analysis at TEMP = -40.000000 and TNOM = 27.000000

Using KLU as Direct Linear Solver

No. of Data Rows : 1
vos = 3.876681e-04
vout = 1.202009e+00
dvbe8 = 4.911642e-02
veb8 = 8.448565e-01
dvbe1 = 4.950667e-02
rra = 8.563969e-02
rrb = 1.140451e-02
vgdrv = 1.974818e+00
Reset re-loads circuit * error-amp-offset-mc monte carlo deck -- generated by sim/error-amp-offset-mc/run_amp_offset_mc.py, do not edit

Circuit: * error-amp-offset-mc monte carlo deck -- generated by sim/error-amp-offset-mc/run_amp_offset_mc.py, do not edit

option SCALE: Scale is set to 1e-06 for instance and model parameters
option SCALE: Scale is set to 1e-06 for instance and model parameters
option SCALE: Scale is set to 1e-06 for instance and model parameters
option SCALE: Scale is set to 1e-06 for instance and model parameters
Doing analysis at TEMP = -40.000000 and TNOM = 27.000000

Using KLU as Direct Linear Solver

No. of Data Rows : 1
vos = 2.541227e-04
vout = 1.207011e+00
dvbe8 = 4.873786e-02
veb8 = 8.444873e-01
dvbe1 = 4.875906e-02
rra = 8.543623e-02
rrb = 1.150602e-02
vgdrv = 1.971037e+00
Reset re-loads circuit * error-amp-offset-mc monte carlo deck -- generated by sim/error-amp-offset-mc/run_amp_offset_mc.py, do not edit

Circuit: * error-amp-offset-mc monte carlo deck -- generated by sim/error-amp-offset-mc/run_amp_offset_mc.py, do not edit

option SCALE: Scale is set to 1e-06 for instance and model parameters
option SCALE: Scale is set to 1e-06 for instance and model parameters
option SCALE: Scale is set to 1e-06 for instance and model parameters
option SCALE: Scale is set to 1e-06 for instance and model parameters
Doing analysis at TEMP = -40.000000 and TNOM = 27.000000

Using KLU as Direct Linear Solver
 Reference value :  0.00000e+00
No. of Data Rows : 1
vos = 1.280991e-04
vout = 1.204160e+00
dvbe8 = 4.904525e-02
veb8 = 8.447697e-01
dvbe1 = 4.969913e-02
rra = 8.553628e-02
rrb = 1.140596e-02
vgdrv = 1.969931e+00
Reset re-loads circuit * error-amp-offset-mc monte carlo deck -- generated by sim/error-amp-offset-mc/run_amp_offset_mc.py, do not edit

Circuit: * error-amp-offset-mc monte carlo deck -- generated by sim/error-amp-offset-mc/run_amp_offset_mc.py, do not edit

option SCALE: Scale is set to 1e-06 for instance and model parameters
option SCALE: Scale is set to 1e-06 for instance and model parameters
option SCALE: Scale is set to 1e-06 for instance and model parameters
option SCALE: Scale is set to 1e-06 for instance and model parameters
Doing analysis at TEMP = -40.000000 and TNOM = 27.000000

Using KLU as Direct Linear Solver

No. of Data Rows : 1
vos = -4.82649e-04
vout = 1.210055e+00
dvbe8 = 4.890606e-02
veb8 = 8.446748e-01
dvbe1 = 4.944539e-02
rra = 8.569522e-02
rrb = 1.140959e-02
vgdrv = 1.971368e+00
Reset re-loads circuit * error-amp-offset-mc monte carlo deck -- generated by sim/error-amp-offset-mc/run_amp_offset_mc.py, do not edit

Circuit: * error-amp-offset-mc monte carlo deck -- generated by sim/error-amp-offset-mc/run_amp_offset_mc.py, do not edit

option SCALE: Scale is set to 1e-06 for instance and model parameters
option SCALE: Scale is set to 1e-06 for instance and model parameters
option SCALE: Scale is set to 1e-06 for instance and model parameters
option SCALE: Scale is set to 1e-06 for instance and model parameters
Doing analysis at TEMP = -40.000000 and TNOM = 27.000000

Using KLU as Direct Linear Solver

No. of Data Rows : 1
vos = -1.37130e-04
vout = 1.205957e+00
dvbe8 = 4.893954e-02
veb8 = 8.446591e-01
dvbe1 = 4.937880e-02
rra = 8.573401e-02
rrb = 1.141002e-02
vgdrv = 1.972211e+00
Reset re-loads circuit * error-amp-offset-mc monte carlo deck -- generated by sim/error-amp-offset-mc/run_amp_offset_mc.py, do not edit

Circuit: * error-amp-offset-mc monte carlo deck -- generated by sim/error-amp-offset-mc/run_amp_offset_mc.py, do not edit

option SCALE: Scale is set to 1e-06 for instance and model parameters
option SCALE: Scale is set to 1e-06 for instance and model parameters
option SCALE: Scale is set to 1e-06 for instance and model parameters
option SCALE: Scale is set to 1e-06 for instance and model parameters
Doing analysis at TEMP = -40.000000 and TNOM = 27.000000

Using KLU as Direct Linear Solver

No. of Data Rows : 1
vos = -2.68806e-04
vout = 1.205808e+00
dvbe8 = 4.916313e-02
veb8 = 8.448876e-01
dvbe1 = 4.994680e-02
rra = 8.557614e-02
rrb = 1.141216e-02
vgdrv = 1.974151e+00
Reset re-loads circuit * error-amp-offset-mc monte carlo deck -- generated by sim/error-amp-offset-mc/run_amp_offset_mc.py, do not edit

Circuit: * error-amp-offset-mc monte carlo deck -- generated by sim/error-amp-offset-mc/run_amp_offset_mc.py, do not edit

option SCALE: Scale is set to 1e-06 for instance and model parameters
option SCALE: Scale is set to 1e-06 for instance and model parameters
option SCALE: Scale is set to 1e-06 for instance and model parameters
option SCALE: Scale is set to 1e-06 for instance and model parameters
Doing analysis at TEMP = -40.000000 and TNOM = 27.000000

Using KLU as Direct Linear Solver

No. of Data Rows : 1
vos = -4.06218e-04
vout = 1.206597e+00
dvbe8 = 4.919630e-02
veb8 = 8.449780e-01
dvbe1 = 4.904685e-02
rra = 8.552286e-02
rrb = 1.136223e-02
vgdrv = 1.968142e+00
Reset re-loads circuit * error-amp-offset-mc monte carlo deck -- generated by sim/error-amp-offset-mc/run_amp_offset_mc.py, do not edit

Circuit: * error-amp-offset-mc monte carlo deck -- generated by sim/error-amp-offset-mc/run_amp_offset_mc.py, do not edit

option SCALE: Scale is set to 1e-06 for instance and model parameters
option SCALE: Scale is set to 1e-06 for instance and model parameters
option SCALE: Scale is set to 1e-06 for instance and model parameters
option SCALE: Scale is set to 1e-06 for instance and model parameters
Doing analysis at TEMP = -40.000000 and TNOM = 27.000000

Using KLU as Direct Linear Solver

No. of Data Rows : 1
vos = -6.90656e-05
vout = 1.206892e+00
dvbe8 = 4.879829e-02
veb8 = 8.445613e-01
dvbe1 = 4.992428e-02
rra = 8.546251e-02
rrb = 1.145042e-02
vgdrv = 1.971584e+00
Reset re-loads circuit * error-amp-offset-mc monte carlo deck -- generated by sim/error-amp-offset-mc/run_amp_offset_mc.py, do not edit

Circuit: * error-amp-offset-mc monte carlo deck -- generated by sim/error-amp-offset-mc/run_amp_offset_mc.py, do not edit

option SCALE: Scale is set to 1e-06 for instance and model parameters
option SCALE: Scale is set to 1e-06 for instance and model parameters
option SCALE: Scale is set to 1e-06 for instance and model parameters
option SCALE: Scale is set to 1e-06 for instance and model parameters
Doing analysis at TEMP = -40.000000 and TNOM = 27.000000

Using KLU as Direct Linear Solver
 Reference value :  0.00000e+00
No. of Data Rows : 1
vos = 6.220907e-04
vout = 1.205140e+00
dvbe8 = 4.891093e-02
veb8 = 8.446107e-01
dvbe1 = 4.912466e-02
rra = 8.546641e-02
rrb = 1.145798e-02
vgdrv = 1.971673e+00
Reset re-loads circuit * error-amp-offset-mc monte carlo deck -- generated by sim/error-amp-offset-mc/run_amp_offset_mc.py, do not edit

Circuit: * error-amp-offset-mc monte carlo deck -- generated by sim/error-amp-offset-mc/run_amp_offset_mc.py, do not edit

option SCALE: Scale is set to 1e-06 for instance and model parameters
option SCALE: Scale is set to 1e-06 for instance and model parameters
option SCALE: Scale is set to 1e-06 for instance and model parameters
option SCALE: Scale is set to 1e-06 for instance and model parameters
Doing analysis at TEMP = -40.000000 and TNOM = 27.000000

Using KLU as Direct Linear Solver

No. of Data Rows : 1
vos = -1.26275e-04
vout = 1.210316e+00
dvbe8 = 4.913913e-02
veb8 = 8.448600e-01
dvbe1 = 4.912270e-02
rra = 8.544442e-02
rrb = 1.146146e-02
vgdrv = 1.972107e+00
Reset re-loads circuit * error-amp-offset-mc monte carlo deck -- generated by sim/error-amp-offset-mc/run_amp_offset_mc.py, do not edit

Circuit: * error-amp-offset-mc monte carlo deck -- generated by sim/error-amp-offset-mc/run_amp_offset_mc.py, do not edit

option SCALE: Scale is set to 1e-06 for instance and model parameters
option SCALE: Scale is set to 1e-06 for instance and model parameters
option SCALE: Scale is set to 1e-06 for instance and model parameters
option SCALE: Scale is set to 1e-06 for instance and model parameters
Doing analysis at TEMP = -40.000000 and TNOM = 27.000000

Using KLU as Direct Linear Solver

No. of Data Rows : 1
vos = -6.71578e-04
vout = 1.212737e+00
dvbe8 = 4.919462e-02
veb8 = 8.449333e-01
dvbe1 = 4.926404e-02
rra = 8.555786e-02
rrb = 1.148822e-02
vgdrv = 1.971329e+00
Reset re-loads circuit * error-amp-offset-mc monte carlo deck -- generated by sim/error-amp-offset-mc/run_amp_offset_mc.py, do not edit

Circuit: * error-amp-offset-mc monte carlo deck -- generated by sim/error-amp-offset-mc/run_amp_offset_mc.py, do not edit

option SCALE: Scale is set to 1e-06 for instance and model parameters
option SCALE: Scale is set to 1e-06 for instance and model parameters
option SCALE: Scale is set to 1e-06 for instance and model parameters
option SCALE: Scale is set to 1e-06 for instance and model parameters
Doing analysis at TEMP = -40.000000 and TNOM = 27.000000

Using KLU as Direct Linear Solver

No. of Data Rows : 1
vos = -1.67330e-04
vout = 1.211308e+00
dvbe8 = 4.889376e-02
veb8 = 8.446332e-01
dvbe1 = 4.942985e-02
rra = 8.556904e-02
rrb = 1.147626e-02
vgdrv = 1.971071e+00
Reset re-loads circuit * error-amp-offset-mc monte carlo deck -- generated by sim/error-amp-offset-mc/run_amp_offset_mc.py, do not edit

Circuit: * error-amp-offset-mc monte carlo deck -- generated by sim/error-amp-offset-mc/run_amp_offset_mc.py, do not edit

option SCALE: Scale is set to 1e-06 for instance and model parameters
option SCALE: Scale is set to 1e-06 for instance and model parameters
option SCALE: Scale is set to 1e-06 for instance and model parameters
option SCALE: Scale is set to 1e-06 for instance and model parameters
Doing analysis at TEMP = -40.000000 and TNOM = 27.000000

Using KLU as Direct Linear Solver

No. of Data Rows : 1
vos = -8.77601e-05
vout = 1.204911e+00
dvbe8 = 4.894170e-02
veb8 = 8.447508e-01
dvbe1 = 4.964447e-02
rra = 8.575198e-02
rrb = 1.145851e-02
vgdrv = 1.974619e+00
Reset re-loads circuit * error-amp-offset-mc monte carlo deck -- generated by sim/error-amp-offset-mc/run_amp_offset_mc.py, do not edit

Circuit: * error-amp-offset-mc monte carlo deck -- generated by sim/error-amp-offset-mc/run_amp_offset_mc.py, do not edit

option SCALE: Scale is set to 1e-06 for instance and model parameters
option SCALE: Scale is set to 1e-06 for instance and model parameters
option SCALE: Scale is set to 1e-06 for instance and model parameters
option SCALE: Scale is set to 1e-06 for instance and model parameters
Doing analysis at TEMP = -40.000000 and TNOM = 27.000000

Using KLU as Direct Linear Solver

No. of Data Rows : 1
vos = -6.63561e-04
vout = 1.211943e+00
dvbe8 = 4.920322e-02
veb8 = 8.449225e-01
dvbe1 = 4.968843e-02
rra = 8.562636e-02
rrb = 1.151228e-02
vgdrv = 1.968199e+00
Reset re-loads circuit * error-amp-offset-mc monte carlo deck -- generated by sim/error-amp-offset-mc/run_amp_offset_mc.py, do not edit

Circuit: * error-amp-offset-mc monte carlo deck -- generated by sim/error-amp-offset-mc/run_amp_offset_mc.py, do not edit

option SCALE: Scale is set to 1e-06 for instance and model parameters
option SCALE: Scale is set to 1e-06 for instance and model parameters
option SCALE: Scale is set to 1e-06 for instance and model parameters
option SCALE: Scale is set to 1e-06 for instance and model parameters
Doing analysis at TEMP = -40.000000 and TNOM = 27.000000

Using KLU as Direct Linear Solver
 Reference value :  0.00000e+00
No. of Data Rows : 1
vos = 4.995735e-05
vout = 1.208538e+00
dvbe8 = 4.905856e-02
veb8 = 8.447761e-01
dvbe1 = 4.958589e-02
rra = 8.570227e-02
rrb = 1.147643e-02
vgdrv = 1.970691e+00
Reset re-loads circuit * error-amp-offset-mc monte carlo deck -- generated by sim/error-amp-offset-mc/run_amp_offset_mc.py, do not edit

Circuit: * error-amp-offset-mc monte carlo deck -- generated by sim/error-amp-offset-mc/run_amp_offset_mc.py, do not edit

option SCALE: Scale is set to 1e-06 for instance and model parameters
option SCALE: Scale is set to 1e-06 for instance and model parameters
option SCALE: Scale is set to 1e-06 for instance and model parameters
option SCALE: Scale is set to 1e-06 for instance and model parameters
Doing analysis at TEMP = -40.000000 and TNOM = 27.000000

Using KLU as Direct Linear Solver

No. of Data Rows : 1
vos = -4.14611e-04
vout = 1.210819e+00
dvbe8 = 4.898613e-02
veb8 = 8.447293e-01
dvbe1 = 4.934416e-02
rra = 8.551945e-02
rrb = 1.143399e-02
vgdrv = 1.972059e+00
Reset re-loads circuit * error-amp-offset-mc monte carlo deck -- generated by sim/error-amp-offset-mc/run_amp_offset_mc.py, do not edit

Circuit: * error-amp-offset-mc monte carlo deck -- generated by sim/error-amp-offset-mc/run_amp_offset_mc.py, do not edit

option SCALE: Scale is set to 1e-06 for instance and model parameters
option SCALE: Scale is set to 1e-06 for instance and model parameters
option SCALE: Scale is set to 1e-06 for instance and model parameters
option SCALE: Scale is set to 1e-06 for instance and model parameters
Doing analysis at TEMP = -40.000000 and TNOM = 27.000000

Using KLU as Direct Linear Solver

No. of Data Rows : 1
vos = -1.75591e-04
vout = 1.202089e+00
dvbe8 = 4.905291e-02
veb8 = 8.447731e-01
dvbe1 = 4.980494e-02
rra = 8.544972e-02
rrb = 1.141595e-02
vgdrv = 1.970358e+00
Reset re-loads circuit * error-amp-offset-mc monte carlo deck -- generated by sim/error-amp-offset-mc/run_amp_offset_mc.py, do not edit

Circuit: * error-amp-offset-mc monte carlo deck -- generated by sim/error-amp-offset-mc/run_amp_offset_mc.py, do not edit

option SCALE: Scale is set to 1e-06 for instance and model parameters
option SCALE: Scale is set to 1e-06 for instance and model parameters
option SCALE: Scale is set to 1e-06 for instance and model parameters
option SCALE: Scale is set to 1e-06 for instance and model parameters
Doing analysis at TEMP = -40.000000 and TNOM = 27.000000

Using KLU as Direct Linear Solver

No. of Data Rows : 1
vos = 1.059387e-04
vout = 1.207253e+00
dvbe8 = 4.894618e-02
veb8 = 8.446603e-01
dvbe1 = 4.961216e-02
rra = 8.561942e-02
rrb = 1.148847e-02
vgdrv = 1.971074e+00
Reset re-loads circuit * error-amp-offset-mc monte carlo deck -- generated by sim/error-amp-offset-mc/run_amp_offset_mc.py, do not edit

Circuit: * error-amp-offset-mc monte carlo deck -- generated by sim/error-amp-offset-mc/run_amp_offset_mc.py, do not edit

option SCALE: Scale is set to 1e-06 for instance and model parameters
option SCALE: Scale is set to 1e-06 for instance and model parameters
option SCALE: Scale is set to 1e-06 for instance and model parameters
option SCALE: Scale is set to 1e-06 for instance and model parameters
Doing analysis at TEMP = -40.000000 and TNOM = 27.000000

Using KLU as Direct Linear Solver

No. of Data Rows : 1
vos = -2.73157e-04
vout = 1.207469e+00
dvbe8 = 4.942183e-02
veb8 = 8.452208e-01
dvbe1 = 4.963865e-02
rra = 8.561659e-02
rrb = 1.136534e-02
vgdrv = 1.971613e+00
Reset re-loads circuit * error-amp-offset-mc monte carlo deck -- generated by sim/error-amp-offset-mc/run_amp_offset_mc.py, do not edit

Circuit: * error-amp-offset-mc monte carlo deck -- generated by sim/error-amp-offset-mc/run_amp_offset_mc.py, do not edit

option SCALE: Scale is set to 1e-06 for instance and model parameters
option SCALE: Scale is set to 1e-06 for instance and model parameters
option SCALE: Scale is set to 1e-06 for instance and model parameters
option SCALE: Scale is set to 1e-06 for instance and model parameters
Doing analysis at TEMP = -40.000000 and TNOM = 27.000000

Using KLU as Direct Linear Solver

No. of Data Rows : 1
vos = 1.646956e-04
vout = 1.203770e+00
dvbe8 = 4.874578e-02
veb8 = 8.444922e-01
dvbe1 = 4.967196e-02
rra = 8.570719e-02
rrb = 1.142090e-02
vgdrv = 1.971472e+00
Reset re-loads circuit * error-amp-offset-mc monte carlo deck -- generated by sim/error-amp-offset-mc/run_amp_offset_mc.py, do not edit

Circuit: * error-amp-offset-mc monte carlo deck -- generated by sim/error-amp-offset-mc/run_amp_offset_mc.py, do not edit

option SCALE: Scale is set to 1e-06 for instance and model parameters
option SCALE: Scale is set to 1e-06 for instance and model parameters
option SCALE: Scale is set to 1e-06 for instance and model parameters
option SCALE: Scale is set to 1e-06 for instance and model parameters
Doing analysis at TEMP = -40.000000 and TNOM = 27.000000

Using KLU as Direct Linear Solver
 Reference value :  0.00000e+00
No. of Data Rows : 1
vos = 5.149172e-04
vout = 1.200891e+00
dvbe8 = 4.902172e-02
veb8 = 8.447747e-01
dvbe1 = 5.002584e-02
rra = 8.565772e-02
rrb = 1.145704e-02
vgdrv = 1.974998e+00
Reset re-loads circuit * error-amp-offset-mc monte carlo deck -- generated by sim/error-amp-offset-mc/run_amp_offset_mc.py, do not edit

Circuit: * error-amp-offset-mc monte carlo deck -- generated by sim/error-amp-offset-mc/run_amp_offset_mc.py, do not edit

option SCALE: Scale is set to 1e-06 for instance and model parameters
option SCALE: Scale is set to 1e-06 for instance and model parameters
option SCALE: Scale is set to 1e-06 for instance and model parameters
option SCALE: Scale is set to 1e-06 for instance and model parameters
Doing analysis at TEMP = -40.000000 and TNOM = 27.000000

Using KLU as Direct Linear Solver

No. of Data Rows : 1
vos = 3.330217e-04
vout = 1.200485e+00
dvbe8 = 4.908683e-02
veb8 = 8.448337e-01
dvbe1 = 5.004125e-02
rra = 8.560248e-02
rrb = 1.141679e-02
vgdrv = 1.975336e+00
Reset re-loads circuit * error-amp-offset-mc monte carlo deck -- generated by sim/error-amp-offset-mc/run_amp_offset_mc.py, do not edit

Circuit: * error-amp-offset-mc monte carlo deck -- generated by sim/error-amp-offset-mc/run_amp_offset_mc.py, do not edit

option SCALE: Scale is set to 1e-06 for instance and model parameters
option SCALE: Scale is set to 1e-06 for instance and model parameters
option SCALE: Scale is set to 1e-06 for instance and model parameters
option SCALE: Scale is set to 1e-06 for instance and model parameters
Doing analysis at TEMP = -40.000000 and TNOM = 27.000000

Using KLU as Direct Linear Solver

No. of Data Rows : 1
vos = 6.375783e-04
vout = 1.204658e+00
dvbe8 = 4.903625e-02
veb8 = 8.448266e-01
dvbe1 = 4.923032e-02
rra = 8.557857e-02
rrb = 1.141493e-02
vgdrv = 1.970531e+00
Reset re-loads circuit * error-amp-offset-mc monte carlo deck -- generated by sim/error-amp-offset-mc/run_amp_offset_mc.py, do not edit

Circuit: * error-amp-offset-mc monte carlo deck -- generated by sim/error-amp-offset-mc/run_amp_offset_mc.py, do not edit

option SCALE: Scale is set to 1e-06 for instance and model parameters
option SCALE: Scale is set to 1e-06 for instance and model parameters
option SCALE: Scale is set to 1e-06 for instance and model parameters
option SCALE: Scale is set to 1e-06 for instance and model parameters
Doing analysis at TEMP = -40.000000 and TNOM = 27.000000

Using KLU as Direct Linear Solver

No. of Data Rows : 1
vos = -3.21228e-04
vout = 1.206729e+00
dvbe8 = 4.891111e-02
veb8 = 8.446694e-01
dvbe1 = 4.912244e-02
rra = 8.551653e-02
rrb = 1.149127e-02
vgdrv = 1.969257e+00
Reset re-loads circuit * error-amp-offset-mc monte carlo deck -- generated by sim/error-amp-offset-mc/run_amp_offset_mc.py, do not edit

Circuit: * error-amp-offset-mc monte carlo deck -- generated by sim/error-amp-offset-mc/run_amp_offset_mc.py, do not edit

option SCALE: Scale is set to 1e-06 for instance and model parameters
option SCALE: Scale is set to 1e-06 for instance and model parameters
option SCALE: Scale is set to 1e-06 for instance and model parameters
option SCALE: Scale is set to 1e-06 for instance and model parameters
Doing analysis at TEMP = -40.000000 and TNOM = 27.000000

Using KLU as Direct Linear Solver

No. of Data Rows : 1
vos = 7.643096e-04
vout = 1.196999e+00
dvbe8 = 4.931060e-02
veb8 = 8.450359e-01
dvbe1 = 4.938028e-02
rra = 8.551895e-02
rrb = 1.135019e-02
vgdrv = 1.976190e+00
Reset re-loads circuit * error-amp-offset-mc monte carlo deck -- generated by sim/error-amp-offset-mc/run_amp_offset_mc.py, do not edit

Circuit: * error-amp-offset-mc monte carlo deck -- generated by sim/error-amp-offset-mc/run_amp_offset_mc.py, do not edit

option SCALE: Scale is set to 1e-06 for instance and model parameters
option SCALE: Scale is set to 1e-06 for instance and model parameters
option SCALE: Scale is set to 1e-06 for instance and model parameters
option SCALE: Scale is set to 1e-06 for instance and model parameters
Doing analysis at TEMP = -40.000000 and TNOM = 27.000000

Using KLU as Direct Linear Solver

No. of Data Rows : 1
vos = 1.890073e-04
vout = 1.206335e+00
dvbe8 = 4.914039e-02
veb8 = 8.448952e-01
dvbe1 = 4.965304e-02
rra = 8.560389e-02
rrb = 1.148442e-02
vgdrv = 1.973318e+00
Reset re-loads circuit * error-amp-offset-mc monte carlo deck -- generated by sim/error-amp-offset-mc/run_amp_offset_mc.py, do not edit

Circuit: * error-amp-offset-mc monte carlo deck -- generated by sim/error-amp-offset-mc/run_amp_offset_mc.py, do not edit

option SCALE: Scale is set to 1e-06 for instance and model parameters
option SCALE: Scale is set to 1e-06 for instance and model parameters
option SCALE: Scale is set to 1e-06 for instance and model parameters
option SCALE: Scale is set to 1e-06 for instance and model parameters
Doing analysis at TEMP = -40.000000 and TNOM = 27.000000

Using KLU as Direct Linear Solver
 Reference value :  0.00000e+00
No. of Data Rows : 1
vos = -6.85823e-04
vout = 1.211232e+00
dvbe8 = 4.882160e-02
veb8 = 8.446078e-01
dvbe1 = 4.949971e-02
rra = 8.536065e-02
rrb = 1.143747e-02
vgdrv = 1.973075e+00
Reset re-loads circuit * error-amp-offset-mc monte carlo deck -- generated by sim/error-amp-offset-mc/run_amp_offset_mc.py, do not edit

Circuit: * error-amp-offset-mc monte carlo deck -- generated by sim/error-amp-offset-mc/run_amp_offset_mc.py, do not edit

option SCALE: Scale is set to 1e-06 for instance and model parameters
option SCALE: Scale is set to 1e-06 for instance and model parameters
option SCALE: Scale is set to 1e-06 for instance and model parameters
option SCALE: Scale is set to 1e-06 for instance and model parameters
Doing analysis at TEMP = -40.000000 and TNOM = 27.000000

Using KLU as Direct Linear Solver

No. of Data Rows : 1
vos = 5.821051e-04
vout = 1.199902e+00
dvbe8 = 4.881389e-02
veb8 = 8.445751e-01
dvbe1 = 4.929385e-02
rra = 8.558640e-02
rrb = 1.146385e-02
vgdrv = 1.972970e+00
Reset re-loads circuit * error-amp-offset-mc monte carlo deck -- generated by sim/error-amp-offset-mc/run_amp_offset_mc.py, do not edit

Circuit: * error-amp-offset-mc monte carlo deck -- generated by sim/error-amp-offset-mc/run_amp_offset_mc.py, do not edit

option SCALE: Scale is set to 1e-06 for instance and model parameters
option SCALE: Scale is set to 1e-06 for instance and model parameters
option SCALE: Scale is set to 1e-06 for instance and model parameters
option SCALE: Scale is set to 1e-06 for instance and model parameters
Doing analysis at TEMP = -40.000000 and TNOM = 27.000000

Using KLU as Direct Linear Solver

No. of Data Rows : 1
vos = -2.97440e-04
vout = 1.208819e+00
dvbe8 = 4.912776e-02
veb8 = 8.448984e-01
dvbe1 = 4.993988e-02
rra = 8.535351e-02
rrb = 1.139681e-02
vgdrv = 1.974202e+00
Reset re-loads circuit * error-amp-offset-mc monte carlo deck -- generated by sim/error-amp-offset-mc/run_amp_offset_mc.py, do not edit

Circuit: * error-amp-offset-mc monte carlo deck -- generated by sim/error-amp-offset-mc/run_amp_offset_mc.py, do not edit

option SCALE: Scale is set to 1e-06 for instance and model parameters
option SCALE: Scale is set to 1e-06 for instance and model parameters
option SCALE: Scale is set to 1e-06 for instance and model parameters
option SCALE: Scale is set to 1e-06 for instance and model parameters
Doing analysis at TEMP = -40.000000 and TNOM = 27.000000

Using KLU as Direct Linear Solver

No. of Data Rows : 1
vos = 2.164578e-04
vout = 1.203602e+00
dvbe8 = 4.897378e-02
veb8 = 8.447683e-01
dvbe1 = 5.033945e-02
rra = 8.555622e-02
rrb = 1.143911e-02
vgdrv = 1.968955e+00
Reset re-loads circuit * error-amp-offset-mc monte carlo deck -- generated by sim/error-amp-offset-mc/run_amp_offset_mc.py, do not edit

Circuit: * error-amp-offset-mc monte carlo deck -- generated by sim/error-amp-offset-mc/run_amp_offset_mc.py, do not edit

option SCALE: Scale is set to 1e-06 for instance and model parameters
option SCALE: Scale is set to 1e-06 for instance and model parameters
option SCALE: Scale is set to 1e-06 for instance and model parameters
option SCALE: Scale is set to 1e-06 for instance and model parameters
Doing analysis at TEMP = -40.000000 and TNOM = 27.000000

Using KLU as Direct Linear Solver

No. of Data Rows : 1
vos = 6.598680e-04
vout = 1.202365e+00
dvbe8 = 4.906658e-02
veb8 = 8.448434e-01
dvbe1 = 4.949445e-02
rra = 8.554392e-02
rrb = 1.144788e-02
vgdrv = 1.971937e+00
Reset re-loads circuit * error-amp-offset-mc monte carlo deck -- generated by sim/error-amp-offset-mc/run_amp_offset_mc.py, do not edit

Circuit: * error-amp-offset-mc monte carlo deck -- generated by sim/error-amp-offset-mc/run_amp_offset_mc.py, do not edit

option SCALE: Scale is set to 1e-06 for instance and model parameters
option SCALE: Scale is set to 1e-06 for instance and model parameters
option SCALE: Scale is set to 1e-06 for instance and model parameters
option SCALE: Scale is set to 1e-06 for instance and model parameters
Doing analysis at TEMP = -40.000000 and TNOM = 27.000000

Using KLU as Direct Linear Solver

No. of Data Rows : 1
vos = -6.63013e-04
vout = 1.210799e+00
dvbe8 = 4.903633e-02
veb8 = 8.448247e-01
dvbe1 = 4.918276e-02
rra = 8.564533e-02
rrb = 1.144228e-02
vgdrv = 1.970354e+00
Reset re-loads circuit * error-amp-offset-mc monte carlo deck -- generated by sim/error-amp-offset-mc/run_amp_offset_mc.py, do not edit

Circuit: * error-amp-offset-mc monte carlo deck -- generated by sim/error-amp-offset-mc/run_amp_offset_mc.py, do not edit

option SCALE: Scale is set to 1e-06 for instance and model parameters
option SCALE: Scale is set to 1e-06 for instance and model parameters
option SCALE: Scale is set to 1e-06 for instance and model parameters
option SCALE: Scale is set to 1e-06 for instance and model parameters
Doing analysis at TEMP = -40.000000 and TNOM = 27.000000

Using KLU as Direct Linear Solver
 Reference value :  0.00000e+00
No. of Data Rows : 1
vos = -1.36984e-04
vout = 1.208698e+00
dvbe8 = 4.922242e-02
veb8 = 8.449671e-01
dvbe1 = 4.970743e-02
rra = 8.559990e-02
rrb = 1.141709e-02
vgdrv = 1.973933e+00
Reset re-loads circuit * error-amp-offset-mc monte carlo deck -- generated by sim/error-amp-offset-mc/run_amp_offset_mc.py, do not edit

Circuit: * error-amp-offset-mc monte carlo deck -- generated by sim/error-amp-offset-mc/run_amp_offset_mc.py, do not edit

option SCALE: Scale is set to 1e-06 for instance and model parameters
option SCALE: Scale is set to 1e-06 for instance and model parameters
option SCALE: Scale is set to 1e-06 for instance and model parameters
option SCALE: Scale is set to 1e-06 for instance and model parameters
Doing analysis at TEMP = -40.000000 and TNOM = 27.000000

Using KLU as Direct Linear Solver

No. of Data Rows : 1
vos = -1.00314e-03
vout = 1.217013e+00
dvbe8 = 4.891216e-02
veb8 = 8.446622e-01
dvbe1 = 4.899977e-02
rra = 8.557096e-02
rrb = 1.146101e-02
vgdrv = 1.971436e+00
Reset re-loads circuit * error-amp-offset-mc monte carlo deck -- generated by sim/error-amp-offset-mc/run_amp_offset_mc.py, do not edit

Circuit: * error-amp-offset-mc monte carlo deck -- generated by sim/error-amp-offset-mc/run_amp_offset_mc.py, do not edit

option SCALE: Scale is set to 1e-06 for instance and model parameters
option SCALE: Scale is set to 1e-06 for instance and model parameters
option SCALE: Scale is set to 1e-06 for instance and model parameters
option SCALE: Scale is set to 1e-06 for instance and model parameters
Doing analysis at TEMP = -40.000000 and TNOM = 27.000000

Using KLU as Direct Linear Solver

No. of Data Rows : 1
vos = -1.00097e-03
vout = 1.218743e+00
dvbe8 = 4.911997e-02
veb8 = 8.449237e-01
dvbe1 = 4.925057e-02
rra = 8.548058e-02
rrb = 1.148376e-02
vgdrv = 1.968834e+00
Reset re-loads circuit * error-amp-offset-mc monte carlo deck -- generated by sim/error-amp-offset-mc/run_amp_offset_mc.py, do not edit

Circuit: * error-amp-offset-mc monte carlo deck -- generated by sim/error-amp-offset-mc/run_amp_offset_mc.py, do not edit

option SCALE: Scale is set to 1e-06 for instance and model parameters
option SCALE: Scale is set to 1e-06 for instance and model parameters
option SCALE: Scale is set to 1e-06 for instance and model parameters
option SCALE: Scale is set to 1e-06 for instance and model parameters
Doing analysis at TEMP = -40.000000 and TNOM = 27.000000

Using KLU as Direct Linear Solver

No. of Data Rows : 1
vos = -3.20434e-04
vout = 1.207226e+00
dvbe8 = 4.889420e-02
veb8 = 8.446514e-01
dvbe1 = 4.999559e-02
rra = 8.543763e-02
rrb = 1.137147e-02
vgdrv = 1.973834e+00
Reset re-loads circuit * error-amp-offset-mc monte carlo deck -- generated by sim/error-amp-offset-mc/run_amp_offset_mc.py, do not edit

Circuit: * error-amp-offset-mc monte carlo deck -- generated by sim/error-amp-offset-mc/run_amp_offset_mc.py, do not edit

option SCALE: Scale is set to 1e-06 for instance and model parameters
option SCALE: Scale is set to 1e-06 for instance and model parameters
option SCALE: Scale is set to 1e-06 for instance and model parameters
option SCALE: Scale is set to 1e-06 for instance and model parameters
Doing analysis at TEMP = -40.000000 and TNOM = 27.000000

Using KLU as Direct Linear Solver
 Reference value :  0.00000e+00
No. of Data Rows : 1
vos = -8.62139e-04
vout = 1.215483e+00
dvbe8 = 4.901907e-02
veb8 = 8.447766e-01
dvbe1 = 4.877789e-02
rra = 8.537906e-02
rrb = 1.142053e-02
vgdrv = 1.973141e+00
Reset re-loads circuit * error-amp-offset-mc monte carlo deck -- generated by sim/error-amp-offset-mc/run_amp_offset_mc.py, do not edit

Circuit: * error-amp-offset-mc monte carlo deck -- generated by sim/error-amp-offset-mc/run_amp_offset_mc.py, do not edit

option SCALE: Scale is set to 1e-06 for instance and model parameters
option SCALE: Scale is set to 1e-06 for instance and model parameters
option SCALE: Scale is set to 1e-06 for instance and model parameters
option SCALE: Scale is set to 1e-06 for instance and model parameters
Doing analysis at TEMP = -40.000000 and TNOM = 27.000000

Using KLU as Direct Linear Solver
 Reference value :  0.00000e+00
No. of Data Rows : 1
vos = -2.89905e-04
vout = 1.208580e+00
dvbe8 = 4.907677e-02
veb8 = 8.448595e-01
dvbe1 = 4.962637e-02
rra = 8.573176e-02
rrb = 1.129118e-02
vgdrv = 1.971124e+00
Reset re-loads circuit * error-amp-offset-mc monte carlo deck -- generated by sim/error-amp-offset-mc/run_amp_offset_mc.py, do not edit

Circuit: * error-amp-offset-mc monte carlo deck -- generated by sim/error-amp-offset-mc/run_amp_offset_mc.py, do not edit

option SCALE: Scale is set to 1e-06 for instance and model parameters
option SCALE: Scale is set to 1e-06 for instance and model parameters
option SCALE: Scale is set to 1e-06 for instance and model parameters
option SCALE: Scale is set to 1e-06 for instance and model parameters
Doing analysis at TEMP = -40.000000 and TNOM = 27.000000

Using KLU as Direct Linear Solver

No. of Data Rows : 1
vos = 1.255038e-03
vout = 1.195268e+00
dvbe8 = 4.908653e-02
veb8 = 8.448345e-01
dvbe1 = 4.951866e-02
rra = 8.552872e-02
rrb = 1.139551e-02
vgdrv = 1.976011e+00
Reset re-loads circuit * error-amp-offset-mc monte carlo deck -- generated by sim/error-amp-offset-mc/run_amp_offset_mc.py, do not edit

Circuit: * error-amp-offset-mc monte carlo deck -- generated by sim/error-amp-offset-mc/run_amp_offset_mc.py, do not edit

option SCALE: Scale is set to 1e-06 for instance and model parameters
option SCALE: Scale is set to 1e-06 for instance and model parameters
option SCALE: Scale is set to 1e-06 for instance and model parameters
option SCALE: Scale is set to 1e-06 for instance and model parameters
Doing analysis at TEMP = -40.000000 and TNOM = 27.000000

Using KLU as Direct Linear Solver
 Reference value :  0.00000e+00
No. of Data Rows : 1
vos = 5.581057e-04
vout = 1.201299e+00
dvbe8 = 4.902134e-02
veb8 = 8.447649e-01
dvbe1 = 4.913928e-02
rra = 8.540501e-02
rrb = 1.143571e-02
vgdrv = 1.970791e+00
Reset re-loads circuit * error-amp-offset-mc monte carlo deck -- generated by sim/error-amp-offset-mc/run_amp_offset_mc.py, do not edit

Circuit: * error-amp-offset-mc monte carlo deck -- generated by sim/error-amp-offset-mc/run_amp_offset_mc.py, do not edit

option SCALE: Scale is set to 1e-06 for instance and model parameters
option SCALE: Scale is set to 1e-06 for instance and model parameters
option SCALE: Scale is set to 1e-06 for instance and model parameters
option SCALE: Scale is set to 1e-06 for instance and model parameters
Doing analysis at TEMP = -40.000000 and TNOM = 27.000000

Using KLU as Direct Linear Solver

No. of Data Rows : 1
vos = 4.846148e-04
vout = 1.206477e+00
dvbe8 = 4.912614e-02
veb8 = 8.448864e-01
dvbe1 = 4.967362e-02
rra = 8.558926e-02
rrb = 1.136531e-02
vgdrv = 1.969900e+00
Reset re-loads circuit * error-amp-offset-mc monte carlo deck -- generated by sim/error-amp-offset-mc/run_amp_offset_mc.py, do not edit

Circuit: * error-amp-offset-mc monte carlo deck -- generated by sim/error-amp-offset-mc/run_amp_offset_mc.py, do not edit

option SCALE: Scale is set to 1e-06 for instance and model parameters
option SCALE: Scale is set to 1e-06 for instance and model parameters
option SCALE: Scale is set to 1e-06 for instance and model parameters
option SCALE: Scale is set to 1e-06 for instance and model parameters
Doing analysis at TEMP = -40.000000 and TNOM = 27.000000

Using KLU as Direct Linear Solver

No. of Data Rows : 1
vos = -7.43861e-04
vout = 1.216349e+00
dvbe8 = 4.888707e-02
veb8 = 8.446285e-01
dvbe1 = 4.898519e-02
rra = 8.560137e-02
rrb = 1.146618e-02
vgdrv = 1.971197e+00
Reset re-loads circuit * error-amp-offset-mc monte carlo deck -- generated by sim/error-amp-offset-mc/run_amp_offset_mc.py, do not edit

Circuit: * error-amp-offset-mc monte carlo deck -- generated by sim/error-amp-offset-mc/run_amp_offset_mc.py, do not edit

option SCALE: Scale is set to 1e-06 for instance and model parameters
option SCALE: Scale is set to 1e-06 for instance and model parameters
option SCALE: Scale is set to 1e-06 for instance and model parameters
option SCALE: Scale is set to 1e-06 for instance and model parameters
Doing analysis at TEMP = -40.000000 and TNOM = 27.000000

Using KLU as Direct Linear Solver

No. of Data Rows : 1
vos = 7.133469e-04
vout = 1.199192e+00
dvbe8 = 4.905364e-02
veb8 = 8.448922e-01
dvbe1 = 4.908854e-02
rra = 8.572422e-02
rrb = 1.146176e-02
vgdrv = 1.975442e+00
Reset re-loads circuit * error-amp-offset-mc monte carlo deck -- generated by sim/error-amp-offset-mc/run_amp_offset_mc.py, do not edit

Circuit: * error-amp-offset-mc monte carlo deck -- generated by sim/error-amp-offset-mc/run_amp_offset_mc.py, do not edit

option SCALE: Scale is set to 1e-06 for instance and model parameters
option SCALE: Scale is set to 1e-06 for instance and model parameters
option SCALE: Scale is set to 1e-06 for instance and model parameters
option SCALE: Scale is set to 1e-06 for instance and model parameters
Doing analysis at TEMP = -40.000000 and TNOM = 27.000000

Using KLU as Direct Linear Solver

No. of Data Rows : 1
vos = -1.99965e-04
vout = 1.211449e+00
dvbe8 = 4.903169e-02
veb8 = 8.447820e-01
dvbe1 = 4.991513e-02
rra = 8.551124e-02
rrb = 1.140233e-02
vgdrv = 1.969515e+00
Reset re-loads circuit * error-amp-offset-mc monte carlo deck -- generated by sim/error-amp-offset-mc/run_amp_offset_mc.py, do not edit

Circuit: * error-amp-offset-mc monte carlo deck -- generated by sim/error-amp-offset-mc/run_amp_offset_mc.py, do not edit

option SCALE: Scale is set to 1e-06 for instance and model parameters
option SCALE: Scale is set to 1e-06 for instance and model parameters
option SCALE: Scale is set to 1e-06 for instance and model parameters
option SCALE: Scale is set to 1e-06 for instance and model parameters
Doing analysis at TEMP = -40.000000 and TNOM = 27.000000

Using KLU as Direct Linear Solver

No. of Data Rows : 1
vos = 6.440580e-04
vout = 1.199035e+00
dvbe8 = 4.913996e-02
veb8 = 8.448735e-01
dvbe1 = 4.959512e-02
rra = 8.548531e-02
rrb = 1.144568e-02
vgdrv = 1.975022e+00
Reset re-loads circuit * error-amp-offset-mc monte carlo deck -- generated by sim/error-amp-offset-mc/run_amp_offset_mc.py, do not edit

Circuit: * error-amp-offset-mc monte carlo deck -- generated by sim/error-amp-offset-mc/run_amp_offset_mc.py, do not edit

option SCALE: Scale is set to 1e-06 for instance and model parameters
option SCALE: Scale is set to 1e-06 for instance and model parameters
option SCALE: Scale is set to 1e-06 for instance and model parameters
option SCALE: Scale is set to 1e-06 for instance and model parameters
Doing analysis at TEMP = -40.000000 and TNOM = 27.000000

Using KLU as Direct Linear Solver
 Reference value :  0.00000e+00
No. of Data Rows : 1
vos = -7.40457e-04
vout = 1.213161e+00
dvbe8 = 4.882931e-02
veb8 = 8.445885e-01
dvbe1 = 4.894119e-02
rra = 8.556782e-02
rrb = 1.137155e-02
vgdrv = 1.972943e+00
Reset re-loads circuit * error-amp-offset-mc monte carlo deck -- generated by sim/error-amp-offset-mc/run_amp_offset_mc.py, do not edit

Circuit: * error-amp-offset-mc monte carlo deck -- generated by sim/error-amp-offset-mc/run_amp_offset_mc.py, do not edit

option SCALE: Scale is set to 1e-06 for instance and model parameters
option SCALE: Scale is set to 1e-06 for instance and model parameters
option SCALE: Scale is set to 1e-06 for instance and model parameters
option SCALE: Scale is set to 1e-06 for instance and model parameters
Doing analysis at TEMP = -40.000000 and TNOM = 27.000000

Using KLU as Direct Linear Solver

No. of Data Rows : 1
vos = -1.07657e-03
vout = 1.216238e+00
dvbe8 = 4.916681e-02
veb8 = 8.448979e-01
dvbe1 = 4.920789e-02
rra = 8.554035e-02
rrb = 1.140250e-02
vgdrv = 1.969815e+00
Reset re-loads circuit * error-amp-offset-mc monte carlo deck -- generated by sim/error-amp-offset-mc/run_amp_offset_mc.py, do not edit

Circuit: * error-amp-offset-mc monte carlo deck -- generated by sim/error-amp-offset-mc/run_amp_offset_mc.py, do not edit

option SCALE: Scale is set to 1e-06 for instance and model parameters
option SCALE: Scale is set to 1e-06 for instance and model parameters
option SCALE: Scale is set to 1e-06 for instance and model parameters
option SCALE: Scale is set to 1e-06 for instance and model parameters
Doing analysis at TEMP = -40.000000 and TNOM = 27.000000

Using KLU as Direct Linear Solver

No. of Data Rows : 1
vos = 7.045962e-04
vout = 1.200567e+00
dvbe8 = 4.926232e-02
veb8 = 8.449905e-01
dvbe1 = 4.894352e-02
rra = 8.566130e-02
rrb = 1.135936e-02
vgdrv = 1.971952e+00
Reset re-loads circuit * error-amp-offset-mc monte carlo deck -- generated by sim/error-amp-offset-mc/run_amp_offset_mc.py, do not edit

Circuit: * error-amp-offset-mc monte carlo deck -- generated by sim/error-amp-offset-mc/run_amp_offset_mc.py, do not edit

option SCALE: Scale is set to 1e-06 for instance and model parameters
option SCALE: Scale is set to 1e-06 for instance and model parameters
option SCALE: Scale is set to 1e-06 for instance and model parameters
option SCALE: Scale is set to 1e-06 for instance and model parameters
Doing analysis at TEMP = -40.000000 and TNOM = 27.000000

Using KLU as Direct Linear Solver

No. of Data Rows : 1
vos = -6.64671e-04
vout = 1.208958e+00
dvbe8 = 4.898016e-02
veb8 = 8.448029e-01
dvbe1 = 4.936547e-02
rra = 8.557424e-02
rrb = 1.139462e-02
vgdrv = 1.974690e+00
Reset re-loads circuit * error-amp-offset-mc monte carlo deck -- generated by sim/error-amp-offset-mc/run_amp_offset_mc.py, do not edit

Circuit: * error-amp-offset-mc monte carlo deck -- generated by sim/error-amp-offset-mc/run_amp_offset_mc.py, do not edit

option SCALE: Scale is set to 1e-06 for instance and model parameters
option SCALE: Scale is set to 1e-06 for instance and model parameters
option SCALE: Scale is set to 1e-06 for instance and model parameters
option SCALE: Scale is set to 1e-06 for instance and model parameters
Doing analysis at TEMP = -40.000000 and TNOM = 27.000000

Using KLU as Direct Linear Solver

No. of Data Rows : 1
vos = 4.827185e-04
vout = 1.200820e+00
dvbe8 = 4.885824e-02
veb8 = 8.446133e-01
dvbe1 = 4.941840e-02
rra = 8.576257e-02
rrb = 1.145697e-02
vgdrv = 1.973787e+00
Reset re-loads circuit * error-amp-offset-mc monte carlo deck -- generated by sim/error-amp-offset-mc/run_amp_offset_mc.py, do not edit

Circuit: * error-amp-offset-mc monte carlo deck -- generated by sim/error-amp-offset-mc/run_amp_offset_mc.py, do not edit

option SCALE: Scale is set to 1e-06 for instance and model parameters
option SCALE: Scale is set to 1e-06 for instance and model parameters
option SCALE: Scale is set to 1e-06 for instance and model parameters
option SCALE: Scale is set to 1e-06 for instance and model parameters
Doing analysis at TEMP = -40.000000 and TNOM = 27.000000

Using KLU as Direct Linear Solver

No. of Data Rows : 1
vos = 5.904287e-04
vout = 1.199847e+00
dvbe8 = 4.910819e-02
veb8 = 8.448471e-01
dvbe1 = 4.953071e-02
rra = 8.559442e-02
rrb = 1.142693e-02
vgdrv = 1.971843e+00
Reset re-loads circuit * error-amp-offset-mc monte carlo deck -- generated by sim/error-amp-offset-mc/run_amp_offset_mc.py, do not edit

Circuit: * error-amp-offset-mc monte carlo deck -- generated by sim/error-amp-offset-mc/run_amp_offset_mc.py, do not edit

option SCALE: Scale is set to 1e-06 for instance and model parameters
option SCALE: Scale is set to 1e-06 for instance and model parameters
option SCALE: Scale is set to 1e-06 for instance and model parameters
option SCALE: Scale is set to 1e-06 for instance and model parameters
Doing analysis at TEMP = -40.000000 and TNOM = 27.000000

Using KLU as Direct Linear Solver
 Reference value :  0.00000e+00
No. of Data Rows : 1
vos = 6.368828e-04
vout = 1.197989e+00
dvbe8 = 4.913041e-02
veb8 = 8.448539e-01
dvbe1 = 4.938675e-02
rra = 8.550621e-02
rrb = 1.148177e-02
vgdrv = 1.975795e+00
Reset re-loads circuit * error-amp-offset-mc monte carlo deck -- generated by sim/error-amp-offset-mc/run_amp_offset_mc.py, do not edit

Circuit: * error-amp-offset-mc monte carlo deck -- generated by sim/error-amp-offset-mc/run_amp_offset_mc.py, do not edit

option SCALE: Scale is set to 1e-06 for instance and model parameters
option SCALE: Scale is set to 1e-06 for instance and model parameters
option SCALE: Scale is set to 1e-06 for instance and model parameters
option SCALE: Scale is set to 1e-06 for instance and model parameters
Doing analysis at TEMP = -40.000000 and TNOM = 27.000000

Using KLU as Direct Linear Solver

No. of Data Rows : 1
vos = -5.43672e-04
vout = 1.213076e+00
dvbe8 = 4.916353e-02
veb8 = 8.449723e-01
dvbe1 = 4.900686e-02
rra = 8.572919e-02
rrb = 1.144871e-02
vgdrv = 1.971370e+00
Reset re-loads circuit * error-amp-offset-mc monte carlo deck -- generated by sim/error-amp-offset-mc/run_amp_offset_mc.py, do not edit

Circuit: * error-amp-offset-mc monte carlo deck -- generated by sim/error-amp-offset-mc/run_amp_offset_mc.py, do not edit

option SCALE: Scale is set to 1e-06 for instance and model parameters
option SCALE: Scale is set to 1e-06 for instance and model parameters
option SCALE: Scale is set to 1e-06 for instance and model parameters
option SCALE: Scale is set to 1e-06 for instance and model parameters
Doing analysis at TEMP = -40.000000 and TNOM = 27.000000

Using KLU as Direct Linear Solver

No. of Data Rows : 1
vos = 5.163806e-04
vout = 1.199861e+00
dvbe8 = 4.913502e-02
veb8 = 8.449040e-01
dvbe1 = 4.895971e-02
rra = 8.538638e-02
rrb = 1.144562e-02
vgdrv = 1.973404e+00
Reset re-loads circuit * error-amp-offset-mc monte carlo deck -- generated by sim/error-amp-offset-mc/run_amp_offset_mc.py, do not edit

Circuit: * error-amp-offset-mc monte carlo deck -- generated by sim/error-amp-offset-mc/run_amp_offset_mc.py, do not edit

option SCALE: Scale is set to 1e-06 for instance and model parameters
option SCALE: Scale is set to 1e-06 for instance and model parameters
option SCALE: Scale is set to 1e-06 for instance and model parameters
option SCALE: Scale is set to 1e-06 for instance and model parameters
Doing analysis at TEMP = -40.000000 and TNOM = 27.000000

Using KLU as Direct Linear Solver
 Reference value :  0.00000e+00
No. of Data Rows : 1
vos = -8.26394e-04
vout = 1.216057e+00
dvbe8 = 4.922015e-02
veb8 = 8.449497e-01
dvbe1 = 4.896568e-02
rra = 8.557096e-02
rrb = 1.139603e-02
vgdrv = 1.973443e+00
Reset re-loads circuit * error-amp-offset-mc monte carlo deck -- generated by sim/error-amp-offset-mc/run_amp_offset_mc.py, do not edit

Circuit: * error-amp-offset-mc monte carlo deck -- generated by sim/error-amp-offset-mc/run_amp_offset_mc.py, do not edit

option SCALE: Scale is set to 1e-06 for instance and model parameters
option SCALE: Scale is set to 1e-06 for instance and model parameters
option SCALE: Scale is set to 1e-06 for instance and model parameters
option SCALE: Scale is set to 1e-06 for instance and model parameters
Doing analysis at TEMP = -40.000000 and TNOM = 27.000000

Using KLU as Direct Linear Solver

No. of Data Rows : 1
vos = -2.69557e-04
vout = 1.206181e+00
dvbe8 = 4.908990e-02
veb8 = 8.448806e-01
dvbe1 = 5.011514e-02
rra = 8.557543e-02
rrb = 1.144864e-02
vgdrv = 1.974251e+00
Reset re-loads circuit * error-amp-offset-mc monte carlo deck -- generated by sim/error-amp-offset-mc/run_amp_offset_mc.py, do not edit

Circuit: * error-amp-offset-mc monte carlo deck -- generated by sim/error-amp-offset-mc/run_amp_offset_mc.py, do not edit

option SCALE: Scale is set to 1e-06 for instance and model parameters
option SCALE: Scale is set to 1e-06 for instance and model parameters
option SCALE: Scale is set to 1e-06 for instance and model parameters
option SCALE: Scale is set to 1e-06 for instance and model parameters
Doing analysis at TEMP = -40.000000 and TNOM = 27.000000

Using KLU as Direct Linear Solver

No. of Data Rows : 1
vos = 9.403775e-04
vout = 1.196757e+00
dvbe8 = 4.901977e-02
veb8 = 8.447906e-01
dvbe1 = 4.927528e-02
rra = 8.552615e-02
rrb = 1.147151e-02
vgdrv = 1.973632e+00
Reset re-loads circuit * error-amp-offset-mc monte carlo deck -- generated by sim/error-amp-offset-mc/run_amp_offset_mc.py, do not edit

Circuit: * error-amp-offset-mc monte carlo deck -- generated by sim/error-amp-offset-mc/run_amp_offset_mc.py, do not edit

option SCALE: Scale is set to 1e-06 for instance and model parameters
option SCALE: Scale is set to 1e-06 for instance and model parameters
option SCALE: Scale is set to 1e-06 for instance and model parameters
option SCALE: Scale is set to 1e-06 for instance and model parameters
Doing analysis at TEMP = -40.000000 and TNOM = 27.000000

Using KLU as Direct Linear Solver

No. of Data Rows : 1
vos = 2.360393e-04
vout = 1.203294e+00
dvbe8 = 4.895862e-02
veb8 = 8.447235e-01
dvbe1 = 4.982583e-02
rra = 8.567054e-02
rrb = 1.143967e-02
vgdrv = 1.973377e+00
Reset re-loads circuit * error-amp-offset-mc monte carlo deck -- generated by sim/error-amp-offset-mc/run_amp_offset_mc.py, do not edit

Circuit: * error-amp-offset-mc monte carlo deck -- generated by sim/error-amp-offset-mc/run_amp_offset_mc.py, do not edit

option SCALE: Scale is set to 1e-06 for instance and model parameters
option SCALE: Scale is set to 1e-06 for instance and model parameters
option SCALE: Scale is set to 1e-06 for instance and model parameters
option SCALE: Scale is set to 1e-06 for instance and model parameters
Doing analysis at TEMP = -40.000000 and TNOM = 27.000000

Using KLU as Direct Linear Solver

No. of Data Rows : 1
vos = -1.14424e-04
vout = 1.206202e+00
dvbe8 = 4.895882e-02
veb8 = 8.447223e-01
dvbe1 = 4.888889e-02
rra = 8.557209e-02
rrb = 1.143135e-02
vgdrv = 1.973561e+00
Reset re-loads circuit * error-amp-offset-mc monte carlo deck -- generated by sim/error-amp-offset-mc/run_amp_offset_mc.py, do not edit

Circuit: * error-amp-offset-mc monte carlo deck -- generated by sim/error-amp-offset-mc/run_amp_offset_mc.py, do not edit

option SCALE: Scale is set to 1e-06 for instance and model parameters
option SCALE: Scale is set to 1e-06 for instance and model parameters
option SCALE: Scale is set to 1e-06 for instance and model parameters
option SCALE: Scale is set to 1e-06 for instance and model parameters
Doing analysis at TEMP = -40.000000 and TNOM = 27.000000

Using KLU as Direct Linear Solver

No. of Data Rows : 1
vos = 4.251320e-04
vout = 1.200129e+00
dvbe8 = 4.892755e-02
veb8 = 8.446648e-01
dvbe1 = 4.915410e-02
rra = 8.543398e-02
rrb = 1.141365e-02
vgdrv = 1.975834e+00
Reset re-loads circuit * error-amp-offset-mc monte carlo deck -- generated by sim/error-amp-offset-mc/run_amp_offset_mc.py, do not edit

Circuit: * error-amp-offset-mc monte carlo deck -- generated by sim/error-amp-offset-mc/run_amp_offset_mc.py, do not edit

option SCALE: Scale is set to 1e-06 for instance and model parameters
option SCALE: Scale is set to 1e-06 for instance and model parameters
option SCALE: Scale is set to 1e-06 for instance and model parameters
option SCALE: Scale is set to 1e-06 for instance and model parameters
Doing analysis at TEMP = -40.000000 and TNOM = 27.000000

Using KLU as Direct Linear Solver
 Reference value :  0.00000e+00
No. of Data Rows : 1
vos = -1.29341e-03
vout = 1.218916e+00
dvbe8 = 4.889513e-02
veb8 = 8.446371e-01
dvbe1 = 4.860413e-02
rra = 8.576194e-02
rrb = 1.142833e-02
vgdrv = 1.968917e+00
Reset re-loads circuit * error-amp-offset-mc monte carlo deck -- generated by sim/error-amp-offset-mc/run_amp_offset_mc.py, do not edit

Circuit: * error-amp-offset-mc monte carlo deck -- generated by sim/error-amp-offset-mc/run_amp_offset_mc.py, do not edit

option SCALE: Scale is set to 1e-06 for instance and model parameters
option SCALE: Scale is set to 1e-06 for instance and model parameters
option SCALE: Scale is set to 1e-06 for instance and model parameters
option SCALE: Scale is set to 1e-06 for instance and model parameters
Doing analysis at TEMP = -40.000000 and TNOM = 27.000000

Using KLU as Direct Linear Solver

No. of Data Rows : 1
vos = -2.37352e-06
vout = 1.203783e+00
dvbe8 = 4.887660e-02
veb8 = 8.446648e-01
dvbe1 = 5.012461e-02
rra = 8.544965e-02
rrb = 1.148680e-02
vgdrv = 1.977096e+00
Reset re-loads circuit * error-amp-offset-mc monte carlo deck -- generated by sim/error-amp-offset-mc/run_amp_offset_mc.py, do not edit

Circuit: * error-amp-offset-mc monte carlo deck -- generated by sim/error-amp-offset-mc/run_amp_offset_mc.py, do not edit

option SCALE: Scale is set to 1e-06 for instance and model parameters
option SCALE: Scale is set to 1e-06 for instance and model parameters
option SCALE: Scale is set to 1e-06 for instance and model parameters
option SCALE: Scale is set to 1e-06 for instance and model parameters
Doing analysis at TEMP = -40.000000 and TNOM = 27.000000

Using KLU as Direct Linear Solver

No. of Data Rows : 1
vos = -4.26518e-04
vout = 1.213058e+00
dvbe8 = 4.913432e-02
veb8 = 8.448456e-01
dvbe1 = 4.882899e-02
rra = 8.544008e-02
rrb = 1.148547e-02
vgdrv = 1.972405e+00
Reset re-loads circuit * error-amp-offset-mc monte carlo deck -- generated by sim/error-amp-offset-mc/run_amp_offset_mc.py, do not edit

Circuit: * error-amp-offset-mc monte carlo deck -- generated by sim/error-amp-offset-mc/run_amp_offset_mc.py, do not edit

option SCALE: Scale is set to 1e-06 for instance and model parameters
option SCALE: Scale is set to 1e-06 for instance and model parameters
option SCALE: Scale is set to 1e-06 for instance and model parameters
option SCALE: Scale is set to 1e-06 for instance and model parameters
Doing analysis at TEMP = -40.000000 and TNOM = 27.000000

Using KLU as Direct Linear Solver

No. of Data Rows : 1
vos = -3.68169e-05
vout = 1.205621e+00
dvbe8 = 4.940135e-02
veb8 = 8.451479e-01
dvbe1 = 5.026484e-02
rra = 8.570151e-02
rrb = 1.137009e-02
vgdrv = 1.967836e+00
Reset re-loads circuit * error-amp-offset-mc monte carlo deck -- generated by sim/error-amp-offset-mc/run_amp_offset_mc.py, do not edit

Circuit: * error-amp-offset-mc monte carlo deck -- generated by sim/error-amp-offset-mc/run_amp_offset_mc.py, do not edit

option SCALE: Scale is set to 1e-06 for instance and model parameters
option SCALE: Scale is set to 1e-06 for instance and model parameters
option SCALE: Scale is set to 1e-06 for instance and model parameters
option SCALE: Scale is set to 1e-06 for instance and model parameters
Doing analysis at TEMP = -40.000000 and TNOM = 27.000000

Using KLU as Direct Linear Solver

No. of Data Rows : 1
vos = 2.433360e-05
vout = 1.205385e+00
dvbe8 = 4.903313e-02
veb8 = 8.447555e-01
dvbe1 = 4.915623e-02
rra = 8.568194e-02
rrb = 1.142346e-02
vgdrv = 1.975726e+00
Reset re-loads circuit * error-amp-offset-mc monte carlo deck -- generated by sim/error-amp-offset-mc/run_amp_offset_mc.py, do not edit

Circuit: * error-amp-offset-mc monte carlo deck -- generated by sim/error-amp-offset-mc/run_amp_offset_mc.py, do not edit

option SCALE: Scale is set to 1e-06 for instance and model parameters
option SCALE: Scale is set to 1e-06 for instance and model parameters
option SCALE: Scale is set to 1e-06 for instance and model parameters
option SCALE: Scale is set to 1e-06 for instance and model parameters
Doing analysis at TEMP = -40.000000 and TNOM = 27.000000

Using KLU as Direct Linear Solver

No. of Data Rows : 1
vos = 2.627950e-04
vout = 1.204129e+00
dvbe8 = 4.911416e-02
veb8 = 8.448172e-01
dvbe1 = 4.948691e-02
rra = 8.574995e-02
rrb = 1.142976e-02
vgdrv = 1.971155e+00
Reset re-loads circuit * error-amp-offset-mc monte carlo deck -- generated by sim/error-amp-offset-mc/run_amp_offset_mc.py, do not edit

Circuit: * error-amp-offset-mc monte carlo deck -- generated by sim/error-amp-offset-mc/run_amp_offset_mc.py, do not edit

option SCALE: Scale is set to 1e-06 for instance and model parameters
option SCALE: Scale is set to 1e-06 for instance and model parameters
option SCALE: Scale is set to 1e-06 for instance and model parameters
option SCALE: Scale is set to 1e-06 for instance and model parameters
Doing analysis at TEMP = -40.000000 and TNOM = 27.000000

Using KLU as Direct Linear Solver
 Reference value :  0.00000e+00
No. of Data Rows : 1
vos = -5.63795e-04
vout = 1.211639e+00
dvbe8 = 4.888574e-02
veb8 = 8.446879e-01
dvbe1 = 4.983824e-02
rra = 8.553664e-02
rrb = 1.142843e-02
vgdrv = 1.970742e+00
Reset re-loads circuit * error-amp-offset-mc monte carlo deck -- generated by sim/error-amp-offset-mc/run_amp_offset_mc.py, do not edit

Circuit: * error-amp-offset-mc monte carlo deck -- generated by sim/error-amp-offset-mc/run_amp_offset_mc.py, do not edit

option SCALE: Scale is set to 1e-06 for instance and model parameters
option SCALE: Scale is set to 1e-06 for instance and model parameters
option SCALE: Scale is set to 1e-06 for instance and model parameters
option SCALE: Scale is set to 1e-06 for instance and model parameters
Doing analysis at TEMP = -40.000000 and TNOM = 27.000000

Using KLU as Direct Linear Solver

No. of Data Rows : 1
vos = 7.346505e-04
vout = 1.202202e+00
dvbe8 = 4.906142e-02
veb8 = 8.448249e-01
dvbe1 = 4.994838e-02
rra = 8.558797e-02
rrb = 1.139998e-02
vgdrv = 1.971484e+00
Reset re-loads circuit * error-amp-offset-mc monte carlo deck -- generated by sim/error-amp-offset-mc/run_amp_offset_mc.py, do not edit

Circuit: * error-amp-offset-mc monte carlo deck -- generated by sim/error-amp-offset-mc/run_amp_offset_mc.py, do not edit

option SCALE: Scale is set to 1e-06 for instance and model parameters
option SCALE: Scale is set to 1e-06 for instance and model parameters
option SCALE: Scale is set to 1e-06 for instance and model parameters
option SCALE: Scale is set to 1e-06 for instance and model parameters
Doing analysis at TEMP = -40.000000 and TNOM = 27.000000

Using KLU as Direct Linear Solver

No. of Data Rows : 1
vos = -3.68329e-04
vout = 1.211697e+00
dvbe8 = 4.893156e-02
veb8 = 8.447573e-01
dvbe1 = 4.966667e-02
rra = 8.560745e-02
rrb = 1.140473e-02
vgdrv = 1.971076e+00
Reset re-loads circuit * error-amp-offset-mc monte carlo deck -- generated by sim/error-amp-offset-mc/run_amp_offset_mc.py, do not edit

Circuit: * error-amp-offset-mc monte carlo deck -- generated by sim/error-amp-offset-mc/run_amp_offset_mc.py, do not edit

option SCALE: Scale is set to 1e-06 for instance and model parameters
option SCALE: Scale is set to 1e-06 for instance and model parameters
option SCALE: Scale is set to 1e-06 for instance and model parameters
option SCALE: Scale is set to 1e-06 for instance and model parameters
Doing analysis at TEMP = -40.000000 and TNOM = 27.000000

Using KLU as Direct Linear Solver

No. of Data Rows : 1
vos = -6.81661e-04
vout = 1.211441e+00
dvbe8 = 4.894294e-02
veb8 = 8.447535e-01
dvbe1 = 5.020534e-02
rra = 8.552593e-02
rrb = 1.140223e-02
vgdrv = 1.971287e+00
Reset re-loads circuit * error-amp-offset-mc monte carlo deck -- generated by sim/error-amp-offset-mc/run_amp_offset_mc.py, do not edit

Circuit: * error-amp-offset-mc monte carlo deck -- generated by sim/error-amp-offset-mc/run_amp_offset_mc.py, do not edit

option SCALE: Scale is set to 1e-06 for instance and model parameters
option SCALE: Scale is set to 1e-06 for instance and model parameters
option SCALE: Scale is set to 1e-06 for instance and model parameters
option SCALE: Scale is set to 1e-06 for instance and model parameters
Doing analysis at TEMP = -40.000000 and TNOM = 27.000000

Using KLU as Direct Linear Solver

No. of Data Rows : 1
vos = -4.09586e-04
vout = 1.212853e+00
dvbe8 = 4.884014e-02
veb8 = 8.445915e-01
dvbe1 = 4.894382e-02
rra = 8.557181e-02
rrb = 1.140764e-02
vgdrv = 1.973317e+00
Reset re-loads circuit * error-amp-offset-mc monte carlo deck -- generated by sim/error-amp-offset-mc/run_amp_offset_mc.py, do not edit

Circuit: * error-amp-offset-mc monte carlo deck -- generated by sim/error-amp-offset-mc/run_amp_offset_mc.py, do not edit

option SCALE: Scale is set to 1e-06 for instance and model parameters
option SCALE: Scale is set to 1e-06 for instance and model parameters
option SCALE: Scale is set to 1e-06 for instance and model parameters
option SCALE: Scale is set to 1e-06 for instance and model parameters
Doing analysis at TEMP = -40.000000 and TNOM = 27.000000

Using KLU as Direct Linear Solver

No. of Data Rows : 1
vos = -2.58060e-04
vout = 1.210025e+00
dvbe8 = 4.892280e-02
veb8 = 8.446339e-01
dvbe1 = 4.870534e-02
rra = 8.570622e-02
rrb = 1.138359e-02
vgdrv = 1.967186e+00
Reset re-loads circuit * error-amp-offset-mc monte carlo deck -- generated by sim/error-amp-offset-mc/run_amp_offset_mc.py, do not edit

Circuit: * error-amp-offset-mc monte carlo deck -- generated by sim/error-amp-offset-mc/run_amp_offset_mc.py, do not edit

option SCALE: Scale is set to 1e-06 for instance and model parameters
option SCALE: Scale is set to 1e-06 for instance and model parameters
option SCALE: Scale is set to 1e-06 for instance and model parameters
option SCALE: Scale is set to 1e-06 for instance and model parameters
Doing analysis at TEMP = -40.000000 and TNOM = 27.000000

Using KLU as Direct Linear Solver
 Reference value :  0.00000e+00
No. of Data Rows : 1
vos = 5.973315e-04
vout = 1.201471e+00
dvbe8 = 4.906356e-02
veb8 = 8.448394e-01
dvbe1 = 4.977793e-02
rra = 8.549195e-02
rrb = 1.144663e-02
vgdrv = 1.972092e+00
Reset re-loads circuit * error-amp-offset-mc monte carlo deck -- generated by sim/error-amp-offset-mc/run_amp_offset_mc.py, do not edit

Circuit: * error-amp-offset-mc monte carlo deck -- generated by sim/error-amp-offset-mc/run_amp_offset_mc.py, do not edit

option SCALE: Scale is set to 1e-06 for instance and model parameters
option SCALE: Scale is set to 1e-06 for instance and model parameters
option SCALE: Scale is set to 1e-06 for instance and model parameters
option SCALE: Scale is set to 1e-06 for instance and model parameters
Doing analysis at TEMP = -40.000000 and TNOM = 27.000000

Using KLU as Direct Linear Solver

No. of Data Rows : 1
vos = -1.11845e-05
vout = 1.207779e+00
dvbe8 = 4.900122e-02
veb8 = 8.447488e-01
dvbe1 = 4.967076e-02
rra = 8.566393e-02
rrb = 1.141980e-02
vgdrv = 1.969067e+00
Reset re-loads circuit * error-amp-offset-mc monte carlo deck -- generated by sim/error-amp-offset-mc/run_amp_offset_mc.py, do not edit

Circuit: * error-amp-offset-mc monte carlo deck -- generated by sim/error-amp-offset-mc/run_amp_offset_mc.py, do not edit

option SCALE: Scale is set to 1e-06 for instance and model parameters
option SCALE: Scale is set to 1e-06 for instance and model parameters
option SCALE: Scale is set to 1e-06 for instance and model parameters
option SCALE: Scale is set to 1e-06 for instance and model parameters
Doing analysis at TEMP = -40.000000 and TNOM = 27.000000

Using KLU as Direct Linear Solver

No. of Data Rows : 1
vos = -7.13275e-04
vout = 1.212218e+00
dvbe8 = 4.884020e-02
veb8 = 8.446172e-01
dvbe1 = 4.939541e-02
rra = 8.530766e-02
rrb = 1.142946e-02
vgdrv = 1.969069e+00
Reset re-loads circuit * error-amp-offset-mc monte carlo deck -- generated by sim/error-amp-offset-mc/run_amp_offset_mc.py, do not edit

Circuit: * error-amp-offset-mc monte carlo deck -- generated by sim/error-amp-offset-mc/run_amp_offset_mc.py, do not edit

option SCALE: Scale is set to 1e-06 for instance and model parameters
option SCALE: Scale is set to 1e-06 for instance and model parameters
option SCALE: Scale is set to 1e-06 for instance and model parameters
option SCALE: Scale is set to 1e-06 for instance and model parameters
Doing analysis at TEMP = -40.000000 and TNOM = 27.000000

Using KLU as Direct Linear Solver

No. of Data Rows : 1
vos = -1.66973e-04
vout = 1.207670e+00
dvbe8 = 4.899435e-02
veb8 = 8.447801e-01
dvbe1 = 4.939901e-02
rra = 8.552412e-02
rrb = 1.139370e-02
vgdrv = 1.971446e+00
Reset re-loads circuit * error-amp-offset-mc monte carlo deck -- generated by sim/error-amp-offset-mc/run_amp_offset_mc.py, do not edit

Circuit: * error-amp-offset-mc monte carlo deck -- generated by sim/error-amp-offset-mc/run_amp_offset_mc.py, do not edit

option SCALE: Scale is set to 1e-06 for instance and model parameters
option SCALE: Scale is set to 1e-06 for instance and model parameters
option SCALE: Scale is set to 1e-06 for instance and model parameters
option SCALE: Scale is set to 1e-06 for instance and model parameters
Doing analysis at TEMP = -40.000000 and TNOM = 27.000000

Using KLU as Direct Linear Solver

No. of Data Rows : 1
vos = -1.08575e-03
vout = 1.218964e+00
dvbe8 = 4.909342e-02
veb8 = 8.449141e-01
dvbe1 = 4.944914e-02
rra = 8.549729e-02
rrb = 1.146688e-02
vgdrv = 1.966724e+00
Reset re-loads circuit * error-amp-offset-mc monte carlo deck -- generated by sim/error-amp-offset-mc/run_amp_offset_mc.py, do not edit

Circuit: * error-amp-offset-mc monte carlo deck -- generated by sim/error-amp-offset-mc/run_amp_offset_mc.py, do not edit

option SCALE: Scale is set to 1e-06 for instance and model parameters
option SCALE: Scale is set to 1e-06 for instance and model parameters
option SCALE: Scale is set to 1e-06 for instance and model parameters
option SCALE: Scale is set to 1e-06 for instance and model parameters
Doing analysis at TEMP = -40.000000 and TNOM = 27.000000

Using KLU as Direct Linear Solver

No. of Data Rows : 1
vos = -8.24242e-04
vout = 1.209988e+00
dvbe8 = 4.907811e-02
veb8 = 8.448606e-01
dvbe1 = 4.910580e-02
rra = 8.563600e-02
rrb = 1.139107e-02
vgdrv = 1.972897e+00
Reset re-loads circuit * error-amp-offset-mc monte carlo deck -- generated by sim/error-amp-offset-mc/run_amp_offset_mc.py, do not edit

Circuit: * error-amp-offset-mc monte carlo deck -- generated by sim/error-amp-offset-mc/run_amp_offset_mc.py, do not edit

option SCALE: Scale is set to 1e-06 for instance and model parameters
option SCALE: Scale is set to 1e-06 for instance and model parameters
option SCALE: Scale is set to 1e-06 for instance and model parameters
option SCALE: Scale is set to 1e-06 for instance and model parameters
Doing analysis at TEMP = -40.000000 and TNOM = 27.000000

Using KLU as Direct Linear Solver
 Reference value :  0.00000e+00
No. of Data Rows : 1
vos = 2.594760e-04
vout = 1.206919e+00
dvbe8 = 4.885703e-02
veb8 = 8.445834e-01
dvbe1 = 4.954177e-02
rra = 8.537662e-02
rrb = 1.142152e-02
vgdrv = 1.968796e+00
Reset re-loads circuit * error-amp-offset-mc monte carlo deck -- generated by sim/error-amp-offset-mc/run_amp_offset_mc.py, do not edit

Circuit: * error-amp-offset-mc monte carlo deck -- generated by sim/error-amp-offset-mc/run_amp_offset_mc.py, do not edit

option SCALE: Scale is set to 1e-06 for instance and model parameters
option SCALE: Scale is set to 1e-06 for instance and model parameters
option SCALE: Scale is set to 1e-06 for instance and model parameters
option SCALE: Scale is set to 1e-06 for instance and model parameters
Doing analysis at TEMP = -40.000000 and TNOM = 27.000000

Using KLU as Direct Linear Solver

No. of Data Rows : 1
vos = 1.017707e-03
vout = 1.196385e+00
dvbe8 = 4.913421e-02
veb8 = 8.448937e-01
dvbe1 = 4.890685e-02
rra = 8.562142e-02
rrb = 1.140361e-02
vgdrv = 1.972542e+00
Reset re-loads circuit * error-amp-offset-mc monte carlo deck -- generated by sim/error-amp-offset-mc/run_amp_offset_mc.py, do not edit

Circuit: * error-amp-offset-mc monte carlo deck -- generated by sim/error-amp-offset-mc/run_amp_offset_mc.py, do not edit

option SCALE: Scale is set to 1e-06 for instance and model parameters
option SCALE: Scale is set to 1e-06 for instance and model parameters
option SCALE: Scale is set to 1e-06 for instance and model parameters
option SCALE: Scale is set to 1e-06 for instance and model parameters
Doing analysis at TEMP = -40.000000 and TNOM = 27.000000

Using KLU as Direct Linear Solver

No. of Data Rows : 1
vos = 1.755935e-03
vout = 1.190935e+00
dvbe8 = 4.912340e-02
veb8 = 8.448679e-01
dvbe1 = 5.008280e-02
rra = 8.561804e-02
rrb = 1.143116e-02
vgdrv = 1.977426e+00
Reset re-loads circuit * error-amp-offset-mc monte carlo deck -- generated by sim/error-amp-offset-mc/run_amp_offset_mc.py, do not edit

Circuit: * error-amp-offset-mc monte carlo deck -- generated by sim/error-amp-offset-mc/run_amp_offset_mc.py, do not edit

option SCALE: Scale is set to 1e-06 for instance and model parameters
option SCALE: Scale is set to 1e-06 for instance and model parameters
option SCALE: Scale is set to 1e-06 for instance and model parameters
option SCALE: Scale is set to 1e-06 for instance and model parameters
Doing analysis at TEMP = -40.000000 and TNOM = 27.000000

Using KLU as Direct Linear Solver

No. of Data Rows : 1
vos = 9.097404e-05
vout = 1.203207e+00
dvbe8 = 4.900188e-02
veb8 = 8.447178e-01
dvbe1 = 4.922046e-02
rra = 8.577609e-02
rrb = 1.145175e-02
vgdrv = 1.972695e+00
Reset re-loads circuit * error-amp-offset-mc monte carlo deck -- generated by sim/error-amp-offset-mc/run_amp_offset_mc.py, do not edit

Circuit: * error-amp-offset-mc monte carlo deck -- generated by sim/error-amp-offset-mc/run_amp_offset_mc.py, do not edit

option SCALE: Scale is set to 1e-06 for instance and model parameters
option SCALE: Scale is set to 1e-06 for instance and model parameters
option SCALE: Scale is set to 1e-06 for instance and model parameters
option SCALE: Scale is set to 1e-06 for instance and model parameters
Doing analysis at TEMP = -40.000000 and TNOM = 27.000000

Using KLU as Direct Linear Solver

No. of Data Rows : 1
vos = -2.84560e-04
vout = 1.207680e+00
dvbe8 = 4.891365e-02
veb8 = 8.446910e-01
dvbe1 = 4.948815e-02
rra = 8.553544e-02
rrb = 1.146954e-02
vgdrv = 1.969898e+00
Reset re-loads circuit * error-amp-offset-mc monte carlo deck -- generated by sim/error-amp-offset-mc/run_amp_offset_mc.py, do not edit

Circuit: * error-amp-offset-mc monte carlo deck -- generated by sim/error-amp-offset-mc/run_amp_offset_mc.py, do not edit

option SCALE: Scale is set to 1e-06 for instance and model parameters
option SCALE: Scale is set to 1e-06 for instance and model parameters
option SCALE: Scale is set to 1e-06 for instance and model parameters
option SCALE: Scale is set to 1e-06 for instance and model parameters
Doing analysis at TEMP = -40.000000 and TNOM = 27.000000

Using KLU as Direct Linear Solver

No. of Data Rows : 1
vos = -5.09903e-06
vout = 1.206274e+00
dvbe8 = 4.918325e-02
veb8 = 8.449238e-01
dvbe1 = 4.996838e-02
rra = 8.580655e-02
rrb = 1.141245e-02
vgdrv = 1.966531e+00
Reset re-loads circuit * error-amp-offset-mc monte carlo deck -- generated by sim/error-amp-offset-mc/run_amp_offset_mc.py, do not edit

Circuit: * error-amp-offset-mc monte carlo deck -- generated by sim/error-amp-offset-mc/run_amp_offset_mc.py, do not edit

option SCALE: Scale is set to 1e-06 for instance and model parameters
option SCALE: Scale is set to 1e-06 for instance and model parameters
option SCALE: Scale is set to 1e-06 for instance and model parameters
option SCALE: Scale is set to 1e-06 for instance and model parameters
Doing analysis at TEMP = -40.000000 and TNOM = 27.000000

Using KLU as Direct Linear Solver
 Reference value :  0.00000e+00
No. of Data Rows : 1
vos = 3.860768e-05
vout = 1.206688e+00
dvbe8 = 4.914306e-02
veb8 = 8.449042e-01
dvbe1 = 4.976823e-02
rra = 8.550213e-02
rrb = 1.149209e-02
vgdrv = 1.967099e+00
Reset re-loads circuit * error-amp-offset-mc monte carlo deck -- generated by sim/error-amp-offset-mc/run_amp_offset_mc.py, do not edit

Circuit: * error-amp-offset-mc monte carlo deck -- generated by sim/error-amp-offset-mc/run_amp_offset_mc.py, do not edit

option SCALE: Scale is set to 1e-06 for instance and model parameters
option SCALE: Scale is set to 1e-06 for instance and model parameters
option SCALE: Scale is set to 1e-06 for instance and model parameters
option SCALE: Scale is set to 1e-06 for instance and model parameters
Doing analysis at TEMP = -40.000000 and TNOM = 27.000000

Using KLU as Direct Linear Solver

No. of Data Rows : 1
vos = -1.34837e-03
vout = 1.220849e+00
dvbe8 = 4.921922e-02
veb8 = 8.449582e-01
dvbe1 = 4.916498e-02
rra = 8.548938e-02
rrb = 1.150521e-02
vgdrv = 1.969321e+00
Reset re-loads circuit * error-amp-offset-mc monte carlo deck -- generated by sim/error-amp-offset-mc/run_amp_offset_mc.py, do not edit

Circuit: * error-amp-offset-mc monte carlo deck -- generated by sim/error-amp-offset-mc/run_amp_offset_mc.py, do not edit

option SCALE: Scale is set to 1e-06 for instance and model parameters
option SCALE: Scale is set to 1e-06 for instance and model parameters
option SCALE: Scale is set to 1e-06 for instance and model parameters
option SCALE: Scale is set to 1e-06 for instance and model parameters
Doing analysis at TEMP = -40.000000 and TNOM = 27.000000

Using KLU as Direct Linear Solver

No. of Data Rows : 1
vos = -5.26437e-04
vout = 1.212096e+00
dvbe8 = 4.941844e-02
veb8 = 8.451656e-01
dvbe1 = 4.895611e-02
rra = 8.574410e-02
rrb = 1.139451e-02
vgdrv = 1.971203e+00
Reset re-loads circuit * error-amp-offset-mc monte carlo deck -- generated by sim/error-amp-offset-mc/run_amp_offset_mc.py, do not edit

Circuit: * error-amp-offset-mc monte carlo deck -- generated by sim/error-amp-offset-mc/run_amp_offset_mc.py, do not edit

option SCALE: Scale is set to 1e-06 for instance and model parameters
option SCALE: Scale is set to 1e-06 for instance and model parameters
option SCALE: Scale is set to 1e-06 for instance and model parameters
option SCALE: Scale is set to 1e-06 for instance and model parameters
Doing analysis at TEMP = -40.000000 and TNOM = 27.000000

Using KLU as Direct Linear Solver

No. of Data Rows : 1
vos = 7.054440e-04
vout = 1.198667e+00
dvbe8 = 4.927396e-02
veb8 = 8.449700e-01
dvbe1 = 4.943676e-02
rra = 8.560841e-02
rrb = 1.140634e-02
vgdrv = 1.975127e+00
Reset re-loads circuit * error-amp-offset-mc monte carlo deck -- generated by sim/error-amp-offset-mc/run_amp_offset_mc.py, do not edit

Circuit: * error-amp-offset-mc monte carlo deck -- generated by sim/error-amp-offset-mc/run_amp_offset_mc.py, do not edit

option SCALE: Scale is set to 1e-06 for instance and model parameters
option SCALE: Scale is set to 1e-06 for instance and model parameters
option SCALE: Scale is set to 1e-06 for instance and model parameters
option SCALE: Scale is set to 1e-06 for instance and model parameters
Doing analysis at TEMP = -40.000000 and TNOM = 27.000000

Using KLU as Direct Linear Solver

No. of Data Rows : 1
vos = -7.64818e-04
vout = 1.214039e+00
dvbe8 = 4.921008e-02
veb8 = 8.449247e-01
dvbe1 = 4.925835e-02
rra = 8.570485e-02
rrb = 1.143540e-02
vgdrv = 1.972739e+00
Reset re-loads circuit * error-amp-offset-mc monte carlo deck -- generated by sim/error-amp-offset-mc/run_amp_offset_mc.py, do not edit

Circuit: * error-amp-offset-mc monte carlo deck -- generated by sim/error-amp-offset-mc/run_amp_offset_mc.py, do not edit

option SCALE: Scale is set to 1e-06 for instance and model parameters
option SCALE: Scale is set to 1e-06 for instance and model parameters
option SCALE: Scale is set to 1e-06 for instance and model parameters
option SCALE: Scale is set to 1e-06 for instance and model parameters
Doing analysis at TEMP = -40.000000 and TNOM = 27.000000

Using KLU as Direct Linear Solver

No. of Data Rows : 1
vos = -3.93981e-04
vout = 1.210649e+00
dvbe8 = 4.902735e-02
veb8 = 8.447600e-01
dvbe1 = 4.993280e-02
rra = 8.530354e-02
rrb = 1.139339e-02
vgdrv = 1.967820e+00
Reset re-loads circuit * error-amp-offset-mc monte carlo deck -- generated by sim/error-amp-offset-mc/run_amp_offset_mc.py, do not edit

Circuit: * error-amp-offset-mc monte carlo deck -- generated by sim/error-amp-offset-mc/run_amp_offset_mc.py, do not edit

option SCALE: Scale is set to 1e-06 for instance and model parameters
option SCALE: Scale is set to 1e-06 for instance and model parameters
option SCALE: Scale is set to 1e-06 for instance and model parameters
option SCALE: Scale is set to 1e-06 for instance and model parameters
Doing analysis at TEMP = -40.000000 and TNOM = 27.000000

Using KLU as Direct Linear Solver
 Reference value :  0.00000e+00
No. of Data Rows : 1
vos = -8.99764e-04
vout = 1.212461e+00
dvbe8 = 4.895749e-02
veb8 = 8.447036e-01
dvbe1 = 5.047560e-02
rra = 8.549058e-02
rrb = 1.143645e-02
vgdrv = 1.972405e+00
Reset re-loads circuit * error-amp-offset-mc monte carlo deck -- generated by sim/error-amp-offset-mc/run_amp_offset_mc.py, do not edit

Circuit: * error-amp-offset-mc monte carlo deck -- generated by sim/error-amp-offset-mc/run_amp_offset_mc.py, do not edit

option SCALE: Scale is set to 1e-06 for instance and model parameters
option SCALE: Scale is set to 1e-06 for instance and model parameters
option SCALE: Scale is set to 1e-06 for instance and model parameters
option SCALE: Scale is set to 1e-06 for instance and model parameters
Doing analysis at TEMP = -40.000000 and TNOM = 27.000000

Using KLU as Direct Linear Solver

No. of Data Rows : 1
vos = 1.028840e-03
vout = 1.194411e+00
dvbe8 = 4.901334e-02
veb8 = 8.447968e-01
dvbe1 = 4.923168e-02
rra = 8.568115e-02
rrb = 1.141578e-02
vgdrv = 1.975271e+00
Reset re-loads circuit * error-amp-offset-mc monte carlo deck -- generated by sim/error-amp-offset-mc/run_amp_offset_mc.py, do not edit

Circuit: * error-amp-offset-mc monte carlo deck -- generated by sim/error-amp-offset-mc/run_amp_offset_mc.py, do not edit

option SCALE: Scale is set to 1e-06 for instance and model parameters
option SCALE: Scale is set to 1e-06 for instance and model parameters
option SCALE: Scale is set to 1e-06 for instance and model parameters
option SCALE: Scale is set to 1e-06 for instance and model parameters
Doing analysis at TEMP = -40.000000 and TNOM = 27.000000

Using KLU as Direct Linear Solver

No. of Data Rows : 1
vos = 4.730714e-04
vout = 1.199534e+00
dvbe8 = 4.886475e-02
veb8 = 8.446366e-01
dvbe1 = 4.969224e-02
rra = 8.540656e-02
rrb = 1.146518e-02
vgdrv = 1.969837e+00
Reset re-loads circuit * error-amp-offset-mc monte carlo deck -- generated by sim/error-amp-offset-mc/run_amp_offset_mc.py, do not edit

Circuit: * error-amp-offset-mc monte carlo deck -- generated by sim/error-amp-offset-mc/run_amp_offset_mc.py, do not edit

option SCALE: Scale is set to 1e-06 for instance and model parameters
option SCALE: Scale is set to 1e-06 for instance and model parameters
option SCALE: Scale is set to 1e-06 for instance and model parameters
option SCALE: Scale is set to 1e-06 for instance and model parameters
Doing analysis at TEMP = -40.000000 and TNOM = 27.000000

Using KLU as Direct Linear Solver
 Reference value :  0.00000e+00
No. of Data Rows : 1
vos = -7.50633e-05
vout = 1.209056e+00
dvbe8 = 4.888490e-02
veb8 = 8.447126e-01
dvbe1 = 4.979742e-02
rra = 8.550929e-02
rrb = 1.145678e-02
vgdrv = 1.972825e+00
Reset re-loads circuit * error-amp-offset-mc monte carlo deck -- generated by sim/error-amp-offset-mc/run_amp_offset_mc.py, do not edit

Circuit: * error-amp-offset-mc monte carlo deck -- generated by sim/error-amp-offset-mc/run_amp_offset_mc.py, do not edit

option SCALE: Scale is set to 1e-06 for instance and model parameters
option SCALE: Scale is set to 1e-06 for instance and model parameters
option SCALE: Scale is set to 1e-06 for instance and model parameters
option SCALE: Scale is set to 1e-06 for instance and model parameters
Doing analysis at TEMP = -40.000000 and TNOM = 27.000000

Using KLU as Direct Linear Solver

No. of Data Rows : 1
vos = 1.156574e-04
vout = 1.203947e+00
dvbe8 = 4.914775e-02
veb8 = 8.449185e-01
dvbe1 = 4.909920e-02
rra = 8.557935e-02
rrb = 1.141320e-02
vgdrv = 1.973810e+00
Reset re-loads circuit * error-amp-offset-mc monte carlo deck -- generated by sim/error-amp-offset-mc/run_amp_offset_mc.py, do not edit

Circuit: * error-amp-offset-mc monte carlo deck -- generated by sim/error-amp-offset-mc/run_amp_offset_mc.py, do not edit

option SCALE: Scale is set to 1e-06 for instance and model parameters
option SCALE: Scale is set to 1e-06 for instance and model parameters
option SCALE: Scale is set to 1e-06 for instance and model parameters
option SCALE: Scale is set to 1e-06 for instance and model parameters
Doing analysis at TEMP = -40.000000 and TNOM = 27.000000

Using KLU as Direct Linear Solver

No. of Data Rows : 1
vos = -1.73796e-06
vout = 1.204380e+00
dvbe8 = 4.892628e-02
veb8 = 8.447168e-01
dvbe1 = 4.969409e-02
rra = 8.548998e-02
rrb = 1.141993e-02
vgdrv = 1.974364e+00
Reset re-loads circuit * error-amp-offset-mc monte carlo deck -- generated by sim/error-amp-offset-mc/run_amp_offset_mc.py, do not edit

Circuit: * error-amp-offset-mc monte carlo deck -- generated by sim/error-amp-offset-mc/run_amp_offset_mc.py, do not edit

option SCALE: Scale is set to 1e-06 for instance and model parameters
option SCALE: Scale is set to 1e-06 for instance and model parameters
option SCALE: Scale is set to 1e-06 for instance and model parameters
option SCALE: Scale is set to 1e-06 for instance and model parameters
Doing analysis at TEMP = -40.000000 and TNOM = 27.000000

Using KLU as Direct Linear Solver

No. of Data Rows : 1
vos = -3.95516e-04
vout = 1.210664e+00
dvbe8 = 4.895003e-02
veb8 = 8.446678e-01
dvbe1 = 4.835195e-02
rra = 8.581095e-02
rrb = 1.145842e-02
vgdrv = 1.970675e+00
Reset re-loads circuit * error-amp-offset-mc monte carlo deck -- generated by sim/error-amp-offset-mc/run_amp_offset_mc.py, do not edit

Circuit: * error-amp-offset-mc monte carlo deck -- generated by sim/error-amp-offset-mc/run_amp_offset_mc.py, do not edit

option SCALE: Scale is set to 1e-06 for instance and model parameters
option SCALE: Scale is set to 1e-06 for instance and model parameters
option SCALE: Scale is set to 1e-06 for instance and model parameters
option SCALE: Scale is set to 1e-06 for instance and model parameters
Doing analysis at TEMP = -40.000000 and TNOM = 27.000000

Using KLU as Direct Linear Solver

No. of Data Rows : 1
vos = -4.52497e-04
vout = 1.208225e+00
dvbe8 = 4.902752e-02
veb8 = 8.447468e-01
dvbe1 = 4.882288e-02
rra = 8.558879e-02
rrb = 1.138471e-02
vgdrv = 1.973859e+00
Reset re-loads circuit * error-amp-offset-mc monte carlo deck -- generated by sim/error-amp-offset-mc/run_amp_offset_mc.py, do not edit

Circuit: * error-amp-offset-mc monte carlo deck -- generated by sim/error-amp-offset-mc/run_amp_offset_mc.py, do not edit

option SCALE: Scale is set to 1e-06 for instance and model parameters
option SCALE: Scale is set to 1e-06 for instance and model parameters
option SCALE: Scale is set to 1e-06 for instance and model parameters
option SCALE: Scale is set to 1e-06 for instance and model parameters
Doing analysis at TEMP = -40.000000 and TNOM = 27.000000

Using KLU as Direct Linear Solver

No. of Data Rows : 1
vos = 8.802813e-04
vout = 1.200694e+00
dvbe8 = 4.893325e-02
veb8 = 8.447318e-01
dvbe1 = 4.936830e-02
rra = 8.550349e-02
rrb = 1.144897e-02
vgdrv = 1.971634e+00
Reset re-loads circuit * error-amp-offset-mc monte carlo deck -- generated by sim/error-amp-offset-mc/run_amp_offset_mc.py, do not edit

Circuit: * error-amp-offset-mc monte carlo deck -- generated by sim/error-amp-offset-mc/run_amp_offset_mc.py, do not edit

option SCALE: Scale is set to 1e-06 for instance and model parameters
option SCALE: Scale is set to 1e-06 for instance and model parameters
option SCALE: Scale is set to 1e-06 for instance and model parameters
option SCALE: Scale is set to 1e-06 for instance and model parameters
Doing analysis at TEMP = -40.000000 and TNOM = 27.000000

Using KLU as Direct Linear Solver
 Reference value :  0.00000e+00
No. of Data Rows : 1
vos = -1.30401e-03
vout = 1.220210e+00
dvbe8 = 4.905512e-02
veb8 = 8.448039e-01
dvbe1 = 4.941395e-02
rra = 8.561117e-02
rrb = 1.139358e-02
vgdrv = 1.970575e+00
Reset re-loads circuit * error-amp-offset-mc monte carlo deck -- generated by sim/error-amp-offset-mc/run_amp_offset_mc.py, do not edit

Circuit: * error-amp-offset-mc monte carlo deck -- generated by sim/error-amp-offset-mc/run_amp_offset_mc.py, do not edit

option SCALE: Scale is set to 1e-06 for instance and model parameters
option SCALE: Scale is set to 1e-06 for instance and model parameters
option SCALE: Scale is set to 1e-06 for instance and model parameters
option SCALE: Scale is set to 1e-06 for instance and model parameters
Doing analysis at TEMP = -40.000000 and TNOM = 27.000000

Using KLU as Direct Linear Solver

No. of Data Rows : 1
vos = -1.36037e-03
vout = 1.219359e+00
dvbe8 = 4.929273e-02
veb8 = 8.450055e-01
dvbe1 = 4.973437e-02
rra = 8.559669e-02
rrb = 1.139918e-02
vgdrv = 1.963570e+00
Reset re-loads circuit * error-amp-offset-mc monte carlo deck -- generated by sim/error-amp-offset-mc/run_amp_offset_mc.py, do not edit

Circuit: * error-amp-offset-mc monte carlo deck -- generated by sim/error-amp-offset-mc/run_amp_offset_mc.py, do not edit

option SCALE: Scale is set to 1e-06 for instance and model parameters
option SCALE: Scale is set to 1e-06 for instance and model parameters
option SCALE: Scale is set to 1e-06 for instance and model parameters
option SCALE: Scale is set to 1e-06 for instance and model parameters
Doing analysis at TEMP = -40.000000 and TNOM = 27.000000

Using KLU as Direct Linear Solver

No. of Data Rows : 1
vos = 3.573682e-04
vout = 1.204591e+00
dvbe8 = 4.914441e-02
veb8 = 8.449077e-01
dvbe1 = 4.960749e-02
rra = 8.564346e-02
rrb = 1.140461e-02
vgdrv = 1.973908e+00
Reset re-loads circuit * error-amp-offset-mc monte carlo deck -- generated by sim/error-amp-offset-mc/run_amp_offset_mc.py, do not edit

Circuit: * error-amp-offset-mc monte carlo deck -- generated by sim/error-amp-offset-mc/run_amp_offset_mc.py, do not edit

option SCALE: Scale is set to 1e-06 for instance and model parameters
option SCALE: Scale is set to 1e-06 for instance and model parameters
option SCALE: Scale is set to 1e-06 for instance and model parameters
option SCALE: Scale is set to 1e-06 for instance and model parameters
Doing analysis at TEMP = -40.000000 and TNOM = 27.000000

Using KLU as Direct Linear Solver

No. of Data Rows : 1
vos = 1.638542e-04
vout = 1.203598e+00
dvbe8 = 4.918763e-02
veb8 = 8.449241e-01
dvbe1 = 4.967876e-02
rra = 8.556255e-02
rrb = 1.146090e-02
vgdrv = 1.973896e+00
Reset re-loads circuit * error-amp-offset-mc monte carlo deck -- generated by sim/error-amp-offset-mc/run_amp_offset_mc.py, do not edit

Circuit: * error-amp-offset-mc monte carlo deck -- generated by sim/error-amp-offset-mc/run_amp_offset_mc.py, do not edit

option SCALE: Scale is set to 1e-06 for instance and model parameters
option SCALE: Scale is set to 1e-06 for instance and model parameters
option SCALE: Scale is set to 1e-06 for instance and model parameters
option SCALE: Scale is set to 1e-06 for instance and model parameters
Doing analysis at TEMP = -40.000000 and TNOM = 27.000000

Using KLU as Direct Linear Solver

No. of Data Rows : 1
vos = -4.32880e-04
vout = 1.214456e+00
dvbe8 = 4.906467e-02
veb8 = 8.447649e-01
dvbe1 = 4.976293e-02
rra = 8.537937e-02
rrb = 1.145664e-02
vgdrv = 1.967173e+00
Reset re-loads circuit * error-amp-offset-mc monte carlo deck -- generated by sim/error-amp-offset-mc/run_amp_offset_mc.py, do not edit

Circuit: * error-amp-offset-mc monte carlo deck -- generated by sim/error-amp-offset-mc/run_amp_offset_mc.py, do not edit

option SCALE: Scale is set to 1e-06 for instance and model parameters
option SCALE: Scale is set to 1e-06 for instance and model parameters
option SCALE: Scale is set to 1e-06 for instance and model parameters
option SCALE: Scale is set to 1e-06 for instance and model parameters
Doing analysis at TEMP = -40.000000 and TNOM = 27.000000

Using KLU as Direct Linear Solver

No. of Data Rows : 1
vos = -3.47406e-04
vout = 1.210419e+00
dvbe8 = 4.916642e-02
veb8 = 8.448928e-01
dvbe1 = 5.001123e-02
rra = 8.539984e-02
rrb = 1.150119e-02
vgdrv = 1.971958e+00
Reset re-loads circuit * error-amp-offset-mc monte carlo deck -- generated by sim/error-amp-offset-mc/run_amp_offset_mc.py, do not edit

Circuit: * error-amp-offset-mc monte carlo deck -- generated by sim/error-amp-offset-mc/run_amp_offset_mc.py, do not edit

option SCALE: Scale is set to 1e-06 for instance and model parameters
option SCALE: Scale is set to 1e-06 for instance and model parameters
option SCALE: Scale is set to 1e-06 for instance and model parameters
option SCALE: Scale is set to 1e-06 for instance and model parameters
Doing analysis at TEMP = -40.000000 and TNOM = 27.000000

Using KLU as Direct Linear Solver
 Reference value :  0.00000e+00
No. of Data Rows : 1
vos = -6.16213e-04
vout = 1.208384e+00
dvbe8 = 4.899685e-02
veb8 = 8.447618e-01
dvbe1 = 4.953467e-02
rra = 8.547247e-02
rrb = 1.140090e-02
vgdrv = 1.967220e+00
Reset re-loads circuit * error-amp-offset-mc monte carlo deck -- generated by sim/error-amp-offset-mc/run_amp_offset_mc.py, do not edit

Circuit: * error-amp-offset-mc monte carlo deck -- generated by sim/error-amp-offset-mc/run_amp_offset_mc.py, do not edit

option SCALE: Scale is set to 1e-06 for instance and model parameters
option SCALE: Scale is set to 1e-06 for instance and model parameters
option SCALE: Scale is set to 1e-06 for instance and model parameters
option SCALE: Scale is set to 1e-06 for instance and model parameters
Doing analysis at TEMP = -40.000000 and TNOM = 27.000000

Using KLU as Direct Linear Solver

No. of Data Rows : 1
vos = 1.187109e-04
vout = 1.205373e+00
dvbe8 = 4.899104e-02
veb8 = 8.448203e-01
dvbe1 = 4.953826e-02
rra = 8.566441e-02
rrb = 1.144642e-02
vgdrv = 1.972640e+00
Reset re-loads circuit * error-amp-offset-mc monte carlo deck -- generated by sim/error-amp-offset-mc/run_amp_offset_mc.py, do not edit

Circuit: * error-amp-offset-mc monte carlo deck -- generated by sim/error-amp-offset-mc/run_amp_offset_mc.py, do not edit

option SCALE: Scale is set to 1e-06 for instance and model parameters
option SCALE: Scale is set to 1e-06 for instance and model parameters
option SCALE: Scale is set to 1e-06 for instance and model parameters
option SCALE: Scale is set to 1e-06 for instance and model parameters
Doing analysis at TEMP = -40.000000 and TNOM = 27.000000

Using KLU as Direct Linear Solver

No. of Data Rows : 1
vos = 4.946539e-04
vout = 1.198539e+00
dvbe8 = 4.914441e-02
veb8 = 8.449318e-01
dvbe1 = 4.919595e-02
rra = 8.571649e-02
rrb = 1.145178e-02
vgdrv = 1.978241e+00
Reset re-loads circuit * error-amp-offset-mc monte carlo deck -- generated by sim/error-amp-offset-mc/run_amp_offset_mc.py, do not edit

Circuit: * error-amp-offset-mc monte carlo deck -- generated by sim/error-amp-offset-mc/run_amp_offset_mc.py, do not edit

option SCALE: Scale is set to 1e-06 for instance and model parameters
option SCALE: Scale is set to 1e-06 for instance and model parameters
option SCALE: Scale is set to 1e-06 for instance and model parameters
option SCALE: Scale is set to 1e-06 for instance and model parameters
Doing analysis at TEMP = -40.000000 and TNOM = 27.000000

Using KLU as Direct Linear Solver

No. of Data Rows : 1
vos = -4.45785e-04
vout = 1.212700e+00
dvbe8 = 4.920732e-02
veb8 = 8.449179e-01
dvbe1 = 4.880185e-02
rra = 8.552326e-02
rrb = 1.149763e-02
vgdrv = 1.970021e+00
Reset re-loads circuit * error-amp-offset-mc monte carlo deck -- generated by sim/error-amp-offset-mc/run_amp_offset_mc.py, do not edit

Circuit: * error-amp-offset-mc monte carlo deck -- generated by sim/error-amp-offset-mc/run_amp_offset_mc.py, do not edit

option SCALE: Scale is set to 1e-06 for instance and model parameters
option SCALE: Scale is set to 1e-06 for instance and model parameters
option SCALE: Scale is set to 1e-06 for instance and model parameters
option SCALE: Scale is set to 1e-06 for instance and model parameters
Doing analysis at TEMP = -40.000000 and TNOM = 27.000000

Using KLU as Direct Linear Solver

No. of Data Rows : 1
vos = 8.962248e-06
vout = 1.203155e+00
dvbe8 = 4.894342e-02
veb8 = 8.447054e-01
dvbe1 = 4.899459e-02
rra = 8.564291e-02
rrb = 1.143842e-02
vgdrv = 1.971196e+00
Reset re-loads circuit * error-amp-offset-mc monte carlo deck -- generated by sim/error-amp-offset-mc/run_amp_offset_mc.py, do not edit

Circuit: * error-amp-offset-mc monte carlo deck -- generated by sim/error-amp-offset-mc/run_amp_offset_mc.py, do not edit

option SCALE: Scale is set to 1e-06 for instance and model parameters
option SCALE: Scale is set to 1e-06 for instance and model parameters
option SCALE: Scale is set to 1e-06 for instance and model parameters
option SCALE: Scale is set to 1e-06 for instance and model parameters
Doing analysis at TEMP = -40.000000 and TNOM = 27.000000

Using KLU as Direct Linear Solver

No. of Data Rows : 1
vos = 2.935507e-04
vout = 1.201235e+00
dvbe8 = 4.889813e-02
veb8 = 8.446351e-01
dvbe1 = 4.983679e-02
rra = 8.543096e-02
rrb = 1.140225e-02
vgdrv = 1.973914e+00
Reset re-loads circuit * error-amp-offset-mc monte carlo deck -- generated by sim/error-amp-offset-mc/run_amp_offset_mc.py, do not edit

Circuit: * error-amp-offset-mc monte carlo deck -- generated by sim/error-amp-offset-mc/run_amp_offset_mc.py, do not edit

option SCALE: Scale is set to 1e-06 for instance and model parameters
option SCALE: Scale is set to 1e-06 for instance and model parameters
option SCALE: Scale is set to 1e-06 for instance and model parameters
option SCALE: Scale is set to 1e-06 for instance and model parameters
Doing analysis at TEMP = -40.000000 and TNOM = 27.000000

Using KLU as Direct Linear Solver
 Reference value :  0.00000e+00
No. of Data Rows : 1
vos = -2.51746e-04
vout = 1.207297e+00
dvbe8 = 4.912196e-02
veb8 = 8.448561e-01
dvbe1 = 4.945704e-02
rra = 8.576529e-02
rrb = 1.141269e-02
vgdrv = 1.976202e+00
Reset re-loads circuit * error-amp-offset-mc monte carlo deck -- generated by sim/error-amp-offset-mc/run_amp_offset_mc.py, do not edit

Circuit: * error-amp-offset-mc monte carlo deck -- generated by sim/error-amp-offset-mc/run_amp_offset_mc.py, do not edit

option SCALE: Scale is set to 1e-06 for instance and model parameters
option SCALE: Scale is set to 1e-06 for instance and model parameters
option SCALE: Scale is set to 1e-06 for instance and model parameters
option SCALE: Scale is set to 1e-06 for instance and model parameters
Doing analysis at TEMP = -40.000000 and TNOM = 27.000000

Using KLU as Direct Linear Solver

No. of Data Rows : 1
vos = -4.77543e-04
vout = 1.213502e+00
dvbe8 = 4.923056e-02
veb8 = 8.449757e-01
dvbe1 = 4.959080e-02
rra = 8.568372e-02
rrb = 1.141498e-02
vgdrv = 1.969011e+00
Reset re-loads circuit * error-amp-offset-mc monte carlo deck -- generated by sim/error-amp-offset-mc/run_amp_offset_mc.py, do not edit

Circuit: * error-amp-offset-mc monte carlo deck -- generated by sim/error-amp-offset-mc/run_amp_offset_mc.py, do not edit

option SCALE: Scale is set to 1e-06 for instance and model parameters
option SCALE: Scale is set to 1e-06 for instance and model parameters
option SCALE: Scale is set to 1e-06 for instance and model parameters
option SCALE: Scale is set to 1e-06 for instance and model parameters
Doing analysis at TEMP = -40.000000 and TNOM = 27.000000

Using KLU as Direct Linear Solver

No. of Data Rows : 1
vos = 3.366785e-04
vout = 1.202155e+00
dvbe8 = 4.892881e-02
veb8 = 8.447714e-01
dvbe1 = 4.885803e-02
rra = 8.555944e-02
rrb = 1.142257e-02
vgdrv = 1.974510e+00
Reset re-loads circuit * error-amp-offset-mc monte carlo deck -- generated by sim/error-amp-offset-mc/run_amp_offset_mc.py, do not edit

Circuit: * error-amp-offset-mc monte carlo deck -- generated by sim/error-amp-offset-mc/run_amp_offset_mc.py, do not edit

option SCALE: Scale is set to 1e-06 for instance and model parameters
option SCALE: Scale is set to 1e-06 for instance and model parameters
option SCALE: Scale is set to 1e-06 for instance and model parameters
option SCALE: Scale is set to 1e-06 for instance and model parameters
Doing analysis at TEMP = -40.000000 and TNOM = 27.000000

Using KLU as Direct Linear Solver

No. of Data Rows : 1
vos = 4.786687e-04
vout = 1.202838e+00
dvbe8 = 4.889494e-02
veb8 = 8.446400e-01
dvbe1 = 4.925067e-02
rra = 8.534186e-02
rrb = 1.146125e-02
vgdrv = 1.977519e+00
Reset re-loads circuit * error-amp-offset-mc monte carlo deck -- generated by sim/error-amp-offset-mc/run_amp_offset_mc.py, do not edit

Circuit: * error-amp-offset-mc monte carlo deck -- generated by sim/error-amp-offset-mc/run_amp_offset_mc.py, do not edit

option SCALE: Scale is set to 1e-06 for instance and model parameters
option SCALE: Scale is set to 1e-06 for instance and model parameters
option SCALE: Scale is set to 1e-06 for instance and model parameters
option SCALE: Scale is set to 1e-06 for instance and model parameters
Doing analysis at TEMP = -40.000000 and TNOM = 27.000000

Using KLU as Direct Linear Solver

No. of Data Rows : 1
vos = 4.362651e-04
vout = 1.202801e+00
dvbe8 = 4.889394e-02
veb8 = 8.446549e-01
dvbe1 = 4.876937e-02
rra = 8.541994e-02
rrb = 1.137888e-02
vgdrv = 1.972614e+00
Reset re-loads circuit * error-amp-offset-mc monte carlo deck -- generated by sim/error-amp-offset-mc/run_amp_offset_mc.py, do not edit

Circuit: * error-amp-offset-mc monte carlo deck -- generated by sim/error-amp-offset-mc/run_amp_offset_mc.py, do not edit

option SCALE: Scale is set to 1e-06 for instance and model parameters
option SCALE: Scale is set to 1e-06 for instance and model parameters
option SCALE: Scale is set to 1e-06 for instance and model parameters
option SCALE: Scale is set to 1e-06 for instance and model parameters
Doing analysis at TEMP = -40.000000 and TNOM = 27.000000

Using KLU as Direct Linear Solver

No. of Data Rows : 1
vos = -5.28602e-04
vout = 1.209281e+00
dvbe8 = 4.900014e-02
veb8 = 8.447501e-01
dvbe1 = 4.974681e-02
rra = 8.559501e-02
rrb = 1.137694e-02
vgdrv = 1.966988e+00
Reset re-loads circuit * error-amp-offset-mc monte carlo deck -- generated by sim/error-amp-offset-mc/run_amp_offset_mc.py, do not edit

Circuit: * error-amp-offset-mc monte carlo deck -- generated by sim/error-amp-offset-mc/run_amp_offset_mc.py, do not edit

option SCALE: Scale is set to 1e-06 for instance and model parameters
option SCALE: Scale is set to 1e-06 for instance and model parameters
option SCALE: Scale is set to 1e-06 for instance and model parameters
option SCALE: Scale is set to 1e-06 for instance and model parameters
Doing analysis at TEMP = -40.000000 and TNOM = 27.000000

Using KLU as Direct Linear Solver
 Reference value :  0.00000e+00
No. of Data Rows : 1
vos = -9.13376e-04
vout = 1.217474e+00
dvbe8 = 4.892335e-02
veb8 = 8.447007e-01
dvbe1 = 4.947900e-02
rra = 8.564242e-02
rrb = 1.140554e-02
vgdrv = 1.970538e+00
Reset re-loads circuit * error-amp-offset-mc monte carlo deck -- generated by sim/error-amp-offset-mc/run_amp_offset_mc.py, do not edit

Circuit: * error-amp-offset-mc monte carlo deck -- generated by sim/error-amp-offset-mc/run_amp_offset_mc.py, do not edit

option SCALE: Scale is set to 1e-06 for instance and model parameters
option SCALE: Scale is set to 1e-06 for instance and model parameters
option SCALE: Scale is set to 1e-06 for instance and model parameters
option SCALE: Scale is set to 1e-06 for instance and model parameters
Doing analysis at TEMP = -40.000000 and TNOM = 27.000000

Using KLU as Direct Linear Solver

No. of Data Rows : 1
vos = 8.667793e-04
vout = 1.196043e+00
dvbe8 = 4.899136e-02
veb8 = 8.448326e-01
dvbe1 = 4.915213e-02
rra = 8.559817e-02
rrb = 1.142443e-02
vgdrv = 1.979680e+00
Reset re-loads circuit * error-amp-offset-mc monte carlo deck -- generated by sim/error-amp-offset-mc/run_amp_offset_mc.py, do not edit

Circuit: * error-amp-offset-mc monte carlo deck -- generated by sim/error-amp-offset-mc/run_amp_offset_mc.py, do not edit

option SCALE: Scale is set to 1e-06 for instance and model parameters
option SCALE: Scale is set to 1e-06 for instance and model parameters
option SCALE: Scale is set to 1e-06 for instance and model parameters
option SCALE: Scale is set to 1e-06 for instance and model parameters
Doing analysis at TEMP = -40.000000 and TNOM = 27.000000

Using KLU as Direct Linear Solver

No. of Data Rows : 1
vos = -4.16798e-04
vout = 1.211479e+00
dvbe8 = 4.888511e-02
veb8 = 8.446482e-01
dvbe1 = 4.982893e-02
rra = 8.567318e-02
rrb = 1.137974e-02
vgdrv = 1.971694e+00
Reset re-loads circuit * error-amp-offset-mc monte carlo deck -- generated by sim/error-amp-offset-mc/run_amp_offset_mc.py, do not edit

Circuit: * error-amp-offset-mc monte carlo deck -- generated by sim/error-amp-offset-mc/run_amp_offset_mc.py, do not edit

option SCALE: Scale is set to 1e-06 for instance and model parameters
option SCALE: Scale is set to 1e-06 for instance and model parameters
option SCALE: Scale is set to 1e-06 for instance and model parameters
option SCALE: Scale is set to 1e-06 for instance and model parameters
Doing analysis at TEMP = -40.000000 and TNOM = 27.000000

Using KLU as Direct Linear Solver

No. of Data Rows : 1
vos = 1.151004e-04
vout = 1.202564e+00
dvbe8 = 4.894899e-02
veb8 = 8.446679e-01
dvbe1 = 4.883553e-02
rra = 8.558912e-02
rrb = 1.150638e-02
vgdrv = 1.971297e+00
Reset re-loads circuit * error-amp-offset-mc monte carlo deck -- generated by sim/error-amp-offset-mc/run_amp_offset_mc.py, do not edit

Circuit: * error-amp-offset-mc monte carlo deck -- generated by sim/error-amp-offset-mc/run_amp_offset_mc.py, do not edit

option SCALE: Scale is set to 1e-06 for instance and model parameters
option SCALE: Scale is set to 1e-06 for instance and model parameters
option SCALE: Scale is set to 1e-06 for instance and model parameters
option SCALE: Scale is set to 1e-06 for instance and model parameters
Doing analysis at TEMP = -40.000000 and TNOM = 27.000000

Using KLU as Direct Linear Solver

No. of Data Rows : 1
vos = 1.133035e-04
vout = 1.204480e+00
dvbe8 = 4.908231e-02
veb8 = 8.448128e-01
dvbe1 = 5.002563e-02
rra = 8.546141e-02
rrb = 1.140068e-02
vgdrv = 1.971817e+00
Reset re-loads circuit * error-amp-offset-mc monte carlo deck -- generated by sim/error-amp-offset-mc/run_amp_offset_mc.py, do not edit

Circuit: * error-amp-offset-mc monte carlo deck -- generated by sim/error-amp-offset-mc/run_amp_offset_mc.py, do not edit

option SCALE: Scale is set to 1e-06 for instance and model parameters
option SCALE: Scale is set to 1e-06 for instance and model parameters
option SCALE: Scale is set to 1e-06 for instance and model parameters
option SCALE: Scale is set to 1e-06 for instance and model parameters
Doing analysis at TEMP = -40.000000 and TNOM = 27.000000

Using KLU as Direct Linear Solver
 Reference value :  0.00000e+00
No. of Data Rows : 1
vos = -1.14354e-05
vout = 1.203862e+00
dvbe8 = 4.900967e-02
veb8 = 8.447423e-01
dvbe1 = 5.003691e-02
rra = 8.551056e-02
rrb = 1.144189e-02
vgdrv = 1.972338e+00
Reset re-loads circuit * error-amp-offset-mc monte carlo deck -- generated by sim/error-amp-offset-mc/run_amp_offset_mc.py, do not edit

Circuit: * error-amp-offset-mc monte carlo deck -- generated by sim/error-amp-offset-mc/run_amp_offset_mc.py, do not edit

option SCALE: Scale is set to 1e-06 for instance and model parameters
option SCALE: Scale is set to 1e-06 for instance and model parameters
option SCALE: Scale is set to 1e-06 for instance and model parameters
option SCALE: Scale is set to 1e-06 for instance and model parameters
Doing analysis at TEMP = -40.000000 and TNOM = 27.000000

Using KLU as Direct Linear Solver

No. of Data Rows : 1
vos = -4.81765e-04
vout = 1.211851e+00
dvbe8 = 4.906624e-02
veb8 = 8.448088e-01
dvbe1 = 4.923312e-02
rra = 8.575940e-02
rrb = 1.150995e-02
vgdrv = 1.970258e+00
Reset re-loads circuit * error-amp-offset-mc monte carlo deck -- generated by sim/error-amp-offset-mc/run_amp_offset_mc.py, do not edit

Circuit: * error-amp-offset-mc monte carlo deck -- generated by sim/error-amp-offset-mc/run_amp_offset_mc.py, do not edit

option SCALE: Scale is set to 1e-06 for instance and model parameters
option SCALE: Scale is set to 1e-06 for instance and model parameters
option SCALE: Scale is set to 1e-06 for instance and model parameters
option SCALE: Scale is set to 1e-06 for instance and model parameters
Doing analysis at TEMP = -40.000000 and TNOM = 27.000000

Using KLU as Direct Linear Solver

No. of Data Rows : 1
vos = 3.817661e-05
vout = 1.206599e+00
dvbe8 = 4.898832e-02
veb8 = 8.447722e-01
dvbe1 = 4.938571e-02
rra = 8.543713e-02
rrb = 1.142577e-02
vgdrv = 1.973526e+00
Reset re-loads circuit * error-amp-offset-mc monte carlo deck -- generated by sim/error-amp-offset-mc/run_amp_offset_mc.py, do not edit

Circuit: * error-amp-offset-mc monte carlo deck -- generated by sim/error-amp-offset-mc/run_amp_offset_mc.py, do not edit

option SCALE: Scale is set to 1e-06 for instance and model parameters
option SCALE: Scale is set to 1e-06 for instance and model parameters
option SCALE: Scale is set to 1e-06 for instance and model parameters
option SCALE: Scale is set to 1e-06 for instance and model parameters
Doing analysis at TEMP = -40.000000 and TNOM = 27.000000

Using KLU as Direct Linear Solver

No. of Data Rows : 1
vos = -6.04085e-04
vout = 1.213515e+00
dvbe8 = 4.890240e-02
veb8 = 8.446283e-01
dvbe1 = 4.993502e-02
rra = 8.547037e-02
rrb = 1.137513e-02
vgdrv = 1.970299e+00
Reset re-loads circuit * error-amp-offset-mc monte carlo deck -- generated by sim/error-amp-offset-mc/run_amp_offset_mc.py, do not edit

Circuit: * error-amp-offset-mc monte carlo deck -- generated by sim/error-amp-offset-mc/run_amp_offset_mc.py, do not edit

option SCALE: Scale is set to 1e-06 for instance and model parameters
option SCALE: Scale is set to 1e-06 for instance and model parameters
option SCALE: Scale is set to 1e-06 for instance and model parameters
option SCALE: Scale is set to 1e-06 for instance and model parameters
Doing analysis at TEMP = -40.000000 and TNOM = 27.000000

Using KLU as Direct Linear Solver

No. of Data Rows : 1
vos = 1.189109e-03
vout = 1.195632e+00
dvbe8 = 4.921112e-02
veb8 = 8.449943e-01
dvbe1 = 4.955691e-02
rra = 8.577115e-02
rrb = 1.143409e-02
vgdrv = 1.977761e+00
Reset re-loads circuit * error-amp-offset-mc monte carlo deck -- generated by sim/error-amp-offset-mc/run_amp_offset_mc.py, do not edit

Circuit: * error-amp-offset-mc monte carlo deck -- generated by sim/error-amp-offset-mc/run_amp_offset_mc.py, do not edit

option SCALE: Scale is set to 1e-06 for instance and model parameters
option SCALE: Scale is set to 1e-06 for instance and model parameters
option SCALE: Scale is set to 1e-06 for instance and model parameters
option SCALE: Scale is set to 1e-06 for instance and model parameters
Doing analysis at TEMP = -40.000000 and TNOM = 27.000000

Using KLU as Direct Linear Solver

No. of Data Rows : 1
vos = 5.261430e-04
vout = 1.201046e+00
dvbe8 = 4.924255e-02
veb8 = 8.450065e-01
dvbe1 = 5.034518e-02
rra = 8.544889e-02
rrb = 1.143979e-02
vgdrv = 1.974632e+00
Reset re-loads circuit * error-amp-offset-mc monte carlo deck -- generated by sim/error-amp-offset-mc/run_amp_offset_mc.py, do not edit

Circuit: * error-amp-offset-mc monte carlo deck -- generated by sim/error-amp-offset-mc/run_amp_offset_mc.py, do not edit

option SCALE: Scale is set to 1e-06 for instance and model parameters
option SCALE: Scale is set to 1e-06 for instance and model parameters
option SCALE: Scale is set to 1e-06 for instance and model parameters
option SCALE: Scale is set to 1e-06 for instance and model parameters
Doing analysis at TEMP = -40.000000 and TNOM = 27.000000

Using KLU as Direct Linear Solver
 Reference value :  0.00000e+00
No. of Data Rows : 1
vos = 7.253252e-04
vout = 1.199805e+00
dvbe8 = 4.926185e-02
veb8 = 8.450010e-01
dvbe1 = 4.963835e-02
rra = 8.544056e-02
rrb = 1.133844e-02
vgdrv = 1.975049e+00
Reset re-loads circuit * error-amp-offset-mc monte carlo deck -- generated by sim/error-amp-offset-mc/run_amp_offset_mc.py, do not edit

Circuit: * error-amp-offset-mc monte carlo deck -- generated by sim/error-amp-offset-mc/run_amp_offset_mc.py, do not edit

option SCALE: Scale is set to 1e-06 for instance and model parameters
option SCALE: Scale is set to 1e-06 for instance and model parameters
option SCALE: Scale is set to 1e-06 for instance and model parameters
option SCALE: Scale is set to 1e-06 for instance and model parameters
Doing analysis at TEMP = -40.000000 and TNOM = 27.000000

Using KLU as Direct Linear Solver

No. of Data Rows : 1
vos = 3.328973e-04
vout = 1.203566e+00
dvbe8 = 4.916795e-02
veb8 = 8.449096e-01
dvbe1 = 4.950203e-02
rra = 8.572387e-02
rrb = 1.136636e-02
vgdrv = 1.971243e+00
Reset re-loads circuit * error-amp-offset-mc monte carlo deck -- generated by sim/error-amp-offset-mc/run_amp_offset_mc.py, do not edit

Circuit: * error-amp-offset-mc monte carlo deck -- generated by sim/error-amp-offset-mc/run_amp_offset_mc.py, do not edit

option SCALE: Scale is set to 1e-06 for instance and model parameters
option SCALE: Scale is set to 1e-06 for instance and model parameters
option SCALE: Scale is set to 1e-06 for instance and model parameters
option SCALE: Scale is set to 1e-06 for instance and model parameters
Doing analysis at TEMP = -40.000000 and TNOM = 27.000000

Using KLU as Direct Linear Solver

No. of Data Rows : 1
vos = -5.17236e-04
vout = 1.211285e+00
dvbe8 = 4.919934e-02
veb8 = 8.449355e-01
dvbe1 = 5.008547e-02
rra = 8.555261e-02
rrb = 1.140866e-02
vgdrv = 1.966003e+00
Reset re-loads circuit * error-amp-offset-mc monte carlo deck -- generated by sim/error-amp-offset-mc/run_amp_offset_mc.py, do not edit

Circuit: * error-amp-offset-mc monte carlo deck -- generated by sim/error-amp-offset-mc/run_amp_offset_mc.py, do not edit

option SCALE: Scale is set to 1e-06 for instance and model parameters
option SCALE: Scale is set to 1e-06 for instance and model parameters
option SCALE: Scale is set to 1e-06 for instance and model parameters
option SCALE: Scale is set to 1e-06 for instance and model parameters
Doing analysis at TEMP = -40.000000 and TNOM = 27.000000

Using KLU as Direct Linear Solver

No. of Data Rows : 1
vos = 7.298745e-04
vout = 1.199488e+00
dvbe8 = 4.922417e-02
veb8 = 8.450175e-01
dvbe1 = 4.886470e-02
rra = 8.565370e-02
rrb = 1.138490e-02
vgdrv = 1.976694e+00
Reset re-loads circuit * error-amp-offset-mc monte carlo deck -- generated by sim/error-amp-offset-mc/run_amp_offset_mc.py, do not edit

Circuit: * error-amp-offset-mc monte carlo deck -- generated by sim/error-amp-offset-mc/run_amp_offset_mc.py, do not edit

option SCALE: Scale is set to 1e-06 for instance and model parameters
option SCALE: Scale is set to 1e-06 for instance and model parameters
option SCALE: Scale is set to 1e-06 for instance and model parameters
option SCALE: Scale is set to 1e-06 for instance and model parameters
Doing analysis at TEMP = -40.000000 and TNOM = 27.000000

Using KLU as Direct Linear Solver

No. of Data Rows : 1
vos = -7.08586e-04
vout = 1.213429e+00
dvbe8 = 4.911376e-02
veb8 = 8.449290e-01
dvbe1 = 4.944622e-02
rra = 8.559760e-02
rrb = 1.145105e-02
vgdrv = 1.970292e+00
Reset re-loads circuit * error-amp-offset-mc monte carlo deck -- generated by sim/error-amp-offset-mc/run_amp_offset_mc.py, do not edit

Circuit: * error-amp-offset-mc monte carlo deck -- generated by sim/error-amp-offset-mc/run_amp_offset_mc.py, do not edit

option SCALE: Scale is set to 1e-06 for instance and model parameters
option SCALE: Scale is set to 1e-06 for instance and model parameters
option SCALE: Scale is set to 1e-06 for instance and model parameters
option SCALE: Scale is set to 1e-06 for instance and model parameters
Doing analysis at TEMP = -40.000000 and TNOM = 27.000000

Using KLU as Direct Linear Solver
 Reference value :  0.00000e+00
No. of Data Rows : 1
vos = -1.22756e-03
vout = 1.217471e+00
dvbe8 = 4.897743e-02
veb8 = 8.447462e-01
dvbe1 = 4.977461e-02
rra = 8.551551e-02
rrb = 1.147342e-02
vgdrv = 1.968053e+00
Reset re-loads circuit * error-amp-offset-mc monte carlo deck -- generated by sim/error-amp-offset-mc/run_amp_offset_mc.py, do not edit

Circuit: * error-amp-offset-mc monte carlo deck -- generated by sim/error-amp-offset-mc/run_amp_offset_mc.py, do not edit

option SCALE: Scale is set to 1e-06 for instance and model parameters
option SCALE: Scale is set to 1e-06 for instance and model parameters
option SCALE: Scale is set to 1e-06 for instance and model parameters
option SCALE: Scale is set to 1e-06 for instance and model parameters
Doing analysis at TEMP = -40.000000 and TNOM = 27.000000

Using KLU as Direct Linear Solver

No. of Data Rows : 1
vos = 2.719309e-04
vout = 1.202658e+00
dvbe8 = 4.880042e-02
veb8 = 8.446124e-01
dvbe1 = 4.887252e-02
rra = 8.553535e-02
rrb = 1.143375e-02
vgdrv = 1.975725e+00
Reset re-loads circuit * error-amp-offset-mc monte carlo deck -- generated by sim/error-amp-offset-mc/run_amp_offset_mc.py, do not edit

Circuit: * error-amp-offset-mc monte carlo deck -- generated by sim/error-amp-offset-mc/run_amp_offset_mc.py, do not edit

option SCALE: Scale is set to 1e-06 for instance and model parameters
option SCALE: Scale is set to 1e-06 for instance and model parameters
option SCALE: Scale is set to 1e-06 for instance and model parameters
option SCALE: Scale is set to 1e-06 for instance and model parameters
Doing analysis at TEMP = -40.000000 and TNOM = 27.000000

Using KLU as Direct Linear Solver

No. of Data Rows : 1
vos = -4.99411e-04
vout = 1.213463e+00
dvbe8 = 4.899305e-02
veb8 = 8.447602e-01
dvbe1 = 4.925920e-02
rra = 8.547178e-02
rrb = 1.142403e-02
vgdrv = 1.970528e+00
Reset re-loads circuit * error-amp-offset-mc monte carlo deck -- generated by sim/error-amp-offset-mc/run_amp_offset_mc.py, do not edit

Circuit: * error-amp-offset-mc monte carlo deck -- generated by sim/error-amp-offset-mc/run_amp_offset_mc.py, do not edit

option SCALE: Scale is set to 1e-06 for instance and model parameters
option SCALE: Scale is set to 1e-06 for instance and model parameters
option SCALE: Scale is set to 1e-06 for instance and model parameters
option SCALE: Scale is set to 1e-06 for instance and model parameters
Doing analysis at TEMP = -40.000000 and TNOM = 27.000000

Using KLU as Direct Linear Solver

No. of Data Rows : 1
vos = -1.33024e-03
vout = 1.216750e+00
dvbe8 = 4.917813e-02
veb8 = 8.449058e-01
dvbe1 = 4.920568e-02
rra = 8.573964e-02
rrb = 1.141541e-02
vgdrv = 1.969166e+00
Reset re-loads circuit * error-amp-offset-mc monte carlo deck -- generated by sim/error-amp-offset-mc/run_amp_offset_mc.py, do not edit

Circuit: * error-amp-offset-mc monte carlo deck -- generated by sim/error-amp-offset-mc/run_amp_offset_mc.py, do not edit

option SCALE: Scale is set to 1e-06 for instance and model parameters
option SCALE: Scale is set to 1e-06 for instance and model parameters
option SCALE: Scale is set to 1e-06 for instance and model parameters
option SCALE: Scale is set to 1e-06 for instance and model parameters
Doing analysis at TEMP = -40.000000 and TNOM = 27.000000

Using KLU as Direct Linear Solver

No. of Data Rows : 1
vos = -7.98754e-04
vout = 1.214582e+00
dvbe8 = 4.915704e-02
veb8 = 8.448891e-01
dvbe1 = 4.977832e-02
rra = 8.554105e-02
rrb = 1.148694e-02
vgdrv = 1.969635e+00
Reset re-loads circuit * error-amp-offset-mc monte carlo deck -- generated by sim/error-amp-offset-mc/run_amp_offset_mc.py, do not edit

Circuit: * error-amp-offset-mc monte carlo deck -- generated by sim/error-amp-offset-mc/run_amp_offset_mc.py, do not edit

option SCALE: Scale is set to 1e-06 for instance and model parameters
option SCALE: Scale is set to 1e-06 for instance and model parameters
option SCALE: Scale is set to 1e-06 for instance and model parameters
option SCALE: Scale is set to 1e-06 for instance and model parameters
Doing analysis at TEMP = -40.000000 and TNOM = 27.000000

Using KLU as Direct Linear Solver
 Reference value :  0.00000e+00
No. of Data Rows : 1
vos = 9.050635e-06
vout = 1.206262e+00
dvbe8 = 4.899583e-02
veb8 = 8.447459e-01
dvbe1 = 4.931785e-02
rra = 8.560174e-02
rrb = 1.145530e-02
vgdrv = 1.968216e+00
Reset re-loads circuit * error-amp-offset-mc monte carlo deck -- generated by sim/error-amp-offset-mc/run_amp_offset_mc.py, do not edit

Circuit: * error-amp-offset-mc monte carlo deck -- generated by sim/error-amp-offset-mc/run_amp_offset_mc.py, do not edit

option SCALE: Scale is set to 1e-06 for instance and model parameters
option SCALE: Scale is set to 1e-06 for instance and model parameters
option SCALE: Scale is set to 1e-06 for instance and model parameters
option SCALE: Scale is set to 1e-06 for instance and model parameters
Doing analysis at TEMP = -40.000000 and TNOM = 27.000000

Using KLU as Direct Linear Solver

No. of Data Rows : 1
vos = -3.80424e-05
vout = 1.206203e+00
dvbe8 = 4.896741e-02
veb8 = 8.447494e-01
dvbe1 = 4.938955e-02
rra = 8.563703e-02
rrb = 1.145949e-02
vgdrv = 1.966859e+00
Reset re-loads circuit * error-amp-offset-mc monte carlo deck -- generated by sim/error-amp-offset-mc/run_amp_offset_mc.py, do not edit

Circuit: * error-amp-offset-mc monte carlo deck -- generated by sim/error-amp-offset-mc/run_amp_offset_mc.py, do not edit

option SCALE: Scale is set to 1e-06 for instance and model parameters
option SCALE: Scale is set to 1e-06 for instance and model parameters
option SCALE: Scale is set to 1e-06 for instance and model parameters
option SCALE: Scale is set to 1e-06 for instance and model parameters
Doing analysis at TEMP = -40.000000 and TNOM = 27.000000

Using KLU as Direct Linear Solver

No. of Data Rows : 1
vos = 2.559523e-04
vout = 1.203210e+00
dvbe8 = 4.901577e-02
veb8 = 8.447960e-01
dvbe1 = 4.970585e-02
rra = 8.557365e-02
rrb = 1.137564e-02
vgdrv = 1.974521e+00
Reset re-loads circuit * error-amp-offset-mc monte carlo deck -- generated by sim/error-amp-offset-mc/run_amp_offset_mc.py, do not edit

Circuit: * error-amp-offset-mc monte carlo deck -- generated by sim/error-amp-offset-mc/run_amp_offset_mc.py, do not edit

option SCALE: Scale is set to 1e-06 for instance and model parameters
option SCALE: Scale is set to 1e-06 for instance and model parameters
option SCALE: Scale is set to 1e-06 for instance and model parameters
option SCALE: Scale is set to 1e-06 for instance and model parameters
Doing analysis at TEMP = -40.000000 and TNOM = 27.000000

Using KLU as Direct Linear Solver

No. of Data Rows : 1
vos = 6.380013e-04
vout = 1.200274e+00
dvbe8 = 4.897552e-02
veb8 = 8.447439e-01
dvbe1 = 4.904906e-02
rra = 8.576613e-02
rrb = 1.133170e-02
vgdrv = 1.971446e+00
Reset re-loads circuit * error-amp-offset-mc monte carlo deck -- generated by sim/error-amp-offset-mc/run_amp_offset_mc.py, do not edit

Circuit: * error-amp-offset-mc monte carlo deck -- generated by sim/error-amp-offset-mc/run_amp_offset_mc.py, do not edit

option SCALE: Scale is set to 1e-06 for instance and model parameters
option SCALE: Scale is set to 1e-06 for instance and model parameters
option SCALE: Scale is set to 1e-06 for instance and model parameters
option SCALE: Scale is set to 1e-06 for instance and model parameters
Doing analysis at TEMP = -40.000000 and TNOM = 27.000000

Using KLU as Direct Linear Solver

No. of Data Rows : 1
vos = -4.30665e-04
vout = 1.211709e+00
dvbe8 = 4.908899e-02
veb8 = 8.448374e-01
dvbe1 = 4.927256e-02
rra = 8.579256e-02
rrb = 1.141027e-02
vgdrv = 1.973882e+00
Reset re-loads circuit * error-amp-offset-mc monte carlo deck -- generated by sim/error-amp-offset-mc/run_amp_offset_mc.py, do not edit

Circuit: * error-amp-offset-mc monte carlo deck -- generated by sim/error-amp-offset-mc/run_amp_offset_mc.py, do not edit

option SCALE: Scale is set to 1e-06 for instance and model parameters
option SCALE: Scale is set to 1e-06 for instance and model parameters
option SCALE: Scale is set to 1e-06 for instance and model parameters
option SCALE: Scale is set to 1e-06 for instance and model parameters
Doing analysis at TEMP = -40.000000 and TNOM = 27.000000

Using KLU as Direct Linear Solver
 Reference value :  0.00000e+00
No. of Data Rows : 1
vos = -8.92223e-04
vout = 1.215072e+00
dvbe8 = 4.909524e-02
veb8 = 8.448282e-01
dvbe1 = 4.907928e-02
rra = 8.557569e-02
rrb = 1.135798e-02
vgdrv = 1.971981e+00
Reset re-loads circuit * error-amp-offset-mc monte carlo deck -- generated by sim/error-amp-offset-mc/run_amp_offset_mc.py, do not edit

Circuit: * error-amp-offset-mc monte carlo deck -- generated by sim/error-amp-offset-mc/run_amp_offset_mc.py, do not edit

option SCALE: Scale is set to 1e-06 for instance and model parameters
option SCALE: Scale is set to 1e-06 for instance and model parameters
option SCALE: Scale is set to 1e-06 for instance and model parameters
option SCALE: Scale is set to 1e-06 for instance and model parameters
Doing analysis at TEMP = -40.000000 and TNOM = 27.000000

Using KLU as Direct Linear Solver

No. of Data Rows : 1
vos = -3.33029e-04
vout = 1.208490e+00
dvbe8 = 4.907653e-02
veb8 = 8.447787e-01
dvbe1 = 4.970647e-02
rra = 8.550857e-02
rrb = 1.133630e-02
vgdrv = 1.971868e+00
Reset re-loads circuit * error-amp-offset-mc monte carlo deck -- generated by sim/error-amp-offset-mc/run_amp_offset_mc.py, do not edit

Circuit: * error-amp-offset-mc monte carlo deck -- generated by sim/error-amp-offset-mc/run_amp_offset_mc.py, do not edit

option SCALE: Scale is set to 1e-06 for instance and model parameters
option SCALE: Scale is set to 1e-06 for instance and model parameters
option SCALE: Scale is set to 1e-06 for instance and model parameters
option SCALE: Scale is set to 1e-06 for instance and model parameters
Doing analysis at TEMP = -40.000000 and TNOM = 27.000000

Using KLU as Direct Linear Solver

No. of Data Rows : 1
vos = 4.248605e-04
vout = 1.205207e+00
dvbe8 = 4.916595e-02
veb8 = 8.449215e-01
dvbe1 = 4.871370e-02
rra = 8.559717e-02
rrb = 1.138099e-02
vgdrv = 1.970679e+00
Reset re-loads circuit * error-amp-offset-mc monte carlo deck -- generated by sim/error-amp-offset-mc/run_amp_offset_mc.py, do not edit

Circuit: * error-amp-offset-mc monte carlo deck -- generated by sim/error-amp-offset-mc/run_amp_offset_mc.py, do not edit

option SCALE: Scale is set to 1e-06 for instance and model parameters
option SCALE: Scale is set to 1e-06 for instance and model parameters
option SCALE: Scale is set to 1e-06 for instance and model parameters
option SCALE: Scale is set to 1e-06 for instance and model parameters
Doing analysis at TEMP = -40.000000 and TNOM = 27.000000

Using KLU as Direct Linear Solver

No. of Data Rows : 1
vos = 3.460673e-04
vout = 1.201242e+00
dvbe8 = 4.926403e-02
veb8 = 8.450086e-01
dvbe1 = 4.965127e-02
rra = 8.569024e-02
rrb = 1.136531e-02
vgdrv = 1.973351e+00
Reset re-loads circuit * error-amp-offset-mc monte carlo deck -- generated by sim/error-amp-offset-mc/run_amp_offset_mc.py, do not edit

Circuit: * error-amp-offset-mc monte carlo deck -- generated by sim/error-amp-offset-mc/run_amp_offset_mc.py, do not edit

option SCALE: Scale is set to 1e-06 for instance and model parameters
option SCALE: Scale is set to 1e-06 for instance and model parameters
option SCALE: Scale is set to 1e-06 for instance and model parameters
option SCALE: Scale is set to 1e-06 for instance and model parameters
Doing analysis at TEMP = -40.000000 and TNOM = 27.000000

Using KLU as Direct Linear Solver

No. of Data Rows : 1
vos = 7.407605e-04
vout = 1.200935e+00
dvbe8 = 4.901634e-02
veb8 = 8.447639e-01
dvbe1 = 4.934932e-02
rra = 8.536187e-02
rrb = 1.143754e-02
vgdrv = 1.976889e+00
Reset re-loads circuit * error-amp-offset-mc monte carlo deck -- generated by sim/error-amp-offset-mc/run_amp_offset_mc.py, do not edit

Circuit: * error-amp-offset-mc monte carlo deck -- generated by sim/error-amp-offset-mc/run_amp_offset_mc.py, do not edit

option SCALE: Scale is set to 1e-06 for instance and model parameters
option SCALE: Scale is set to 1e-06 for instance and model parameters
option SCALE: Scale is set to 1e-06 for instance and model parameters
option SCALE: Scale is set to 1e-06 for instance and model parameters
Doing analysis at TEMP = -40.000000 and TNOM = 27.000000

Using KLU as Direct Linear Solver
 Reference value :  0.00000e+00
No. of Data Rows : 1
vos = -6.23043e-04
vout = 1.214511e+00
dvbe8 = 4.898956e-02
veb8 = 8.447401e-01
dvbe1 = 5.005384e-02
rra = 8.544535e-02
rrb = 1.143888e-02
vgdrv = 1.969956e+00
Reset re-loads circuit * error-amp-offset-mc monte carlo deck -- generated by sim/error-amp-offset-mc/run_amp_offset_mc.py, do not edit

Circuit: * error-amp-offset-mc monte carlo deck -- generated by sim/error-amp-offset-mc/run_amp_offset_mc.py, do not edit

option SCALE: Scale is set to 1e-06 for instance and model parameters
option SCALE: Scale is set to 1e-06 for instance and model parameters
option SCALE: Scale is set to 1e-06 for instance and model parameters
option SCALE: Scale is set to 1e-06 for instance and model parameters
Doing analysis at TEMP = -40.000000 and TNOM = 27.000000

Using KLU as Direct Linear Solver

No. of Data Rows : 1
vos = 3.458475e-04
vout = 1.203250e+00
dvbe8 = 4.916936e-02
veb8 = 8.449399e-01
dvbe1 = 5.106131e-02
rra = 8.559573e-02
rrb = 1.143045e-02
vgdrv = 1.977234e+00
Reset re-loads circuit * error-amp-offset-mc monte carlo deck -- generated by sim/error-amp-offset-mc/run_amp_offset_mc.py, do not edit

Circuit: * error-amp-offset-mc monte carlo deck -- generated by sim/error-amp-offset-mc/run_amp_offset_mc.py, do not edit

option SCALE: Scale is set to 1e-06 for instance and model parameters
option SCALE: Scale is set to 1e-06 for instance and model parameters
option SCALE: Scale is set to 1e-06 for instance and model parameters
option SCALE: Scale is set to 1e-06 for instance and model parameters
Doing analysis at TEMP = -40.000000 and TNOM = 27.000000

Using KLU as Direct Linear Solver

No. of Data Rows : 1
vos = -5.05614e-04
vout = 1.213132e+00
dvbe8 = 4.930854e-02
veb8 = 8.450421e-01
dvbe1 = 5.051434e-02
rra = 8.567856e-02
rrb = 1.139357e-02
vgdrv = 1.970965e+00
Reset re-loads circuit * error-amp-offset-mc monte carlo deck -- generated by sim/error-amp-offset-mc/run_amp_offset_mc.py, do not edit

Circuit: * error-amp-offset-mc monte carlo deck -- generated by sim/error-amp-offset-mc/run_amp_offset_mc.py, do not edit

option SCALE: Scale is set to 1e-06 for instance and model parameters
option SCALE: Scale is set to 1e-06 for instance and model parameters
option SCALE: Scale is set to 1e-06 for instance and model parameters
option SCALE: Scale is set to 1e-06 for instance and model parameters
Doing analysis at TEMP = -40.000000 and TNOM = 27.000000

Using KLU as Direct Linear Solver

No. of Data Rows : 1
vos = -5.89149e-04
vout = 1.211514e+00
dvbe8 = 4.901744e-02
veb8 = 8.448040e-01
dvbe1 = 4.938519e-02
rra = 8.541375e-02
rrb = 1.138900e-02
vgdrv = 1.970160e+00
Reset re-loads circuit * error-amp-offset-mc monte carlo deck -- generated by sim/error-amp-offset-mc/run_amp_offset_mc.py, do not edit

Circuit: * error-amp-offset-mc monte carlo deck -- generated by sim/error-amp-offset-mc/run_amp_offset_mc.py, do not edit

option SCALE: Scale is set to 1e-06 for instance and model parameters
option SCALE: Scale is set to 1e-06 for instance and model parameters
option SCALE: Scale is set to 1e-06 for instance and model parameters
option SCALE: Scale is set to 1e-06 for instance and model parameters
Doing analysis at TEMP = -40.000000 and TNOM = 27.000000

Using KLU as Direct Linear Solver

No. of Data Rows : 1
vos = -8.17878e-06
vout = 1.203850e+00
dvbe8 = 4.902076e-02
veb8 = 8.447764e-01
dvbe1 = 4.917981e-02
rra = 8.571117e-02
rrb = 1.148089e-02
vgdrv = 1.972314e+00
Reset re-loads circuit * error-amp-offset-mc monte carlo deck -- generated by sim/error-amp-offset-mc/run_amp_offset_mc.py, do not edit

Circuit: * error-amp-offset-mc monte carlo deck -- generated by sim/error-amp-offset-mc/run_amp_offset_mc.py, do not edit

option SCALE: Scale is set to 1e-06 for instance and model parameters
option SCALE: Scale is set to 1e-06 for instance and model parameters
option SCALE: Scale is set to 1e-06 for instance and model parameters
option SCALE: Scale is set to 1e-06 for instance and model parameters
Doing analysis at TEMP = -40.000000 and TNOM = 27.000000

Using KLU as Direct Linear Solver
 Reference value :  0.00000e+00
No. of Data Rows : 1
vos = 3.743362e-04
vout = 1.204754e+00
dvbe8 = 4.886216e-02
veb8 = 8.446456e-01
dvbe1 = 4.919771e-02
rra = 8.559750e-02
rrb = 1.146601e-02
vgdrv = 1.975086e+00
Reset re-loads circuit * error-amp-offset-mc monte carlo deck -- generated by sim/error-amp-offset-mc/run_amp_offset_mc.py, do not edit

Circuit: * error-amp-offset-mc monte carlo deck -- generated by sim/error-amp-offset-mc/run_amp_offset_mc.py, do not edit

option SCALE: Scale is set to 1e-06 for instance and model parameters
option SCALE: Scale is set to 1e-06 for instance and model parameters
option SCALE: Scale is set to 1e-06 for instance and model parameters
option SCALE: Scale is set to 1e-06 for instance and model parameters
Doing analysis at TEMP = -40.000000 and TNOM = 27.000000

Using KLU as Direct Linear Solver

No. of Data Rows : 1
vos = -7.33862e-04
vout = 1.214955e+00
dvbe8 = 4.925320e-02
veb8 = 8.450029e-01
dvbe1 = 4.980563e-02
rra = 8.553831e-02
rrb = 1.148448e-02
vgdrv = 1.966012e+00
Reset re-loads circuit * error-amp-offset-mc monte carlo deck -- generated by sim/error-amp-offset-mc/run_amp_offset_mc.py, do not edit

Circuit: * error-amp-offset-mc monte carlo deck -- generated by sim/error-amp-offset-mc/run_amp_offset_mc.py, do not edit

option SCALE: Scale is set to 1e-06 for instance and model parameters
option SCALE: Scale is set to 1e-06 for instance and model parameters
option SCALE: Scale is set to 1e-06 for instance and model parameters
option SCALE: Scale is set to 1e-06 for instance and model parameters
Doing analysis at TEMP = -40.000000 and TNOM = 27.000000

Using KLU as Direct Linear Solver

No. of Data Rows : 1
vos = -4.78003e-04
vout = 1.207816e+00
dvbe8 = 4.893582e-02
veb8 = 8.447506e-01
dvbe1 = 4.944658e-02
rra = 8.564525e-02
rrb = 1.142913e-02
vgdrv = 1.970746e+00
Reset re-loads circuit * error-amp-offset-mc monte carlo deck -- generated by sim/error-amp-offset-mc/run_amp_offset_mc.py, do not edit

Circuit: * error-amp-offset-mc monte carlo deck -- generated by sim/error-amp-offset-mc/run_amp_offset_mc.py, do not edit

option SCALE: Scale is set to 1e-06 for instance and model parameters
option SCALE: Scale is set to 1e-06 for instance and model parameters
option SCALE: Scale is set to 1e-06 for instance and model parameters
option SCALE: Scale is set to 1e-06 for instance and model parameters
Doing analysis at TEMP = -40.000000 and TNOM = 27.000000

Using KLU as Direct Linear Solver

No. of Data Rows : 1
vos = -1.34537e-04
vout = 1.209983e+00
dvbe8 = 4.933171e-02
veb8 = 8.450526e-01
dvbe1 = 4.939471e-02
rra = 8.567369e-02
rrb = 1.144483e-02
vgdrv = 1.970789e+00
Reset re-loads circuit * error-amp-offset-mc monte carlo deck -- generated by sim/error-amp-offset-mc/run_amp_offset_mc.py, do not edit

Circuit: * error-amp-offset-mc monte carlo deck -- generated by sim/error-amp-offset-mc/run_amp_offset_mc.py, do not edit

option SCALE: Scale is set to 1e-06 for instance and model parameters
option SCALE: Scale is set to 1e-06 for instance and model parameters
option SCALE: Scale is set to 1e-06 for instance and model parameters
option SCALE: Scale is set to 1e-06 for instance and model parameters
Doing analysis at TEMP = -40.000000 and TNOM = 27.000000

Using KLU as Direct Linear Solver

No. of Data Rows : 1
vos = -1.00683e-04
vout = 1.206906e+00
dvbe8 = 4.884154e-02
veb8 = 8.446085e-01
dvbe1 = 4.951614e-02
rra = 8.548246e-02
rrb = 1.143635e-02
vgdrv = 1.970462e+00
Reset re-loads circuit * error-amp-offset-mc monte carlo deck -- generated by sim/error-amp-offset-mc/run_amp_offset_mc.py, do not edit

Circuit: * error-amp-offset-mc monte carlo deck -- generated by sim/error-amp-offset-mc/run_amp_offset_mc.py, do not edit

option SCALE: Scale is set to 1e-06 for instance and model parameters
option SCALE: Scale is set to 1e-06 for instance and model parameters
option SCALE: Scale is set to 1e-06 for instance and model parameters
option SCALE: Scale is set to 1e-06 for instance and model parameters
Doing analysis at TEMP = -40.000000 and TNOM = 27.000000

Using KLU as Direct Linear Solver
 Reference value :  0.00000e+00
No. of Data Rows : 1
vos = -5.73822e-04
vout = 1.212777e+00
dvbe8 = 4.903226e-02
veb8 = 8.447675e-01
dvbe1 = 4.923370e-02
rra = 8.554102e-02
rrb = 1.146205e-02
vgdrv = 1.972583e+00
Reset re-loads circuit * error-amp-offset-mc monte carlo deck -- generated by sim/error-amp-offset-mc/run_amp_offset_mc.py, do not edit

Circuit: * error-amp-offset-mc monte carlo deck -- generated by sim/error-amp-offset-mc/run_amp_offset_mc.py, do not edit

option SCALE: Scale is set to 1e-06 for instance and model parameters
option SCALE: Scale is set to 1e-06 for instance and model parameters
option SCALE: Scale is set to 1e-06 for instance and model parameters
option SCALE: Scale is set to 1e-06 for instance and model parameters
Doing analysis at TEMP = -40.000000 and TNOM = 27.000000

Using KLU as Direct Linear Solver

No. of Data Rows : 1
vos = -6.11150e-04
vout = 1.213710e+00
dvbe8 = 4.913171e-02
veb8 = 8.448770e-01
dvbe1 = 4.934826e-02
rra = 8.569814e-02
rrb = 1.136205e-02
vgdrv = 1.971453e+00
Reset re-loads circuit * error-amp-offset-mc monte carlo deck -- generated by sim/error-amp-offset-mc/run_amp_offset_mc.py, do not edit

Circuit: * error-amp-offset-mc monte carlo deck -- generated by sim/error-amp-offset-mc/run_amp_offset_mc.py, do not edit

option SCALE: Scale is set to 1e-06 for instance and model parameters
option SCALE: Scale is set to 1e-06 for instance and model parameters
option SCALE: Scale is set to 1e-06 for instance and model parameters
option SCALE: Scale is set to 1e-06 for instance and model parameters
Doing analysis at TEMP = -40.000000 and TNOM = 27.000000

Using KLU as Direct Linear Solver

No. of Data Rows : 1
vos = 6.339334e-04
vout = 1.202192e+00
dvbe8 = 4.910920e-02
veb8 = 8.448794e-01
dvbe1 = 5.006567e-02
rra = 8.560849e-02
rrb = 1.143123e-02
vgdrv = 1.971157e+00
Reset re-loads circuit * error-amp-offset-mc monte carlo deck -- generated by sim/error-amp-offset-mc/run_amp_offset_mc.py, do not edit

Circuit: * error-amp-offset-mc monte carlo deck -- generated by sim/error-amp-offset-mc/run_amp_offset_mc.py, do not edit

option SCALE: Scale is set to 1e-06 for instance and model parameters
option SCALE: Scale is set to 1e-06 for instance and model parameters
option SCALE: Scale is set to 1e-06 for instance and model parameters
option SCALE: Scale is set to 1e-06 for instance and model parameters
Doing analysis at TEMP = -40.000000 and TNOM = 27.000000

Using KLU as Direct Linear Solver
 Reference value :  0.00000e+00
No. of Data Rows : 1
vos = 8.658286e-05
vout = 1.208845e+00
dvbe8 = 4.911368e-02
veb8 = 8.448579e-01
dvbe1 = 4.916484e-02
rra = 8.557281e-02
rrb = 1.144585e-02
vgdrv = 1.969508e+00
Reset re-loads circuit * error-amp-offset-mc monte carlo deck -- generated by sim/error-amp-offset-mc/run_amp_offset_mc.py, do not edit

Circuit: * error-amp-offset-mc monte carlo deck -- generated by sim/error-amp-offset-mc/run_amp_offset_mc.py, do not edit

option SCALE: Scale is set to 1e-06 for instance and model parameters
option SCALE: Scale is set to 1e-06 for instance and model parameters
option SCALE: Scale is set to 1e-06 for instance and model parameters
option SCALE: Scale is set to 1e-06 for instance and model parameters
Doing analysis at TEMP = -40.000000 and TNOM = 27.000000

Using KLU as Direct Linear Solver

No. of Data Rows : 1
vos = -3.63264e-04
vout = 1.210660e+00
dvbe8 = 4.907814e-02
veb8 = 8.448283e-01
dvbe1 = 4.912490e-02
rra = 8.562743e-02
rrb = 1.142389e-02
vgdrv = 1.970579e+00
Reset re-loads circuit * error-amp-offset-mc monte carlo deck -- generated by sim/error-amp-offset-mc/run_amp_offset_mc.py, do not edit

Circuit: * error-amp-offset-mc monte carlo deck -- generated by sim/error-amp-offset-mc/run_amp_offset_mc.py, do not edit

option SCALE: Scale is set to 1e-06 for instance and model parameters
option SCALE: Scale is set to 1e-06 for instance and model parameters
option SCALE: Scale is set to 1e-06 for instance and model parameters
option SCALE: Scale is set to 1e-06 for instance and model parameters
Doing analysis at TEMP = -40.000000 and TNOM = 27.000000

Using KLU as Direct Linear Solver

No. of Data Rows : 1
vos = -8.66252e-04
vout = 1.213755e+00
dvbe8 = 4.902234e-02
veb8 = 8.448091e-01
dvbe1 = 4.892008e-02
rra = 8.574827e-02
rrb = 1.139410e-02
vgdrv = 1.968428e+00
Reset re-loads circuit * error-amp-offset-mc monte carlo deck -- generated by sim/error-amp-offset-mc/run_amp_offset_mc.py, do not edit

Circuit: * error-amp-offset-mc monte carlo deck -- generated by sim/error-amp-offset-mc/run_amp_offset_mc.py, do not edit

option SCALE: Scale is set to 1e-06 for instance and model parameters
option SCALE: Scale is set to 1e-06 for instance and model parameters
option SCALE: Scale is set to 1e-06 for instance and model parameters
option SCALE: Scale is set to 1e-06 for instance and model parameters
Doing analysis at TEMP = -40.000000 and TNOM = 27.000000

Using KLU as Direct Linear Solver

No. of Data Rows : 1
vos = -9.93678e-05
vout = 1.204023e+00
dvbe8 = 4.912202e-02
veb8 = 8.449008e-01
dvbe1 = 4.987578e-02
rra = 8.541718e-02
rrb = 1.137178e-02
vgdrv = 1.973044e+00
Reset re-loads circuit * error-amp-offset-mc monte carlo deck -- generated by sim/error-amp-offset-mc/run_amp_offset_mc.py, do not edit

Circuit: * error-amp-offset-mc monte carlo deck -- generated by sim/error-amp-offset-mc/run_amp_offset_mc.py, do not edit

option SCALE: Scale is set to 1e-06 for instance and model parameters
option SCALE: Scale is set to 1e-06 for instance and model parameters
option SCALE: Scale is set to 1e-06 for instance and model parameters
option SCALE: Scale is set to 1e-06 for instance and model parameters
Doing analysis at TEMP = -40.000000 and TNOM = 27.000000

Using KLU as Direct Linear Solver

No. of Data Rows : 1
vos = 4.423554e-04
vout = 1.199203e+00
dvbe8 = 4.899246e-02
veb8 = 8.447848e-01
dvbe1 = 4.961931e-02
rra = 8.559431e-02
rrb = 1.151848e-02
vgdrv = 1.973644e+00
Reset re-loads circuit * error-amp-offset-mc monte carlo deck -- generated by sim/error-amp-offset-mc/run_amp_offset_mc.py, do not edit

Circuit: * error-amp-offset-mc monte carlo deck -- generated by sim/error-amp-offset-mc/run_amp_offset_mc.py, do not edit

option SCALE: Scale is set to 1e-06 for instance and model parameters
option SCALE: Scale is set to 1e-06 for instance and model parameters
option SCALE: Scale is set to 1e-06 for instance and model parameters
option SCALE: Scale is set to 1e-06 for instance and model parameters
Doing analysis at TEMP = -40.000000 and TNOM = 27.000000

Using KLU as Direct Linear Solver
 Reference value :  0.00000e+00
No. of Data Rows : 1
vos = -4.64310e-05
vout = 1.207478e+00
dvbe8 = 4.912536e-02
veb8 = 8.448338e-01
dvbe1 = 4.872677e-02
rra = 8.552462e-02
rrb = 1.140005e-02
vgdrv = 1.971654e+00
Reset re-loads circuit * error-amp-offset-mc monte carlo deck -- generated by sim/error-amp-offset-mc/run_amp_offset_mc.py, do not edit

Circuit: * error-amp-offset-mc monte carlo deck -- generated by sim/error-amp-offset-mc/run_amp_offset_mc.py, do not edit

option SCALE: Scale is set to 1e-06 for instance and model parameters
option SCALE: Scale is set to 1e-06 for instance and model parameters
option SCALE: Scale is set to 1e-06 for instance and model parameters
option SCALE: Scale is set to 1e-06 for instance and model parameters
Doing analysis at TEMP = -40.000000 and TNOM = 27.000000

Using KLU as Direct Linear Solver

No. of Data Rows : 1
vos = -1.22110e-04
vout = 1.207480e+00
dvbe8 = 4.879290e-02
veb8 = 8.445512e-01
dvbe1 = 5.026529e-02
rra = 8.541755e-02
rrb = 1.137954e-02
vgdrv = 1.971024e+00
Reset re-loads circuit * error-amp-offset-mc monte carlo deck -- generated by sim/error-amp-offset-mc/run_amp_offset_mc.py, do not edit

Circuit: * error-amp-offset-mc monte carlo deck -- generated by sim/error-amp-offset-mc/run_amp_offset_mc.py, do not edit

option SCALE: Scale is set to 1e-06 for instance and model parameters
option SCALE: Scale is set to 1e-06 for instance and model parameters
option SCALE: Scale is set to 1e-06 for instance and model parameters
option SCALE: Scale is set to 1e-06 for instance and model parameters
Doing analysis at TEMP = -40.000000 and TNOM = 27.000000

Using KLU as Direct Linear Solver

No. of Data Rows : 1
vos = -6.12451e-04
vout = 1.215535e+00
dvbe8 = 4.905620e-02
veb8 = 8.448430e-01
dvbe1 = 4.929552e-02
rra = 8.571376e-02
rrb = 1.137022e-02
vgdrv = 1.971261e+00
Reset re-loads circuit * error-amp-offset-mc monte carlo deck -- generated by sim/error-amp-offset-mc/run_amp_offset_mc.py, do not edit

Circuit: * error-amp-offset-mc monte carlo deck -- generated by sim/error-amp-offset-mc/run_amp_offset_mc.py, do not edit

option SCALE: Scale is set to 1e-06 for instance and model parameters
option SCALE: Scale is set to 1e-06 for instance and model parameters
option SCALE: Scale is set to 1e-06 for instance and model parameters
option SCALE: Scale is set to 1e-06 for instance and model parameters
Doing analysis at TEMP = -40.000000 and TNOM = 27.000000

Using KLU as Direct Linear Solver

No. of Data Rows : 1
vos = -6.34841e-04
vout = 1.214346e+00
dvbe8 = 4.909512e-02
veb8 = 8.448195e-01
dvbe1 = 4.915659e-02
rra = 8.549224e-02
rrb = 1.147095e-02
vgdrv = 1.969848e+00
Reset re-loads circuit * error-amp-offset-mc monte carlo deck -- generated by sim/error-amp-offset-mc/run_amp_offset_mc.py, do not edit

Circuit: * error-amp-offset-mc monte carlo deck -- generated by sim/error-amp-offset-mc/run_amp_offset_mc.py, do not edit

option SCALE: Scale is set to 1e-06 for instance and model parameters
option SCALE: Scale is set to 1e-06 for instance and model parameters
option SCALE: Scale is set to 1e-06 for instance and model parameters
option SCALE: Scale is set to 1e-06 for instance and model parameters
Doing analysis at TEMP = -40.000000 and TNOM = 27.000000

Using KLU as Direct Linear Solver
 Reference value :  0.00000e+00
No. of Data Rows : 1
vos = 2.471535e-04
vout = 1.204451e+00
dvbe8 = 4.876235e-02
veb8 = 8.445470e-01
dvbe1 = 4.951328e-02
rra = 8.552656e-02
rrb = 1.142569e-02
vgdrv = 1.972781e+00
Reset re-loads circuit * error-amp-offset-mc monte carlo deck -- generated by sim/error-amp-offset-mc/run_amp_offset_mc.py, do not edit

Circuit: * error-amp-offset-mc monte carlo deck -- generated by sim/error-amp-offset-mc/run_amp_offset_mc.py, do not edit

option SCALE: Scale is set to 1e-06 for instance and model parameters
option SCALE: Scale is set to 1e-06 for instance and model parameters
option SCALE: Scale is set to 1e-06 for instance and model parameters
option SCALE: Scale is set to 1e-06 for instance and model parameters
Doing analysis at TEMP = -40.000000 and TNOM = 27.000000

Using KLU as Direct Linear Solver

No. of Data Rows : 1
vos = -4.84133e-04
vout = 1.204755e+00
dvbe8 = 4.918512e-02
veb8 = 8.449295e-01
dvbe1 = 4.910862e-02
rra = 8.553795e-02
rrb = 1.148649e-02
vgdrv = 1.970917e+00
Reset re-loads circuit * error-amp-offset-mc monte carlo deck -- generated by sim/error-amp-offset-mc/run_amp_offset_mc.py, do not edit

Circuit: * error-amp-offset-mc monte carlo deck -- generated by sim/error-amp-offset-mc/run_amp_offset_mc.py, do not edit

option SCALE: Scale is set to 1e-06 for instance and model parameters
option SCALE: Scale is set to 1e-06 for instance and model parameters
option SCALE: Scale is set to 1e-06 for instance and model parameters
option SCALE: Scale is set to 1e-06 for instance and model parameters
Doing analysis at TEMP = -40.000000 and TNOM = 27.000000

Using KLU as Direct Linear Solver

No. of Data Rows : 1
vos = -4.61205e-04
vout = 1.211287e+00
dvbe8 = 4.906291e-02
veb8 = 8.448212e-01
dvbe1 = 4.954062e-02
rra = 8.555577e-02
rrb = 1.146367e-02
vgdrv = 1.967358e+00
Reset re-loads circuit * error-amp-offset-mc monte carlo deck -- generated by sim/error-amp-offset-mc/run_amp_offset_mc.py, do not edit

Circuit: * error-amp-offset-mc monte carlo deck -- generated by sim/error-amp-offset-mc/run_amp_offset_mc.py, do not edit

option SCALE: Scale is set to 1e-06 for instance and model parameters
option SCALE: Scale is set to 1e-06 for instance and model parameters
option SCALE: Scale is set to 1e-06 for instance and model parameters
option SCALE: Scale is set to 1e-06 for instance and model parameters
Doing analysis at TEMP = -40.000000 and TNOM = 27.000000

Using KLU as Direct Linear Solver

No. of Data Rows : 1
vos = -1.71329e-04
vout = 1.207777e+00
dvbe8 = 4.890760e-02
veb8 = 8.447102e-01
dvbe1 = 4.951465e-02
rra = 8.550743e-02
rrb = 1.146564e-02
vgdrv = 1.973653e+00
Reset re-loads circuit * error-amp-offset-mc monte carlo deck -- generated by sim/error-amp-offset-mc/run_amp_offset_mc.py, do not edit

Circuit: * error-amp-offset-mc monte carlo deck -- generated by sim/error-amp-offset-mc/run_amp_offset_mc.py, do not edit

option SCALE: Scale is set to 1e-06 for instance and model parameters
option SCALE: Scale is set to 1e-06 for instance and model parameters
option SCALE: Scale is set to 1e-06 for instance and model parameters
option SCALE: Scale is set to 1e-06 for instance and model parameters
Doing analysis at TEMP = -40.000000 and TNOM = 27.000000

Using KLU as Direct Linear Solver

No. of Data Rows : 1
vos = 4.928741e-05
vout = 1.203569e+00
dvbe8 = 4.885216e-02
veb8 = 8.446204e-01
dvbe1 = 4.982001e-02
rra = 8.561442e-02
rrb = 1.144317e-02
vgdrv = 1.970730e+00
Reset re-loads circuit * error-amp-offset-mc monte carlo deck -- generated by sim/error-amp-offset-mc/run_amp_offset_mc.py, do not edit

Circuit: * error-amp-offset-mc monte carlo deck -- generated by sim/error-amp-offset-mc/run_amp_offset_mc.py, do not edit

option SCALE: Scale is set to 1e-06 for instance and model parameters
option SCALE: Scale is set to 1e-06 for instance and model parameters
option SCALE: Scale is set to 1e-06 for instance and model parameters
option SCALE: Scale is set to 1e-06 for instance and model parameters
Doing analysis at TEMP = -40.000000 and TNOM = 27.000000

Using KLU as Direct Linear Solver
 Reference value :  0.00000e+00
No. of Data Rows : 1
vos = 3.713652e-04
vout = 1.201067e+00
dvbe8 = 4.899976e-02
veb8 = 8.447615e-01
dvbe1 = 4.920348e-02
rra = 8.569137e-02
rrb = 1.137077e-02
vgdrv = 1.972073e+00
Reset re-loads circuit * error-amp-offset-mc monte carlo deck -- generated by sim/error-amp-offset-mc/run_amp_offset_mc.py, do not edit

Circuit: * error-amp-offset-mc monte carlo deck -- generated by sim/error-amp-offset-mc/run_amp_offset_mc.py, do not edit

option SCALE: Scale is set to 1e-06 for instance and model parameters
option SCALE: Scale is set to 1e-06 for instance and model parameters
option SCALE: Scale is set to 1e-06 for instance and model parameters
option SCALE: Scale is set to 1e-06 for instance and model parameters
Doing analysis at TEMP = -40.000000 and TNOM = 27.000000

Using KLU as Direct Linear Solver

No. of Data Rows : 1
vos = 1.099642e-04
vout = 1.203809e+00
dvbe8 = 4.910346e-02
veb8 = 8.448292e-01
dvbe1 = 4.934835e-02
rra = 8.552752e-02
rrb = 1.141395e-02
vgdrv = 1.973172e+00
Reset re-loads circuit * error-amp-offset-mc monte carlo deck -- generated by sim/error-amp-offset-mc/run_amp_offset_mc.py, do not edit

Circuit: * error-amp-offset-mc monte carlo deck -- generated by sim/error-amp-offset-mc/run_amp_offset_mc.py, do not edit

option SCALE: Scale is set to 1e-06 for instance and model parameters
option SCALE: Scale is set to 1e-06 for instance and model parameters
option SCALE: Scale is set to 1e-06 for instance and model parameters
option SCALE: Scale is set to 1e-06 for instance and model parameters
Doing analysis at TEMP = -40.000000 and TNOM = 27.000000

Using KLU as Direct Linear Solver
 Reference value :  0.00000e+00
No. of Data Rows : 1
vos = 6.191513e-04
vout = 1.199192e+00
dvbe8 = 4.928018e-02
veb8 = 8.450577e-01
dvbe1 = 4.885829e-02
rra = 8.550627e-02
rrb = 1.143953e-02
vgdrv = 1.976165e+00
Reset re-loads circuit * error-amp-offset-mc monte carlo deck -- generated by sim/error-amp-offset-mc/run_amp_offset_mc.py, do not edit

Circuit: * error-amp-offset-mc monte carlo deck -- generated by sim/error-amp-offset-mc/run_amp_offset_mc.py, do not edit

option SCALE: Scale is set to 1e-06 for instance and model parameters
option SCALE: Scale is set to 1e-06 for instance and model parameters
option SCALE: Scale is set to 1e-06 for instance and model parameters
option SCALE: Scale is set to 1e-06 for instance and model parameters
Doing analysis at TEMP = -40.000000 and TNOM = 27.000000

Using KLU as Direct Linear Solver

No. of Data Rows : 1
vos = -1.00129e-03
vout = 1.215397e+00
dvbe8 = 4.902919e-02
veb8 = 8.447593e-01
dvbe1 = 4.951201e-02
rra = 8.560453e-02
rrb = 1.152100e-02
vgdrv = 1.968463e+00
Reset re-loads circuit * error-amp-offset-mc monte carlo deck -- generated by sim/error-amp-offset-mc/run_amp_offset_mc.py, do not edit

Circuit: * error-amp-offset-mc monte carlo deck -- generated by sim/error-amp-offset-mc/run_amp_offset_mc.py, do not edit

option SCALE: Scale is set to 1e-06 for instance and model parameters
option SCALE: Scale is set to 1e-06 for instance and model parameters
option SCALE: Scale is set to 1e-06 for instance and model parameters
option SCALE: Scale is set to 1e-06 for instance and model parameters
Doing analysis at TEMP = -40.000000 and TNOM = 27.000000

Using KLU as Direct Linear Solver

No. of Data Rows : 1
vos = -6.54432e-04
vout = 1.210152e+00
dvbe8 = 4.895397e-02
veb8 = 8.447202e-01
dvbe1 = 5.002386e-02
rra = 8.563487e-02
rrb = 1.146261e-02
vgdrv = 1.973703e+00
Reset re-loads circuit * error-amp-offset-mc monte carlo deck -- generated by sim/error-amp-offset-mc/run_amp_offset_mc.py, do not edit

Circuit: * error-amp-offset-mc monte carlo deck -- generated by sim/error-amp-offset-mc/run_amp_offset_mc.py, do not edit

option SCALE: Scale is set to 1e-06 for instance and model parameters
option SCALE: Scale is set to 1e-06 for instance and model parameters
option SCALE: Scale is set to 1e-06 for instance and model parameters
option SCALE: Scale is set to 1e-06 for instance and model parameters
Doing analysis at TEMP = -40.000000 and TNOM = 27.000000

Using KLU as Direct Linear Solver
 Reference value :  0.00000e+00
No. of Data Rows : 1
vos = 8.409525e-04
vout = 1.197800e+00
dvbe8 = 4.910444e-02
veb8 = 8.449011e-01
dvbe1 = 4.913587e-02
rra = 8.562030e-02
rrb = 1.141887e-02
vgdrv = 1.972783e+00
Reset re-loads circuit * error-amp-offset-mc monte carlo deck -- generated by sim/error-amp-offset-mc/run_amp_offset_mc.py, do not edit

Circuit: * error-amp-offset-mc monte carlo deck -- generated by sim/error-amp-offset-mc/run_amp_offset_mc.py, do not edit

option SCALE: Scale is set to 1e-06 for instance and model parameters
option SCALE: Scale is set to 1e-06 for instance and model parameters
option SCALE: Scale is set to 1e-06 for instance and model parameters
option SCALE: Scale is set to 1e-06 for instance and model parameters
Doing analysis at TEMP = -40.000000 and TNOM = 27.000000

Using KLU as Direct Linear Solver
 Reference value :  0.00000e+00
No. of Data Rows : 1
vos = 1.307718e-04
vout = 1.203655e+00
dvbe8 = 4.903655e-02
veb8 = 8.448251e-01
dvbe1 = 4.947631e-02
rra = 8.563058e-02
rrb = 1.142008e-02
vgdrv = 1.974455e+00
Reset re-loads circuit * error-amp-offset-mc monte carlo deck -- generated by sim/error-amp-offset-mc/run_amp_offset_mc.py, do not edit

Circuit: * error-amp-offset-mc monte carlo deck -- generated by sim/error-amp-offset-mc/run_amp_offset_mc.py, do not edit

option SCALE: Scale is set to 1e-06 for instance and model parameters
option SCALE: Scale is set to 1e-06 for instance and model parameters
option SCALE: Scale is set to 1e-06 for instance and model parameters
option SCALE: Scale is set to 1e-06 for instance and model parameters
Doing analysis at TEMP = -40.000000 and TNOM = 27.000000

Using KLU as Direct Linear Solver
 Reference value :  0.00000e+00
No. of Data Rows : 1
vos = 8.460150e-04
vout = 1.196437e+00
dvbe8 = 4.911053e-02
veb8 = 8.448783e-01
dvbe1 = 4.961114e-02
rra = 8.548243e-02
rrb = 1.133273e-02
vgdrv = 1.975856e+00
Reset re-loads circuit * error-amp-offset-mc monte carlo deck -- generated by sim/error-amp-offset-mc/run_amp_offset_mc.py, do not edit

Circuit: * error-amp-offset-mc monte carlo deck -- generated by sim/error-amp-offset-mc/run_amp_offset_mc.py, do not edit

option SCALE: Scale is set to 1e-06 for instance and model parameters
option SCALE: Scale is set to 1e-06 for instance and model parameters
option SCALE: Scale is set to 1e-06 for instance and model parameters
option SCALE: Scale is set to 1e-06 for instance and model parameters
Doing analysis at TEMP = -40.000000 and TNOM = 27.000000

Using KLU as Direct Linear Solver
 Reference value :  0.00000e+00
No. of Data Rows : 1
vos = -5.28810e-04
vout = 1.211347e+00
dvbe8 = 4.920694e-02
veb8 = 8.449828e-01
dvbe1 = 4.974864e-02
rra = 8.544459e-02
rrb = 1.142940e-02
vgdrv = 1.972543e+00
Reset re-loads circuit * error-amp-offset-mc monte carlo deck -- generated by sim/error-amp-offset-mc/run_amp_offset_mc.py, do not edit

Circuit: * error-amp-offset-mc monte carlo deck -- generated by sim/error-amp-offset-mc/run_amp_offset_mc.py, do not edit

option SCALE: Scale is set to 1e-06 for instance and model parameters
option SCALE: Scale is set to 1e-06 for instance and model parameters
option SCALE: Scale is set to 1e-06 for instance and model parameters
option SCALE: Scale is set to 1e-06 for instance and model parameters
Doing analysis at TEMP = -40.000000 and TNOM = 27.000000

Using KLU as Direct Linear Solver
 Reference value :  0.00000e+00
No. of Data Rows : 1
vos = -1.23647e-04
vout = 1.205562e+00
dvbe8 = 4.931488e-02
veb8 = 8.450623e-01
dvbe1 = 4.892929e-02
rra = 8.555243e-02
rrb = 1.151271e-02
vgdrv = 1.971993e+00
Reset re-loads circuit * error-amp-offset-mc monte carlo deck -- generated by sim/error-amp-offset-mc/run_amp_offset_mc.py, do not edit

Circuit: * error-amp-offset-mc monte carlo deck -- generated by sim/error-amp-offset-mc/run_amp_offset_mc.py, do not edit

option SCALE: Scale is set to 1e-06 for instance and model parameters
option SCALE: Scale is set to 1e-06 for instance and model parameters
option SCALE: Scale is set to 1e-06 for instance and model parameters
option SCALE: Scale is set to 1e-06 for instance and model parameters
Doing analysis at TEMP = -40.000000 and TNOM = 27.000000

Using KLU as Direct Linear Solver
 Reference value :  0.00000e+00
No. of Data Rows : 1
vos = -3.53270e-04
vout = 1.211530e+00
dvbe8 = 4.908600e-02
veb8 = 8.447948e-01
dvbe1 = 5.048398e-02
rra = 8.543447e-02
rrb = 1.136319e-02
vgdrv = 1.967168e+00
Reset re-loads circuit * error-amp-offset-mc monte carlo deck -- generated by sim/error-amp-offset-mc/run_amp_offset_mc.py, do not edit

Circuit: * error-amp-offset-mc monte carlo deck -- generated by sim/error-amp-offset-mc/run_amp_offset_mc.py, do not edit

option SCALE: Scale is set to 1e-06 for instance and model parameters
option SCALE: Scale is set to 1e-06 for instance and model parameters
option SCALE: Scale is set to 1e-06 for instance and model parameters
option SCALE: Scale is set to 1e-06 for instance and model parameters
Doing analysis at TEMP = -40.000000 and TNOM = 27.000000

Using KLU as Direct Linear Solver

No. of Data Rows : 1
vos = -5.58186e-05
vout = 1.206404e+00
dvbe8 = 4.917176e-02
veb8 = 8.449292e-01
dvbe1 = 4.905933e-02
rra = 8.543224e-02
rrb = 1.143629e-02
vgdrv = 1.968996e+00
Reset re-loads circuit * error-amp-offset-mc monte carlo deck -- generated by sim/error-amp-offset-mc/run_amp_offset_mc.py, do not edit

Circuit: * error-amp-offset-mc monte carlo deck -- generated by sim/error-amp-offset-mc/run_amp_offset_mc.py, do not edit

option SCALE: Scale is set to 1e-06 for instance and model parameters
option SCALE: Scale is set to 1e-06 for instance and model parameters
option SCALE: Scale is set to 1e-06 for instance and model parameters
option SCALE: Scale is set to 1e-06 for instance and model parameters
Doing analysis at TEMP = -40.000000 and TNOM = 27.000000

Using KLU as Direct Linear Solver

No. of Data Rows : 1
vos = 3.726353e-06
vout = 1.203520e+00
dvbe8 = 4.865279e-02
veb8 = 8.444178e-01
dvbe1 = 4.924217e-02
rra = 8.555456e-02
rrb = 1.146447e-02
vgdrv = 1.968409e+00
Reset re-loads circuit * error-amp-offset-mc monte carlo deck -- generated by sim/error-amp-offset-mc/run_amp_offset_mc.py, do not edit

Circuit: * error-amp-offset-mc monte carlo deck -- generated by sim/error-amp-offset-mc/run_amp_offset_mc.py, do not edit

option SCALE: Scale is set to 1e-06 for instance and model parameters
option SCALE: Scale is set to 1e-06 for instance and model parameters
option SCALE: Scale is set to 1e-06 for instance and model parameters
option SCALE: Scale is set to 1e-06 for instance and model parameters
Doing analysis at TEMP = -40.000000 and TNOM = 27.000000

Using KLU as Direct Linear Solver
 Reference value :  0.00000e+00
No. of Data Rows : 1
vos = -5.23852e-04
vout = 1.213659e+00
dvbe8 = 4.912515e-02
veb8 = 8.448701e-01
dvbe1 = 4.954056e-02
rra = 8.533840e-02
rrb = 1.142379e-02
vgdrv = 1.969973e+00
Reset re-loads circuit * error-amp-offset-mc monte carlo deck -- generated by sim/error-amp-offset-mc/run_amp_offset_mc.py, do not edit

Circuit: * error-amp-offset-mc monte carlo deck -- generated by sim/error-amp-offset-mc/run_amp_offset_mc.py, do not edit

option SCALE: Scale is set to 1e-06 for instance and model parameters
option SCALE: Scale is set to 1e-06 for instance and model parameters
option SCALE: Scale is set to 1e-06 for instance and model parameters
option SCALE: Scale is set to 1e-06 for instance and model parameters
Doing analysis at TEMP = -40.000000 and TNOM = 27.000000

Using KLU as Direct Linear Solver

No. of Data Rows : 1
vos = -6.04277e-05
vout = 1.205402e+00
dvbe8 = 4.926300e-02
veb8 = 8.450723e-01
dvbe1 = 4.931228e-02
rra = 8.558195e-02
rrb = 1.141496e-02
vgdrv = 1.971625e+00
Reset re-loads circuit * error-amp-offset-mc monte carlo deck -- generated by sim/error-amp-offset-mc/run_amp_offset_mc.py, do not edit

Circuit: * error-amp-offset-mc monte carlo deck -- generated by sim/error-amp-offset-mc/run_amp_offset_mc.py, do not edit

option SCALE: Scale is set to 1e-06 for instance and model parameters
option SCALE: Scale is set to 1e-06 for instance and model parameters
option SCALE: Scale is set to 1e-06 for instance and model parameters
option SCALE: Scale is set to 1e-06 for instance and model parameters
Doing analysis at TEMP = -40.000000 and TNOM = 27.000000

Using KLU as Direct Linear Solver

No. of Data Rows : 1
vos = 4.465259e-05
vout = 1.204496e+00
dvbe8 = 4.890204e-02
veb8 = 8.446637e-01
dvbe1 = 4.982456e-02
rra = 8.569559e-02
rrb = 1.137307e-02
vgdrv = 1.972853e+00
Reset re-loads circuit * error-amp-offset-mc monte carlo deck -- generated by sim/error-amp-offset-mc/run_amp_offset_mc.py, do not edit

Circuit: * error-amp-offset-mc monte carlo deck -- generated by sim/error-amp-offset-mc/run_amp_offset_mc.py, do not edit

option SCALE: Scale is set to 1e-06 for instance and model parameters
option SCALE: Scale is set to 1e-06 for instance and model parameters
option SCALE: Scale is set to 1e-06 for instance and model parameters
option SCALE: Scale is set to 1e-06 for instance and model parameters
Doing analysis at TEMP = -40.000000 and TNOM = 27.000000

Using KLU as Direct Linear Solver

No. of Data Rows : 1
vos = -2.58323e-04
vout = 1.208326e+00
dvbe8 = 4.901735e-02
veb8 = 8.448079e-01
dvbe1 = 4.910529e-02
rra = 8.574618e-02
rrb = 1.139046e-02
vgdrv = 1.974012e+00
Reset re-loads circuit * error-amp-offset-mc monte carlo deck -- generated by sim/error-amp-offset-mc/run_amp_offset_mc.py, do not edit

Circuit: * error-amp-offset-mc monte carlo deck -- generated by sim/error-amp-offset-mc/run_amp_offset_mc.py, do not edit

option SCALE: Scale is set to 1e-06 for instance and model parameters
option SCALE: Scale is set to 1e-06 for instance and model parameters
option SCALE: Scale is set to 1e-06 for instance and model parameters
option SCALE: Scale is set to 1e-06 for instance and model parameters
Doing analysis at TEMP = -40.000000 and TNOM = 27.000000

Using KLU as Direct Linear Solver

No. of Data Rows : 1
vos = 8.004544e-05
vout = 1.207448e+00
dvbe8 = 4.910240e-02
veb8 = 8.448237e-01
dvbe1 = 4.921174e-02
rra = 8.548999e-02
rrb = 1.140300e-02
vgdrv = 1.973819e+00
Reset re-loads circuit * error-amp-offset-mc monte carlo deck -- generated by sim/error-amp-offset-mc/run_amp_offset_mc.py, do not edit

Circuit: * error-amp-offset-mc monte carlo deck -- generated by sim/error-amp-offset-mc/run_amp_offset_mc.py, do not edit

option SCALE: Scale is set to 1e-06 for instance and model parameters
option SCALE: Scale is set to 1e-06 for instance and model parameters
option SCALE: Scale is set to 1e-06 for instance and model parameters
option SCALE: Scale is set to 1e-06 for instance and model parameters
Doing analysis at TEMP = -40.000000 and TNOM = 27.000000

Using KLU as Direct Linear Solver
 Reference value :  0.00000e+00
No. of Data Rows : 1
vos = 1.524300e-04
vout = 1.207351e+00
dvbe8 = 4.913340e-02
veb8 = 8.448920e-01
dvbe1 = 4.915450e-02
rra = 8.544659e-02
rrb = 1.140631e-02
vgdrv = 1.972731e+00
Reset re-loads circuit * error-amp-offset-mc monte carlo deck -- generated by sim/error-amp-offset-mc/run_amp_offset_mc.py, do not edit

Circuit: * error-amp-offset-mc monte carlo deck -- generated by sim/error-amp-offset-mc/run_amp_offset_mc.py, do not edit

option SCALE: Scale is set to 1e-06 for instance and model parameters
option SCALE: Scale is set to 1e-06 for instance and model parameters
option SCALE: Scale is set to 1e-06 for instance and model parameters
option SCALE: Scale is set to 1e-06 for instance and model parameters
Doing analysis at TEMP = -40.000000 and TNOM = 27.000000

Using KLU as Direct Linear Solver

No. of Data Rows : 1
vos = -3.70527e-04
vout = 1.208180e+00
dvbe8 = 4.905851e-02
veb8 = 8.448784e-01
dvbe1 = 4.924641e-02
rra = 8.559257e-02
rrb = 1.137749e-02
vgdrv = 1.968667e+00
Reset re-loads circuit * error-amp-offset-mc monte carlo deck -- generated by sim/error-amp-offset-mc/run_amp_offset_mc.py, do not edit

Circuit: * error-amp-offset-mc monte carlo deck -- generated by sim/error-amp-offset-mc/run_amp_offset_mc.py, do not edit

option SCALE: Scale is set to 1e-06 for instance and model parameters
option SCALE: Scale is set to 1e-06 for instance and model parameters
option SCALE: Scale is set to 1e-06 for instance and model parameters
option SCALE: Scale is set to 1e-06 for instance and model parameters
Doing analysis at TEMP = -40.000000 and TNOM = 27.000000

Using KLU as Direct Linear Solver
 Reference value :  0.00000e+00
No. of Data Rows : 1
vos = -7.72748e-04
vout = 1.212902e+00
dvbe8 = 4.933066e-02
veb8 = 8.451363e-01
dvbe1 = 4.947137e-02
rra = 8.553333e-02
rrb = 1.145218e-02
vgdrv = 1.969996e+00
Reset re-loads circuit * error-amp-offset-mc monte carlo deck -- generated by sim/error-amp-offset-mc/run_amp_offset_mc.py, do not edit

Circuit: * error-amp-offset-mc monte carlo deck -- generated by sim/error-amp-offset-mc/run_amp_offset_mc.py, do not edit

option SCALE: Scale is set to 1e-06 for instance and model parameters
option SCALE: Scale is set to 1e-06 for instance and model parameters
option SCALE: Scale is set to 1e-06 for instance and model parameters
option SCALE: Scale is set to 1e-06 for instance and model parameters
Doing analysis at TEMP = -40.000000 and TNOM = 27.000000

Using KLU as Direct Linear Solver

No. of Data Rows : 1
vos = 9.824610e-04
vout = 1.193132e+00
dvbe8 = 4.876648e-02
veb8 = 8.445688e-01
dvbe1 = 4.997506e-02
rra = 8.560120e-02
rrb = 1.139755e-02
vgdrv = 1.978283e+00
Reset re-loads circuit * error-amp-offset-mc monte carlo deck -- generated by sim/error-amp-offset-mc/run_amp_offset_mc.py, do not edit

Circuit: * error-amp-offset-mc monte carlo deck -- generated by sim/error-amp-offset-mc/run_amp_offset_mc.py, do not edit

option SCALE: Scale is set to 1e-06 for instance and model parameters
option SCALE: Scale is set to 1e-06 for instance and model parameters
option SCALE: Scale is set to 1e-06 for instance and model parameters
option SCALE: Scale is set to 1e-06 for instance and model parameters
Doing analysis at TEMP = -40.000000 and TNOM = 27.000000

Using KLU as Direct Linear Solver

No. of Data Rows : 1
vos = -2.34238e-04
vout = 1.206270e+00
dvbe8 = 4.907630e-02
veb8 = 8.448265e-01
dvbe1 = 4.942751e-02
rra = 8.550795e-02
rrb = 1.147137e-02
vgdrv = 1.971224e+00
Reset re-loads circuit * error-amp-offset-mc monte carlo deck -- generated by sim/error-amp-offset-mc/run_amp_offset_mc.py, do not edit

Circuit: * error-amp-offset-mc monte carlo deck -- generated by sim/error-amp-offset-mc/run_amp_offset_mc.py, do not edit

option SCALE: Scale is set to 1e-06 for instance and model parameters
option SCALE: Scale is set to 1e-06 for instance and model parameters
option SCALE: Scale is set to 1e-06 for instance and model parameters
option SCALE: Scale is set to 1e-06 for instance and model parameters
Doing analysis at TEMP = -40.000000 and TNOM = 27.000000

Using KLU as Direct Linear Solver

No. of Data Rows : 1
vos = -1.78390e-05
vout = 1.204652e+00
dvbe8 = 4.893728e-02
veb8 = 8.447065e-01
dvbe1 = 4.894452e-02
rra = 8.559343e-02
rrb = 1.138690e-02
vgdrv = 1.972560e+00
Reset re-loads circuit * error-amp-offset-mc monte carlo deck -- generated by sim/error-amp-offset-mc/run_amp_offset_mc.py, do not edit

Circuit: * error-amp-offset-mc monte carlo deck -- generated by sim/error-amp-offset-mc/run_amp_offset_mc.py, do not edit

option SCALE: Scale is set to 1e-06 for instance and model parameters
option SCALE: Scale is set to 1e-06 for instance and model parameters
option SCALE: Scale is set to 1e-06 for instance and model parameters
option SCALE: Scale is set to 1e-06 for instance and model parameters
Doing analysis at TEMP = -40.000000 and TNOM = 27.000000

Using KLU as Direct Linear Solver

No. of Data Rows : 1
vos = -5.13570e-04
vout = 1.214261e+00
dvbe8 = 4.893666e-02
veb8 = 8.446671e-01
dvbe1 = 4.995372e-02
rra = 8.551417e-02
rrb = 1.139579e-02
vgdrv = 1.970822e+00
Reset re-loads circuit * error-amp-offset-mc monte carlo deck -- generated by sim/error-amp-offset-mc/run_amp_offset_mc.py, do not edit

Circuit: * error-amp-offset-mc monte carlo deck -- generated by sim/error-amp-offset-mc/run_amp_offset_mc.py, do not edit

option SCALE: Scale is set to 1e-06 for instance and model parameters
option SCALE: Scale is set to 1e-06 for instance and model parameters
option SCALE: Scale is set to 1e-06 for instance and model parameters
option SCALE: Scale is set to 1e-06 for instance and model parameters
Doing analysis at TEMP = -40.000000 and TNOM = 27.000000

Using KLU as Direct Linear Solver
 Reference value :  0.00000e+00
No. of Data Rows : 1
vos = -8.42570e-04
vout = 1.213904e+00
dvbe8 = 4.921431e-02
veb8 = 8.449482e-01
dvbe1 = 4.919897e-02
rra = 8.567961e-02
rrb = 1.141835e-02
vgdrv = 1.967790e+00
Reset re-loads circuit * error-amp-offset-mc monte carlo deck -- generated by sim/error-amp-offset-mc/run_amp_offset_mc.py, do not edit

Circuit: * error-amp-offset-mc monte carlo deck -- generated by sim/error-amp-offset-mc/run_amp_offset_mc.py, do not edit

option SCALE: Scale is set to 1e-06 for instance and model parameters
option SCALE: Scale is set to 1e-06 for instance and model parameters
option SCALE: Scale is set to 1e-06 for instance and model parameters
option SCALE: Scale is set to 1e-06 for instance and model parameters
Doing analysis at TEMP = -40.000000 and TNOM = 27.000000

Using KLU as Direct Linear Solver

No. of Data Rows : 1
vos = 4.976084e-04
vout = 1.202874e+00
dvbe8 = 4.897325e-02
veb8 = 8.447244e-01
dvbe1 = 4.925748e-02
rra = 8.541512e-02
rrb = 1.145798e-02
vgdrv = 1.973230e+00
Reset re-loads circuit * error-amp-offset-mc monte carlo deck -- generated by sim/error-amp-offset-mc/run_amp_offset_mc.py, do not edit

Circuit: * error-amp-offset-mc monte carlo deck -- generated by sim/error-amp-offset-mc/run_amp_offset_mc.py, do not edit

option SCALE: Scale is set to 1e-06 for instance and model parameters
option SCALE: Scale is set to 1e-06 for instance and model parameters
option SCALE: Scale is set to 1e-06 for instance and model parameters
option SCALE: Scale is set to 1e-06 for instance and model parameters
Doing analysis at TEMP = -40.000000 and TNOM = 27.000000

Using KLU as Direct Linear Solver

No. of Data Rows : 1
vos = 5.803738e-04
vout = 1.202529e+00
dvbe8 = 4.913266e-02
veb8 = 8.448751e-01
dvbe1 = 4.860267e-02
rra = 8.549969e-02
rrb = 1.136626e-02
vgdrv = 1.969852e+00
Reset re-loads circuit * error-amp-offset-mc monte carlo deck -- generated by sim/error-amp-offset-mc/run_amp_offset_mc.py, do not edit

Circuit: * error-amp-offset-mc monte carlo deck -- generated by sim/error-amp-offset-mc/run_amp_offset_mc.py, do not edit

option SCALE: Scale is set to 1e-06 for instance and model parameters
option SCALE: Scale is set to 1e-06 for instance and model parameters
option SCALE: Scale is set to 1e-06 for instance and model parameters
option SCALE: Scale is set to 1e-06 for instance and model parameters
Doing analysis at TEMP = -40.000000 and TNOM = 27.000000

Using KLU as Direct Linear Solver

No. of Data Rows : 1
vos = 4.430229e-04
vout = 1.201801e+00
dvbe8 = 4.895229e-02
veb8 = 8.446666e-01
dvbe1 = 4.837870e-02
rra = 8.538036e-02
rrb = 1.142647e-02
vgdrv = 1.976532e+00
Reset re-loads circuit * error-amp-offset-mc monte carlo deck -- generated by sim/error-amp-offset-mc/run_amp_offset_mc.py, do not edit

Circuit: * error-amp-offset-mc monte carlo deck -- generated by sim/error-amp-offset-mc/run_amp_offset_mc.py, do not edit

option SCALE: Scale is set to 1e-06 for instance and model parameters
option SCALE: Scale is set to 1e-06 for instance and model parameters
option SCALE: Scale is set to 1e-06 for instance and model parameters
option SCALE: Scale is set to 1e-06 for instance and model parameters
Doing analysis at TEMP = -40.000000 and TNOM = 27.000000

Using KLU as Direct Linear Solver

No. of Data Rows : 1
vos = 3.074426e-04
vout = 1.199978e+00
dvbe8 = 4.914618e-02
veb8 = 8.448533e-01
dvbe1 = 4.949989e-02
rra = 8.572284e-02
rrb = 1.138405e-02
vgdrv = 1.972799e+00
Reset re-loads circuit * error-amp-offset-mc monte carlo deck -- generated by sim/error-amp-offset-mc/run_amp_offset_mc.py, do not edit

Circuit: * error-amp-offset-mc monte carlo deck -- generated by sim/error-amp-offset-mc/run_amp_offset_mc.py, do not edit

option SCALE: Scale is set to 1e-06 for instance and model parameters
option SCALE: Scale is set to 1e-06 for instance and model parameters
option SCALE: Scale is set to 1e-06 for instance and model parameters
option SCALE: Scale is set to 1e-06 for instance and model parameters
Doing analysis at TEMP = -40.000000 and TNOM = 27.000000

Using KLU as Direct Linear Solver
 Reference value :  0.00000e+00
No. of Data Rows : 1
vos = 8.711254e-05
vout = 1.202467e+00
dvbe8 = 4.914998e-02
veb8 = 8.449199e-01
dvbe1 = 4.863425e-02
rra = 8.557356e-02
rrb = 1.148391e-02
vgdrv = 1.972082e+00
Reset re-loads circuit * error-amp-offset-mc monte carlo deck -- generated by sim/error-amp-offset-mc/run_amp_offset_mc.py, do not edit

Circuit: * error-amp-offset-mc monte carlo deck -- generated by sim/error-amp-offset-mc/run_amp_offset_mc.py, do not edit

option SCALE: Scale is set to 1e-06 for instance and model parameters
option SCALE: Scale is set to 1e-06 for instance and model parameters
option SCALE: Scale is set to 1e-06 for instance and model parameters
option SCALE: Scale is set to 1e-06 for instance and model parameters
Doing analysis at TEMP = -40.000000 and TNOM = 27.000000

Using KLU as Direct Linear Solver

No. of Data Rows : 1
vos = -1.07688e-03
vout = 1.215412e+00
dvbe8 = 4.882836e-02
veb8 = 8.445719e-01
dvbe1 = 4.964082e-02
rra = 8.551234e-02
rrb = 1.130554e-02
vgdrv = 1.966049e+00
Reset re-loads circuit * error-amp-offset-mc monte carlo deck -- generated by sim/error-amp-offset-mc/run_amp_offset_mc.py, do not edit

Circuit: * error-amp-offset-mc monte carlo deck -- generated by sim/error-amp-offset-mc/run_amp_offset_mc.py, do not edit

option SCALE: Scale is set to 1e-06 for instance and model parameters
option SCALE: Scale is set to 1e-06 for instance and model parameters
option SCALE: Scale is set to 1e-06 for instance and model parameters
option SCALE: Scale is set to 1e-06 for instance and model parameters
Doing analysis at TEMP = -40.000000 and TNOM = 27.000000

Using KLU as Direct Linear Solver

No. of Data Rows : 1
vos = -8.03624e-06
vout = 1.208794e+00
dvbe8 = 4.916796e-02
veb8 = 8.449465e-01
dvbe1 = 4.941896e-02
rra = 8.559984e-02
rrb = 1.140794e-02
vgdrv = 1.969392e+00
Reset re-loads circuit * error-amp-offset-mc monte carlo deck -- generated by sim/error-amp-offset-mc/run_amp_offset_mc.py, do not edit

Circuit: * error-amp-offset-mc monte carlo deck -- generated by sim/error-amp-offset-mc/run_amp_offset_mc.py, do not edit

option SCALE: Scale is set to 1e-06 for instance and model parameters
option SCALE: Scale is set to 1e-06 for instance and model parameters
option SCALE: Scale is set to 1e-06 for instance and model parameters
option SCALE: Scale is set to 1e-06 for instance and model parameters
Doing analysis at TEMP = -40.000000 and TNOM = 27.000000

Using KLU as Direct Linear Solver

No. of Data Rows : 1
vos = 1.695999e-04
vout = 1.204560e+00
dvbe8 = 4.913890e-02
veb8 = 8.449276e-01
dvbe1 = 4.983416e-02
rra = 8.572501e-02
rrb = 1.144052e-02
vgdrv = 1.975565e+00
Reset re-loads circuit * error-amp-offset-mc monte carlo deck -- generated by sim/error-amp-offset-mc/run_amp_offset_mc.py, do not edit

Circuit: * error-amp-offset-mc monte carlo deck -- generated by sim/error-amp-offset-mc/run_amp_offset_mc.py, do not edit

option SCALE: Scale is set to 1e-06 for instance and model parameters
option SCALE: Scale is set to 1e-06 for instance and model parameters
option SCALE: Scale is set to 1e-06 for instance and model parameters
option SCALE: Scale is set to 1e-06 for instance and model parameters
Doing analysis at TEMP = -40.000000 and TNOM = 27.000000

Using KLU as Direct Linear Solver

No. of Data Rows : 1
vos = -7.65030e-04
vout = 1.213819e+00
dvbe8 = 4.894260e-02
veb8 = 8.446580e-01
dvbe1 = 4.957621e-02
rra = 8.553074e-02
rrb = 1.139229e-02
vgdrv = 1.968122e+00
Reset re-loads circuit * error-amp-offset-mc monte carlo deck -- generated by sim/error-amp-offset-mc/run_amp_offset_mc.py, do not edit

Circuit: * error-amp-offset-mc monte carlo deck -- generated by sim/error-amp-offset-mc/run_amp_offset_mc.py, do not edit

option SCALE: Scale is set to 1e-06 for instance and model parameters
option SCALE: Scale is set to 1e-06 for instance and model parameters
option SCALE: Scale is set to 1e-06 for instance and model parameters
option SCALE: Scale is set to 1e-06 for instance and model parameters
Doing analysis at TEMP = -40.000000 and TNOM = 27.000000

Using KLU as Direct Linear Solver
 Reference value :  0.00000e+00
No. of Data Rows : 1
vos = 6.584717e-05
vout = 1.204366e+00
dvbe8 = 4.906144e-02
veb8 = 8.448391e-01
dvbe1 = 4.948999e-02
rra = 8.550957e-02
rrb = 1.136941e-02
vgdrv = 1.972605e+00
Reset re-loads circuit * error-amp-offset-mc monte carlo deck -- generated by sim/error-amp-offset-mc/run_amp_offset_mc.py, do not edit

Circuit: * error-amp-offset-mc monte carlo deck -- generated by sim/error-amp-offset-mc/run_amp_offset_mc.py, do not edit

option SCALE: Scale is set to 1e-06 for instance and model parameters
option SCALE: Scale is set to 1e-06 for instance and model parameters
option SCALE: Scale is set to 1e-06 for instance and model parameters
option SCALE: Scale is set to 1e-06 for instance and model parameters
Doing analysis at TEMP = -40.000000 and TNOM = 27.000000

Using KLU as Direct Linear Solver

No. of Data Rows : 1
vos = 1.264465e-04
vout = 1.205646e+00
dvbe8 = 4.903366e-02
veb8 = 8.447979e-01
dvbe1 = 4.976915e-02
rra = 8.548594e-02
rrb = 1.144244e-02
vgdrv = 1.971836e+00
Reset re-loads circuit * error-amp-offset-mc monte carlo deck -- generated by sim/error-amp-offset-mc/run_amp_offset_mc.py, do not edit

Circuit: * error-amp-offset-mc monte carlo deck -- generated by sim/error-amp-offset-mc/run_amp_offset_mc.py, do not edit

option SCALE: Scale is set to 1e-06 for instance and model parameters
option SCALE: Scale is set to 1e-06 for instance and model parameters
option SCALE: Scale is set to 1e-06 for instance and model parameters
option SCALE: Scale is set to 1e-06 for instance and model parameters
Doing analysis at TEMP = -40.000000 and TNOM = 27.000000

Using KLU as Direct Linear Solver

No. of Data Rows : 1
vos = 1.094911e-03
vout = 1.197079e+00
dvbe8 = 4.893063e-02
veb8 = 8.446221e-01
dvbe1 = 4.984833e-02
rra = 8.551729e-02
rrb = 1.143623e-02
vgdrv = 1.973942e+00
Reset re-loads circuit * error-amp-offset-mc monte carlo deck -- generated by sim/error-amp-offset-mc/run_amp_offset_mc.py, do not edit

Circuit: * error-amp-offset-mc monte carlo deck -- generated by sim/error-amp-offset-mc/run_amp_offset_mc.py, do not edit

option SCALE: Scale is set to 1e-06 for instance and model parameters
option SCALE: Scale is set to 1e-06 for instance and model parameters
option SCALE: Scale is set to 1e-06 for instance and model parameters
option SCALE: Scale is set to 1e-06 for instance and model parameters
Doing analysis at TEMP = -40.000000 and TNOM = 27.000000

Using KLU as Direct Linear Solver

No. of Data Rows : 1
vos = 4.805663e-05
vout = 1.204457e+00
dvbe8 = 4.894237e-02
veb8 = 8.446860e-01
dvbe1 = 4.930191e-02
rra = 8.557471e-02
rrb = 1.145284e-02
vgdrv = 1.978794e+00
Reset re-loads circuit * error-amp-offset-mc monte carlo deck -- generated by sim/error-amp-offset-mc/run_amp_offset_mc.py, do not edit

Circuit: * error-amp-offset-mc monte carlo deck -- generated by sim/error-amp-offset-mc/run_amp_offset_mc.py, do not edit

option SCALE: Scale is set to 1e-06 for instance and model parameters
option SCALE: Scale is set to 1e-06 for instance and model parameters
option SCALE: Scale is set to 1e-06 for instance and model parameters
option SCALE: Scale is set to 1e-06 for instance and model parameters
Doing analysis at TEMP = -40.000000 and TNOM = 27.000000

Using KLU as Direct Linear Solver

No. of Data Rows : 1
vos = -7.76038e-05
vout = 1.206884e+00
dvbe8 = 4.909525e-02
veb8 = 8.448600e-01
dvbe1 = 4.974761e-02
rra = 8.550813e-02
rrb = 1.153809e-02
vgdrv = 1.970694e+00
Reset re-loads circuit * error-amp-offset-mc monte carlo deck -- generated by sim/error-amp-offset-mc/run_amp_offset_mc.py, do not edit

Circuit: * error-amp-offset-mc monte carlo deck -- generated by sim/error-amp-offset-mc/run_amp_offset_mc.py, do not edit

option SCALE: Scale is set to 1e-06 for instance and model parameters
option SCALE: Scale is set to 1e-06 for instance and model parameters
option SCALE: Scale is set to 1e-06 for instance and model parameters
option SCALE: Scale is set to 1e-06 for instance and model parameters
Doing analysis at TEMP = -40.000000 and TNOM = 27.000000

Using KLU as Direct Linear Solver
 Reference value :  0.00000e+00
No. of Data Rows : 1
vos = -6.68592e-04
vout = 1.212293e+00
dvbe8 = 4.889979e-02
veb8 = 8.446745e-01
dvbe1 = 4.977548e-02
rra = 8.572399e-02
rrb = 1.139338e-02
vgdrv = 1.971888e+00
Reset re-loads circuit * error-amp-offset-mc monte carlo deck -- generated by sim/error-amp-offset-mc/run_amp_offset_mc.py, do not edit

Circuit: * error-amp-offset-mc monte carlo deck -- generated by sim/error-amp-offset-mc/run_amp_offset_mc.py, do not edit

option SCALE: Scale is set to 1e-06 for instance and model parameters
option SCALE: Scale is set to 1e-06 for instance and model parameters
option SCALE: Scale is set to 1e-06 for instance and model parameters
option SCALE: Scale is set to 1e-06 for instance and model parameters
Doing analysis at TEMP = -40.000000 and TNOM = 27.000000

Using KLU as Direct Linear Solver
 Reference value :  0.00000e+00
No. of Data Rows : 1
vos = -9.18163e-04
vout = 1.213692e+00
dvbe8 = 4.927291e-02
veb8 = 8.450420e-01
dvbe1 = 4.862653e-02
rra = 8.548365e-02
rrb = 1.147109e-02
vgdrv = 1.970329e+00
Reset re-loads circuit * error-amp-offset-mc monte carlo deck -- generated by sim/error-amp-offset-mc/run_amp_offset_mc.py, do not edit

Circuit: * error-amp-offset-mc monte carlo deck -- generated by sim/error-amp-offset-mc/run_amp_offset_mc.py, do not edit

option SCALE: Scale is set to 1e-06 for instance and model parameters
option SCALE: Scale is set to 1e-06 for instance and model parameters
option SCALE: Scale is set to 1e-06 for instance and model parameters
option SCALE: Scale is set to 1e-06 for instance and model parameters
Doing analysis at TEMP = -40.000000 and TNOM = 27.000000

Using KLU as Direct Linear Solver

No. of Data Rows : 1
vos = -3.48627e-04
vout = 1.209299e+00
dvbe8 = 4.907449e-02
veb8 = 8.448427e-01
dvbe1 = 4.973326e-02
rra = 8.563418e-02
rrb = 1.146889e-02
vgdrv = 1.973787e+00
Reset re-loads circuit * error-amp-offset-mc monte carlo deck -- generated by sim/error-amp-offset-mc/run_amp_offset_mc.py, do not edit

Circuit: * error-amp-offset-mc monte carlo deck -- generated by sim/error-amp-offset-mc/run_amp_offset_mc.py, do not edit

option SCALE: Scale is set to 1e-06 for instance and model parameters
option SCALE: Scale is set to 1e-06 for instance and model parameters
option SCALE: Scale is set to 1e-06 for instance and model parameters
option SCALE: Scale is set to 1e-06 for instance and model parameters
Doing analysis at TEMP = -40.000000 and TNOM = 27.000000

Using KLU as Direct Linear Solver

No. of Data Rows : 1
vos = -2.99205e-05
vout = 1.207473e+00
dvbe8 = 4.920217e-02
veb8 = 8.449945e-01
dvbe1 = 4.951054e-02
rra = 8.549368e-02
rrb = 1.134083e-02
vgdrv = 1.973937e+00
Reset re-loads circuit * error-amp-offset-mc monte carlo deck -- generated by sim/error-amp-offset-mc/run_amp_offset_mc.py, do not edit

Circuit: * error-amp-offset-mc monte carlo deck -- generated by sim/error-amp-offset-mc/run_amp_offset_mc.py, do not edit

option SCALE: Scale is set to 1e-06 for instance and model parameters
option SCALE: Scale is set to 1e-06 for instance and model parameters
option SCALE: Scale is set to 1e-06 for instance and model parameters
option SCALE: Scale is set to 1e-06 for instance and model parameters
Doing analysis at TEMP = -40.000000 and TNOM = 27.000000

Using KLU as Direct Linear Solver

No. of Data Rows : 1
vos = -5.91776e-05
vout = 1.207443e+00
dvbe8 = 4.904956e-02
veb8 = 8.447590e-01
dvbe1 = 4.872231e-02
rra = 8.542616e-02
rrb = 1.145724e-02
vgdrv = 1.970214e+00
Reset re-loads circuit * error-amp-offset-mc monte carlo deck -- generated by sim/error-amp-offset-mc/run_amp_offset_mc.py, do not edit

Circuit: * error-amp-offset-mc monte carlo deck -- generated by sim/error-amp-offset-mc/run_amp_offset_mc.py, do not edit

option SCALE: Scale is set to 1e-06 for instance and model parameters
option SCALE: Scale is set to 1e-06 for instance and model parameters
option SCALE: Scale is set to 1e-06 for instance and model parameters
option SCALE: Scale is set to 1e-06 for instance and model parameters
Doing analysis at TEMP = -40.000000 and TNOM = 27.000000

Using KLU as Direct Linear Solver
 Reference value :  0.00000e+00
No. of Data Rows : 1
vos = 1.197581e-04
vout = 1.204917e+00
dvbe8 = 4.904373e-02
veb8 = 8.448102e-01
dvbe1 = 4.950288e-02
rra = 8.530997e-02
rrb = 1.138961e-02
vgdrv = 1.973260e+00
Reset re-loads circuit * error-amp-offset-mc monte carlo deck -- generated by sim/error-amp-offset-mc/run_amp_offset_mc.py, do not edit

Circuit: * error-amp-offset-mc monte carlo deck -- generated by sim/error-amp-offset-mc/run_amp_offset_mc.py, do not edit

option SCALE: Scale is set to 1e-06 for instance and model parameters
option SCALE: Scale is set to 1e-06 for instance and model parameters
option SCALE: Scale is set to 1e-06 for instance and model parameters
option SCALE: Scale is set to 1e-06 for instance and model parameters
Doing analysis at TEMP = -40.000000 and TNOM = 27.000000

Using KLU as Direct Linear Solver

No. of Data Rows : 1
vos = 1.782165e-05
vout = 1.209492e+00
dvbe8 = 4.898288e-02
veb8 = 8.447716e-01
dvbe1 = 4.874142e-02
rra = 8.553025e-02
rrb = 1.150428e-02
vgdrv = 1.971886e+00
Reset re-loads circuit * error-amp-offset-mc monte carlo deck -- generated by sim/error-amp-offset-mc/run_amp_offset_mc.py, do not edit

Circuit: * error-amp-offset-mc monte carlo deck -- generated by sim/error-amp-offset-mc/run_amp_offset_mc.py, do not edit

option SCALE: Scale is set to 1e-06 for instance and model parameters
option SCALE: Scale is set to 1e-06 for instance and model parameters
option SCALE: Scale is set to 1e-06 for instance and model parameters
option SCALE: Scale is set to 1e-06 for instance and model parameters
Doing analysis at TEMP = -40.000000 and TNOM = 27.000000

Using KLU as Direct Linear Solver

No. of Data Rows : 1
vos = 1.947105e-04
vout = 1.206665e+00
dvbe8 = 4.936244e-02
veb8 = 8.451264e-01
dvbe1 = 4.845797e-02
rra = 8.562319e-02
rrb = 1.129247e-02
vgdrv = 1.978379e+00
Reset re-loads circuit * error-amp-offset-mc monte carlo deck -- generated by sim/error-amp-offset-mc/run_amp_offset_mc.py, do not edit

Circuit: * error-amp-offset-mc monte carlo deck -- generated by sim/error-amp-offset-mc/run_amp_offset_mc.py, do not edit

option SCALE: Scale is set to 1e-06 for instance and model parameters
option SCALE: Scale is set to 1e-06 for instance and model parameters
option SCALE: Scale is set to 1e-06 for instance and model parameters
option SCALE: Scale is set to 1e-06 for instance and model parameters
Doing analysis at TEMP = -40.000000 and TNOM = 27.000000

Using KLU as Direct Linear Solver

No. of Data Rows : 1
vos = 4.954740e-04
vout = 1.201543e+00
dvbe8 = 4.900572e-02
veb8 = 8.447625e-01
dvbe1 = 4.947740e-02
rra = 8.557174e-02
rrb = 1.140114e-02
vgdrv = 1.974529e+00
Reset re-loads circuit * error-amp-offset-mc monte carlo deck -- generated by sim/error-amp-offset-mc/run_amp_offset_mc.py, do not edit

Circuit: * error-amp-offset-mc monte carlo deck -- generated by sim/error-amp-offset-mc/run_amp_offset_mc.py, do not edit

option SCALE: Scale is set to 1e-06 for instance and model parameters
option SCALE: Scale is set to 1e-06 for instance and model parameters
option SCALE: Scale is set to 1e-06 for instance and model parameters
option SCALE: Scale is set to 1e-06 for instance and model parameters
Doing analysis at TEMP = -40.000000 and TNOM = 27.000000

Using KLU as Direct Linear Solver

No. of Data Rows : 1
vos = -1.38204e-04
vout = 1.207508e+00
dvbe8 = 4.916265e-02
veb8 = 8.449434e-01
dvbe1 = 4.976332e-02
rra = 8.544240e-02
rrb = 1.143997e-02
vgdrv = 1.971848e+00
Reset re-loads circuit * error-amp-offset-mc monte carlo deck -- generated by sim/error-amp-offset-mc/run_amp_offset_mc.py, do not edit

Circuit: * error-amp-offset-mc monte carlo deck -- generated by sim/error-amp-offset-mc/run_amp_offset_mc.py, do not edit

option SCALE: Scale is set to 1e-06 for instance and model parameters
option SCALE: Scale is set to 1e-06 for instance and model parameters
option SCALE: Scale is set to 1e-06 for instance and model parameters
option SCALE: Scale is set to 1e-06 for instance and model parameters
Doing analysis at TEMP = -40.000000 and TNOM = 27.000000

Using KLU as Direct Linear Solver
 Reference value :  0.00000e+00
No. of Data Rows : 1
vos = 6.262644e-04
vout = 1.202692e+00
dvbe8 = 4.895129e-02
veb8 = 8.446674e-01
dvbe1 = 4.925154e-02
rra = 8.559920e-02
rrb = 1.138669e-02
vgdrv = 1.971784e+00
Reset re-loads circuit * error-amp-offset-mc monte carlo deck -- generated by sim/error-amp-offset-mc/run_amp_offset_mc.py, do not edit

Circuit: * error-amp-offset-mc monte carlo deck -- generated by sim/error-amp-offset-mc/run_amp_offset_mc.py, do not edit

option SCALE: Scale is set to 1e-06 for instance and model parameters
option SCALE: Scale is set to 1e-06 for instance and model parameters
option SCALE: Scale is set to 1e-06 for instance and model parameters
option SCALE: Scale is set to 1e-06 for instance and model parameters
Doing analysis at TEMP = -40.000000 and TNOM = 27.000000

Using KLU as Direct Linear Solver

No. of Data Rows : 1
vos = -1.85883e-04
vout = 1.210427e+00
dvbe8 = 4.908504e-02
veb8 = 8.448318e-01
dvbe1 = 4.961328e-02
rra = 8.554415e-02
rrb = 1.135329e-02
vgdrv = 1.971218e+00
Reset re-loads circuit * error-amp-offset-mc monte carlo deck -- generated by sim/error-amp-offset-mc/run_amp_offset_mc.py, do not edit

Circuit: * error-amp-offset-mc monte carlo deck -- generated by sim/error-amp-offset-mc/run_amp_offset_mc.py, do not edit

option SCALE: Scale is set to 1e-06 for instance and model parameters
option SCALE: Scale is set to 1e-06 for instance and model parameters
option SCALE: Scale is set to 1e-06 for instance and model parameters
option SCALE: Scale is set to 1e-06 for instance and model parameters
Doing analysis at TEMP = -40.000000 and TNOM = 27.000000

Using KLU as Direct Linear Solver

No. of Data Rows : 1
vos = 9.938964e-08
vout = 1.206952e+00
dvbe8 = 4.883702e-02
veb8 = 8.446555e-01
dvbe1 = 4.968894e-02
rra = 8.554196e-02
rrb = 1.140994e-02
vgdrv = 1.968961e+00
Reset re-loads circuit * error-amp-offset-mc monte carlo deck -- generated by sim/error-amp-offset-mc/run_amp_offset_mc.py, do not edit

Circuit: * error-amp-offset-mc monte carlo deck -- generated by sim/error-amp-offset-mc/run_amp_offset_mc.py, do not edit

option SCALE: Scale is set to 1e-06 for instance and model parameters
option SCALE: Scale is set to 1e-06 for instance and model parameters
option SCALE: Scale is set to 1e-06 for instance and model parameters
option SCALE: Scale is set to 1e-06 for instance and model parameters
Doing analysis at TEMP = -40.000000 and TNOM = 27.000000

Using KLU as Direct Linear Solver

No. of Data Rows : 1
vos = 4.197130e-04
vout = 1.206914e+00
dvbe8 = 4.887230e-02
veb8 = 8.446620e-01
dvbe1 = 4.956414e-02
rra = 8.553723e-02
rrb = 1.139502e-02
vgdrv = 1.968573e+00
Reset re-loads circuit * error-amp-offset-mc monte carlo deck -- generated by sim/error-amp-offset-mc/run_amp_offset_mc.py, do not edit

Circuit: * error-amp-offset-mc monte carlo deck -- generated by sim/error-amp-offset-mc/run_amp_offset_mc.py, do not edit

option SCALE: Scale is set to 1e-06 for instance and model parameters
option SCALE: Scale is set to 1e-06 for instance and model parameters
option SCALE: Scale is set to 1e-06 for instance and model parameters
option SCALE: Scale is set to 1e-06 for instance and model parameters
Doing analysis at TEMP = -40.000000 and TNOM = 27.000000

Using KLU as Direct Linear Solver
 Reference value :  0.00000e+00
No. of Data Rows : 1
vos = -9.48728e-04
vout = 1.215595e+00
dvbe8 = 4.907789e-02
veb8 = 8.448445e-01
dvbe1 = 4.948725e-02
rra = 8.567783e-02
rrb = 1.139876e-02
vgdrv = 1.972093e+00
Reset re-loads circuit * error-amp-offset-mc monte carlo deck -- generated by sim/error-amp-offset-mc/run_amp_offset_mc.py, do not edit

Circuit: * error-amp-offset-mc monte carlo deck -- generated by sim/error-amp-offset-mc/run_amp_offset_mc.py, do not edit

option SCALE: Scale is set to 1e-06 for instance and model parameters
option SCALE: Scale is set to 1e-06 for instance and model parameters
option SCALE: Scale is set to 1e-06 for instance and model parameters
option SCALE: Scale is set to 1e-06 for instance and model parameters
Doing analysis at TEMP = -40.000000 and TNOM = 27.000000

Using KLU as Direct Linear Solver

No. of Data Rows : 1
vos = 6.376350e-04
vout = 1.202438e+00
dvbe8 = 4.888974e-02
veb8 = 8.446607e-01
dvbe1 = 4.987299e-02
rra = 8.557993e-02
rrb = 1.136538e-02
vgdrv = 1.971343e+00
Reset re-loads circuit * error-amp-offset-mc monte carlo deck -- generated by sim/error-amp-offset-mc/run_amp_offset_mc.py, do not edit

Circuit: * error-amp-offset-mc monte carlo deck -- generated by sim/error-amp-offset-mc/run_amp_offset_mc.py, do not edit

option SCALE: Scale is set to 1e-06 for instance and model parameters
option SCALE: Scale is set to 1e-06 for instance and model parameters
option SCALE: Scale is set to 1e-06 for instance and model parameters
option SCALE: Scale is set to 1e-06 for instance and model parameters
Doing analysis at TEMP = -40.000000 and TNOM = 27.000000

Using KLU as Direct Linear Solver

No. of Data Rows : 1
vos = -1.11496e-04
vout = 1.205559e+00
dvbe8 = 4.928029e-02
veb8 = 8.450282e-01
dvbe1 = 4.889321e-02
rra = 8.575208e-02
rrb = 1.140771e-02
vgdrv = 1.972062e+00
Reset re-loads circuit * error-amp-offset-mc monte carlo deck -- generated by sim/error-amp-offset-mc/run_amp_offset_mc.py, do not edit

Circuit: * error-amp-offset-mc monte carlo deck -- generated by sim/error-amp-offset-mc/run_amp_offset_mc.py, do not edit

option SCALE: Scale is set to 1e-06 for instance and model parameters
option SCALE: Scale is set to 1e-06 for instance and model parameters
option SCALE: Scale is set to 1e-06 for instance and model parameters
option SCALE: Scale is set to 1e-06 for instance and model parameters
Doing analysis at TEMP = -40.000000 and TNOM = 27.000000

Using KLU as Direct Linear Solver

No. of Data Rows : 1
vos = 2.110823e-04
vout = 1.201789e+00
dvbe8 = 4.904649e-02
veb8 = 8.447905e-01
dvbe1 = 4.880109e-02
rra = 8.552979e-02
rrb = 1.143203e-02
vgdrv = 1.973637e+00
Reset re-loads circuit * error-amp-offset-mc monte carlo deck -- generated by sim/error-amp-offset-mc/run_amp_offset_mc.py, do not edit

Circuit: * error-amp-offset-mc monte carlo deck -- generated by sim/error-amp-offset-mc/run_amp_offset_mc.py, do not edit

option SCALE: Scale is set to 1e-06 for instance and model parameters
option SCALE: Scale is set to 1e-06 for instance and model parameters
option SCALE: Scale is set to 1e-06 for instance and model parameters
option SCALE: Scale is set to 1e-06 for instance and model parameters
Doing analysis at TEMP = -40.000000 and TNOM = 27.000000

Using KLU as Direct Linear Solver
 Reference value :  0.00000e+00
No. of Data Rows : 1
vos = 8.614131e-05
vout = 1.202614e+00
dvbe8 = 4.891990e-02
veb8 = 8.446976e-01
dvbe1 = 4.945020e-02
rra = 8.574027e-02
rrb = 1.142116e-02
vgdrv = 1.975133e+00
Reset re-loads circuit * error-amp-offset-mc monte carlo deck -- generated by sim/error-amp-offset-mc/run_amp_offset_mc.py, do not edit

Circuit: * error-amp-offset-mc monte carlo deck -- generated by sim/error-amp-offset-mc/run_amp_offset_mc.py, do not edit

option SCALE: Scale is set to 1e-06 for instance and model parameters
option SCALE: Scale is set to 1e-06 for instance and model parameters
option SCALE: Scale is set to 1e-06 for instance and model parameters
option SCALE: Scale is set to 1e-06 for instance and model parameters
Doing analysis at TEMP = -40.000000 and TNOM = 27.000000

Using KLU as Direct Linear Solver

No. of Data Rows : 1
vos = 2.664587e-04
vout = 1.203031e+00
dvbe8 = 4.896586e-02
veb8 = 8.447825e-01
dvbe1 = 4.911517e-02
rra = 8.565496e-02
rrb = 1.143014e-02
vgdrv = 1.974120e+00
Reset re-loads circuit * error-amp-offset-mc monte carlo deck -- generated by sim/error-amp-offset-mc/run_amp_offset_mc.py, do not edit

Circuit: * error-amp-offset-mc monte carlo deck -- generated by sim/error-amp-offset-mc/run_amp_offset_mc.py, do not edit

option SCALE: Scale is set to 1e-06 for instance and model parameters
option SCALE: Scale is set to 1e-06 for instance and model parameters
option SCALE: Scale is set to 1e-06 for instance and model parameters
option SCALE: Scale is set to 1e-06 for instance and model parameters
Doing analysis at TEMP = -40.000000 and TNOM = 27.000000

Using KLU as Direct Linear Solver

No. of Data Rows : 1
vos = 9.686767e-04
vout = 1.197183e+00
dvbe8 = 4.927524e-02
veb8 = 8.450343e-01
dvbe1 = 4.875279e-02
rra = 8.555415e-02
rrb = 1.143128e-02
vgdrv = 1.971324e+00
Reset re-loads circuit * error-amp-offset-mc monte carlo deck -- generated by sim/error-amp-offset-mc/run_amp_offset_mc.py, do not edit

Circuit: * error-amp-offset-mc monte carlo deck -- generated by sim/error-amp-offset-mc/run_amp_offset_mc.py, do not edit

option SCALE: Scale is set to 1e-06 for instance and model parameters
option SCALE: Scale is set to 1e-06 for instance and model parameters
option SCALE: Scale is set to 1e-06 for instance and model parameters
option SCALE: Scale is set to 1e-06 for instance and model parameters
Doing analysis at TEMP = -40.000000 and TNOM = 27.000000

Using KLU as Direct Linear Solver

No. of Data Rows : 1
vos = 1.821199e-04
vout = 1.206228e+00
dvbe8 = 4.914727e-02
veb8 = 8.449053e-01
dvbe1 = 4.872720e-02
rra = 8.573100e-02
rrb = 1.139456e-02
vgdrv = 1.971348e+00
Reset re-loads circuit * error-amp-offset-mc monte carlo deck -- generated by sim/error-amp-offset-mc/run_amp_offset_mc.py, do not edit

Circuit: * error-amp-offset-mc monte carlo deck -- generated by sim/error-amp-offset-mc/run_amp_offset_mc.py, do not edit

option SCALE: Scale is set to 1e-06 for instance and model parameters
option SCALE: Scale is set to 1e-06 for instance and model parameters
option SCALE: Scale is set to 1e-06 for instance and model parameters
option SCALE: Scale is set to 1e-06 for instance and model parameters
Doing analysis at TEMP = -40.000000 and TNOM = 27.000000

Using KLU as Direct Linear Solver

No. of Data Rows : 1
vos = 1.458803e-05
vout = 1.203869e+00
dvbe8 = 4.884703e-02
veb8 = 8.445920e-01
dvbe1 = 4.959714e-02
rra = 8.566685e-02
rrb = 1.142380e-02
vgdrv = 1.972368e+00
Reset re-loads circuit * error-amp-offset-mc monte carlo deck -- generated by sim/error-amp-offset-mc/run_amp_offset_mc.py, do not edit

Circuit: * error-amp-offset-mc monte carlo deck -- generated by sim/error-amp-offset-mc/run_amp_offset_mc.py, do not edit

option SCALE: Scale is set to 1e-06 for instance and model parameters
option SCALE: Scale is set to 1e-06 for instance and model parameters
option SCALE: Scale is set to 1e-06 for instance and model parameters
option SCALE: Scale is set to 1e-06 for instance and model parameters
Doing analysis at TEMP = -40.000000 and TNOM = 27.000000

Using KLU as Direct Linear Solver
 Reference value :  0.00000e+00
No. of Data Rows : 1
vos = 8.553181e-04
vout = 1.197168e+00
dvbe8 = 4.898421e-02
veb8 = 8.447794e-01
dvbe1 = 4.963227e-02
rra = 8.538598e-02
rrb = 1.139135e-02
vgdrv = 1.980113e+00
Reset re-loads circuit * error-amp-offset-mc monte carlo deck -- generated by sim/error-amp-offset-mc/run_amp_offset_mc.py, do not edit

Circuit: * error-amp-offset-mc monte carlo deck -- generated by sim/error-amp-offset-mc/run_amp_offset_mc.py, do not edit

option SCALE: Scale is set to 1e-06 for instance and model parameters
option SCALE: Scale is set to 1e-06 for instance and model parameters
option SCALE: Scale is set to 1e-06 for instance and model parameters
option SCALE: Scale is set to 1e-06 for instance and model parameters
Doing analysis at TEMP = -40.000000 and TNOM = 27.000000

Using KLU as Direct Linear Solver

No. of Data Rows : 1
vos = -5.38112e-04
vout = 1.206584e+00
dvbe8 = 4.909617e-02
veb8 = 8.448296e-01
dvbe1 = 4.924876e-02
rra = 8.557137e-02
rrb = 1.141512e-02
vgdrv = 1.970357e+00
Reset re-loads circuit * error-amp-offset-mc monte carlo deck -- generated by sim/error-amp-offset-mc/run_amp_offset_mc.py, do not edit

Circuit: * error-amp-offset-mc monte carlo deck -- generated by sim/error-amp-offset-mc/run_amp_offset_mc.py, do not edit

option SCALE: Scale is set to 1e-06 for instance and model parameters
option SCALE: Scale is set to 1e-06 for instance and model parameters
option SCALE: Scale is set to 1e-06 for instance and model parameters
option SCALE: Scale is set to 1e-06 for instance and model parameters
Doing analysis at TEMP = -40.000000 and TNOM = 27.000000

Using KLU as Direct Linear Solver

No. of Data Rows : 1
vos = -2.75194e-04
vout = 1.209261e+00
dvbe8 = 4.912996e-02
veb8 = 8.448281e-01
dvbe1 = 4.941478e-02
rra = 8.563511e-02
rrb = 1.143852e-02
vgdrv = 1.968959e+00
Reset re-loads circuit * error-amp-offset-mc monte carlo deck -- generated by sim/error-amp-offset-mc/run_amp_offset_mc.py, do not edit

Circuit: * error-amp-offset-mc monte carlo deck -- generated by sim/error-amp-offset-mc/run_amp_offset_mc.py, do not edit

option SCALE: Scale is set to 1e-06 for instance and model parameters
option SCALE: Scale is set to 1e-06 for instance and model parameters
option SCALE: Scale is set to 1e-06 for instance and model parameters
option SCALE: Scale is set to 1e-06 for instance and model parameters
Doing analysis at TEMP = -40.000000 and TNOM = 27.000000

Using KLU as Direct Linear Solver

No. of Data Rows : 1
vos = 1.094152e-03
vout = 1.195338e+00
dvbe8 = 4.901580e-02
veb8 = 8.448255e-01
dvbe1 = 4.924855e-02
rra = 8.563491e-02
rrb = 1.141397e-02
vgdrv = 1.969986e+00
Reset re-loads circuit * error-amp-offset-mc monte carlo deck -- generated by sim/error-amp-offset-mc/run_amp_offset_mc.py, do not edit

Circuit: * error-amp-offset-mc monte carlo deck -- generated by sim/error-amp-offset-mc/run_amp_offset_mc.py, do not edit

option SCALE: Scale is set to 1e-06 for instance and model parameters
option SCALE: Scale is set to 1e-06 for instance and model parameters
option SCALE: Scale is set to 1e-06 for instance and model parameters
option SCALE: Scale is set to 1e-06 for instance and model parameters
Doing analysis at TEMP = -40.000000 and TNOM = 27.000000

Using KLU as Direct Linear Solver

No. of Data Rows : 1
vos = -7.19361e-05
vout = 1.206280e+00
dvbe8 = 4.909293e-02
veb8 = 8.448575e-01
dvbe1 = 4.936236e-02
rra = 8.551199e-02
rrb = 1.143761e-02
vgdrv = 1.970616e+00
Reset re-loads circuit * error-amp-offset-mc monte carlo deck -- generated by sim/error-amp-offset-mc/run_amp_offset_mc.py, do not edit

Circuit: * error-amp-offset-mc monte carlo deck -- generated by sim/error-amp-offset-mc/run_amp_offset_mc.py, do not edit

option SCALE: Scale is set to 1e-06 for instance and model parameters
option SCALE: Scale is set to 1e-06 for instance and model parameters
option SCALE: Scale is set to 1e-06 for instance and model parameters
option SCALE: Scale is set to 1e-06 for instance and model parameters
Doing analysis at TEMP = -40.000000 and TNOM = 27.000000

Using KLU as Direct Linear Solver
 Reference value :  0.00000e+00
No. of Data Rows : 1
vos = 3.872286e-04
vout = 1.201113e+00
dvbe8 = 4.899002e-02
veb8 = 8.447414e-01
dvbe1 = 4.985227e-02
rra = 8.562981e-02
rrb = 1.144816e-02
vgdrv = 1.971837e+00
Reset re-loads circuit * error-amp-offset-mc monte carlo deck -- generated by sim/error-amp-offset-mc/run_amp_offset_mc.py, do not edit

Circuit: * error-amp-offset-mc monte carlo deck -- generated by sim/error-amp-offset-mc/run_amp_offset_mc.py, do not edit

option SCALE: Scale is set to 1e-06 for instance and model parameters
option SCALE: Scale is set to 1e-06 for instance and model parameters
option SCALE: Scale is set to 1e-06 for instance and model parameters
option SCALE: Scale is set to 1e-06 for instance and model parameters
Doing analysis at TEMP = -40.000000 and TNOM = 27.000000

Using KLU as Direct Linear Solver

No. of Data Rows : 1
vos = -4.78822e-04
vout = 1.208569e+00
dvbe8 = 4.908577e-02
veb8 = 8.448169e-01
dvbe1 = 4.854397e-02
rra = 8.549403e-02
rrb = 1.142696e-02
vgdrv = 1.974588e+00
Reset re-loads circuit * error-amp-offset-mc monte carlo deck -- generated by sim/error-amp-offset-mc/run_amp_offset_mc.py, do not edit

Circuit: * error-amp-offset-mc monte carlo deck -- generated by sim/error-amp-offset-mc/run_amp_offset_mc.py, do not edit

option SCALE: Scale is set to 1e-06 for instance and model parameters
option SCALE: Scale is set to 1e-06 for instance and model parameters
option SCALE: Scale is set to 1e-06 for instance and model parameters
option SCALE: Scale is set to 1e-06 for instance and model parameters
Doing analysis at TEMP = -40.000000 and TNOM = 27.000000

Using KLU as Direct Linear Solver

No. of Data Rows : 1
vos = -6.43470e-04
vout = 1.211379e+00
dvbe8 = 4.882152e-02
veb8 = 8.445497e-01
dvbe1 = 4.967906e-02
rra = 8.562158e-02
rrb = 1.138465e-02
vgdrv = 1.972678e+00
Reset re-loads circuit * error-amp-offset-mc monte carlo deck -- generated by sim/error-amp-offset-mc/run_amp_offset_mc.py, do not edit

Circuit: * error-amp-offset-mc monte carlo deck -- generated by sim/error-amp-offset-mc/run_amp_offset_mc.py, do not edit

option SCALE: Scale is set to 1e-06 for instance and model parameters
option SCALE: Scale is set to 1e-06 for instance and model parameters
option SCALE: Scale is set to 1e-06 for instance and model parameters
option SCALE: Scale is set to 1e-06 for instance and model parameters
Doing analysis at TEMP = -40.000000 and TNOM = 27.000000

Using KLU as Direct Linear Solver

No. of Data Rows : 1
vos = 4.693725e-05
vout = 1.206755e+00
dvbe8 = 4.899173e-02
veb8 = 8.447614e-01
dvbe1 = 5.015729e-02
rra = 8.555804e-02
rrb = 1.148102e-02
vgdrv = 1.974099e+00
Reset re-loads circuit * error-amp-offset-mc monte carlo deck -- generated by sim/error-amp-offset-mc/run_amp_offset_mc.py, do not edit

Circuit: * error-amp-offset-mc monte carlo deck -- generated by sim/error-amp-offset-mc/run_amp_offset_mc.py, do not edit

option SCALE: Scale is set to 1e-06 for instance and model parameters
option SCALE: Scale is set to 1e-06 for instance and model parameters
option SCALE: Scale is set to 1e-06 for instance and model parameters
option SCALE: Scale is set to 1e-06 for instance and model parameters
Doing analysis at TEMP = -40.000000 and TNOM = 27.000000

Using KLU as Direct Linear Solver

No. of Data Rows : 1
vos = -4.24565e-04
vout = 1.210219e+00
dvbe8 = 4.921875e-02
veb8 = 8.449475e-01
dvbe1 = 4.941180e-02
rra = 8.563255e-02
rrb = 1.144749e-02
vgdrv = 1.972528e+00
Reset re-loads circuit * error-amp-offset-mc monte carlo deck -- generated by sim/error-amp-offset-mc/run_amp_offset_mc.py, do not edit

Circuit: * error-amp-offset-mc monte carlo deck -- generated by sim/error-amp-offset-mc/run_amp_offset_mc.py, do not edit

option SCALE: Scale is set to 1e-06 for instance and model parameters
option SCALE: Scale is set to 1e-06 for instance and model parameters
option SCALE: Scale is set to 1e-06 for instance and model parameters
option SCALE: Scale is set to 1e-06 for instance and model parameters
Doing analysis at TEMP = -40.000000 and TNOM = 27.000000

Using KLU as Direct Linear Solver
 Reference value :  0.00000e+00
No. of Data Rows : 1
vos = 4.792581e-04
vout = 1.199440e+00
dvbe8 = 4.929734e-02
veb8 = 8.450159e-01
dvbe1 = 4.965132e-02
rra = 8.538915e-02
rrb = 1.141744e-02
vgdrv = 1.974561e+00
Reset re-loads circuit * error-amp-offset-mc monte carlo deck -- generated by sim/error-amp-offset-mc/run_amp_offset_mc.py, do not edit

Circuit: * error-amp-offset-mc monte carlo deck -- generated by sim/error-amp-offset-mc/run_amp_offset_mc.py, do not edit

option SCALE: Scale is set to 1e-06 for instance and model parameters
option SCALE: Scale is set to 1e-06 for instance and model parameters
option SCALE: Scale is set to 1e-06 for instance and model parameters
option SCALE: Scale is set to 1e-06 for instance and model parameters
Doing analysis at TEMP = -40.000000 and TNOM = 27.000000

Using KLU as Direct Linear Solver

No. of Data Rows : 1
vos = 4.053475e-04
vout = 1.203283e+00
dvbe8 = 4.895148e-02
veb8 = 8.446795e-01
dvbe1 = 5.004202e-02
rra = 8.564422e-02
rrb = 1.142110e-02
vgdrv = 1.973549e+00
Reset re-loads circuit * error-amp-offset-mc monte carlo deck -- generated by sim/error-amp-offset-mc/run_amp_offset_mc.py, do not edit

Circuit: * error-amp-offset-mc monte carlo deck -- generated by sim/error-amp-offset-mc/run_amp_offset_mc.py, do not edit

option SCALE: Scale is set to 1e-06 for instance and model parameters
option SCALE: Scale is set to 1e-06 for instance and model parameters
option SCALE: Scale is set to 1e-06 for instance and model parameters
option SCALE: Scale is set to 1e-06 for instance and model parameters
Doing analysis at TEMP = -40.000000 and TNOM = 27.000000

Using KLU as Direct Linear Solver

No. of Data Rows : 1
vos = 5.569646e-04
vout = 1.202260e+00
dvbe8 = 4.907271e-02
veb8 = 8.448527e-01
dvbe1 = 4.888571e-02
rra = 8.547648e-02
rrb = 1.143640e-02
vgdrv = 1.972424e+00
Reset re-loads circuit * error-amp-offset-mc monte carlo deck -- generated by sim/error-amp-offset-mc/run_amp_offset_mc.py, do not edit

Circuit: * error-amp-offset-mc monte carlo deck -- generated by sim/error-amp-offset-mc/run_amp_offset_mc.py, do not edit

option SCALE: Scale is set to 1e-06 for instance and model parameters
option SCALE: Scale is set to 1e-06 for instance and model parameters
option SCALE: Scale is set to 1e-06 for instance and model parameters
option SCALE: Scale is set to 1e-06 for instance and model parameters
Doing analysis at TEMP = -40.000000 and TNOM = 27.000000

Using KLU as Direct Linear Solver

No. of Data Rows : 1
vos = 4.413482e-04
vout = 1.206695e+00
dvbe8 = 4.893982e-02
veb8 = 8.447327e-01
dvbe1 = 4.889803e-02
rra = 8.577680e-02
rrb = 1.148359e-02
vgdrv = 1.974398e+00
Reset re-loads circuit * error-amp-offset-mc monte carlo deck -- generated by sim/error-amp-offset-mc/run_amp_offset_mc.py, do not edit

Circuit: * error-amp-offset-mc monte carlo deck -- generated by sim/error-amp-offset-mc/run_amp_offset_mc.py, do not edit

option SCALE: Scale is set to 1e-06 for instance and model parameters
option SCALE: Scale is set to 1e-06 for instance and model parameters
option SCALE: Scale is set to 1e-06 for instance and model parameters
option SCALE: Scale is set to 1e-06 for instance and model parameters
Doing analysis at TEMP = -40.000000 and TNOM = 27.000000

Using KLU as Direct Linear Solver

No. of Data Rows : 1
vos = -8.67765e-04
vout = 1.216069e+00
dvbe8 = 4.912891e-02
veb8 = 8.448864e-01
dvbe1 = 4.907251e-02
rra = 8.569447e-02
rrb = 1.140975e-02
vgdrv = 1.967597e+00
Reset re-loads circuit * error-amp-offset-mc monte carlo deck -- generated by sim/error-amp-offset-mc/run_amp_offset_mc.py, do not edit

Circuit: * error-amp-offset-mc monte carlo deck -- generated by sim/error-amp-offset-mc/run_amp_offset_mc.py, do not edit

option SCALE: Scale is set to 1e-06 for instance and model parameters
option SCALE: Scale is set to 1e-06 for instance and model parameters
option SCALE: Scale is set to 1e-06 for instance and model parameters
option SCALE: Scale is set to 1e-06 for instance and model parameters
Doing analysis at TEMP = -40.000000 and TNOM = 27.000000

Using KLU as Direct Linear Solver
 Reference value :  0.00000e+00
No. of Data Rows : 1
vos = -6.32437e-04
vout = 1.213564e+00
dvbe8 = 4.909559e-02
veb8 = 8.448640e-01
dvbe1 = 4.889805e-02
rra = 8.542029e-02
rrb = 1.145646e-02
vgdrv = 1.971406e+00
Reset re-loads circuit * error-amp-offset-mc monte carlo deck -- generated by sim/error-amp-offset-mc/run_amp_offset_mc.py, do not edit

Circuit: * error-amp-offset-mc monte carlo deck -- generated by sim/error-amp-offset-mc/run_amp_offset_mc.py, do not edit

option SCALE: Scale is set to 1e-06 for instance and model parameters
option SCALE: Scale is set to 1e-06 for instance and model parameters
option SCALE: Scale is set to 1e-06 for instance and model parameters
option SCALE: Scale is set to 1e-06 for instance and model parameters
Doing analysis at TEMP = -40.000000 and TNOM = 27.000000

Using KLU as Direct Linear Solver

No. of Data Rows : 1
vos = -4.11932e-04
vout = 1.210555e+00
dvbe8 = 4.879081e-02
veb8 = 8.445378e-01
dvbe1 = 4.908280e-02
rra = 8.574882e-02
rrb = 1.148551e-02
vgdrv = 1.971349e+00
Reset re-loads circuit * error-amp-offset-mc monte carlo deck -- generated by sim/error-amp-offset-mc/run_amp_offset_mc.py, do not edit

Circuit: * error-amp-offset-mc monte carlo deck -- generated by sim/error-amp-offset-mc/run_amp_offset_mc.py, do not edit

option SCALE: Scale is set to 1e-06 for instance and model parameters
option SCALE: Scale is set to 1e-06 for instance and model parameters
option SCALE: Scale is set to 1e-06 for instance and model parameters
option SCALE: Scale is set to 1e-06 for instance and model parameters
Doing analysis at TEMP = -40.000000 and TNOM = 27.000000

Using KLU as Direct Linear Solver

No. of Data Rows : 1
vos = 7.338019e-04
vout = 1.200781e+00
dvbe8 = 4.921933e-02
veb8 = 8.450159e-01
dvbe1 = 4.933725e-02
rra = 8.546528e-02
rrb = 1.135585e-02
vgdrv = 1.972706e+00
Reset re-loads circuit * error-amp-offset-mc monte carlo deck -- generated by sim/error-amp-offset-mc/run_amp_offset_mc.py, do not edit

Circuit: * error-amp-offset-mc monte carlo deck -- generated by sim/error-amp-offset-mc/run_amp_offset_mc.py, do not edit

option SCALE: Scale is set to 1e-06 for instance and model parameters
option SCALE: Scale is set to 1e-06 for instance and model parameters
option SCALE: Scale is set to 1e-06 for instance and model parameters
option SCALE: Scale is set to 1e-06 for instance and model parameters
Doing analysis at TEMP = -40.000000 and TNOM = 27.000000

Using KLU as Direct Linear Solver

No. of Data Rows : 1
vos = 7.522431e-04
vout = 1.199808e+00
dvbe8 = 4.898003e-02
veb8 = 8.447830e-01
dvbe1 = 4.885126e-02
rra = 8.558868e-02
rrb = 1.138926e-02
vgdrv = 1.974719e+00
Reset re-loads circuit * error-amp-offset-mc monte carlo deck -- generated by sim/error-amp-offset-mc/run_amp_offset_mc.py, do not edit

Circuit: * error-amp-offset-mc monte carlo deck -- generated by sim/error-amp-offset-mc/run_amp_offset_mc.py, do not edit

option SCALE: Scale is set to 1e-06 for instance and model parameters
option SCALE: Scale is set to 1e-06 for instance and model parameters
option SCALE: Scale is set to 1e-06 for instance and model parameters
option SCALE: Scale is set to 1e-06 for instance and model parameters
Doing analysis at TEMP = -40.000000 and TNOM = 27.000000

Using KLU as Direct Linear Solver

No. of Data Rows : 1
vos = 3.517145e-04
vout = 1.205128e+00
dvbe8 = 4.877204e-02
veb8 = 8.445474e-01
dvbe1 = 4.872898e-02
rra = 8.548035e-02
rrb = 1.141136e-02
vgdrv = 1.970689e+00
Reset re-loads circuit * error-amp-offset-mc monte carlo deck -- generated by sim/error-amp-offset-mc/run_amp_offset_mc.py, do not edit

Circuit: * error-amp-offset-mc monte carlo deck -- generated by sim/error-amp-offset-mc/run_amp_offset_mc.py, do not edit

option SCALE: Scale is set to 1e-06 for instance and model parameters
option SCALE: Scale is set to 1e-06 for instance and model parameters
option SCALE: Scale is set to 1e-06 for instance and model parameters
option SCALE: Scale is set to 1e-06 for instance and model parameters
Doing analysis at TEMP = -40.000000 and TNOM = 27.000000

Using KLU as Direct Linear Solver
 Reference value :  0.00000e+00
No. of Data Rows : 1
vos = -7.27657e-04
vout = 1.213130e+00
dvbe8 = 4.918446e-02
veb8 = 8.448744e-01
dvbe1 = 4.959738e-02
rra = 8.554179e-02
rrb = 1.149315e-02
vgdrv = 1.972543e+00
Reset re-loads circuit * error-amp-offset-mc monte carlo deck -- generated by sim/error-amp-offset-mc/run_amp_offset_mc.py, do not edit

Circuit: * error-amp-offset-mc monte carlo deck -- generated by sim/error-amp-offset-mc/run_amp_offset_mc.py, do not edit

option SCALE: Scale is set to 1e-06 for instance and model parameters
option SCALE: Scale is set to 1e-06 for instance and model parameters
option SCALE: Scale is set to 1e-06 for instance and model parameters
option SCALE: Scale is set to 1e-06 for instance and model parameters
Doing analysis at TEMP = -40.000000 and TNOM = 27.000000

Using KLU as Direct Linear Solver

No. of Data Rows : 1
vos = -1.46458e-03
vout = 1.223495e+00
dvbe8 = 4.930128e-02
veb8 = 8.449700e-01
dvbe1 = 4.979564e-02
rra = 8.561106e-02
rrb = 1.146803e-02
vgdrv = 1.966194e+00
Reset re-loads circuit * error-amp-offset-mc monte carlo deck -- generated by sim/error-amp-offset-mc/run_amp_offset_mc.py, do not edit

Circuit: * error-amp-offset-mc monte carlo deck -- generated by sim/error-amp-offset-mc/run_amp_offset_mc.py, do not edit

option SCALE: Scale is set to 1e-06 for instance and model parameters
option SCALE: Scale is set to 1e-06 for instance and model parameters
option SCALE: Scale is set to 1e-06 for instance and model parameters
option SCALE: Scale is set to 1e-06 for instance and model parameters
Doing analysis at TEMP = -40.000000 and TNOM = 27.000000

Using KLU as Direct Linear Solver

No. of Data Rows : 1
vos = 4.011064e-04
vout = 1.205549e+00
dvbe8 = 4.924046e-02
veb8 = 8.449281e-01
dvbe1 = 4.992333e-02
rra = 8.550534e-02
rrb = 1.143641e-02
vgdrv = 1.969375e+00
ngspice-46 done
