# point: tt_mm_27c_3.30v
# record: 20260817-130441-aa5324e
# role: mismatch -- local-mismatch distribution at the nominal process point
# section=tt_mm temp=27C supply=3.30V seed=20260803 samples=300
# pdk: sky130A @ open_pdks c6d73a35f524070e85faff4a6a9eef49553ebc2b (/Users/rwalters/.volare/sky130A/libs.tech/combined/sky130.lib.spice)
# ngspice exit: 0
# run (UTC): 2026-08-17T13:04:41Z

# ==== .spiceinit (exact) ====
| * ngspice init settings for the sky130 PDK model libraries.
| *
| * The corner runner copies this file into its scratch run directory as
| * `.spiceinit` before invoking ngspice, so runs do not depend on whatever
| * happens to be in ~/.spiceinit. To drive ngspice by hand with the same
| * settings, copy this file to `.spiceinit` in your working directory.
| *
| * Derived from the PDK's own libs.tech/ngspice/spinit; kept in-repo so the
| * settings a record was produced under are versioned with the harness.
| 
| set ngbehavior=hsa     ; HSPICE-ish compatibility, required to read PDK libs
| set skywaterpdk        ; skip some checks for faster lib loading
| set ng_nomodcheck      ; do not check model parameters
| option noinit          ; do not dump operating point data into the log
| option klu             ; KLU direct linear solver

# ==== deck (exact input given to ngspice) ====
| * error-amp-offset-mc Monte Carlo deck -- generated by sim/error-amp-offset-mc/run_amp_offset_mc.py, do not edit
| * point: tt_mm_27c_3.30v
| .param vsup=3.3
| .option wnflag=1
| .temp 27
| .lib "/Users/rwalters/.volare/sky130A/libs.tech/combined/sky130.lib.spice" tt_mm
| ** sch_path: sim/error-amp-offset-mc/testbench/tb_amp_offset_mc.sch
| **.subckt tb_amp_offset_mc
| V1 VDD 0 'vsup'
| XBG VREF GDRV VDD 0 bandgap_core
| IE8S 0 E8S 5.3u
| XXQ8S 0 0 E8S sky130_fd_pr__pnp_05v5_W0p68L0p68 m=8 mult=8
| IE8L 0 E8L 5.3u
| XXQ8L 0 0 E8L sky130_fd_pr__pnp_05v5_W3p40L3p40 m=8 mult=8
| IE1S 0 E1S 1u
| XXQ1S 0 0 E1S sky130_fd_pr__pnp_05v5_W0p68L0p68 m=1 mult=1
| IE1L 0 E1L 1u
| XXQ1L 0 0 E1L sky130_fd_pr__pnp_05v5_W3p40L3p40 m=1 mult=1
| IRA 0 NRA 1u
| XXRRA 0 NRA 0 sky130_fd_pr__res_high_po W=1 L=270 mult=1 m=1
| IRB 0 NRB 1u
| XXRRB 0 NRB 0 sky130_fd_pr__res_high_po W=1 L=35 mult=1 m=1
| **** begin user architecture code
| 
| 
| * DC-solver seed, not a forced solution: bandgap_core has a stable
| * zero-current state by construction (issue #10's startup circuit is what
| * breaks it in silicon). A .nodeset only biases the initial guess and is
| * removed before the final Newton iterations, so each Monte Carlo sample is a
| * genuine solution of that sample's circuit -- and the same seed is applied to
| * every sample, so it cannot bias the spread.
| *
| * v(gdrv)=2.0 rather than the 2.2 sim/bandgap-smoke and sim/error-amp-loop
| * use, and the difference is load-bearing HERE and nowhere else. The mirror
| * gate settles near 1.97 V, so a 2.2 V guess sits on the wrong side of it;
| * the deterministic runs converge anyway, but under Monte Carlo 12 of 40
| * draws at -40 degC converged instead to the core's other stable solution
| * (VOUT ~ 0.52 V), which would have shown up as a 350 mV sigma. With 2.0 V
| * the same 40 draws all land on the operating solution. Verified not to be
| * the tail wagging the dog: at 27 degC, where neither guess produces a
| * degenerate sample, the two nodesets give sigma(VOUT) = 5.57 vs 5.67 mV and
| * sigma(VOS) = 0.485 vs 0.495 mV over the same 40 draws -- i.e. the guess
| * moves which *solution branch* the solver finds, not the spread it reports.
| * The runner also classifies every sample and refuses to fold a
| * non-operating one into the statistics, so this is belt and braces.
| .nodeset v(vref)=1.2 v(gdrv)=2.0
| 
| 
| **** end user architecture code
| **.ends
| 
| * expanding   symbol:  design/bandgap_core.sym # of pins=4
| ** sym_path: design/bandgap_core.sym
| ** sch_path: design/bandgap_core.sch
| .subckt bandgap_core VOUT GDRV VDD VSS
| *.opin VOUT
| *.iopin GDRV
| *.iopin VDD
| *.iopin VSS
| **** begin user architecture code
| 
| 
| * ---- Kuijk core parameters (issue #8) ----
| * PNP emitter-area ratio N is built ONLY from paralleled unit devices:
| *   N = (n_pnp_ptat * 11.56 um2) / (n_pnp_ctat * 0.4624 um2)
| * Keep both counts equal to hold the pair's measured dVBE while lowering the
| * per-unit current and sigma(dVBE); raise n_pnp_ptat alone for more PTAT.
| .param n_pnp_ctat=8
| .param n_pnp_ptat=8
| * res_high_po unit segment: W = r_w um, L = r_lseg um (R ~ 380 + 325*L ohm)
| .param r_w=1
| .param r_lseg=5
| * segment counts. K = R2/R1. n_r2 history: 54 (issue #46, single-device
| * model) -> 50 (issue #99/DR-003, chained topology, single-device SCHEMATIC
| * left un-modelled) -> 51 (issue #178, chained topology modelled HERE and
| * re-centred against DR-005's ratified accuracy row). See CHAINED-ARRAY
| * MODEL and SIZING (issue #178) below.
| * HISTORY (issue #99 / DR-003, RESOLVED): n_r1/n_r2 are sized against the
| * ROUTED LAYOUT's real chained-array topology -- the ground truth the
| * fabricated part experiences. Issue #98/DR-003
| * (sim/res-array-head-resistance/) established that the routed layout draws
| * each leg as N separately-contacted unit instances in series
| * (layout/bin/gen_bandgap_routed.py's bus_res_series), paying real per-instance
| * head resistance: at the old n_r2=54 that made the REAL part's K=R2/R1 read
| * 8.1474 vs the single-device model's 7.4973, pushing VOUT(27 degC) to
| * ~1.233 V (outside the draft +/-1% window 1.188..1.212 V) at all 5
| * (process,supply) corners and collapsing regulation at ff/2.97 V and
| * fs/2.97 V. Resizing n_r2 54 -> 50 (n_r1 left at 7 so branch current -- and
| * therefore hot-corner headroom -- is not raised while K is corrected) brought
| * the real chained topology's K back to 7.576. Full PVT + trim
| * re-verification of that step: sim/res-array-resize/records/ (issue #99).
| * ---- CHAINED-ARRAY MODEL (issue #178) ----
| * DR-003 deliberately left the SCHEMATIC modelling each leg as ONE
| * res_high_po device, so simulating this cell as-drawn read VOUT(27 degC)
| * ~1.165 V -- ~36 mV below what the routed part builds. Issue #178 closes
| * that gap HERE rather than sizing around it: XR1/XR2A/XR2B are now the
| * *body* devices of an EXACT lumped equivalent of the routed N-instance
| * chain, completed by the per-leg replica + gain elements in the
| * RES_HEAD_MODEL block below. The identity used (exact, not an
| * approximation) follows from the PDK model card
| * (models_resistors.spice: rhead has a hardcoded l=1 independent of the
| * caller's drawn length; rbody is linear in leff = l + 0.247):
| *     R_chain(N units, total drawn length Ltot)
| *         = N*rhead + rbody(Ltot + 0.247*N)
| *         = R_res_high_po(L = Ltot - (N-1)*r_ov_seg)      <- the body device
| *           + (N-1) * R_res_high_po(L = r_ov_seg)          <- the replica
| * for ANY r_ov_seg, because both terms are affine in the drawn length. The
| * (N-1) copies are realized as ONE replica instance whose drop is multiplied
| * by (N-1) with an ideal VCVS, which is exact for the nominal value at every
| * temperature and process corner (rhead and rbody are re-evaluated by the
| * model card, not frozen) -- verified against an explicit 143-instance chain
| * of the same decomposition: identical to 7 significant figures on
| * vref_27 / vref_min / vref_max / tc_ppm over the whole -40..125 degC sweep.
| * The replica carries mult='n_*_ov' so the PDK's own AGAUSS mismatch term
| * (sigma ~ 1/sqrt(w*mult)) reproduces the 1/sqrt(N) averaging of N
| * independent series instances; `m` is deliberately pinned to 1 on those
| * lines (the stock res_high_po symbol ties m to mult, which would parallel
| * the subcircuit and divide the value -- that is why the replica/VCVS pair
| * lives in a code block instead of as drawn symbol instances).
| * ---- SIZING (issue #178) ----
| * With the chain modelled, n_r2 was re-derived against DR-005's ratified
| * untrimmed accuracy row (1.20 V +/-2% over -40..125 degC => 1.176..1.224 V),
| * not against the superseded draft +/-1% window:
| *   n_r2=50 (K = 7.630): vref_min 1.1744..1.1747 -- ~1.3 mV BELOW the 1.176 V
| *     floor at every corner. FAIL.
| *   n_r2=51 (K = 7.773): vref 1.18603..1.21780 at all 15 (process, supply)
| *     points -- inside the window with 10.0 mV bottom / 6.2 mV top margin,
| *     and box TC 142.4..159.0 ppm/degC (binding corner fs). ADOPTED.
| *   n_r2=52 (K = 7.917): vref_max 1.22394..1.22507 -- over the 1.224 V
| *     ceiling at 6 of 15 points. FAIL.
| * n_r1 is held at 7 for the same reason issue #99 held it: R1 sets the branch
| * current, and raising it raises the hot-corner headroom demand that the
| * ff/2.97 V and fs/2.97 V regulation collapse depends on. No collapse is seen
| * at n_r2=51 or 52 at those corners with the chained model.
| * The K figures above are the routed chain's own values, computed from the
| * per-instance terms DR-003 measured and klt extract independently reports
| * (head+end 379.705 ohm/instance, body 324.827 ohm/um):
| *   R1  = 7 * (379.705 + 324.827*5)                       = 14.027 kohm
| *   R2  = (n_r2-2) * (379.705 + 324.827*5)
| *         + 20 * (379.705 + 324.827*0.5)                  = 109.03 kohm at 51
| * i.e. K = 7.773 at n_r2=51 -- NOT the textbook n_r2/n_r1 = 7.286, and NOT
| * the single-device model's 7.087. The residual TC (142-159 ppm/degC, still
| * far above DR-005's < 50 ppm/degC row) is issue #46's device-level floor,
| * not a ratio error: design/device-characterization-summary.md section 1
| * measures Q1's nf = 1.028 vs Q2's nf = 1.000, so ~18.1 mV of the 62.3 mV
| * dVBE at 27 degC is a fraction of a CTAT quantity rather than true PTAT and
| * its shortfall grows with temperature. See sim/output-voltage-tc/records/
| * for the graded evidence and issue #179 for the spec-side routing.
| .param n_r1=7
| .param n_r2=51
| * PMOS mirror multiplicities (unit device W=8u L=2u)
| .param m_out=2
| .param m_ampbias=2
| * ---- Trim network (issue #13), DOWNWARD ONLY -- see DR-002 ----
| * Ladder-tap length added to R2A/R2B equally (metal option, no switches).
| * n_r2_trim: valid range 0..-16 only. r_lseg_trim: 1 um/code (~1.7 mV/code)
| * in DR-002's original SINGLE-DEVICE model. Positive codes are REJECTED:
| * this is the same R2/R1 ratio issue #46 found causes ff/2.97V, fs/2.97V
| * hot-corner (>~123C) operating-point collapse at even a +5 um increase
| * (n_r2=55). sim/trim-range-monotonicity/ reconfirms it for trim and finds
| * codes +1/+2 ALSO collapse (VOUT -> ~2.8V) while +3/+4 happen not to --
| * non-monotonic-in-code, i.e. no positive code is a certified-safe point,
| * not a safe zone at +3/+4. Only downward (R2 decrease) moves away from
| * that edge; confirmed monotonic, collapse-free to -16 across corners. See
| * DR-002 and the sim record for the full case.
| * LSB REVISION (issue #106, DR-002 revision): the routed layout's fine trim
| * chain does NOT draw one length-tapped device -- it chains N separately-
| * contacted res_high_po unit instances (layout/bin/gen_bandgap_routed.py's
| * bus_res_series), each paying a real per-instance head/fringe resistance
| * term this schematic's single-device XR2A/XR2B lines do not model (DR-003,
| * sim/res-array-head-resistance/). Re-deriving DR-002's <=3.000 mV/code LSB
| * comfort bound against that REAL chained topology at the adopted
| * n_r1=7/n_r2=50 sizing (sim/trim-lsb-chained/) found the shipped
| * r_lseg_trim=1 per-code step reads 3.12-3.15 mV/code across all 5 corners
| * -- a real, measured violation of the comfort bound (smaller than an
| * earlier, now-superseded estimate against an abandoned n_r1=6/n_r2=42
| * sizing, but still a violation). Halving the fine unit's drawn length to
| * 0.5 um fixes it: the per-instance head-resistance term (~379.7 ohm, the
| * DOMINANT piece of the per-code step) is a PDK-model-card constant
| * independent of the unit's drawn length, so only the smaller `rbody`
| * fringe term shrinks -- re-verified at r_lseg_trim=0.5 to read
| * 2.40-2.42 mV/code, PASS at all 5 corners, with the same certified 0..-16
| * code range and downward span still clearing DR-002's 1.5x-of-3sigma
| * coverage target. See sim/trim-lsb-chained/records/ for the full
| * re-derivation. NEXT INCREMENT (not done here, per one-lever-per-
| * increment): layout/bin/gen_bandgap_routed.py's
| * R_LSEG_TRIM_UM/SCH_R_LSEG_TRIM_UM (currently still transcribing 1 um)
| * must be re-transcribed to 0.5 um and the routed cell re-verified through
| * klayout DRC/LVS -- klayout's extraction backend is not available in this
| * run environment, so that is a follow-up issue, the same split issue #99
| * used for #107/#108.
| .param n_r2_trim=0
| .param r_lseg_trim=0.5
| * ---- Routed chained-array decomposition (issue #178) ----
| * Transcribed from layout/bin/gen_bandgap_routed.py's N_R1 / N_R2_COARSE /
| * N_R2_TRIM_UNITS: each leg is drawn as separately-contacted unit instances
| * in series, so the instance COUNT (not just the total drawn length) is an
| * electrical parameter -- every instance pays the model card's rhead term.
| *   R1        : n_r1 coarse units of r_lseg um.
| *   R2A/R2B   : n_r2_coarse coarse units of r_lseg um, plus the fixed
| *               n_r2_fine-unit fine ladder of r_lseg_trim um each, of which
| *               (n_r2_fine + n_r2_trim) are in circuit at a DOWNWARD-only
| *               trim code (code 0 = all of them = the untrimmed leg).
| * n_r2_coarse is derived, not transcribed twice: the fine ladder's drawn
| * length is held inside the specified r_lseg*n_r2 leg, which is exactly the
| * constraint gen_bandgap_routed.py's R2_LEG_SPEC_UM assertion enforces.
| .param n_r2_fine=20
| .param n_r2_coarse='n_r2-r_lseg_trim*n_r2_fine/r_lseg'
| .param n_r2_inst='n_r2_coarse+n_r2_fine+n_r2_trim'
| * Replica multiplicities: (N-1) per leg -- see CHAINED-ARRAY MODEL above.
| .param n_r2_ov='n_r2_inst-1'
| .param n_r1_ov='n_r1-1'
| * Replica unit drawn length. The lumped identity is exact for ANY value;
| * 0.5 um is chosen only so the body devices' remaining length stays well
| * positive (R2A/R2B body = 221.0 um, R1 body = 32.0 um at the shipped
| * sizing) and so the replica is a length the layout actually draws.
| .param r_ov_seg=0.5
| 
| 
| **** end user architecture code
| **** begin user architecture code
| 
| 
| * ---- Per-instance head-resistance replicas (issue #178) ----
| * These three (replica, VCVS) pairs complete the EXACT lumped equivalent of
| * the routed layout's N-instance series chains; the drawn XR1/XR2A/XR2B
| * symbols carry only the body length. See the CORE_PARAMS block's
| * CHAINED-ARRAY MODEL section for the identity, its exactness proof and the
| * explicit-chain cross-check.
| * Written as SPICE text rather than drawn symbols for one concrete reason:
| * the stock res_high_po symbol emits 'mult=@mult m=@mult', and an X-line's
| * `m` PARALLELS the subcircuit -- which would divide the replica's value by
| * N-1 instead of leaving it alone. These lines set mult (mismatch sigma,
| * 1/sqrt(w*mult), reproducing N-1 independent instances) while pinning m=1
| * (nominal value untouched). The VCVS then multiplies the replica's own
| * drop by (N-1), so the leg's total series resistance is exactly
| * (N-1) * R_unit(r_ov_seg) + R_body -- at every temperature and corner,
| * because the replica is a real model-card evaluation, not a frozen number.
| XR2A_HD VA R2A_HD1 VSS sky130_fd_pr__res_high_po W='r_w' L='r_ov_seg' mult='n_r2_ov' m=1
| ER2A_HD R2A_HD1 R2A_HD2 VA R2A_HD1 'n_r2_ov-1'
| XR2B_HD VB R2B_HD1 VSS sky130_fd_pr__res_high_po W='r_w' L='r_ov_seg' mult='n_r2_ov' m=1
| ER2B_HD R2B_HD1 R2B_HD2 VB R2B_HD1 'n_r2_ov-1'
| XR1_HD VBQ R1_HD1 VSS sky130_fd_pr__res_high_po W='r_w' L='r_ov_seg' mult='n_r1_ov' m=1
| ER1_HD R1_HD1 R1_HD2 VBQ R1_HD1 'n_r1_ov-1'
| 
| 
| **** end user architecture code
| XMPOUT VOUT GDRV VDD VDD sky130_fd_pr__pfet_g5v0d10v5 L=2 W=8 nf=1 ad=2.32 as=2.32 pd=16.58 ps=16.58 nrd=0.03625 nrs=0.03625 sa=0 sb=0
| + sd=0 mult='m_out' m='m_out'
| XMPAMP TAIL GDRV VDD VDD sky130_fd_pr__pfet_g5v0d10v5 L=2 W=8 nf=1 ad=2.32 as=2.32 pd=16.58 ps=16.58 nrd=0.03625 nrs=0.03625 sa=0 sb=0
| + sd=0 mult='m_ampbias' m='m_ampbias'
| XAMP VB VA GDRV TAIL VDD VSS error_amp
| XR2A R2A_HD2 VOUT VSS sky130_fd_pr__res_high_po W='r_w' L='r_lseg*n_r2+r_lseg_trim*n_r2_trim-n_r2_ov*r_ov_seg' mult=1 m=1
| XR2B R2B_HD2 VOUT VSS sky130_fd_pr__res_high_po W='r_w' L='r_lseg*n_r2+r_lseg_trim*n_r2_trim-n_r2_ov*r_ov_seg' mult=1 m=1
| XQ1 VSS VSS VA sky130_fd_pr__pnp_05v5_W0p68L0p68 m='n_pnp_ctat' mult='n_pnp_ctat'
| XR1 R1_HD2 VB VSS sky130_fd_pr__res_high_po W='r_w' L='r_lseg*n_r1-n_r1_ov*r_ov_seg' mult=1 m=1
| XQ2 VSS VSS VBQ sky130_fd_pr__pnp_05v5_W3p40L3p40 m='n_pnp_ptat' mult='n_pnp_ptat'
| .ends
| 
| 
| * expanding   symbol:  design/error_amp.sym # of pins=6
| ** sym_path: design/error_amp.sym
| ** sch_path: design/error_amp.sch
| .subckt error_amp VINP VINN AOUT ITAIL VDD VSS
| *.ipin VINP
| *.ipin VINN
| *.opin AOUT
| *.iopin ITAIL
| *.iopin VDD
| *.iopin VSS
| **** begin user architecture code
| 
| 
| * ---- error-amp device multiplicities (issue #9 sizing, amp_m_in revised by #170) ----
| * Unit geometry is fixed on the instances below; mult is the matching axis
| * (sigma(Vth) scales as 1/sqrt(W*L*mult) in the PDK's own model).
| * amp_m_in    : input-pair PMOS units   (W=20u L=10u each -> 1600 um^2 total;
| *               16 -> 8 by issue #170, DR-008 Option B PSRR margin increase
| *               -- see the header's amp_m_in: 16 -> 8 section)
| * amp_m_nmirr : NMOS load/mirror units  (W=8u  L=20u each ->  640 um^2 total)
| * amp_m_pmirr : PMOS mirror units       (W=6u  L=20u each ->  960 um^2 total)
| * amp_m_cc    : MOS-capacitor units     (W=30u L=20u each -> 9600 um^2 total)
| .param amp_m_in=8
| .param amp_m_nmirr=4
| .param amp_m_pmirr=8
| .param amp_m_cc=16
| 
| 
| **** end user architecture code
| XMP1 D1 VINP ITAIL VDD sky130_fd_pr__pfet_g5v0d10v5 L=10 W=20 nf=1 ad=5.8 as=5.8 pd=40.58 ps=40.58 nrd=0.0145 nrs=0.0145 sa=0 sb=0
| + sd=0 mult='amp_m_in' m='amp_m_in'
| XMP2 D2 VINN ITAIL VDD sky130_fd_pr__pfet_g5v0d10v5 L=10 W=20 nf=1 ad=5.8 as=5.8 pd=40.58 ps=40.58 nrd=0.0145 nrs=0.0145 sa=0 sb=0
| + sd=0 mult='amp_m_in' m='amp_m_in'
| XMN1 D1 D1 VSS VSS sky130_fd_pr__nfet_g5v0d10v5 L=20 W=8 nf=1 ad=2.32 as=2.32 pd=16.58 ps=16.58 nrd=0.03625 nrs=0.03625 sa=0 sb=0 sd=0
| + mult='amp_m_nmirr' m='amp_m_nmirr'
| XMN2 D2 D2 VSS VSS sky130_fd_pr__nfet_g5v0d10v5 L=20 W=8 nf=1 ad=2.32 as=2.32 pd=16.58 ps=16.58 nrd=0.03625 nrs=0.03625 sa=0 sb=0 sd=0
| + mult='amp_m_nmirr' m='amp_m_nmirr'
| XMN3 AOUT D1 VSS VSS sky130_fd_pr__nfet_g5v0d10v5 L=20 W=8 nf=1 ad=2.32 as=2.32 pd=16.58 ps=16.58 nrd=0.03625 nrs=0.03625 sa=0 sb=0
| + sd=0 mult='amp_m_nmirr' m='amp_m_nmirr'
| XMN4 PN D2 VSS VSS sky130_fd_pr__nfet_g5v0d10v5 L=20 W=8 nf=1 ad=2.32 as=2.32 pd=16.58 ps=16.58 nrd=0.03625 nrs=0.03625 sa=0 sb=0 sd=0
| + mult='amp_m_nmirr' m='amp_m_nmirr'
| XMP4 AOUT PN VDD VDD sky130_fd_pr__pfet_g5v0d10v5 L=20 W=6 nf=1 ad=1.74 as=1.74 pd=12.58 ps=12.58 nrd=0.0483333333333333 nrs=0.0483333333333333
| + sa=0 sb=0 sd=0 mult='amp_m_pmirr' m='amp_m_pmirr'
| XMP3 PN PN VDD VDD sky130_fd_pr__pfet_g5v0d10v5 L=20 W=6 nf=1 ad=1.74 as=1.74 pd=12.58 ps=12.58 nrd=0.0483333333333333 nrs=0.0483333333333333
| + sa=0 sb=0 sd=0 mult='amp_m_pmirr' m='amp_m_pmirr'
| XMCC VDD AOUT VDD VDD sky130_fd_pr__pfet_g5v0d10v5 L=20 W=30 nf=1 ad=8.7 as=8.7 pd=60.58 ps=60.58 nrd=0.00966666666666667 nrs=0.00966666666666667
| + sa=0 sb=0 sd=0 mult='amp_m_cc' m='amp_m_cc'
| .ends
| 
| .control
| setseed 20260803
| set width = 512
| set height = 100000
| let nruns = 300
| let run = 0
| dowhile run < nruns
|   reset
|   op
|   let vos   = v(xbg.va)-v(xbg.vb)
|   let vout  = v(vref)
|   let dvbe8 = v(e8s)-v(e8l)
|   let veb8  = v(e8s)
|   let dvbe1 = v(e1s)-v(e1l)
|   let rra   = v(nra)
|   let rrb   = v(nrb)
|   let vgdrv = v(gdrv)
|   print vos vout dvbe8 veb8 dvbe1 rra rrb vgdrv
|   let run = run + 1
| end
| quit
| .endc
| .end

# ==== ngspice stdout+stderr ====

Note: Compatibility modes selected: hs a


Circuit: * error-amp-offset-mc monte carlo deck -- generated by sim/error-amp-offset-mc/run_amp_offset_mc.py, do not edit

option SCALE: Scale is set to 1e-06 for instance and model parameters
option SCALE: Scale is set to 1e-06 for instance and model parameters
option SCALE: Scale is set to 1e-06 for instance and model parameters
option SCALE: Scale is set to 1e-06 for instance and model parameters
Reset re-loads circuit * error-amp-offset-mc monte carlo deck -- generated by sim/error-amp-offset-mc/run_amp_offset_mc.py, do not edit

Circuit: * error-amp-offset-mc monte carlo deck -- generated by sim/error-amp-offset-mc/run_amp_offset_mc.py, do not edit

option SCALE: Scale is set to 1e-06 for instance and model parameters
option SCALE: Scale is set to 1e-06 for instance and model parameters
option SCALE: Scale is set to 1e-06 for instance and model parameters
option SCALE: Scale is set to 1e-06 for instance and model parameters
Doing analysis at TEMP = 27.000000 and TNOM = 27.000000

Using KLU as Direct Linear Solver
 Reference value :  0.00000e+00
No. of Data Rows : 1
vos = -6.56466e-04
vout = 1.216416e+00
dvbe8 = 6.208989e-02
veb8 = 7.308789e-01
dvbe1 = 6.362298e-02
rra = 8.814078e-02
rrb = 1.175310e-02
vgdrv = 2.062150e+00
Reset re-loads circuit * error-amp-offset-mc monte carlo deck -- generated by sim/error-amp-offset-mc/run_amp_offset_mc.py, do not edit

Circuit: * error-amp-offset-mc monte carlo deck -- generated by sim/error-amp-offset-mc/run_amp_offset_mc.py, do not edit

option SCALE: Scale is set to 1e-06 for instance and model parameters
option SCALE: Scale is set to 1e-06 for instance and model parameters
option SCALE: Scale is set to 1e-06 for instance and model parameters
option SCALE: Scale is set to 1e-06 for instance and model parameters
Doing analysis at TEMP = 27.000000 and TNOM = 27.000000

Using KLU as Direct Linear Solver

No. of Data Rows : 1
vos = -3.28188e-04
vout = 1.213539e+00
dvbe8 = 6.238546e-02
veb8 = 7.311366e-01
dvbe1 = 6.345367e-02
rra = 8.799605e-02
rrb = 1.174101e-02
vgdrv = 2.060611e+00
Reset re-loads circuit * error-amp-offset-mc monte carlo deck -- generated by sim/error-amp-offset-mc/run_amp_offset_mc.py, do not edit

Circuit: * error-amp-offset-mc monte carlo deck -- generated by sim/error-amp-offset-mc/run_amp_offset_mc.py, do not edit

option SCALE: Scale is set to 1e-06 for instance and model parameters
option SCALE: Scale is set to 1e-06 for instance and model parameters
option SCALE: Scale is set to 1e-06 for instance and model parameters
option SCALE: Scale is set to 1e-06 for instance and model parameters
Doing analysis at TEMP = 27.000000 and TNOM = 27.000000

Using KLU as Direct Linear Solver

No. of Data Rows : 1
vos = -3.56449e-04
vout = 1.215071e+00
dvbe8 = 6.231699e-02
veb8 = 7.310785e-01
dvbe1 = 6.171725e-02
rra = 8.819743e-02
rrb = 1.172761e-02
vgdrv = 2.053561e+00
Reset re-loads circuit * error-amp-offset-mc monte carlo deck -- generated by sim/error-amp-offset-mc/run_amp_offset_mc.py, do not edit

Circuit: * error-amp-offset-mc monte carlo deck -- generated by sim/error-amp-offset-mc/run_amp_offset_mc.py, do not edit

option SCALE: Scale is set to 1e-06 for instance and model parameters
option SCALE: Scale is set to 1e-06 for instance and model parameters
option SCALE: Scale is set to 1e-06 for instance and model parameters
option SCALE: Scale is set to 1e-06 for instance and model parameters
Doing analysis at TEMP = 27.000000 and TNOM = 27.000000

Using KLU as Direct Linear Solver

No. of Data Rows : 1
vos = -9.85290e-04
vout = 1.217141e+00
dvbe8 = 6.240777e-02
veb8 = 7.311859e-01
dvbe1 = 6.348154e-02
rra = 8.816619e-02
rrb = 1.171137e-02
vgdrv = 2.055417e+00
Reset re-loads circuit * error-amp-offset-mc monte carlo deck -- generated by sim/error-amp-offset-mc/run_amp_offset_mc.py, do not edit

Circuit: * error-amp-offset-mc monte carlo deck -- generated by sim/error-amp-offset-mc/run_amp_offset_mc.py, do not edit

option SCALE: Scale is set to 1e-06 for instance and model parameters
option SCALE: Scale is set to 1e-06 for instance and model parameters
option SCALE: Scale is set to 1e-06 for instance and model parameters
option SCALE: Scale is set to 1e-06 for instance and model parameters
Doing analysis at TEMP = 27.000000 and TNOM = 27.000000

Using KLU as Direct Linear Solver

No. of Data Rows : 1
vos = -4.26701e-04
vout = 1.214334e+00
dvbe8 = 6.231915e-02
veb8 = 7.311580e-01
dvbe1 = 6.357228e-02
rra = 8.802079e-02
rrb = 1.172886e-02
vgdrv = 2.059587e+00
Reset re-loads circuit * error-amp-offset-mc monte carlo deck -- generated by sim/error-amp-offset-mc/run_amp_offset_mc.py, do not edit

Circuit: * error-amp-offset-mc monte carlo deck -- generated by sim/error-amp-offset-mc/run_amp_offset_mc.py, do not edit

option SCALE: Scale is set to 1e-06 for instance and model parameters
option SCALE: Scale is set to 1e-06 for instance and model parameters
option SCALE: Scale is set to 1e-06 for instance and model parameters
option SCALE: Scale is set to 1e-06 for instance and model parameters
Doing analysis at TEMP = 27.000000 and TNOM = 27.000000

Using KLU as Direct Linear Solver

No. of Data Rows : 1
vos = -7.70824e-04
vout = 1.216299e+00
dvbe8 = 6.230946e-02
veb8 = 7.310914e-01
dvbe1 = 6.328425e-02
rra = 8.813440e-02
rrb = 1.173889e-02
vgdrv = 2.064831e+00
Reset re-loads circuit * error-amp-offset-mc monte carlo deck -- generated by sim/error-amp-offset-mc/run_amp_offset_mc.py, do not edit

Circuit: * error-amp-offset-mc monte carlo deck -- generated by sim/error-amp-offset-mc/run_amp_offset_mc.py, do not edit

option SCALE: Scale is set to 1e-06 for instance and model parameters
option SCALE: Scale is set to 1e-06 for instance and model parameters
option SCALE: Scale is set to 1e-06 for instance and model parameters
option SCALE: Scale is set to 1e-06 for instance and model parameters
Doing analysis at TEMP = 27.000000 and TNOM = 27.000000

Using KLU as Direct Linear Solver

No. of Data Rows : 1
vos = -2.60513e-04
vout = 1.211749e+00
dvbe8 = 6.218722e-02
veb8 = 7.309497e-01
dvbe1 = 6.325273e-02
rra = 8.812744e-02
rrb = 1.172611e-02
vgdrv = 2.062686e+00
Reset re-loads circuit * error-amp-offset-mc monte carlo deck -- generated by sim/error-amp-offset-mc/run_amp_offset_mc.py, do not edit

Circuit: * error-amp-offset-mc monte carlo deck -- generated by sim/error-amp-offset-mc/run_amp_offset_mc.py, do not edit

option SCALE: Scale is set to 1e-06 for instance and model parameters
option SCALE: Scale is set to 1e-06 for instance and model parameters
option SCALE: Scale is set to 1e-06 for instance and model parameters
option SCALE: Scale is set to 1e-06 for instance and model parameters
Doing analysis at TEMP = 27.000000 and TNOM = 27.000000

Using KLU as Direct Linear Solver

No. of Data Rows : 1
vos = -8.38809e-04
vout = 1.213978e+00
dvbe8 = 6.250463e-02
veb8 = 7.313066e-01
dvbe1 = 6.239287e-02
rra = 8.803799e-02
rrb = 1.170458e-02
vgdrv = 2.059454e+00
Reset re-loads circuit * error-amp-offset-mc monte carlo deck -- generated by sim/error-amp-offset-mc/run_amp_offset_mc.py, do not edit

Circuit: * error-amp-offset-mc monte carlo deck -- generated by sim/error-amp-offset-mc/run_amp_offset_mc.py, do not edit

option SCALE: Scale is set to 1e-06 for instance and model parameters
option SCALE: Scale is set to 1e-06 for instance and model parameters
option SCALE: Scale is set to 1e-06 for instance and model parameters
option SCALE: Scale is set to 1e-06 for instance and model parameters
Doing analysis at TEMP = 27.000000 and TNOM = 27.000000

Using KLU as Direct Linear Solver

No. of Data Rows : 1
vos = -9.31197e-04
vout = 1.214336e+00
dvbe8 = 6.239325e-02
veb8 = 7.312310e-01
dvbe1 = 6.192432e-02
rra = 8.795492e-02
rrb = 1.173346e-02
vgdrv = 2.060059e+00
Reset re-loads circuit * error-amp-offset-mc monte carlo deck -- generated by sim/error-amp-offset-mc/run_amp_offset_mc.py, do not edit

Circuit: * error-amp-offset-mc monte carlo deck -- generated by sim/error-amp-offset-mc/run_amp_offset_mc.py, do not edit

option SCALE: Scale is set to 1e-06 for instance and model parameters
option SCALE: Scale is set to 1e-06 for instance and model parameters
option SCALE: Scale is set to 1e-06 for instance and model parameters
option SCALE: Scale is set to 1e-06 for instance and model parameters
Doing analysis at TEMP = 27.000000 and TNOM = 27.000000

Using KLU as Direct Linear Solver
 Reference value :  0.00000e+00
No. of Data Rows : 1
vos = -2.67826e-04
vout = 1.206730e+00
dvbe8 = 6.265195e-02
veb8 = 7.314319e-01
dvbe1 = 6.309433e-02
rra = 8.812330e-02
rrb = 1.171837e-02
vgdrv = 2.062440e+00
Reset re-loads circuit * error-amp-offset-mc monte carlo deck -- generated by sim/error-amp-offset-mc/run_amp_offset_mc.py, do not edit

Circuit: * error-amp-offset-mc monte carlo deck -- generated by sim/error-amp-offset-mc/run_amp_offset_mc.py, do not edit

option SCALE: Scale is set to 1e-06 for instance and model parameters
option SCALE: Scale is set to 1e-06 for instance and model parameters
option SCALE: Scale is set to 1e-06 for instance and model parameters
option SCALE: Scale is set to 1e-06 for instance and model parameters
Doing analysis at TEMP = 27.000000 and TNOM = 27.000000

Using KLU as Direct Linear Solver

No. of Data Rows : 1
vos = -1.16649e-03
vout = 1.222805e+00
dvbe8 = 6.262618e-02
veb8 = 7.314001e-01
dvbe1 = 6.302561e-02
rra = 8.809228e-02
rrb = 1.176216e-02
vgdrv = 2.061050e+00
Reset re-loads circuit * error-amp-offset-mc monte carlo deck -- generated by sim/error-amp-offset-mc/run_amp_offset_mc.py, do not edit

Circuit: * error-amp-offset-mc monte carlo deck -- generated by sim/error-amp-offset-mc/run_amp_offset_mc.py, do not edit

option SCALE: Scale is set to 1e-06 for instance and model parameters
option SCALE: Scale is set to 1e-06 for instance and model parameters
option SCALE: Scale is set to 1e-06 for instance and model parameters
option SCALE: Scale is set to 1e-06 for instance and model parameters
Doing analysis at TEMP = 27.000000 and TNOM = 27.000000

Using KLU as Direct Linear Solver

No. of Data Rows : 1
vos = 2.816866e-04
vout = 1.210789e+00
dvbe8 = 6.221519e-02
veb8 = 7.310275e-01
dvbe1 = 6.259305e-02
rra = 8.802366e-02
rrb = 1.176491e-02
vgdrv = 2.066167e+00
Reset re-loads circuit * error-amp-offset-mc monte carlo deck -- generated by sim/error-amp-offset-mc/run_amp_offset_mc.py, do not edit

Circuit: * error-amp-offset-mc monte carlo deck -- generated by sim/error-amp-offset-mc/run_amp_offset_mc.py, do not edit

option SCALE: Scale is set to 1e-06 for instance and model parameters
option SCALE: Scale is set to 1e-06 for instance and model parameters
option SCALE: Scale is set to 1e-06 for instance and model parameters
option SCALE: Scale is set to 1e-06 for instance and model parameters
Doing analysis at TEMP = 27.000000 and TNOM = 27.000000

Using KLU as Direct Linear Solver

No. of Data Rows : 1
vos = -3.57436e-04
vout = 1.213730e+00
dvbe8 = 6.247271e-02
veb8 = 7.312841e-01
dvbe1 = 6.268042e-02
rra = 8.813809e-02
rrb = 1.175315e-02
vgdrv = 2.064568e+00
Reset re-loads circuit * error-amp-offset-mc monte carlo deck -- generated by sim/error-amp-offset-mc/run_amp_offset_mc.py, do not edit

Circuit: * error-amp-offset-mc monte carlo deck -- generated by sim/error-amp-offset-mc/run_amp_offset_mc.py, do not edit

option SCALE: Scale is set to 1e-06 for instance and model parameters
option SCALE: Scale is set to 1e-06 for instance and model parameters
option SCALE: Scale is set to 1e-06 for instance and model parameters
option SCALE: Scale is set to 1e-06 for instance and model parameters
Doing analysis at TEMP = 27.000000 and TNOM = 27.000000

Using KLU as Direct Linear Solver

No. of Data Rows : 1
vos = -6.98317e-04
vout = 1.217826e+00
dvbe8 = 6.246265e-02
veb8 = 7.312443e-01
dvbe1 = 6.275586e-02
rra = 8.795111e-02
rrb = 1.176478e-02
vgdrv = 2.064623e+00
Reset re-loads circuit * error-amp-offset-mc monte carlo deck -- generated by sim/error-amp-offset-mc/run_amp_offset_mc.py, do not edit

Circuit: * error-amp-offset-mc monte carlo deck -- generated by sim/error-amp-offset-mc/run_amp_offset_mc.py, do not edit

option SCALE: Scale is set to 1e-06 for instance and model parameters
option SCALE: Scale is set to 1e-06 for instance and model parameters
option SCALE: Scale is set to 1e-06 for instance and model parameters
option SCALE: Scale is set to 1e-06 for instance and model parameters
Doing analysis at TEMP = 27.000000 and TNOM = 27.000000

Using KLU as Direct Linear Solver

No. of Data Rows : 1
vos = 4.174656e-04
vout = 1.206405e+00
dvbe8 = 6.267029e-02
veb8 = 7.314542e-01
dvbe1 = 6.341871e-02
rra = 8.791032e-02
rrb = 1.176955e-02
vgdrv = 2.062088e+00
Reset re-loads circuit * error-amp-offset-mc monte carlo deck -- generated by sim/error-amp-offset-mc/run_amp_offset_mc.py, do not edit

Circuit: * error-amp-offset-mc monte carlo deck -- generated by sim/error-amp-offset-mc/run_amp_offset_mc.py, do not edit

option SCALE: Scale is set to 1e-06 for instance and model parameters
option SCALE: Scale is set to 1e-06 for instance and model parameters
option SCALE: Scale is set to 1e-06 for instance and model parameters
option SCALE: Scale is set to 1e-06 for instance and model parameters
Doing analysis at TEMP = 27.000000 and TNOM = 27.000000

Using KLU as Direct Linear Solver

No. of Data Rows : 1
vos = -6.98727e-04
vout = 1.219366e+00
dvbe8 = 6.243681e-02
veb8 = 7.312603e-01
dvbe1 = 6.339392e-02
rra = 8.802132e-02
rrb = 1.179645e-02
vgdrv = 2.057316e+00
Reset re-loads circuit * error-amp-offset-mc monte carlo deck -- generated by sim/error-amp-offset-mc/run_amp_offset_mc.py, do not edit

Circuit: * error-amp-offset-mc monte carlo deck -- generated by sim/error-amp-offset-mc/run_amp_offset_mc.py, do not edit

option SCALE: Scale is set to 1e-06 for instance and model parameters
option SCALE: Scale is set to 1e-06 for instance and model parameters
option SCALE: Scale is set to 1e-06 for instance and model parameters
option SCALE: Scale is set to 1e-06 for instance and model parameters
Doing analysis at TEMP = 27.000000 and TNOM = 27.000000

Using KLU as Direct Linear Solver

No. of Data Rows : 1
vos = -1.29402e-03
vout = 1.221151e+00
dvbe8 = 6.241418e-02
veb8 = 7.312169e-01
dvbe1 = 6.266036e-02
rra = 8.824700e-02
rrb = 1.178270e-02
vgdrv = 2.059547e+00
Reset re-loads circuit * error-amp-offset-mc monte carlo deck -- generated by sim/error-amp-offset-mc/run_amp_offset_mc.py, do not edit

Circuit: * error-amp-offset-mc monte carlo deck -- generated by sim/error-amp-offset-mc/run_amp_offset_mc.py, do not edit

option SCALE: Scale is set to 1e-06 for instance and model parameters
option SCALE: Scale is set to 1e-06 for instance and model parameters
option SCALE: Scale is set to 1e-06 for instance and model parameters
option SCALE: Scale is set to 1e-06 for instance and model parameters
Doing analysis at TEMP = 27.000000 and TNOM = 27.000000

Using KLU as Direct Linear Solver
 Reference value :  0.00000e+00
No. of Data Rows : 1
vos = 6.376314e-04
vout = 1.200541e+00
dvbe8 = 6.261506e-02
veb8 = 7.314401e-01
dvbe1 = 6.285926e-02
rra = 8.809566e-02
rrb = 1.178394e-02
vgdrv = 2.062009e+00
Reset re-loads circuit * error-amp-offset-mc monte carlo deck -- generated by sim/error-amp-offset-mc/run_amp_offset_mc.py, do not edit

Circuit: * error-amp-offset-mc monte carlo deck -- generated by sim/error-amp-offset-mc/run_amp_offset_mc.py, do not edit

option SCALE: Scale is set to 1e-06 for instance and model parameters
option SCALE: Scale is set to 1e-06 for instance and model parameters
option SCALE: Scale is set to 1e-06 for instance and model parameters
option SCALE: Scale is set to 1e-06 for instance and model parameters
Doing analysis at TEMP = 27.000000 and TNOM = 27.000000

Using KLU as Direct Linear Solver

No. of Data Rows : 1
vos = -4.86189e-04
vout = 1.209419e+00
dvbe8 = 6.237256e-02
veb8 = 7.311336e-01
dvbe1 = 6.338949e-02
rra = 8.811362e-02
rrb = 1.175095e-02
vgdrv = 2.059492e+00
Reset re-loads circuit * error-amp-offset-mc monte carlo deck -- generated by sim/error-amp-offset-mc/run_amp_offset_mc.py, do not edit

Circuit: * error-amp-offset-mc monte carlo deck -- generated by sim/error-amp-offset-mc/run_amp_offset_mc.py, do not edit

option SCALE: Scale is set to 1e-06 for instance and model parameters
option SCALE: Scale is set to 1e-06 for instance and model parameters
option SCALE: Scale is set to 1e-06 for instance and model parameters
option SCALE: Scale is set to 1e-06 for instance and model parameters
Doing analysis at TEMP = 27.000000 and TNOM = 27.000000

Using KLU as Direct Linear Solver

No. of Data Rows : 1
vos = -7.15287e-04
vout = 1.220156e+00
dvbe8 = 6.217589e-02
veb8 = 7.309586e-01
dvbe1 = 6.229484e-02
rra = 8.810650e-02
rrb = 1.174471e-02
vgdrv = 2.056632e+00
Reset re-loads circuit * error-amp-offset-mc monte carlo deck -- generated by sim/error-amp-offset-mc/run_amp_offset_mc.py, do not edit

Circuit: * error-amp-offset-mc monte carlo deck -- generated by sim/error-amp-offset-mc/run_amp_offset_mc.py, do not edit

option SCALE: Scale is set to 1e-06 for instance and model parameters
option SCALE: Scale is set to 1e-06 for instance and model parameters
option SCALE: Scale is set to 1e-06 for instance and model parameters
option SCALE: Scale is set to 1e-06 for instance and model parameters
Doing analysis at TEMP = 27.000000 and TNOM = 27.000000

Using KLU as Direct Linear Solver

No. of Data Rows : 1
vos = 5.054099e-04
vout = 1.200996e+00
dvbe8 = 6.248197e-02
veb8 = 7.312571e-01
dvbe1 = 6.288904e-02
rra = 8.808765e-02
rrb = 1.170973e-02
vgdrv = 2.060534e+00
Reset re-loads circuit * error-amp-offset-mc monte carlo deck -- generated by sim/error-amp-offset-mc/run_amp_offset_mc.py, do not edit

Circuit: * error-amp-offset-mc monte carlo deck -- generated by sim/error-amp-offset-mc/run_amp_offset_mc.py, do not edit

option SCALE: Scale is set to 1e-06 for instance and model parameters
option SCALE: Scale is set to 1e-06 for instance and model parameters
option SCALE: Scale is set to 1e-06 for instance and model parameters
option SCALE: Scale is set to 1e-06 for instance and model parameters
Doing analysis at TEMP = 27.000000 and TNOM = 27.000000

Using KLU as Direct Linear Solver

No. of Data Rows : 1
vos = -2.29966e-05
vout = 1.207349e+00
dvbe8 = 6.234054e-02
veb8 = 7.310820e-01
dvbe1 = 6.267821e-02
rra = 8.809221e-02
rrb = 1.183529e-02
vgdrv = 2.062029e+00
Reset re-loads circuit * error-amp-offset-mc monte carlo deck -- generated by sim/error-amp-offset-mc/run_amp_offset_mc.py, do not edit

Circuit: * error-amp-offset-mc monte carlo deck -- generated by sim/error-amp-offset-mc/run_amp_offset_mc.py, do not edit

option SCALE: Scale is set to 1e-06 for instance and model parameters
option SCALE: Scale is set to 1e-06 for instance and model parameters
option SCALE: Scale is set to 1e-06 for instance and model parameters
option SCALE: Scale is set to 1e-06 for instance and model parameters
Doing analysis at TEMP = 27.000000 and TNOM = 27.000000

Using KLU as Direct Linear Solver

No. of Data Rows : 1
vos = 6.428372e-04
vout = 1.205019e+00
dvbe8 = 6.226893e-02
veb8 = 7.310657e-01
dvbe1 = 6.362702e-02
rra = 8.817180e-02
rrb = 1.175720e-02
vgdrv = 2.067679e+00
Reset re-loads circuit * error-amp-offset-mc monte carlo deck -- generated by sim/error-amp-offset-mc/run_amp_offset_mc.py, do not edit

Circuit: * error-amp-offset-mc monte carlo deck -- generated by sim/error-amp-offset-mc/run_amp_offset_mc.py, do not edit

option SCALE: Scale is set to 1e-06 for instance and model parameters
option SCALE: Scale is set to 1e-06 for instance and model parameters
option SCALE: Scale is set to 1e-06 for instance and model parameters
option SCALE: Scale is set to 1e-06 for instance and model parameters
Doing analysis at TEMP = 27.000000 and TNOM = 27.000000

Using KLU as Direct Linear Solver

No. of Data Rows : 1
vos = -2.66645e-04
vout = 1.210357e+00
dvbe8 = 6.223363e-02
veb8 = 7.309938e-01
dvbe1 = 6.363229e-02
rra = 8.818377e-02
rrb = 1.173325e-02
vgdrv = 2.058746e+00
Reset re-loads circuit * error-amp-offset-mc monte carlo deck -- generated by sim/error-amp-offset-mc/run_amp_offset_mc.py, do not edit

Circuit: * error-amp-offset-mc monte carlo deck -- generated by sim/error-amp-offset-mc/run_amp_offset_mc.py, do not edit

option SCALE: Scale is set to 1e-06 for instance and model parameters
option SCALE: Scale is set to 1e-06 for instance and model parameters
option SCALE: Scale is set to 1e-06 for instance and model parameters
option SCALE: Scale is set to 1e-06 for instance and model parameters
Doing analysis at TEMP = 27.000000 and TNOM = 27.000000

Using KLU as Direct Linear Solver

No. of Data Rows : 1
vos = 3.679420e-04
vout = 1.204537e+00
dvbe8 = 6.223611e-02
veb8 = 7.310110e-01
dvbe1 = 6.204268e-02
rra = 8.823569e-02
rrb = 1.176052e-02
vgdrv = 2.061665e+00
Reset re-loads circuit * error-amp-offset-mc monte carlo deck -- generated by sim/error-amp-offset-mc/run_amp_offset_mc.py, do not edit

Circuit: * error-amp-offset-mc monte carlo deck -- generated by sim/error-amp-offset-mc/run_amp_offset_mc.py, do not edit

option SCALE: Scale is set to 1e-06 for instance and model parameters
option SCALE: Scale is set to 1e-06 for instance and model parameters
option SCALE: Scale is set to 1e-06 for instance and model parameters
option SCALE: Scale is set to 1e-06 for instance and model parameters
Doing analysis at TEMP = 27.000000 and TNOM = 27.000000

Using KLU as Direct Linear Solver
 Reference value :  0.00000e+00
No. of Data Rows : 1
vos = -1.87307e-04
vout = 1.209994e+00
dvbe8 = 6.223715e-02
veb8 = 7.310548e-01
dvbe1 = 6.254494e-02
rra = 8.802959e-02
rrb = 1.178772e-02
vgdrv = 2.059841e+00
Reset re-loads circuit * error-amp-offset-mc monte carlo deck -- generated by sim/error-amp-offset-mc/run_amp_offset_mc.py, do not edit

Circuit: * error-amp-offset-mc monte carlo deck -- generated by sim/error-amp-offset-mc/run_amp_offset_mc.py, do not edit

option SCALE: Scale is set to 1e-06 for instance and model parameters
option SCALE: Scale is set to 1e-06 for instance and model parameters
option SCALE: Scale is set to 1e-06 for instance and model parameters
option SCALE: Scale is set to 1e-06 for instance and model parameters
Doing analysis at TEMP = 27.000000 and TNOM = 27.000000

Using KLU as Direct Linear Solver

No. of Data Rows : 1
vos = 8.498230e-05
vout = 1.206494e+00
dvbe8 = 6.223893e-02
veb8 = 7.310388e-01
dvbe1 = 6.307905e-02
rra = 8.809792e-02
rrb = 1.173872e-02
vgdrv = 2.067190e+00
Reset re-loads circuit * error-amp-offset-mc monte carlo deck -- generated by sim/error-amp-offset-mc/run_amp_offset_mc.py, do not edit

Circuit: * error-amp-offset-mc monte carlo deck -- generated by sim/error-amp-offset-mc/run_amp_offset_mc.py, do not edit

option SCALE: Scale is set to 1e-06 for instance and model parameters
option SCALE: Scale is set to 1e-06 for instance and model parameters
option SCALE: Scale is set to 1e-06 for instance and model parameters
option SCALE: Scale is set to 1e-06 for instance and model parameters
Doing analysis at TEMP = 27.000000 and TNOM = 27.000000

Using KLU as Direct Linear Solver

No. of Data Rows : 1
vos = 5.337959e-05
vout = 1.212697e+00
dvbe8 = 6.262735e-02
veb8 = 7.314111e-01
dvbe1 = 6.265916e-02
rra = 8.812518e-02
rrb = 1.175786e-02
vgdrv = 2.055689e+00
Reset re-loads circuit * error-amp-offset-mc monte carlo deck -- generated by sim/error-amp-offset-mc/run_amp_offset_mc.py, do not edit

Circuit: * error-amp-offset-mc monte carlo deck -- generated by sim/error-amp-offset-mc/run_amp_offset_mc.py, do not edit

option SCALE: Scale is set to 1e-06 for instance and model parameters
option SCALE: Scale is set to 1e-06 for instance and model parameters
option SCALE: Scale is set to 1e-06 for instance and model parameters
option SCALE: Scale is set to 1e-06 for instance and model parameters
Doing analysis at TEMP = 27.000000 and TNOM = 27.000000

Using KLU as Direct Linear Solver

No. of Data Rows : 1
vos = -6.12084e-04
vout = 1.210016e+00
dvbe8 = 6.207908e-02
veb8 = 7.308924e-01
dvbe1 = 6.243379e-02
rra = 8.808424e-02
rrb = 1.162738e-02
vgdrv = 2.060633e+00
Reset re-loads circuit * error-amp-offset-mc monte carlo deck -- generated by sim/error-amp-offset-mc/run_amp_offset_mc.py, do not edit

Circuit: * error-amp-offset-mc monte carlo deck -- generated by sim/error-amp-offset-mc/run_amp_offset_mc.py, do not edit

option SCALE: Scale is set to 1e-06 for instance and model parameters
option SCALE: Scale is set to 1e-06 for instance and model parameters
option SCALE: Scale is set to 1e-06 for instance and model parameters
option SCALE: Scale is set to 1e-06 for instance and model parameters
Doing analysis at TEMP = 27.000000 and TNOM = 27.000000

Using KLU as Direct Linear Solver

No. of Data Rows : 1
vos = -8.00166e-04
vout = 1.212298e+00
dvbe8 = 6.251024e-02
veb8 = 7.312939e-01
dvbe1 = 6.307489e-02
rra = 8.806520e-02
rrb = 1.179190e-02
vgdrv = 2.063906e+00
Reset re-loads circuit * error-amp-offset-mc monte carlo deck -- generated by sim/error-amp-offset-mc/run_amp_offset_mc.py, do not edit

Circuit: * error-amp-offset-mc monte carlo deck -- generated by sim/error-amp-offset-mc/run_amp_offset_mc.py, do not edit

option SCALE: Scale is set to 1e-06 for instance and model parameters
option SCALE: Scale is set to 1e-06 for instance and model parameters
option SCALE: Scale is set to 1e-06 for instance and model parameters
option SCALE: Scale is set to 1e-06 for instance and model parameters
Doing analysis at TEMP = 27.000000 and TNOM = 27.000000

Using KLU as Direct Linear Solver

No. of Data Rows : 1
vos = -7.90602e-04
vout = 1.215536e+00
dvbe8 = 6.235225e-02
veb8 = 7.311615e-01
dvbe1 = 6.376126e-02
rra = 8.820811e-02
rrb = 1.175700e-02
vgdrv = 2.057420e+00
Reset re-loads circuit * error-amp-offset-mc monte carlo deck -- generated by sim/error-amp-offset-mc/run_amp_offset_mc.py, do not edit

Circuit: * error-amp-offset-mc monte carlo deck -- generated by sim/error-amp-offset-mc/run_amp_offset_mc.py, do not edit

option SCALE: Scale is set to 1e-06 for instance and model parameters
option SCALE: Scale is set to 1e-06 for instance and model parameters
option SCALE: Scale is set to 1e-06 for instance and model parameters
option SCALE: Scale is set to 1e-06 for instance and model parameters
Doing analysis at TEMP = 27.000000 and TNOM = 27.000000

Using KLU as Direct Linear Solver

No. of Data Rows : 1
vos = 7.817395e-05
vout = 1.207694e+00
dvbe8 = 6.238648e-02
veb8 = 7.312234e-01
dvbe1 = 6.273569e-02
rra = 8.805354e-02
rrb = 1.173455e-02
vgdrv = 2.064382e+00
Reset re-loads circuit * error-amp-offset-mc monte carlo deck -- generated by sim/error-amp-offset-mc/run_amp_offset_mc.py, do not edit

Circuit: * error-amp-offset-mc monte carlo deck -- generated by sim/error-amp-offset-mc/run_amp_offset_mc.py, do not edit

option SCALE: Scale is set to 1e-06 for instance and model parameters
option SCALE: Scale is set to 1e-06 for instance and model parameters
option SCALE: Scale is set to 1e-06 for instance and model parameters
option SCALE: Scale is set to 1e-06 for instance and model parameters
Doing analysis at TEMP = 27.000000 and TNOM = 27.000000

Using KLU as Direct Linear Solver

No. of Data Rows : 1
vos = -1.28866e-04
vout = 1.218597e+00
dvbe8 = 6.219784e-02
veb8 = 7.310070e-01
dvbe1 = 6.388126e-02
rra = 8.810598e-02
rrb = 1.174080e-02
vgdrv = 2.059698e+00
Reset re-loads circuit * error-amp-offset-mc monte carlo deck -- generated by sim/error-amp-offset-mc/run_amp_offset_mc.py, do not edit

Circuit: * error-amp-offset-mc monte carlo deck -- generated by sim/error-amp-offset-mc/run_amp_offset_mc.py, do not edit

option SCALE: Scale is set to 1e-06 for instance and model parameters
option SCALE: Scale is set to 1e-06 for instance and model parameters
option SCALE: Scale is set to 1e-06 for instance and model parameters
option SCALE: Scale is set to 1e-06 for instance and model parameters
Doing analysis at TEMP = 27.000000 and TNOM = 27.000000

Using KLU as Direct Linear Solver
 Reference value :  0.00000e+00
No. of Data Rows : 1
vos = -7.78623e-04
vout = 1.217809e+00
dvbe8 = 6.211753e-02
veb8 = 7.309338e-01
dvbe1 = 6.218764e-02
rra = 8.784383e-02
rrb = 1.176689e-02
vgdrv = 2.059019e+00
Reset re-loads circuit * error-amp-offset-mc monte carlo deck -- generated by sim/error-amp-offset-mc/run_amp_offset_mc.py, do not edit

Circuit: * error-amp-offset-mc monte carlo deck -- generated by sim/error-amp-offset-mc/run_amp_offset_mc.py, do not edit

option SCALE: Scale is set to 1e-06 for instance and model parameters
option SCALE: Scale is set to 1e-06 for instance and model parameters
option SCALE: Scale is set to 1e-06 for instance and model parameters
option SCALE: Scale is set to 1e-06 for instance and model parameters
Doing analysis at TEMP = 27.000000 and TNOM = 27.000000

Using KLU as Direct Linear Solver

No. of Data Rows : 1
vos = 4.970076e-05
vout = 1.210178e+00
dvbe8 = 6.228548e-02
veb8 = 7.310580e-01
dvbe1 = 6.287555e-02
rra = 8.836643e-02
rrb = 1.171278e-02
vgdrv = 2.061350e+00
Reset re-loads circuit * error-amp-offset-mc monte carlo deck -- generated by sim/error-amp-offset-mc/run_amp_offset_mc.py, do not edit

Circuit: * error-amp-offset-mc monte carlo deck -- generated by sim/error-amp-offset-mc/run_amp_offset_mc.py, do not edit

option SCALE: Scale is set to 1e-06 for instance and model parameters
option SCALE: Scale is set to 1e-06 for instance and model parameters
option SCALE: Scale is set to 1e-06 for instance and model parameters
option SCALE: Scale is set to 1e-06 for instance and model parameters
Doing analysis at TEMP = 27.000000 and TNOM = 27.000000

Using KLU as Direct Linear Solver

No. of Data Rows : 1
vos = 1.793211e-03
vout = 1.196813e+00
dvbe8 = 6.252279e-02
veb8 = 7.313325e-01
dvbe1 = 6.274936e-02
rra = 8.809643e-02
rrb = 1.182363e-02
vgdrv = 2.062656e+00
Reset re-loads circuit * error-amp-offset-mc monte carlo deck -- generated by sim/error-amp-offset-mc/run_amp_offset_mc.py, do not edit

Circuit: * error-amp-offset-mc monte carlo deck -- generated by sim/error-amp-offset-mc/run_amp_offset_mc.py, do not edit

option SCALE: Scale is set to 1e-06 for instance and model parameters
option SCALE: Scale is set to 1e-06 for instance and model parameters
option SCALE: Scale is set to 1e-06 for instance and model parameters
option SCALE: Scale is set to 1e-06 for instance and model parameters
Doing analysis at TEMP = 27.000000 and TNOM = 27.000000

Using KLU as Direct Linear Solver

No. of Data Rows : 1
vos = -2.15572e-04
vout = 1.210389e+00
dvbe8 = 6.225890e-02
veb8 = 7.310793e-01
dvbe1 = 6.286859e-02
rra = 8.817159e-02
rrb = 1.169896e-02
vgdrv = 2.063683e+00
Reset re-loads circuit * error-amp-offset-mc monte carlo deck -- generated by sim/error-amp-offset-mc/run_amp_offset_mc.py, do not edit

Circuit: * error-amp-offset-mc monte carlo deck -- generated by sim/error-amp-offset-mc/run_amp_offset_mc.py, do not edit

option SCALE: Scale is set to 1e-06 for instance and model parameters
option SCALE: Scale is set to 1e-06 for instance and model parameters
option SCALE: Scale is set to 1e-06 for instance and model parameters
option SCALE: Scale is set to 1e-06 for instance and model parameters
Doing analysis at TEMP = 27.000000 and TNOM = 27.000000

Using KLU as Direct Linear Solver

No. of Data Rows : 1
vos = -9.79216e-04
vout = 1.211874e+00
dvbe8 = 6.235147e-02
veb8 = 7.311504e-01
dvbe1 = 6.331279e-02
rra = 8.811757e-02
rrb = 1.174031e-02
vgdrv = 2.056441e+00
Reset re-loads circuit * error-amp-offset-mc monte carlo deck -- generated by sim/error-amp-offset-mc/run_amp_offset_mc.py, do not edit

Circuit: * error-amp-offset-mc monte carlo deck -- generated by sim/error-amp-offset-mc/run_amp_offset_mc.py, do not edit

option SCALE: Scale is set to 1e-06 for instance and model parameters
option SCALE: Scale is set to 1e-06 for instance and model parameters
option SCALE: Scale is set to 1e-06 for instance and model parameters
option SCALE: Scale is set to 1e-06 for instance and model parameters
Doing analysis at TEMP = 27.000000 and TNOM = 27.000000

Using KLU as Direct Linear Solver

No. of Data Rows : 1
vos = 7.209199e-04
vout = 1.203751e+00
dvbe8 = 6.267741e-02
veb8 = 7.314712e-01
dvbe1 = 6.336169e-02
rra = 8.811743e-02
rrb = 1.170535e-02
vgdrv = 2.061295e+00
Reset re-loads circuit * error-amp-offset-mc monte carlo deck -- generated by sim/error-amp-offset-mc/run_amp_offset_mc.py, do not edit

Circuit: * error-amp-offset-mc monte carlo deck -- generated by sim/error-amp-offset-mc/run_amp_offset_mc.py, do not edit

option SCALE: Scale is set to 1e-06 for instance and model parameters
option SCALE: Scale is set to 1e-06 for instance and model parameters
option SCALE: Scale is set to 1e-06 for instance and model parameters
option SCALE: Scale is set to 1e-06 for instance and model parameters
Doing analysis at TEMP = 27.000000 and TNOM = 27.000000

Using KLU as Direct Linear Solver

No. of Data Rows : 1
vos = -2.74136e-04
vout = 1.207440e+00
dvbe8 = 6.241971e-02
veb8 = 7.312122e-01
dvbe1 = 6.371218e-02
rra = 8.800089e-02
rrb = 1.177159e-02
vgdrv = 2.061230e+00
Reset re-loads circuit * error-amp-offset-mc monte carlo deck -- generated by sim/error-amp-offset-mc/run_amp_offset_mc.py, do not edit

Circuit: * error-amp-offset-mc monte carlo deck -- generated by sim/error-amp-offset-mc/run_amp_offset_mc.py, do not edit

option SCALE: Scale is set to 1e-06 for instance and model parameters
option SCALE: Scale is set to 1e-06 for instance and model parameters
option SCALE: Scale is set to 1e-06 for instance and model parameters
option SCALE: Scale is set to 1e-06 for instance and model parameters
Doing analysis at TEMP = 27.000000 and TNOM = 27.000000

Using KLU as Direct Linear Solver

No. of Data Rows : 1
vos = -8.01411e-04
vout = 1.216480e+00
dvbe8 = 6.216581e-02
veb8 = 7.309744e-01
dvbe1 = 6.230653e-02
rra = 8.788055e-02
rrb = 1.186653e-02
vgdrv = 2.059999e+00
Reset re-loads circuit * error-amp-offset-mc monte carlo deck -- generated by sim/error-amp-offset-mc/run_amp_offset_mc.py, do not edit

Circuit: * error-amp-offset-mc monte carlo deck -- generated by sim/error-amp-offset-mc/run_amp_offset_mc.py, do not edit

option SCALE: Scale is set to 1e-06 for instance and model parameters
option SCALE: Scale is set to 1e-06 for instance and model parameters
option SCALE: Scale is set to 1e-06 for instance and model parameters
option SCALE: Scale is set to 1e-06 for instance and model parameters
Doing analysis at TEMP = 27.000000 and TNOM = 27.000000

Using KLU as Direct Linear Solver
 Reference value :  0.00000e+00
No. of Data Rows : 1
vos = 5.385547e-04
vout = 1.208335e+00
dvbe8 = 6.217148e-02
veb8 = 7.309464e-01
dvbe1 = 6.250938e-02
rra = 8.816519e-02
rrb = 1.174442e-02
vgdrv = 2.058656e+00
Reset re-loads circuit * error-amp-offset-mc monte carlo deck -- generated by sim/error-amp-offset-mc/run_amp_offset_mc.py, do not edit

Circuit: * error-amp-offset-mc monte carlo deck -- generated by sim/error-amp-offset-mc/run_amp_offset_mc.py, do not edit

option SCALE: Scale is set to 1e-06 for instance and model parameters
option SCALE: Scale is set to 1e-06 for instance and model parameters
option SCALE: Scale is set to 1e-06 for instance and model parameters
option SCALE: Scale is set to 1e-06 for instance and model parameters
Doing analysis at TEMP = 27.000000 and TNOM = 27.000000

Using KLU as Direct Linear Solver

No. of Data Rows : 1
vos = -6.60046e-04
vout = 1.216699e+00
dvbe8 = 6.234676e-02
veb8 = 7.311456e-01
dvbe1 = 6.300675e-02
rra = 8.778223e-02
rrb = 1.175422e-02
vgdrv = 2.059691e+00
Reset re-loads circuit * error-amp-offset-mc monte carlo deck -- generated by sim/error-amp-offset-mc/run_amp_offset_mc.py, do not edit

Circuit: * error-amp-offset-mc monte carlo deck -- generated by sim/error-amp-offset-mc/run_amp_offset_mc.py, do not edit

option SCALE: Scale is set to 1e-06 for instance and model parameters
option SCALE: Scale is set to 1e-06 for instance and model parameters
option SCALE: Scale is set to 1e-06 for instance and model parameters
option SCALE: Scale is set to 1e-06 for instance and model parameters
Doing analysis at TEMP = 27.000000 and TNOM = 27.000000

Using KLU as Direct Linear Solver

No. of Data Rows : 1
vos = 1.013867e-03
vout = 1.197477e+00
dvbe8 = 6.249429e-02
veb8 = 7.312677e-01
dvbe1 = 6.264980e-02
rra = 8.799694e-02
rrb = 1.173050e-02
vgdrv = 2.064842e+00
Reset re-loads circuit * error-amp-offset-mc monte carlo deck -- generated by sim/error-amp-offset-mc/run_amp_offset_mc.py, do not edit

Circuit: * error-amp-offset-mc monte carlo deck -- generated by sim/error-amp-offset-mc/run_amp_offset_mc.py, do not edit

option SCALE: Scale is set to 1e-06 for instance and model parameters
option SCALE: Scale is set to 1e-06 for instance and model parameters
option SCALE: Scale is set to 1e-06 for instance and model parameters
option SCALE: Scale is set to 1e-06 for instance and model parameters
Doing analysis at TEMP = 27.000000 and TNOM = 27.000000

Using KLU as Direct Linear Solver

No. of Data Rows : 1
vos = 3.413005e-04
vout = 1.201511e+00
dvbe8 = 6.217869e-02
veb8 = 7.310056e-01
dvbe1 = 6.242243e-02
rra = 8.795326e-02
rrb = 1.171200e-02
vgdrv = 2.061265e+00
Reset re-loads circuit * error-amp-offset-mc monte carlo deck -- generated by sim/error-amp-offset-mc/run_amp_offset_mc.py, do not edit

Circuit: * error-amp-offset-mc monte carlo deck -- generated by sim/error-amp-offset-mc/run_amp_offset_mc.py, do not edit

option SCALE: Scale is set to 1e-06 for instance and model parameters
option SCALE: Scale is set to 1e-06 for instance and model parameters
option SCALE: Scale is set to 1e-06 for instance and model parameters
option SCALE: Scale is set to 1e-06 for instance and model parameters
Doing analysis at TEMP = 27.000000 and TNOM = 27.000000

Using KLU as Direct Linear Solver

No. of Data Rows : 1
vos = -7.16214e-05
vout = 1.214713e+00
dvbe8 = 6.261049e-02
veb8 = 7.314168e-01
dvbe1 = 6.290119e-02
rra = 8.812927e-02
rrb = 1.171794e-02
vgdrv = 2.063762e+00
Reset re-loads circuit * error-amp-offset-mc monte carlo deck -- generated by sim/error-amp-offset-mc/run_amp_offset_mc.py, do not edit

Circuit: * error-amp-offset-mc monte carlo deck -- generated by sim/error-amp-offset-mc/run_amp_offset_mc.py, do not edit

option SCALE: Scale is set to 1e-06 for instance and model parameters
option SCALE: Scale is set to 1e-06 for instance and model parameters
option SCALE: Scale is set to 1e-06 for instance and model parameters
option SCALE: Scale is set to 1e-06 for instance and model parameters
Doing analysis at TEMP = 27.000000 and TNOM = 27.000000

Using KLU as Direct Linear Solver

No. of Data Rows : 1
vos = -1.56093e-04
vout = 1.213058e+00
dvbe8 = 6.215693e-02
veb8 = 7.309863e-01
dvbe1 = 6.261122e-02
rra = 8.826581e-02
rrb = 1.166733e-02
vgdrv = 2.057934e+00
Reset re-loads circuit * error-amp-offset-mc monte carlo deck -- generated by sim/error-amp-offset-mc/run_amp_offset_mc.py, do not edit

Circuit: * error-amp-offset-mc monte carlo deck -- generated by sim/error-amp-offset-mc/run_amp_offset_mc.py, do not edit

option SCALE: Scale is set to 1e-06 for instance and model parameters
option SCALE: Scale is set to 1e-06 for instance and model parameters
option SCALE: Scale is set to 1e-06 for instance and model parameters
option SCALE: Scale is set to 1e-06 for instance and model parameters
Doing analysis at TEMP = 27.000000 and TNOM = 27.000000

Using KLU as Direct Linear Solver

No. of Data Rows : 1
vos = -9.09953e-04
vout = 1.214866e+00
dvbe8 = 6.237811e-02
veb8 = 7.312202e-01
dvbe1 = 6.272919e-02
rra = 8.800035e-02
rrb = 1.172691e-02
vgdrv = 2.058265e+00
Reset re-loads circuit * error-amp-offset-mc monte carlo deck -- generated by sim/error-amp-offset-mc/run_amp_offset_mc.py, do not edit

Circuit: * error-amp-offset-mc monte carlo deck -- generated by sim/error-amp-offset-mc/run_amp_offset_mc.py, do not edit

option SCALE: Scale is set to 1e-06 for instance and model parameters
option SCALE: Scale is set to 1e-06 for instance and model parameters
option SCALE: Scale is set to 1e-06 for instance and model parameters
option SCALE: Scale is set to 1e-06 for instance and model parameters
Doing analysis at TEMP = 27.000000 and TNOM = 27.000000

Using KLU as Direct Linear Solver

No. of Data Rows : 1
vos = -5.34367e-04
vout = 1.211375e+00
dvbe8 = 6.239873e-02
veb8 = 7.311634e-01
dvbe1 = 6.437761e-02
rra = 8.819710e-02
rrb = 1.175644e-02
vgdrv = 2.063932e+00
Reset re-loads circuit * error-amp-offset-mc monte carlo deck -- generated by sim/error-amp-offset-mc/run_amp_offset_mc.py, do not edit

Circuit: * error-amp-offset-mc monte carlo deck -- generated by sim/error-amp-offset-mc/run_amp_offset_mc.py, do not edit

option SCALE: Scale is set to 1e-06 for instance and model parameters
option SCALE: Scale is set to 1e-06 for instance and model parameters
option SCALE: Scale is set to 1e-06 for instance and model parameters
option SCALE: Scale is set to 1e-06 for instance and model parameters
Doing analysis at TEMP = 27.000000 and TNOM = 27.000000

Using KLU as Direct Linear Solver
 Reference value :  0.00000e+00
No. of Data Rows : 1
vos = 2.532932e-04
vout = 1.209005e+00
dvbe8 = 6.210702e-02
veb8 = 7.309109e-01
dvbe1 = 6.280866e-02
rra = 8.811406e-02
rrb = 1.172069e-02
vgdrv = 2.063042e+00
Reset re-loads circuit * error-amp-offset-mc monte carlo deck -- generated by sim/error-amp-offset-mc/run_amp_offset_mc.py, do not edit

Circuit: * error-amp-offset-mc monte carlo deck -- generated by sim/error-amp-offset-mc/run_amp_offset_mc.py, do not edit

option SCALE: Scale is set to 1e-06 for instance and model parameters
option SCALE: Scale is set to 1e-06 for instance and model parameters
option SCALE: Scale is set to 1e-06 for instance and model parameters
option SCALE: Scale is set to 1e-06 for instance and model parameters
Doing analysis at TEMP = 27.000000 and TNOM = 27.000000

Using KLU as Direct Linear Solver

No. of Data Rows : 1
vos = 3.878956e-04
vout = 1.199807e+00
dvbe8 = 6.253925e-02
veb8 = 7.313153e-01
dvbe1 = 6.329396e-02
rra = 8.800945e-02
rrb = 1.178176e-02
vgdrv = 2.060313e+00
Reset re-loads circuit * error-amp-offset-mc monte carlo deck -- generated by sim/error-amp-offset-mc/run_amp_offset_mc.py, do not edit

Circuit: * error-amp-offset-mc monte carlo deck -- generated by sim/error-amp-offset-mc/run_amp_offset_mc.py, do not edit

option SCALE: Scale is set to 1e-06 for instance and model parameters
option SCALE: Scale is set to 1e-06 for instance and model parameters
option SCALE: Scale is set to 1e-06 for instance and model parameters
option SCALE: Scale is set to 1e-06 for instance and model parameters
Doing analysis at TEMP = 27.000000 and TNOM = 27.000000

Using KLU as Direct Linear Solver

No. of Data Rows : 1
vos = -3.12888e-04
vout = 1.216923e+00
dvbe8 = 6.258974e-02
veb8 = 7.314163e-01
dvbe1 = 6.205390e-02
rra = 8.794032e-02
rrb = 1.177118e-02
vgdrv = 2.060634e+00
Reset re-loads circuit * error-amp-offset-mc monte carlo deck -- generated by sim/error-amp-offset-mc/run_amp_offset_mc.py, do not edit

Circuit: * error-amp-offset-mc monte carlo deck -- generated by sim/error-amp-offset-mc/run_amp_offset_mc.py, do not edit

option SCALE: Scale is set to 1e-06 for instance and model parameters
option SCALE: Scale is set to 1e-06 for instance and model parameters
option SCALE: Scale is set to 1e-06 for instance and model parameters
option SCALE: Scale is set to 1e-06 for instance and model parameters
Doing analysis at TEMP = 27.000000 and TNOM = 27.000000

Using KLU as Direct Linear Solver

No. of Data Rows : 1
vos = 3.771726e-04
vout = 1.201898e+00
dvbe8 = 6.227590e-02
veb8 = 7.310451e-01
dvbe1 = 6.322881e-02
rra = 8.802891e-02
rrb = 1.169529e-02
vgdrv = 2.061130e+00
Reset re-loads circuit * error-amp-offset-mc monte carlo deck -- generated by sim/error-amp-offset-mc/run_amp_offset_mc.py, do not edit

Circuit: * error-amp-offset-mc monte carlo deck -- generated by sim/error-amp-offset-mc/run_amp_offset_mc.py, do not edit

option SCALE: Scale is set to 1e-06 for instance and model parameters
option SCALE: Scale is set to 1e-06 for instance and model parameters
option SCALE: Scale is set to 1e-06 for instance and model parameters
option SCALE: Scale is set to 1e-06 for instance and model parameters
Doing analysis at TEMP = 27.000000 and TNOM = 27.000000

Using KLU as Direct Linear Solver

No. of Data Rows : 1
vos = -3.74697e-04
vout = 1.222989e+00
dvbe8 = 6.256445e-02
veb8 = 7.313643e-01
dvbe1 = 6.323828e-02
rra = 8.819727e-02
rrb = 1.179662e-02
vgdrv = 2.057345e+00
Reset re-loads circuit * error-amp-offset-mc monte carlo deck -- generated by sim/error-amp-offset-mc/run_amp_offset_mc.py, do not edit

Circuit: * error-amp-offset-mc monte carlo deck -- generated by sim/error-amp-offset-mc/run_amp_offset_mc.py, do not edit

option SCALE: Scale is set to 1e-06 for instance and model parameters
option SCALE: Scale is set to 1e-06 for instance and model parameters
option SCALE: Scale is set to 1e-06 for instance and model parameters
option SCALE: Scale is set to 1e-06 for instance and model parameters
Doing analysis at TEMP = 27.000000 and TNOM = 27.000000

Using KLU as Direct Linear Solver

No. of Data Rows : 1
vos = -4.80952e-04
vout = 1.214853e+00
dvbe8 = 6.250861e-02
veb8 = 7.312597e-01
dvbe1 = 6.188859e-02
rra = 8.806525e-02
rrb = 1.163514e-02
vgdrv = 2.056523e+00
Reset re-loads circuit * error-amp-offset-mc monte carlo deck -- generated by sim/error-amp-offset-mc/run_amp_offset_mc.py, do not edit

Circuit: * error-amp-offset-mc monte carlo deck -- generated by sim/error-amp-offset-mc/run_amp_offset_mc.py, do not edit

option SCALE: Scale is set to 1e-06 for instance and model parameters
option SCALE: Scale is set to 1e-06 for instance and model parameters
option SCALE: Scale is set to 1e-06 for instance and model parameters
option SCALE: Scale is set to 1e-06 for instance and model parameters
Doing analysis at TEMP = 27.000000 and TNOM = 27.000000

Using KLU as Direct Linear Solver

No. of Data Rows : 1
vos = -6.61997e-04
vout = 1.216221e+00
dvbe8 = 6.237917e-02
veb8 = 7.311583e-01
dvbe1 = 6.303516e-02
rra = 8.807826e-02
rrb = 1.177698e-02
vgdrv = 2.059776e+00
Reset re-loads circuit * error-amp-offset-mc monte carlo deck -- generated by sim/error-amp-offset-mc/run_amp_offset_mc.py, do not edit

Circuit: * error-amp-offset-mc monte carlo deck -- generated by sim/error-amp-offset-mc/run_amp_offset_mc.py, do not edit

option SCALE: Scale is set to 1e-06 for instance and model parameters
option SCALE: Scale is set to 1e-06 for instance and model parameters
option SCALE: Scale is set to 1e-06 for instance and model parameters
option SCALE: Scale is set to 1e-06 for instance and model parameters
Doing analysis at TEMP = 27.000000 and TNOM = 27.000000

Using KLU as Direct Linear Solver
 Reference value :  0.00000e+00
No. of Data Rows : 1
vos = 9.150471e-04
vout = 1.200594e+00
dvbe8 = 6.246624e-02
veb8 = 7.312493e-01
dvbe1 = 6.440872e-02
rra = 8.796789e-02
rrb = 1.167185e-02
vgdrv = 2.066120e+00
Reset re-loads circuit * error-amp-offset-mc monte carlo deck -- generated by sim/error-amp-offset-mc/run_amp_offset_mc.py, do not edit

Circuit: * error-amp-offset-mc monte carlo deck -- generated by sim/error-amp-offset-mc/run_amp_offset_mc.py, do not edit

option SCALE: Scale is set to 1e-06 for instance and model parameters
option SCALE: Scale is set to 1e-06 for instance and model parameters
option SCALE: Scale is set to 1e-06 for instance and model parameters
option SCALE: Scale is set to 1e-06 for instance and model parameters
Doing analysis at TEMP = 27.000000 and TNOM = 27.000000

Using KLU as Direct Linear Solver

No. of Data Rows : 1
vos = -4.57386e-04
vout = 1.214266e+00
dvbe8 = 6.221545e-02
veb8 = 7.310291e-01
dvbe1 = 6.405044e-02
rra = 8.820902e-02
rrb = 1.176117e-02
vgdrv = 2.061927e+00
Reset re-loads circuit * error-amp-offset-mc monte carlo deck -- generated by sim/error-amp-offset-mc/run_amp_offset_mc.py, do not edit

Circuit: * error-amp-offset-mc monte carlo deck -- generated by sim/error-amp-offset-mc/run_amp_offset_mc.py, do not edit

option SCALE: Scale is set to 1e-06 for instance and model parameters
option SCALE: Scale is set to 1e-06 for instance and model parameters
option SCALE: Scale is set to 1e-06 for instance and model parameters
option SCALE: Scale is set to 1e-06 for instance and model parameters
Doing analysis at TEMP = 27.000000 and TNOM = 27.000000

Using KLU as Direct Linear Solver

No. of Data Rows : 1
vos = -8.14044e-04
vout = 1.217620e+00
dvbe8 = 6.249575e-02
veb8 = 7.313005e-01
dvbe1 = 6.280675e-02
rra = 8.812461e-02
rrb = 1.177974e-02
vgdrv = 2.057565e+00
Reset re-loads circuit * error-amp-offset-mc monte carlo deck -- generated by sim/error-amp-offset-mc/run_amp_offset_mc.py, do not edit

Circuit: * error-amp-offset-mc monte carlo deck -- generated by sim/error-amp-offset-mc/run_amp_offset_mc.py, do not edit

option SCALE: Scale is set to 1e-06 for instance and model parameters
option SCALE: Scale is set to 1e-06 for instance and model parameters
option SCALE: Scale is set to 1e-06 for instance and model parameters
option SCALE: Scale is set to 1e-06 for instance and model parameters
Doing analysis at TEMP = 27.000000 and TNOM = 27.000000

Using KLU as Direct Linear Solver

No. of Data Rows : 1
vos = -6.94836e-04
vout = 1.213228e+00
dvbe8 = 6.256151e-02
veb8 = 7.313514e-01
dvbe1 = 6.292342e-02
rra = 8.793599e-02
rrb = 1.178864e-02
vgdrv = 2.062610e+00
Reset re-loads circuit * error-amp-offset-mc monte carlo deck -- generated by sim/error-amp-offset-mc/run_amp_offset_mc.py, do not edit

Circuit: * error-amp-offset-mc monte carlo deck -- generated by sim/error-amp-offset-mc/run_amp_offset_mc.py, do not edit

option SCALE: Scale is set to 1e-06 for instance and model parameters
option SCALE: Scale is set to 1e-06 for instance and model parameters
option SCALE: Scale is set to 1e-06 for instance and model parameters
option SCALE: Scale is set to 1e-06 for instance and model parameters
Doing analysis at TEMP = 27.000000 and TNOM = 27.000000

Using KLU as Direct Linear Solver

No. of Data Rows : 1
vos = -8.99294e-04
vout = 1.216385e+00
dvbe8 = 6.224742e-02
veb8 = 7.310858e-01
dvbe1 = 6.201214e-02
rra = 8.803148e-02
rrb = 1.172314e-02
vgdrv = 2.058533e+00
Reset re-loads circuit * error-amp-offset-mc monte carlo deck -- generated by sim/error-amp-offset-mc/run_amp_offset_mc.py, do not edit

Circuit: * error-amp-offset-mc monte carlo deck -- generated by sim/error-amp-offset-mc/run_amp_offset_mc.py, do not edit

option SCALE: Scale is set to 1e-06 for instance and model parameters
option SCALE: Scale is set to 1e-06 for instance and model parameters
option SCALE: Scale is set to 1e-06 for instance and model parameters
option SCALE: Scale is set to 1e-06 for instance and model parameters
Doing analysis at TEMP = 27.000000 and TNOM = 27.000000

Using KLU as Direct Linear Solver

No. of Data Rows : 1
vos = -1.89487e-04
vout = 1.216909e+00
dvbe8 = 6.218735e-02
veb8 = 7.309238e-01
dvbe1 = 6.277941e-02
rra = 8.810739e-02
rrb = 1.174540e-02
vgdrv = 2.060199e+00
Reset re-loads circuit * error-amp-offset-mc monte carlo deck -- generated by sim/error-amp-offset-mc/run_amp_offset_mc.py, do not edit

Circuit: * error-amp-offset-mc monte carlo deck -- generated by sim/error-amp-offset-mc/run_amp_offset_mc.py, do not edit

option SCALE: Scale is set to 1e-06 for instance and model parameters
option SCALE: Scale is set to 1e-06 for instance and model parameters
option SCALE: Scale is set to 1e-06 for instance and model parameters
option SCALE: Scale is set to 1e-06 for instance and model parameters
Doing analysis at TEMP = 27.000000 and TNOM = 27.000000

Using KLU as Direct Linear Solver

No. of Data Rows : 1
vos = 3.095366e-05
vout = 1.206367e+00
dvbe8 = 6.220737e-02
veb8 = 7.310338e-01
dvbe1 = 6.254647e-02
rra = 8.816446e-02
rrb = 1.174386e-02
vgdrv = 2.061118e+00
Reset re-loads circuit * error-amp-offset-mc monte carlo deck -- generated by sim/error-amp-offset-mc/run_amp_offset_mc.py, do not edit

Circuit: * error-amp-offset-mc monte carlo deck -- generated by sim/error-amp-offset-mc/run_amp_offset_mc.py, do not edit

option SCALE: Scale is set to 1e-06 for instance and model parameters
option SCALE: Scale is set to 1e-06 for instance and model parameters
option SCALE: Scale is set to 1e-06 for instance and model parameters
option SCALE: Scale is set to 1e-06 for instance and model parameters
Doing analysis at TEMP = 27.000000 and TNOM = 27.000000

Using KLU as Direct Linear Solver
 Reference value :  0.00000e+00
No. of Data Rows : 1
vos = 3.265142e-04
vout = 1.201420e+00
dvbe8 = 6.238071e-02
veb8 = 7.312034e-01
dvbe1 = 6.337873e-02
rra = 8.800324e-02
rrb = 1.174662e-02
vgdrv = 2.058838e+00
Reset re-loads circuit * error-amp-offset-mc monte carlo deck -- generated by sim/error-amp-offset-mc/run_amp_offset_mc.py, do not edit

Circuit: * error-amp-offset-mc monte carlo deck -- generated by sim/error-amp-offset-mc/run_amp_offset_mc.py, do not edit

option SCALE: Scale is set to 1e-06 for instance and model parameters
option SCALE: Scale is set to 1e-06 for instance and model parameters
option SCALE: Scale is set to 1e-06 for instance and model parameters
option SCALE: Scale is set to 1e-06 for instance and model parameters
Doing analysis at TEMP = 27.000000 and TNOM = 27.000000

Using KLU as Direct Linear Solver

No. of Data Rows : 1
vos = 5.355752e-04
vout = 1.205390e+00
dvbe8 = 6.272221e-02
veb8 = 7.314962e-01
dvbe1 = 6.259129e-02
rra = 8.807344e-02
rrb = 1.173393e-02
vgdrv = 2.061178e+00
Reset re-loads circuit * error-amp-offset-mc monte carlo deck -- generated by sim/error-amp-offset-mc/run_amp_offset_mc.py, do not edit

Circuit: * error-amp-offset-mc monte carlo deck -- generated by sim/error-amp-offset-mc/run_amp_offset_mc.py, do not edit

option SCALE: Scale is set to 1e-06 for instance and model parameters
option SCALE: Scale is set to 1e-06 for instance and model parameters
option SCALE: Scale is set to 1e-06 for instance and model parameters
option SCALE: Scale is set to 1e-06 for instance and model parameters
Doing analysis at TEMP = 27.000000 and TNOM = 27.000000

Using KLU as Direct Linear Solver

No. of Data Rows : 1
vos = 8.047198e-04
vout = 1.203521e+00
dvbe8 = 6.248010e-02
veb8 = 7.312347e-01
dvbe1 = 6.311500e-02
rra = 8.779785e-02
rrb = 1.170112e-02
vgdrv = 2.061038e+00
Reset re-loads circuit * error-amp-offset-mc monte carlo deck -- generated by sim/error-amp-offset-mc/run_amp_offset_mc.py, do not edit

Circuit: * error-amp-offset-mc monte carlo deck -- generated by sim/error-amp-offset-mc/run_amp_offset_mc.py, do not edit

option SCALE: Scale is set to 1e-06 for instance and model parameters
option SCALE: Scale is set to 1e-06 for instance and model parameters
option SCALE: Scale is set to 1e-06 for instance and model parameters
option SCALE: Scale is set to 1e-06 for instance and model parameters
Doing analysis at TEMP = 27.000000 and TNOM = 27.000000

Using KLU as Direct Linear Solver

No. of Data Rows : 1
vos = -3.03846e-04
vout = 1.213345e+00
dvbe8 = 6.247214e-02
veb8 = 7.312823e-01
dvbe1 = 6.384632e-02
rra = 8.792679e-02
rrb = 1.173889e-02
vgdrv = 2.060935e+00
Reset re-loads circuit * error-amp-offset-mc monte carlo deck -- generated by sim/error-amp-offset-mc/run_amp_offset_mc.py, do not edit

Circuit: * error-amp-offset-mc monte carlo deck -- generated by sim/error-amp-offset-mc/run_amp_offset_mc.py, do not edit

option SCALE: Scale is set to 1e-06 for instance and model parameters
option SCALE: Scale is set to 1e-06 for instance and model parameters
option SCALE: Scale is set to 1e-06 for instance and model parameters
option SCALE: Scale is set to 1e-06 for instance and model parameters
Doing analysis at TEMP = 27.000000 and TNOM = 27.000000

Using KLU as Direct Linear Solver

No. of Data Rows : 1
vos = 2.147432e-04
vout = 1.210693e+00
dvbe8 = 6.218331e-02
veb8 = 7.310176e-01
dvbe1 = 6.181468e-02
rra = 8.806133e-02
rrb = 1.178013e-02
vgdrv = 2.058171e+00
Reset re-loads circuit * error-amp-offset-mc monte carlo deck -- generated by sim/error-amp-offset-mc/run_amp_offset_mc.py, do not edit

Circuit: * error-amp-offset-mc monte carlo deck -- generated by sim/error-amp-offset-mc/run_amp_offset_mc.py, do not edit

option SCALE: Scale is set to 1e-06 for instance and model parameters
option SCALE: Scale is set to 1e-06 for instance and model parameters
option SCALE: Scale is set to 1e-06 for instance and model parameters
option SCALE: Scale is set to 1e-06 for instance and model parameters
Doing analysis at TEMP = 27.000000 and TNOM = 27.000000

Using KLU as Direct Linear Solver

No. of Data Rows : 1
vos = -8.78146e-04
vout = 1.215582e+00
dvbe8 = 6.248105e-02
veb8 = 7.313278e-01
dvbe1 = 6.246056e-02
rra = 8.811805e-02
rrb = 1.172449e-02
vgdrv = 2.061622e+00
Reset re-loads circuit * error-amp-offset-mc monte carlo deck -- generated by sim/error-amp-offset-mc/run_amp_offset_mc.py, do not edit

Circuit: * error-amp-offset-mc monte carlo deck -- generated by sim/error-amp-offset-mc/run_amp_offset_mc.py, do not edit

option SCALE: Scale is set to 1e-06 for instance and model parameters
option SCALE: Scale is set to 1e-06 for instance and model parameters
option SCALE: Scale is set to 1e-06 for instance and model parameters
option SCALE: Scale is set to 1e-06 for instance and model parameters
Doing analysis at TEMP = 27.000000 and TNOM = 27.000000

Using KLU as Direct Linear Solver

No. of Data Rows : 1
vos = 2.279694e-04
vout = 1.207876e+00
dvbe8 = 6.232780e-02
veb8 = 7.311147e-01
dvbe1 = 6.241425e-02
rra = 8.811892e-02
rrb = 1.175027e-02
vgdrv = 2.061194e+00
Reset re-loads circuit * error-amp-offset-mc monte carlo deck -- generated by sim/error-amp-offset-mc/run_amp_offset_mc.py, do not edit

Circuit: * error-amp-offset-mc monte carlo deck -- generated by sim/error-amp-offset-mc/run_amp_offset_mc.py, do not edit

option SCALE: Scale is set to 1e-06 for instance and model parameters
option SCALE: Scale is set to 1e-06 for instance and model parameters
option SCALE: Scale is set to 1e-06 for instance and model parameters
option SCALE: Scale is set to 1e-06 for instance and model parameters
Doing analysis at TEMP = 27.000000 and TNOM = 27.000000

Using KLU as Direct Linear Solver
 Reference value :  0.00000e+00
No. of Data Rows : 1
vos = 3.556478e-04
vout = 1.203732e+00
dvbe8 = 6.204992e-02
veb8 = 7.308001e-01
dvbe1 = 6.283346e-02
rra = 8.794365e-02
rrb = 1.172867e-02
vgdrv = 2.064449e+00
Reset re-loads circuit * error-amp-offset-mc monte carlo deck -- generated by sim/error-amp-offset-mc/run_amp_offset_mc.py, do not edit

Circuit: * error-amp-offset-mc monte carlo deck -- generated by sim/error-amp-offset-mc/run_amp_offset_mc.py, do not edit

option SCALE: Scale is set to 1e-06 for instance and model parameters
option SCALE: Scale is set to 1e-06 for instance and model parameters
option SCALE: Scale is set to 1e-06 for instance and model parameters
option SCALE: Scale is set to 1e-06 for instance and model parameters
Doing analysis at TEMP = 27.000000 and TNOM = 27.000000

Using KLU as Direct Linear Solver

No. of Data Rows : 1
vos = -4.10124e-04
vout = 1.211675e+00
dvbe8 = 6.255673e-02
veb8 = 7.313350e-01
dvbe1 = 6.281255e-02
rra = 8.777013e-02
rrb = 1.176374e-02
vgdrv = 2.060834e+00
Reset re-loads circuit * error-amp-offset-mc monte carlo deck -- generated by sim/error-amp-offset-mc/run_amp_offset_mc.py, do not edit

Circuit: * error-amp-offset-mc monte carlo deck -- generated by sim/error-amp-offset-mc/run_amp_offset_mc.py, do not edit

option SCALE: Scale is set to 1e-06 for instance and model parameters
option SCALE: Scale is set to 1e-06 for instance and model parameters
option SCALE: Scale is set to 1e-06 for instance and model parameters
option SCALE: Scale is set to 1e-06 for instance and model parameters
Doing analysis at TEMP = 27.000000 and TNOM = 27.000000

Using KLU as Direct Linear Solver

No. of Data Rows : 1
vos = -9.06650e-04
vout = 1.215348e+00
dvbe8 = 6.217319e-02
veb8 = 7.309568e-01
dvbe1 = 6.317671e-02
rra = 8.823695e-02
rrb = 1.178957e-02
vgdrv = 2.060228e+00
Reset re-loads circuit * error-amp-offset-mc monte carlo deck -- generated by sim/error-amp-offset-mc/run_amp_offset_mc.py, do not edit

Circuit: * error-amp-offset-mc monte carlo deck -- generated by sim/error-amp-offset-mc/run_amp_offset_mc.py, do not edit

option SCALE: Scale is set to 1e-06 for instance and model parameters
option SCALE: Scale is set to 1e-06 for instance and model parameters
option SCALE: Scale is set to 1e-06 for instance and model parameters
option SCALE: Scale is set to 1e-06 for instance and model parameters
Doing analysis at TEMP = 27.000000 and TNOM = 27.000000

Using KLU as Direct Linear Solver

No. of Data Rows : 1
vos = -1.34095e-03
vout = 1.227516e+00
dvbe8 = 6.248526e-02
veb8 = 7.312812e-01
dvbe1 = 6.284043e-02
rra = 8.806457e-02
rrb = 1.176373e-02
vgdrv = 2.056349e+00
Reset re-loads circuit * error-amp-offset-mc monte carlo deck -- generated by sim/error-amp-offset-mc/run_amp_offset_mc.py, do not edit

Circuit: * error-amp-offset-mc monte carlo deck -- generated by sim/error-amp-offset-mc/run_amp_offset_mc.py, do not edit

option SCALE: Scale is set to 1e-06 for instance and model parameters
option SCALE: Scale is set to 1e-06 for instance and model parameters
option SCALE: Scale is set to 1e-06 for instance and model parameters
option SCALE: Scale is set to 1e-06 for instance and model parameters
Doing analysis at TEMP = 27.000000 and TNOM = 27.000000

Using KLU as Direct Linear Solver

No. of Data Rows : 1
vos = -3.66556e-05
vout = 1.206669e+00
dvbe8 = 6.230774e-02
veb8 = 7.310639e-01
dvbe1 = 6.336670e-02
rra = 8.811241e-02
rrb = 1.173702e-02
vgdrv = 2.061986e+00
Reset re-loads circuit * error-amp-offset-mc monte carlo deck -- generated by sim/error-amp-offset-mc/run_amp_offset_mc.py, do not edit

Circuit: * error-amp-offset-mc monte carlo deck -- generated by sim/error-amp-offset-mc/run_amp_offset_mc.py, do not edit

option SCALE: Scale is set to 1e-06 for instance and model parameters
option SCALE: Scale is set to 1e-06 for instance and model parameters
option SCALE: Scale is set to 1e-06 for instance and model parameters
option SCALE: Scale is set to 1e-06 for instance and model parameters
Doing analysis at TEMP = 27.000000 and TNOM = 27.000000

Using KLU as Direct Linear Solver

No. of Data Rows : 1
vos = -1.54565e-03
vout = 1.226564e+00
dvbe8 = 6.246778e-02
veb8 = 7.312514e-01
dvbe1 = 6.250250e-02
rra = 8.809112e-02
rrb = 1.173105e-02
vgdrv = 2.054296e+00
Reset re-loads circuit * error-amp-offset-mc monte carlo deck -- generated by sim/error-amp-offset-mc/run_amp_offset_mc.py, do not edit

Circuit: * error-amp-offset-mc monte carlo deck -- generated by sim/error-amp-offset-mc/run_amp_offset_mc.py, do not edit

option SCALE: Scale is set to 1e-06 for instance and model parameters
option SCALE: Scale is set to 1e-06 for instance and model parameters
option SCALE: Scale is set to 1e-06 for instance and model parameters
option SCALE: Scale is set to 1e-06 for instance and model parameters
Doing analysis at TEMP = 27.000000 and TNOM = 27.000000

Using KLU as Direct Linear Solver

No. of Data Rows : 1
vos = 1.235649e-04
vout = 1.209154e+00
dvbe8 = 6.224506e-02
veb8 = 7.310519e-01
dvbe1 = 6.387258e-02
rra = 8.816420e-02
rrb = 1.177777e-02
vgdrv = 2.060971e+00
Reset re-loads circuit * error-amp-offset-mc monte carlo deck -- generated by sim/error-amp-offset-mc/run_amp_offset_mc.py, do not edit

Circuit: * error-amp-offset-mc monte carlo deck -- generated by sim/error-amp-offset-mc/run_amp_offset_mc.py, do not edit

option SCALE: Scale is set to 1e-06 for instance and model parameters
option SCALE: Scale is set to 1e-06 for instance and model parameters
option SCALE: Scale is set to 1e-06 for instance and model parameters
option SCALE: Scale is set to 1e-06 for instance and model parameters
Doing analysis at TEMP = 27.000000 and TNOM = 27.000000

Using KLU as Direct Linear Solver
 Reference value :  0.00000e+00
No. of Data Rows : 1
vos = -1.99183e-04
vout = 1.208512e+00
dvbe8 = 6.265610e-02
veb8 = 7.314215e-01
dvbe1 = 6.281448e-02
rra = 8.788614e-02
rrb = 1.173758e-02
vgdrv = 2.060494e+00
Reset re-loads circuit * error-amp-offset-mc monte carlo deck -- generated by sim/error-amp-offset-mc/run_amp_offset_mc.py, do not edit

Circuit: * error-amp-offset-mc monte carlo deck -- generated by sim/error-amp-offset-mc/run_amp_offset_mc.py, do not edit

option SCALE: Scale is set to 1e-06 for instance and model parameters
option SCALE: Scale is set to 1e-06 for instance and model parameters
option SCALE: Scale is set to 1e-06 for instance and model parameters
option SCALE: Scale is set to 1e-06 for instance and model parameters
Doing analysis at TEMP = 27.000000 and TNOM = 27.000000

Using KLU as Direct Linear Solver

No. of Data Rows : 1
vos = -2.17273e-04
vout = 1.206559e+00
dvbe8 = 6.230744e-02
veb8 = 7.310816e-01
dvbe1 = 6.259919e-02
rra = 8.796149e-02
rrb = 1.171957e-02
vgdrv = 2.061286e+00
Reset re-loads circuit * error-amp-offset-mc monte carlo deck -- generated by sim/error-amp-offset-mc/run_amp_offset_mc.py, do not edit

Circuit: * error-amp-offset-mc monte carlo deck -- generated by sim/error-amp-offset-mc/run_amp_offset_mc.py, do not edit

option SCALE: Scale is set to 1e-06 for instance and model parameters
option SCALE: Scale is set to 1e-06 for instance and model parameters
option SCALE: Scale is set to 1e-06 for instance and model parameters
option SCALE: Scale is set to 1e-06 for instance and model parameters
Doing analysis at TEMP = 27.000000 and TNOM = 27.000000

Using KLU as Direct Linear Solver

No. of Data Rows : 1
vos = -5.43967e-04
vout = 1.213629e+00
dvbe8 = 6.219679e-02
veb8 = 7.309674e-01
dvbe1 = 6.341282e-02
rra = 8.812143e-02
rrb = 1.176044e-02
vgdrv = 2.056959e+00
Reset re-loads circuit * error-amp-offset-mc monte carlo deck -- generated by sim/error-amp-offset-mc/run_amp_offset_mc.py, do not edit

Circuit: * error-amp-offset-mc monte carlo deck -- generated by sim/error-amp-offset-mc/run_amp_offset_mc.py, do not edit

option SCALE: Scale is set to 1e-06 for instance and model parameters
option SCALE: Scale is set to 1e-06 for instance and model parameters
option SCALE: Scale is set to 1e-06 for instance and model parameters
option SCALE: Scale is set to 1e-06 for instance and model parameters
Doing analysis at TEMP = 27.000000 and TNOM = 27.000000

Using KLU as Direct Linear Solver

No. of Data Rows : 1
vos = -1.05812e-03
vout = 1.218977e+00
dvbe8 = 6.213982e-02
veb8 = 7.309920e-01
dvbe1 = 6.330200e-02
rra = 8.817870e-02
rrb = 1.176490e-02
vgdrv = 2.060483e+00
Reset re-loads circuit * error-amp-offset-mc monte carlo deck -- generated by sim/error-amp-offset-mc/run_amp_offset_mc.py, do not edit

Circuit: * error-amp-offset-mc monte carlo deck -- generated by sim/error-amp-offset-mc/run_amp_offset_mc.py, do not edit

option SCALE: Scale is set to 1e-06 for instance and model parameters
option SCALE: Scale is set to 1e-06 for instance and model parameters
option SCALE: Scale is set to 1e-06 for instance and model parameters
option SCALE: Scale is set to 1e-06 for instance and model parameters
Doing analysis at TEMP = 27.000000 and TNOM = 27.000000

Using KLU as Direct Linear Solver

No. of Data Rows : 1
vos = 5.838553e-05
vout = 1.204418e+00
dvbe8 = 6.235153e-02
veb8 = 7.311960e-01
dvbe1 = 6.296082e-02
rra = 8.813191e-02
rrb = 1.166073e-02
vgdrv = 2.064543e+00
Reset re-loads circuit * error-amp-offset-mc monte carlo deck -- generated by sim/error-amp-offset-mc/run_amp_offset_mc.py, do not edit

Circuit: * error-amp-offset-mc monte carlo deck -- generated by sim/error-amp-offset-mc/run_amp_offset_mc.py, do not edit

option SCALE: Scale is set to 1e-06 for instance and model parameters
option SCALE: Scale is set to 1e-06 for instance and model parameters
option SCALE: Scale is set to 1e-06 for instance and model parameters
option SCALE: Scale is set to 1e-06 for instance and model parameters
Doing analysis at TEMP = 27.000000 and TNOM = 27.000000

Using KLU as Direct Linear Solver

No. of Data Rows : 1
vos = -2.88196e-04
vout = 1.215401e+00
dvbe8 = 6.233847e-02
veb8 = 7.311266e-01
dvbe1 = 6.307817e-02
rra = 8.826690e-02
rrb = 1.168130e-02
vgdrv = 2.061477e+00
Reset re-loads circuit * error-amp-offset-mc monte carlo deck -- generated by sim/error-amp-offset-mc/run_amp_offset_mc.py, do not edit

Circuit: * error-amp-offset-mc monte carlo deck -- generated by sim/error-amp-offset-mc/run_amp_offset_mc.py, do not edit

option SCALE: Scale is set to 1e-06 for instance and model parameters
option SCALE: Scale is set to 1e-06 for instance and model parameters
option SCALE: Scale is set to 1e-06 for instance and model parameters
option SCALE: Scale is set to 1e-06 for instance and model parameters
Doing analysis at TEMP = 27.000000 and TNOM = 27.000000

Using KLU as Direct Linear Solver

No. of Data Rows : 1
vos = 4.457029e-05
vout = 1.205638e+00
dvbe8 = 6.251401e-02
veb8 = 7.313237e-01
dvbe1 = 6.307607e-02
rra = 8.809034e-02
rrb = 1.172928e-02
vgdrv = 2.062562e+00
Reset re-loads circuit * error-amp-offset-mc monte carlo deck -- generated by sim/error-amp-offset-mc/run_amp_offset_mc.py, do not edit

Circuit: * error-amp-offset-mc monte carlo deck -- generated by sim/error-amp-offset-mc/run_amp_offset_mc.py, do not edit

option SCALE: Scale is set to 1e-06 for instance and model parameters
option SCALE: Scale is set to 1e-06 for instance and model parameters
option SCALE: Scale is set to 1e-06 for instance and model parameters
option SCALE: Scale is set to 1e-06 for instance and model parameters
Doing analysis at TEMP = 27.000000 and TNOM = 27.000000

Using KLU as Direct Linear Solver
 Reference value :  0.00000e+00
No. of Data Rows : 1
vos = 3.999007e-04
vout = 1.207987e+00
dvbe8 = 6.231398e-02
veb8 = 7.311376e-01
dvbe1 = 6.306554e-02
rra = 8.820287e-02
rrb = 1.178125e-02
vgdrv = 2.063859e+00
Reset re-loads circuit * error-amp-offset-mc monte carlo deck -- generated by sim/error-amp-offset-mc/run_amp_offset_mc.py, do not edit

Circuit: * error-amp-offset-mc monte carlo deck -- generated by sim/error-amp-offset-mc/run_amp_offset_mc.py, do not edit

option SCALE: Scale is set to 1e-06 for instance and model parameters
option SCALE: Scale is set to 1e-06 for instance and model parameters
option SCALE: Scale is set to 1e-06 for instance and model parameters
option SCALE: Scale is set to 1e-06 for instance and model parameters
Doing analysis at TEMP = 27.000000 and TNOM = 27.000000

Using KLU as Direct Linear Solver

No. of Data Rows : 1
vos = 1.501505e-04
vout = 1.198847e+00
dvbe8 = 6.231781e-02
veb8 = 7.311025e-01
dvbe1 = 6.246405e-02
rra = 8.835798e-02
rrb = 1.167810e-02
vgdrv = 2.062028e+00
Reset re-loads circuit * error-amp-offset-mc monte carlo deck -- generated by sim/error-amp-offset-mc/run_amp_offset_mc.py, do not edit

Circuit: * error-amp-offset-mc monte carlo deck -- generated by sim/error-amp-offset-mc/run_amp_offset_mc.py, do not edit

option SCALE: Scale is set to 1e-06 for instance and model parameters
option SCALE: Scale is set to 1e-06 for instance and model parameters
option SCALE: Scale is set to 1e-06 for instance and model parameters
option SCALE: Scale is set to 1e-06 for instance and model parameters
Doing analysis at TEMP = 27.000000 and TNOM = 27.000000

Using KLU as Direct Linear Solver

No. of Data Rows : 1
vos = 1.232928e-04
vout = 1.205443e+00
dvbe8 = 6.224522e-02
veb8 = 7.310418e-01
dvbe1 = 6.253925e-02
rra = 8.811109e-02
rrb = 1.172820e-02
vgdrv = 2.058716e+00
Reset re-loads circuit * error-amp-offset-mc monte carlo deck -- generated by sim/error-amp-offset-mc/run_amp_offset_mc.py, do not edit

Circuit: * error-amp-offset-mc monte carlo deck -- generated by sim/error-amp-offset-mc/run_amp_offset_mc.py, do not edit

option SCALE: Scale is set to 1e-06 for instance and model parameters
option SCALE: Scale is set to 1e-06 for instance and model parameters
option SCALE: Scale is set to 1e-06 for instance and model parameters
option SCALE: Scale is set to 1e-06 for instance and model parameters
Doing analysis at TEMP = 27.000000 and TNOM = 27.000000

Using KLU as Direct Linear Solver

No. of Data Rows : 1
vos = -1.12908e-04
vout = 1.210079e+00
dvbe8 = 6.255147e-02
veb8 = 7.312873e-01
dvbe1 = 6.314101e-02
rra = 8.791621e-02
rrb = 1.177895e-02
vgdrv = 2.063249e+00
Reset re-loads circuit * error-amp-offset-mc monte carlo deck -- generated by sim/error-amp-offset-mc/run_amp_offset_mc.py, do not edit

Circuit: * error-amp-offset-mc monte carlo deck -- generated by sim/error-amp-offset-mc/run_amp_offset_mc.py, do not edit

option SCALE: Scale is set to 1e-06 for instance and model parameters
option SCALE: Scale is set to 1e-06 for instance and model parameters
option SCALE: Scale is set to 1e-06 for instance and model parameters
option SCALE: Scale is set to 1e-06 for instance and model parameters
Doing analysis at TEMP = 27.000000 and TNOM = 27.000000

Using KLU as Direct Linear Solver

No. of Data Rows : 1
vos = -1.79704e-05
vout = 1.206828e+00
dvbe8 = 6.226372e-02
veb8 = 7.310846e-01
dvbe1 = 6.317285e-02
rra = 8.833649e-02
rrb = 1.173915e-02
vgdrv = 2.064449e+00
Reset re-loads circuit * error-amp-offset-mc monte carlo deck -- generated by sim/error-amp-offset-mc/run_amp_offset_mc.py, do not edit

Circuit: * error-amp-offset-mc monte carlo deck -- generated by sim/error-amp-offset-mc/run_amp_offset_mc.py, do not edit

option SCALE: Scale is set to 1e-06 for instance and model parameters
option SCALE: Scale is set to 1e-06 for instance and model parameters
option SCALE: Scale is set to 1e-06 for instance and model parameters
option SCALE: Scale is set to 1e-06 for instance and model parameters
Doing analysis at TEMP = 27.000000 and TNOM = 27.000000

Using KLU as Direct Linear Solver

No. of Data Rows : 1
vos = -1.19991e-04
vout = 1.210775e+00
dvbe8 = 6.233626e-02
veb8 = 7.311105e-01
dvbe1 = 6.294831e-02
rra = 8.807331e-02
rrb = 1.172663e-02
vgdrv = 2.058132e+00
Reset re-loads circuit * error-amp-offset-mc monte carlo deck -- generated by sim/error-amp-offset-mc/run_amp_offset_mc.py, do not edit

Circuit: * error-amp-offset-mc monte carlo deck -- generated by sim/error-amp-offset-mc/run_amp_offset_mc.py, do not edit

option SCALE: Scale is set to 1e-06 for instance and model parameters
option SCALE: Scale is set to 1e-06 for instance and model parameters
option SCALE: Scale is set to 1e-06 for instance and model parameters
option SCALE: Scale is set to 1e-06 for instance and model parameters
Doing analysis at TEMP = 27.000000 and TNOM = 27.000000

Using KLU as Direct Linear Solver

No. of Data Rows : 1
vos = -3.98279e-04
vout = 1.218619e+00
dvbe8 = 6.254369e-02
veb8 = 7.313386e-01
dvbe1 = 6.335069e-02
rra = 8.792860e-02
rrb = 1.171961e-02
vgdrv = 2.057633e+00
Reset re-loads circuit * error-amp-offset-mc monte carlo deck -- generated by sim/error-amp-offset-mc/run_amp_offset_mc.py, do not edit

Circuit: * error-amp-offset-mc monte carlo deck -- generated by sim/error-amp-offset-mc/run_amp_offset_mc.py, do not edit

option SCALE: Scale is set to 1e-06 for instance and model parameters
option SCALE: Scale is set to 1e-06 for instance and model parameters
option SCALE: Scale is set to 1e-06 for instance and model parameters
option SCALE: Scale is set to 1e-06 for instance and model parameters
Doing analysis at TEMP = 27.000000 and TNOM = 27.000000

Using KLU as Direct Linear Solver
 Reference value :  0.00000e+00
No. of Data Rows : 1
vos = -7.33796e-04
vout = 1.220306e+00
dvbe8 = 6.246368e-02
veb8 = 7.312512e-01
dvbe1 = 6.239999e-02
rra = 8.811271e-02
rrb = 1.170143e-02
vgdrv = 2.058926e+00
Reset re-loads circuit * error-amp-offset-mc monte carlo deck -- generated by sim/error-amp-offset-mc/run_amp_offset_mc.py, do not edit

Circuit: * error-amp-offset-mc monte carlo deck -- generated by sim/error-amp-offset-mc/run_amp_offset_mc.py, do not edit

option SCALE: Scale is set to 1e-06 for instance and model parameters
option SCALE: Scale is set to 1e-06 for instance and model parameters
option SCALE: Scale is set to 1e-06 for instance and model parameters
option SCALE: Scale is set to 1e-06 for instance and model parameters
Doing analysis at TEMP = 27.000000 and TNOM = 27.000000

Using KLU as Direct Linear Solver

No. of Data Rows : 1
vos = -7.86594e-04
vout = 1.220125e+00
dvbe8 = 6.239173e-02
veb8 = 7.312127e-01
dvbe1 = 6.238102e-02
rra = 8.812810e-02
rrb = 1.181109e-02
vgdrv = 2.059110e+00
Reset re-loads circuit * error-amp-offset-mc monte carlo deck -- generated by sim/error-amp-offset-mc/run_amp_offset_mc.py, do not edit

Circuit: * error-amp-offset-mc monte carlo deck -- generated by sim/error-amp-offset-mc/run_amp_offset_mc.py, do not edit

option SCALE: Scale is set to 1e-06 for instance and model parameters
option SCALE: Scale is set to 1e-06 for instance and model parameters
option SCALE: Scale is set to 1e-06 for instance and model parameters
option SCALE: Scale is set to 1e-06 for instance and model parameters
Doing analysis at TEMP = 27.000000 and TNOM = 27.000000

Using KLU as Direct Linear Solver

No. of Data Rows : 1
vos = -6.03804e-04
vout = 1.220430e+00
dvbe8 = 6.224660e-02
veb8 = 7.310184e-01
dvbe1 = 6.274551e-02
rra = 8.799463e-02
rrb = 1.171375e-02
vgdrv = 2.057530e+00
Reset re-loads circuit * error-amp-offset-mc monte carlo deck -- generated by sim/error-amp-offset-mc/run_amp_offset_mc.py, do not edit

Circuit: * error-amp-offset-mc monte carlo deck -- generated by sim/error-amp-offset-mc/run_amp_offset_mc.py, do not edit

option SCALE: Scale is set to 1e-06 for instance and model parameters
option SCALE: Scale is set to 1e-06 for instance and model parameters
option SCALE: Scale is set to 1e-06 for instance and model parameters
option SCALE: Scale is set to 1e-06 for instance and model parameters
Doing analysis at TEMP = 27.000000 and TNOM = 27.000000

Using KLU as Direct Linear Solver

No. of Data Rows : 1
vos = -9.38140e-05
vout = 1.208016e+00
dvbe8 = 6.238358e-02
veb8 = 7.311708e-01
dvbe1 = 6.305267e-02
rra = 8.816010e-02
rrb = 1.168783e-02
vgdrv = 2.061826e+00
Reset re-loads circuit * error-amp-offset-mc monte carlo deck -- generated by sim/error-amp-offset-mc/run_amp_offset_mc.py, do not edit

Circuit: * error-amp-offset-mc monte carlo deck -- generated by sim/error-amp-offset-mc/run_amp_offset_mc.py, do not edit

option SCALE: Scale is set to 1e-06 for instance and model parameters
option SCALE: Scale is set to 1e-06 for instance and model parameters
option SCALE: Scale is set to 1e-06 for instance and model parameters
option SCALE: Scale is set to 1e-06 for instance and model parameters
Doing analysis at TEMP = 27.000000 and TNOM = 27.000000

Using KLU as Direct Linear Solver

No. of Data Rows : 1
vos = -3.97753e-04
vout = 1.215232e+00
dvbe8 = 6.215787e-02
veb8 = 7.309457e-01
dvbe1 = 6.372438e-02
rra = 8.823765e-02
rrb = 1.177860e-02
vgdrv = 2.061558e+00
Reset re-loads circuit * error-amp-offset-mc monte carlo deck -- generated by sim/error-amp-offset-mc/run_amp_offset_mc.py, do not edit

Circuit: * error-amp-offset-mc monte carlo deck -- generated by sim/error-amp-offset-mc/run_amp_offset_mc.py, do not edit

option SCALE: Scale is set to 1e-06 for instance and model parameters
option SCALE: Scale is set to 1e-06 for instance and model parameters
option SCALE: Scale is set to 1e-06 for instance and model parameters
option SCALE: Scale is set to 1e-06 for instance and model parameters
Doing analysis at TEMP = 27.000000 and TNOM = 27.000000

Using KLU as Direct Linear Solver

No. of Data Rows : 1
vos = 6.360508e-04
vout = 1.202273e+00
dvbe8 = 6.255700e-02
veb8 = 7.313540e-01
dvbe1 = 6.340334e-02
rra = 8.797186e-02
rrb = 1.180415e-02
vgdrv = 2.064127e+00
Reset re-loads circuit * error-amp-offset-mc monte carlo deck -- generated by sim/error-amp-offset-mc/run_amp_offset_mc.py, do not edit

Circuit: * error-amp-offset-mc monte carlo deck -- generated by sim/error-amp-offset-mc/run_amp_offset_mc.py, do not edit

option SCALE: Scale is set to 1e-06 for instance and model parameters
option SCALE: Scale is set to 1e-06 for instance and model parameters
option SCALE: Scale is set to 1e-06 for instance and model parameters
option SCALE: Scale is set to 1e-06 for instance and model parameters
Doing analysis at TEMP = 27.000000 and TNOM = 27.000000

Using KLU as Direct Linear Solver

No. of Data Rows : 1
vos = 3.329795e-04
vout = 1.207914e+00
dvbe8 = 6.231860e-02
veb8 = 7.311378e-01
dvbe1 = 6.236310e-02
rra = 8.790778e-02
rrb = 1.180907e-02
vgdrv = 2.064176e+00
Reset re-loads circuit * error-amp-offset-mc monte carlo deck -- generated by sim/error-amp-offset-mc/run_amp_offset_mc.py, do not edit

Circuit: * error-amp-offset-mc monte carlo deck -- generated by sim/error-amp-offset-mc/run_amp_offset_mc.py, do not edit

option SCALE: Scale is set to 1e-06 for instance and model parameters
option SCALE: Scale is set to 1e-06 for instance and model parameters
option SCALE: Scale is set to 1e-06 for instance and model parameters
option SCALE: Scale is set to 1e-06 for instance and model parameters
Doing analysis at TEMP = 27.000000 and TNOM = 27.000000

Using KLU as Direct Linear Solver
 Reference value :  0.00000e+00
No. of Data Rows : 1
vos = 4.809555e-04
vout = 1.206637e+00
dvbe8 = 6.227232e-02
veb8 = 7.310716e-01
dvbe1 = 6.290400e-02
rra = 8.818179e-02
rrb = 1.178248e-02
vgdrv = 2.061337e+00
Reset re-loads circuit * error-amp-offset-mc monte carlo deck -- generated by sim/error-amp-offset-mc/run_amp_offset_mc.py, do not edit

Circuit: * error-amp-offset-mc monte carlo deck -- generated by sim/error-amp-offset-mc/run_amp_offset_mc.py, do not edit

option SCALE: Scale is set to 1e-06 for instance and model parameters
option SCALE: Scale is set to 1e-06 for instance and model parameters
option SCALE: Scale is set to 1e-06 for instance and model parameters
option SCALE: Scale is set to 1e-06 for instance and model parameters
Doing analysis at TEMP = 27.000000 and TNOM = 27.000000

Using KLU as Direct Linear Solver

No. of Data Rows : 1
vos = -1.98082e-04
vout = 1.205070e+00
dvbe8 = 6.232996e-02
veb8 = 7.311100e-01
dvbe1 = 6.246198e-02
rra = 8.804343e-02
rrb = 1.172251e-02
vgdrv = 2.063614e+00
Reset re-loads circuit * error-amp-offset-mc monte carlo deck -- generated by sim/error-amp-offset-mc/run_amp_offset_mc.py, do not edit

Circuit: * error-amp-offset-mc monte carlo deck -- generated by sim/error-amp-offset-mc/run_amp_offset_mc.py, do not edit

option SCALE: Scale is set to 1e-06 for instance and model parameters
option SCALE: Scale is set to 1e-06 for instance and model parameters
option SCALE: Scale is set to 1e-06 for instance and model parameters
option SCALE: Scale is set to 1e-06 for instance and model parameters
Doing analysis at TEMP = 27.000000 and TNOM = 27.000000

Using KLU as Direct Linear Solver

No. of Data Rows : 1
vos = -4.70568e-04
vout = 1.215493e+00
dvbe8 = 6.244134e-02
veb8 = 7.312120e-01
dvbe1 = 6.318906e-02
rra = 8.808730e-02
rrb = 1.168003e-02
vgdrv = 2.058062e+00
Reset re-loads circuit * error-amp-offset-mc monte carlo deck -- generated by sim/error-amp-offset-mc/run_amp_offset_mc.py, do not edit

Circuit: * error-amp-offset-mc monte carlo deck -- generated by sim/error-amp-offset-mc/run_amp_offset_mc.py, do not edit

option SCALE: Scale is set to 1e-06 for instance and model parameters
option SCALE: Scale is set to 1e-06 for instance and model parameters
option SCALE: Scale is set to 1e-06 for instance and model parameters
option SCALE: Scale is set to 1e-06 for instance and model parameters
Doing analysis at TEMP = 27.000000 and TNOM = 27.000000

Using KLU as Direct Linear Solver

No. of Data Rows : 1
vos = 2.550057e-04
vout = 1.208194e+00
dvbe8 = 6.230015e-02
veb8 = 7.310989e-01
dvbe1 = 6.294380e-02
rra = 8.811925e-02
rrb = 1.169115e-02
vgdrv = 2.063672e+00
Reset re-loads circuit * error-amp-offset-mc monte carlo deck -- generated by sim/error-amp-offset-mc/run_amp_offset_mc.py, do not edit

Circuit: * error-amp-offset-mc monte carlo deck -- generated by sim/error-amp-offset-mc/run_amp_offset_mc.py, do not edit

option SCALE: Scale is set to 1e-06 for instance and model parameters
option SCALE: Scale is set to 1e-06 for instance and model parameters
option SCALE: Scale is set to 1e-06 for instance and model parameters
option SCALE: Scale is set to 1e-06 for instance and model parameters
Doing analysis at TEMP = 27.000000 and TNOM = 27.000000

Using KLU as Direct Linear Solver

No. of Data Rows : 1
vos = -1.51428e-04
vout = 1.208523e+00
dvbe8 = 6.222880e-02
veb8 = 7.310772e-01
dvbe1 = 6.322512e-02
rra = 8.803849e-02
rrb = 1.173291e-02
vgdrv = 2.059689e+00
Reset re-loads circuit * error-amp-offset-mc monte carlo deck -- generated by sim/error-amp-offset-mc/run_amp_offset_mc.py, do not edit

Circuit: * error-amp-offset-mc monte carlo deck -- generated by sim/error-amp-offset-mc/run_amp_offset_mc.py, do not edit

option SCALE: Scale is set to 1e-06 for instance and model parameters
option SCALE: Scale is set to 1e-06 for instance and model parameters
option SCALE: Scale is set to 1e-06 for instance and model parameters
option SCALE: Scale is set to 1e-06 for instance and model parameters
Doing analysis at TEMP = 27.000000 and TNOM = 27.000000

Using KLU as Direct Linear Solver

No. of Data Rows : 1
vos = -9.62026e-04
vout = 1.218952e+00
dvbe8 = 6.251880e-02
veb8 = 7.312634e-01
dvbe1 = 6.301267e-02
rra = 8.814888e-02
rrb = 1.184952e-02
vgdrv = 2.057666e+00
Reset re-loads circuit * error-amp-offset-mc monte carlo deck -- generated by sim/error-amp-offset-mc/run_amp_offset_mc.py, do not edit

Circuit: * error-amp-offset-mc monte carlo deck -- generated by sim/error-amp-offset-mc/run_amp_offset_mc.py, do not edit

option SCALE: Scale is set to 1e-06 for instance and model parameters
option SCALE: Scale is set to 1e-06 for instance and model parameters
option SCALE: Scale is set to 1e-06 for instance and model parameters
option SCALE: Scale is set to 1e-06 for instance and model parameters
Doing analysis at TEMP = 27.000000 and TNOM = 27.000000

Using KLU as Direct Linear Solver
 Reference value :  0.00000e+00
No. of Data Rows : 1
vos = 1.142388e-04
vout = 1.211206e+00
dvbe8 = 6.189780e-02
veb8 = 7.306978e-01
dvbe1 = 6.267651e-02
rra = 8.810332e-02
rrb = 1.172561e-02
vgdrv = 2.059589e+00
Reset re-loads circuit * error-amp-offset-mc monte carlo deck -- generated by sim/error-amp-offset-mc/run_amp_offset_mc.py, do not edit

Circuit: * error-amp-offset-mc monte carlo deck -- generated by sim/error-amp-offset-mc/run_amp_offset_mc.py, do not edit

option SCALE: Scale is set to 1e-06 for instance and model parameters
option SCALE: Scale is set to 1e-06 for instance and model parameters
option SCALE: Scale is set to 1e-06 for instance and model parameters
option SCALE: Scale is set to 1e-06 for instance and model parameters
Doing analysis at TEMP = 27.000000 and TNOM = 27.000000

Using KLU as Direct Linear Solver

No. of Data Rows : 1
vos = 3.620420e-04
vout = 1.204406e+00
dvbe8 = 6.246348e-02
veb8 = 7.312906e-01
dvbe1 = 6.306475e-02
rra = 8.800979e-02
rrb = 1.167059e-02
vgdrv = 2.063458e+00
Reset re-loads circuit * error-amp-offset-mc monte carlo deck -- generated by sim/error-amp-offset-mc/run_amp_offset_mc.py, do not edit

Circuit: * error-amp-offset-mc monte carlo deck -- generated by sim/error-amp-offset-mc/run_amp_offset_mc.py, do not edit

option SCALE: Scale is set to 1e-06 for instance and model parameters
option SCALE: Scale is set to 1e-06 for instance and model parameters
option SCALE: Scale is set to 1e-06 for instance and model parameters
option SCALE: Scale is set to 1e-06 for instance and model parameters
Doing analysis at TEMP = 27.000000 and TNOM = 27.000000

Using KLU as Direct Linear Solver

No. of Data Rows : 1
vos = -5.69939e-04
vout = 1.213056e+00
dvbe8 = 6.251262e-02
veb8 = 7.312955e-01
dvbe1 = 6.260773e-02
rra = 8.811636e-02
rrb = 1.175893e-02
vgdrv = 2.060349e+00
Reset re-loads circuit * error-amp-offset-mc monte carlo deck -- generated by sim/error-amp-offset-mc/run_amp_offset_mc.py, do not edit

Circuit: * error-amp-offset-mc monte carlo deck -- generated by sim/error-amp-offset-mc/run_amp_offset_mc.py, do not edit

option SCALE: Scale is set to 1e-06 for instance and model parameters
option SCALE: Scale is set to 1e-06 for instance and model parameters
option SCALE: Scale is set to 1e-06 for instance and model parameters
option SCALE: Scale is set to 1e-06 for instance and model parameters
Doing analysis at TEMP = 27.000000 and TNOM = 27.000000

Using KLU as Direct Linear Solver

No. of Data Rows : 1
vos = -1.20379e-04
vout = 1.205937e+00
dvbe8 = 6.242759e-02
veb8 = 7.312225e-01
dvbe1 = 6.241262e-02
rra = 8.788233e-02
rrb = 1.168634e-02
vgdrv = 2.059495e+00
Reset re-loads circuit * error-amp-offset-mc monte carlo deck -- generated by sim/error-amp-offset-mc/run_amp_offset_mc.py, do not edit

Circuit: * error-amp-offset-mc monte carlo deck -- generated by sim/error-amp-offset-mc/run_amp_offset_mc.py, do not edit

option SCALE: Scale is set to 1e-06 for instance and model parameters
option SCALE: Scale is set to 1e-06 for instance and model parameters
option SCALE: Scale is set to 1e-06 for instance and model parameters
option SCALE: Scale is set to 1e-06 for instance and model parameters
Doing analysis at TEMP = 27.000000 and TNOM = 27.000000

Using KLU as Direct Linear Solver

No. of Data Rows : 1
vos = -3.29349e-04
vout = 1.214369e+00
dvbe8 = 6.218472e-02
veb8 = 7.309743e-01
dvbe1 = 6.249832e-02
rra = 8.810922e-02
rrb = 1.172973e-02
vgdrv = 2.063829e+00
Reset re-loads circuit * error-amp-offset-mc monte carlo deck -- generated by sim/error-amp-offset-mc/run_amp_offset_mc.py, do not edit

Circuit: * error-amp-offset-mc monte carlo deck -- generated by sim/error-amp-offset-mc/run_amp_offset_mc.py, do not edit

option SCALE: Scale is set to 1e-06 for instance and model parameters
option SCALE: Scale is set to 1e-06 for instance and model parameters
option SCALE: Scale is set to 1e-06 for instance and model parameters
option SCALE: Scale is set to 1e-06 for instance and model parameters
Doing analysis at TEMP = 27.000000 and TNOM = 27.000000

Using KLU as Direct Linear Solver

No. of Data Rows : 1
vos = 2.007604e-04
vout = 1.214499e+00
dvbe8 = 6.234824e-02
veb8 = 7.311445e-01
dvbe1 = 6.330124e-02
rra = 8.820852e-02
rrb = 1.176913e-02
vgdrv = 2.058249e+00
Reset re-loads circuit * error-amp-offset-mc monte carlo deck -- generated by sim/error-amp-offset-mc/run_amp_offset_mc.py, do not edit

Circuit: * error-amp-offset-mc monte carlo deck -- generated by sim/error-amp-offset-mc/run_amp_offset_mc.py, do not edit

option SCALE: Scale is set to 1e-06 for instance and model parameters
option SCALE: Scale is set to 1e-06 for instance and model parameters
option SCALE: Scale is set to 1e-06 for instance and model parameters
option SCALE: Scale is set to 1e-06 for instance and model parameters
Doing analysis at TEMP = 27.000000 and TNOM = 27.000000

Using KLU as Direct Linear Solver
 Reference value :  0.00000e+00
No. of Data Rows : 1
vos = 3.395125e-04
vout = 1.205370e+00
dvbe8 = 6.213601e-02
veb8 = 7.309513e-01
dvbe1 = 6.330529e-02
rra = 8.802242e-02
rrb = 1.171939e-02
vgdrv = 2.062381e+00
Reset re-loads circuit * error-amp-offset-mc monte carlo deck -- generated by sim/error-amp-offset-mc/run_amp_offset_mc.py, do not edit

Circuit: * error-amp-offset-mc monte carlo deck -- generated by sim/error-amp-offset-mc/run_amp_offset_mc.py, do not edit

option SCALE: Scale is set to 1e-06 for instance and model parameters
option SCALE: Scale is set to 1e-06 for instance and model parameters
option SCALE: Scale is set to 1e-06 for instance and model parameters
option SCALE: Scale is set to 1e-06 for instance and model parameters
Doing analysis at TEMP = 27.000000 and TNOM = 27.000000

Using KLU as Direct Linear Solver

No. of Data Rows : 1
vos = 9.737055e-04
vout = 1.201819e+00
dvbe8 = 6.233226e-02
veb8 = 7.311478e-01
dvbe1 = 6.320603e-02
rra = 8.790696e-02
rrb = 1.172226e-02
vgdrv = 2.058957e+00
Reset re-loads circuit * error-amp-offset-mc monte carlo deck -- generated by sim/error-amp-offset-mc/run_amp_offset_mc.py, do not edit

Circuit: * error-amp-offset-mc monte carlo deck -- generated by sim/error-amp-offset-mc/run_amp_offset_mc.py, do not edit

option SCALE: Scale is set to 1e-06 for instance and model parameters
option SCALE: Scale is set to 1e-06 for instance and model parameters
option SCALE: Scale is set to 1e-06 for instance and model parameters
option SCALE: Scale is set to 1e-06 for instance and model parameters
Doing analysis at TEMP = 27.000000 and TNOM = 27.000000

Using KLU as Direct Linear Solver

No. of Data Rows : 1
vos = -6.31903e-04
vout = 1.214372e+00
dvbe8 = 6.243033e-02
veb8 = 7.312426e-01
dvbe1 = 6.235456e-02
rra = 8.792673e-02
rrb = 1.175479e-02
vgdrv = 2.058308e+00
Reset re-loads circuit * error-amp-offset-mc monte carlo deck -- generated by sim/error-amp-offset-mc/run_amp_offset_mc.py, do not edit

Circuit: * error-amp-offset-mc monte carlo deck -- generated by sim/error-amp-offset-mc/run_amp_offset_mc.py, do not edit

option SCALE: Scale is set to 1e-06 for instance and model parameters
option SCALE: Scale is set to 1e-06 for instance and model parameters
option SCALE: Scale is set to 1e-06 for instance and model parameters
option SCALE: Scale is set to 1e-06 for instance and model parameters
Doing analysis at TEMP = 27.000000 and TNOM = 27.000000

Using KLU as Direct Linear Solver

No. of Data Rows : 1
vos = -3.00004e-04
vout = 1.208287e+00
dvbe8 = 6.224909e-02
veb8 = 7.310802e-01
dvbe1 = 6.235270e-02
rra = 8.810504e-02
rrb = 1.170679e-02
vgdrv = 2.057970e+00
Reset re-loads circuit * error-amp-offset-mc monte carlo deck -- generated by sim/error-amp-offset-mc/run_amp_offset_mc.py, do not edit

Circuit: * error-amp-offset-mc monte carlo deck -- generated by sim/error-amp-offset-mc/run_amp_offset_mc.py, do not edit

option SCALE: Scale is set to 1e-06 for instance and model parameters
option SCALE: Scale is set to 1e-06 for instance and model parameters
option SCALE: Scale is set to 1e-06 for instance and model parameters
option SCALE: Scale is set to 1e-06 for instance and model parameters
Doing analysis at TEMP = 27.000000 and TNOM = 27.000000

Using KLU as Direct Linear Solver

No. of Data Rows : 1
vos = 3.918544e-04
vout = 1.207043e+00
dvbe8 = 6.231584e-02
veb8 = 7.310585e-01
dvbe1 = 6.264491e-02
rra = 8.804557e-02
rrb = 1.172721e-02
vgdrv = 2.065046e+00
Reset re-loads circuit * error-amp-offset-mc monte carlo deck -- generated by sim/error-amp-offset-mc/run_amp_offset_mc.py, do not edit

Circuit: * error-amp-offset-mc monte carlo deck -- generated by sim/error-amp-offset-mc/run_amp_offset_mc.py, do not edit

option SCALE: Scale is set to 1e-06 for instance and model parameters
option SCALE: Scale is set to 1e-06 for instance and model parameters
option SCALE: Scale is set to 1e-06 for instance and model parameters
option SCALE: Scale is set to 1e-06 for instance and model parameters
Doing analysis at TEMP = 27.000000 and TNOM = 27.000000

Using KLU as Direct Linear Solver

No. of Data Rows : 1
vos = -1.19319e-04
vout = 1.206992e+00
dvbe8 = 6.220477e-02
veb8 = 7.309883e-01
dvbe1 = 6.296289e-02
rra = 8.788279e-02
rrb = 1.169821e-02
vgdrv = 2.060163e+00
Reset re-loads circuit * error-amp-offset-mc monte carlo deck -- generated by sim/error-amp-offset-mc/run_amp_offset_mc.py, do not edit

Circuit: * error-amp-offset-mc monte carlo deck -- generated by sim/error-amp-offset-mc/run_amp_offset_mc.py, do not edit

option SCALE: Scale is set to 1e-06 for instance and model parameters
option SCALE: Scale is set to 1e-06 for instance and model parameters
option SCALE: Scale is set to 1e-06 for instance and model parameters
option SCALE: Scale is set to 1e-06 for instance and model parameters
Doing analysis at TEMP = 27.000000 and TNOM = 27.000000

Using KLU as Direct Linear Solver
 Reference value :  0.00000e+00
No. of Data Rows : 1
vos = 2.882088e-04
vout = 1.208887e+00
dvbe8 = 6.213152e-02
veb8 = 7.309045e-01
dvbe1 = 6.313780e-02
rra = 8.807314e-02
rrb = 1.173765e-02
vgdrv = 2.056817e+00
Reset re-loads circuit * error-amp-offset-mc monte carlo deck -- generated by sim/error-amp-offset-mc/run_amp_offset_mc.py, do not edit

Circuit: * error-amp-offset-mc monte carlo deck -- generated by sim/error-amp-offset-mc/run_amp_offset_mc.py, do not edit

option SCALE: Scale is set to 1e-06 for instance and model parameters
option SCALE: Scale is set to 1e-06 for instance and model parameters
option SCALE: Scale is set to 1e-06 for instance and model parameters
option SCALE: Scale is set to 1e-06 for instance and model parameters
Doing analysis at TEMP = 27.000000 and TNOM = 27.000000

Using KLU as Direct Linear Solver

No. of Data Rows : 1
vos = -4.54271e-04
vout = 1.211885e+00
dvbe8 = 6.243854e-02
veb8 = 7.312069e-01
dvbe1 = 6.273324e-02
rra = 8.808854e-02
rrb = 1.170914e-02
vgdrv = 2.062007e+00
Reset re-loads circuit * error-amp-offset-mc monte carlo deck -- generated by sim/error-amp-offset-mc/run_amp_offset_mc.py, do not edit

Circuit: * error-amp-offset-mc monte carlo deck -- generated by sim/error-amp-offset-mc/run_amp_offset_mc.py, do not edit

option SCALE: Scale is set to 1e-06 for instance and model parameters
option SCALE: Scale is set to 1e-06 for instance and model parameters
option SCALE: Scale is set to 1e-06 for instance and model parameters
option SCALE: Scale is set to 1e-06 for instance and model parameters
Doing analysis at TEMP = 27.000000 and TNOM = 27.000000

Using KLU as Direct Linear Solver

No. of Data Rows : 1
vos = -4.44950e-04
vout = 1.214262e+00
dvbe8 = 6.212475e-02
veb8 = 7.308943e-01
dvbe1 = 6.273715e-02
rra = 8.802619e-02
rrb = 1.180075e-02
vgdrv = 2.059356e+00
Reset re-loads circuit * error-amp-offset-mc monte carlo deck -- generated by sim/error-amp-offset-mc/run_amp_offset_mc.py, do not edit

Circuit: * error-amp-offset-mc monte carlo deck -- generated by sim/error-amp-offset-mc/run_amp_offset_mc.py, do not edit

option SCALE: Scale is set to 1e-06 for instance and model parameters
option SCALE: Scale is set to 1e-06 for instance and model parameters
option SCALE: Scale is set to 1e-06 for instance and model parameters
option SCALE: Scale is set to 1e-06 for instance and model parameters
Doing analysis at TEMP = 27.000000 and TNOM = 27.000000

Using KLU as Direct Linear Solver

No. of Data Rows : 1
vos = -5.86010e-04
vout = 1.213473e+00
dvbe8 = 6.240984e-02
veb8 = 7.312020e-01
dvbe1 = 6.355223e-02
rra = 8.803314e-02
rrb = 1.173207e-02
vgdrv = 2.059022e+00
Reset re-loads circuit * error-amp-offset-mc monte carlo deck -- generated by sim/error-amp-offset-mc/run_amp_offset_mc.py, do not edit

Circuit: * error-amp-offset-mc monte carlo deck -- generated by sim/error-amp-offset-mc/run_amp_offset_mc.py, do not edit

option SCALE: Scale is set to 1e-06 for instance and model parameters
option SCALE: Scale is set to 1e-06 for instance and model parameters
option SCALE: Scale is set to 1e-06 for instance and model parameters
option SCALE: Scale is set to 1e-06 for instance and model parameters
Doing analysis at TEMP = 27.000000 and TNOM = 27.000000

Using KLU as Direct Linear Solver

No. of Data Rows : 1
vos = 2.770663e-04
vout = 1.208860e+00
dvbe8 = 6.228494e-02
veb8 = 7.310648e-01
dvbe1 = 6.365012e-02
rra = 8.808079e-02
rrb = 1.178271e-02
vgdrv = 2.063885e+00
Reset re-loads circuit * error-amp-offset-mc monte carlo deck -- generated by sim/error-amp-offset-mc/run_amp_offset_mc.py, do not edit

Circuit: * error-amp-offset-mc monte carlo deck -- generated by sim/error-amp-offset-mc/run_amp_offset_mc.py, do not edit

option SCALE: Scale is set to 1e-06 for instance and model parameters
option SCALE: Scale is set to 1e-06 for instance and model parameters
option SCALE: Scale is set to 1e-06 for instance and model parameters
option SCALE: Scale is set to 1e-06 for instance and model parameters
Doing analysis at TEMP = 27.000000 and TNOM = 27.000000

Using KLU as Direct Linear Solver

No. of Data Rows : 1
vos = 3.131603e-04
vout = 1.198269e+00
dvbe8 = 6.229544e-02
veb8 = 7.310439e-01
dvbe1 = 6.291283e-02
rra = 8.806594e-02
rrb = 1.171825e-02
vgdrv = 2.062899e+00
Reset re-loads circuit * error-amp-offset-mc monte carlo deck -- generated by sim/error-amp-offset-mc/run_amp_offset_mc.py, do not edit

Circuit: * error-amp-offset-mc monte carlo deck -- generated by sim/error-amp-offset-mc/run_amp_offset_mc.py, do not edit

option SCALE: Scale is set to 1e-06 for instance and model parameters
option SCALE: Scale is set to 1e-06 for instance and model parameters
option SCALE: Scale is set to 1e-06 for instance and model parameters
option SCALE: Scale is set to 1e-06 for instance and model parameters
Doing analysis at TEMP = 27.000000 and TNOM = 27.000000

Using KLU as Direct Linear Solver
 Reference value :  0.00000e+00
No. of Data Rows : 1
vos = -1.67730e-04
vout = 1.207586e+00
dvbe8 = 6.262521e-02
veb8 = 7.314225e-01
dvbe1 = 6.338818e-02
rra = 8.809326e-02
rrb = 1.175388e-02
vgdrv = 2.061440e+00
Reset re-loads circuit * error-amp-offset-mc monte carlo deck -- generated by sim/error-amp-offset-mc/run_amp_offset_mc.py, do not edit

Circuit: * error-amp-offset-mc monte carlo deck -- generated by sim/error-amp-offset-mc/run_amp_offset_mc.py, do not edit

option SCALE: Scale is set to 1e-06 for instance and model parameters
option SCALE: Scale is set to 1e-06 for instance and model parameters
option SCALE: Scale is set to 1e-06 for instance and model parameters
option SCALE: Scale is set to 1e-06 for instance and model parameters
Doing analysis at TEMP = 27.000000 and TNOM = 27.000000

Using KLU as Direct Linear Solver

No. of Data Rows : 1
vos = 3.778803e-04
vout = 1.204988e+00
dvbe8 = 6.228442e-02
veb8 = 7.310629e-01
dvbe1 = 6.293891e-02
rra = 8.803948e-02
rrb = 1.173654e-02
vgdrv = 2.060013e+00
Reset re-loads circuit * error-amp-offset-mc monte carlo deck -- generated by sim/error-amp-offset-mc/run_amp_offset_mc.py, do not edit

Circuit: * error-amp-offset-mc monte carlo deck -- generated by sim/error-amp-offset-mc/run_amp_offset_mc.py, do not edit

option SCALE: Scale is set to 1e-06 for instance and model parameters
option SCALE: Scale is set to 1e-06 for instance and model parameters
option SCALE: Scale is set to 1e-06 for instance and model parameters
option SCALE: Scale is set to 1e-06 for instance and model parameters
Doing analysis at TEMP = 27.000000 and TNOM = 27.000000

Using KLU as Direct Linear Solver

No. of Data Rows : 1
vos = -9.69677e-05
vout = 1.211566e+00
dvbe8 = 6.236225e-02
veb8 = 7.311273e-01
dvbe1 = 6.233284e-02
rra = 8.808967e-02
rrb = 1.177015e-02
vgdrv = 2.058264e+00
Reset re-loads circuit * error-amp-offset-mc monte carlo deck -- generated by sim/error-amp-offset-mc/run_amp_offset_mc.py, do not edit

Circuit: * error-amp-offset-mc monte carlo deck -- generated by sim/error-amp-offset-mc/run_amp_offset_mc.py, do not edit

option SCALE: Scale is set to 1e-06 for instance and model parameters
option SCALE: Scale is set to 1e-06 for instance and model parameters
option SCALE: Scale is set to 1e-06 for instance and model parameters
option SCALE: Scale is set to 1e-06 for instance and model parameters
Doing analysis at TEMP = 27.000000 and TNOM = 27.000000

Using KLU as Direct Linear Solver

No. of Data Rows : 1
vos = 1.629435e-03
vout = 1.190031e+00
dvbe8 = 6.257240e-02
veb8 = 7.313943e-01
dvbe1 = 6.329626e-02
rra = 8.807441e-02
rrb = 1.178642e-02
vgdrv = 2.063592e+00
Reset re-loads circuit * error-amp-offset-mc monte carlo deck -- generated by sim/error-amp-offset-mc/run_amp_offset_mc.py, do not edit

Circuit: * error-amp-offset-mc monte carlo deck -- generated by sim/error-amp-offset-mc/run_amp_offset_mc.py, do not edit

option SCALE: Scale is set to 1e-06 for instance and model parameters
option SCALE: Scale is set to 1e-06 for instance and model parameters
option SCALE: Scale is set to 1e-06 for instance and model parameters
option SCALE: Scale is set to 1e-06 for instance and model parameters
Doing analysis at TEMP = 27.000000 and TNOM = 27.000000

Using KLU as Direct Linear Solver

No. of Data Rows : 1
vos = -6.88289e-04
vout = 1.212293e+00
dvbe8 = 6.215891e-02
veb8 = 7.309692e-01
dvbe1 = 6.354904e-02
rra = 8.817832e-02
rrb = 1.176525e-02
vgdrv = 2.059897e+00
Reset re-loads circuit * error-amp-offset-mc monte carlo deck -- generated by sim/error-amp-offset-mc/run_amp_offset_mc.py, do not edit

Circuit: * error-amp-offset-mc monte carlo deck -- generated by sim/error-amp-offset-mc/run_amp_offset_mc.py, do not edit

option SCALE: Scale is set to 1e-06 for instance and model parameters
option SCALE: Scale is set to 1e-06 for instance and model parameters
option SCALE: Scale is set to 1e-06 for instance and model parameters
option SCALE: Scale is set to 1e-06 for instance and model parameters
Doing analysis at TEMP = 27.000000 and TNOM = 27.000000

Using KLU as Direct Linear Solver

No. of Data Rows : 1
vos = -7.33634e-04
vout = 1.216588e+00
dvbe8 = 6.227549e-02
veb8 = 7.310297e-01
dvbe1 = 6.357989e-02
rra = 8.809996e-02
rrb = 1.177368e-02
vgdrv = 2.060957e+00
Reset re-loads circuit * error-amp-offset-mc monte carlo deck -- generated by sim/error-amp-offset-mc/run_amp_offset_mc.py, do not edit

Circuit: * error-amp-offset-mc monte carlo deck -- generated by sim/error-amp-offset-mc/run_amp_offset_mc.py, do not edit

option SCALE: Scale is set to 1e-06 for instance and model parameters
option SCALE: Scale is set to 1e-06 for instance and model parameters
option SCALE: Scale is set to 1e-06 for instance and model parameters
option SCALE: Scale is set to 1e-06 for instance and model parameters
Doing analysis at TEMP = 27.000000 and TNOM = 27.000000

Using KLU as Direct Linear Solver
 Reference value :  0.00000e+00
No. of Data Rows : 1
vos = 3.636872e-04
vout = 1.208788e+00
dvbe8 = 6.260292e-02
veb8 = 7.313626e-01
dvbe1 = 6.354350e-02
rra = 8.815472e-02
rrb = 1.181164e-02
vgdrv = 2.058961e+00
Reset re-loads circuit * error-amp-offset-mc monte carlo deck -- generated by sim/error-amp-offset-mc/run_amp_offset_mc.py, do not edit

Circuit: * error-amp-offset-mc monte carlo deck -- generated by sim/error-amp-offset-mc/run_amp_offset_mc.py, do not edit

option SCALE: Scale is set to 1e-06 for instance and model parameters
option SCALE: Scale is set to 1e-06 for instance and model parameters
option SCALE: Scale is set to 1e-06 for instance and model parameters
option SCALE: Scale is set to 1e-06 for instance and model parameters
Doing analysis at TEMP = 27.000000 and TNOM = 27.000000

Using KLU as Direct Linear Solver

No. of Data Rows : 1
vos = -3.34374e-04
vout = 1.217847e+00
dvbe8 = 6.250114e-02
veb8 = 7.313070e-01
dvbe1 = 6.279022e-02
rra = 8.811476e-02
rrb = 1.170837e-02
vgdrv = 2.058145e+00
Reset re-loads circuit * error-amp-offset-mc monte carlo deck -- generated by sim/error-amp-offset-mc/run_amp_offset_mc.py, do not edit

Circuit: * error-amp-offset-mc monte carlo deck -- generated by sim/error-amp-offset-mc/run_amp_offset_mc.py, do not edit

option SCALE: Scale is set to 1e-06 for instance and model parameters
option SCALE: Scale is set to 1e-06 for instance and model parameters
option SCALE: Scale is set to 1e-06 for instance and model parameters
option SCALE: Scale is set to 1e-06 for instance and model parameters
Doing analysis at TEMP = 27.000000 and TNOM = 27.000000

Using KLU as Direct Linear Solver

No. of Data Rows : 1
vos = -1.93821e-04
vout = 1.214040e+00
dvbe8 = 6.257840e-02
veb8 = 7.313754e-01
dvbe1 = 6.284124e-02
rra = 8.800632e-02
rrb = 1.166986e-02
vgdrv = 2.060178e+00
Reset re-loads circuit * error-amp-offset-mc monte carlo deck -- generated by sim/error-amp-offset-mc/run_amp_offset_mc.py, do not edit

Circuit: * error-amp-offset-mc monte carlo deck -- generated by sim/error-amp-offset-mc/run_amp_offset_mc.py, do not edit

option SCALE: Scale is set to 1e-06 for instance and model parameters
option SCALE: Scale is set to 1e-06 for instance and model parameters
option SCALE: Scale is set to 1e-06 for instance and model parameters
option SCALE: Scale is set to 1e-06 for instance and model parameters
Doing analysis at TEMP = 27.000000 and TNOM = 27.000000

Using KLU as Direct Linear Solver

No. of Data Rows : 1
vos = -1.00314e-03
vout = 1.222631e+00
dvbe8 = 6.226640e-02
veb8 = 7.310227e-01
dvbe1 = 6.305963e-02
rra = 8.824229e-02
rrb = 1.177455e-02
vgdrv = 2.058611e+00
Reset re-loads circuit * error-amp-offset-mc monte carlo deck -- generated by sim/error-amp-offset-mc/run_amp_offset_mc.py, do not edit

Circuit: * error-amp-offset-mc monte carlo deck -- generated by sim/error-amp-offset-mc/run_amp_offset_mc.py, do not edit

option SCALE: Scale is set to 1e-06 for instance and model parameters
option SCALE: Scale is set to 1e-06 for instance and model parameters
option SCALE: Scale is set to 1e-06 for instance and model parameters
option SCALE: Scale is set to 1e-06 for instance and model parameters
Doing analysis at TEMP = 27.000000 and TNOM = 27.000000

Using KLU as Direct Linear Solver

No. of Data Rows : 1
vos = 4.301503e-04
vout = 1.205552e+00
dvbe8 = 6.245925e-02
veb8 = 7.313027e-01
dvbe1 = 6.351807e-02
rra = 8.798299e-02
rrb = 1.165861e-02
vgdrv = 2.066880e+00
Reset re-loads circuit * error-amp-offset-mc monte carlo deck -- generated by sim/error-amp-offset-mc/run_amp_offset_mc.py, do not edit

Circuit: * error-amp-offset-mc monte carlo deck -- generated by sim/error-amp-offset-mc/run_amp_offset_mc.py, do not edit

option SCALE: Scale is set to 1e-06 for instance and model parameters
option SCALE: Scale is set to 1e-06 for instance and model parameters
option SCALE: Scale is set to 1e-06 for instance and model parameters
option SCALE: Scale is set to 1e-06 for instance and model parameters
Doing analysis at TEMP = 27.000000 and TNOM = 27.000000

Using KLU as Direct Linear Solver

No. of Data Rows : 1
vos = -3.35974e-04
vout = 1.208489e+00
dvbe8 = 6.227567e-02
veb8 = 7.310758e-01
dvbe1 = 6.317110e-02
rra = 8.806501e-02
rrb = 1.165472e-02
vgdrv = 2.060602e+00
Reset re-loads circuit * error-amp-offset-mc monte carlo deck -- generated by sim/error-amp-offset-mc/run_amp_offset_mc.py, do not edit

Circuit: * error-amp-offset-mc monte carlo deck -- generated by sim/error-amp-offset-mc/run_amp_offset_mc.py, do not edit

option SCALE: Scale is set to 1e-06 for instance and model parameters
option SCALE: Scale is set to 1e-06 for instance and model parameters
option SCALE: Scale is set to 1e-06 for instance and model parameters
option SCALE: Scale is set to 1e-06 for instance and model parameters
Doing analysis at TEMP = 27.000000 and TNOM = 27.000000

Using KLU as Direct Linear Solver
 Reference value :  0.00000e+00
No. of Data Rows : 1
vos = -9.58649e-04
vout = 1.219187e+00
dvbe8 = 6.214201e-02
veb8 = 7.309096e-01
dvbe1 = 6.295392e-02
rra = 8.813424e-02
rrb = 1.173561e-02
vgdrv = 2.059158e+00
Reset re-loads circuit * error-amp-offset-mc monte carlo deck -- generated by sim/error-amp-offset-mc/run_amp_offset_mc.py, do not edit

Circuit: * error-amp-offset-mc monte carlo deck -- generated by sim/error-amp-offset-mc/run_amp_offset_mc.py, do not edit

option SCALE: Scale is set to 1e-06 for instance and model parameters
option SCALE: Scale is set to 1e-06 for instance and model parameters
option SCALE: Scale is set to 1e-06 for instance and model parameters
option SCALE: Scale is set to 1e-06 for instance and model parameters
Doing analysis at TEMP = 27.000000 and TNOM = 27.000000

Using KLU as Direct Linear Solver

No. of Data Rows : 1
vos = -4.04648e-04
vout = 1.215603e+00
dvbe8 = 6.266903e-02
veb8 = 7.314576e-01
dvbe1 = 6.303610e-02
rra = 8.789848e-02
rrb = 1.175571e-02
vgdrv = 2.059871e+00
Reset re-loads circuit * error-amp-offset-mc monte carlo deck -- generated by sim/error-amp-offset-mc/run_amp_offset_mc.py, do not edit

Circuit: * error-amp-offset-mc monte carlo deck -- generated by sim/error-amp-offset-mc/run_amp_offset_mc.py, do not edit

option SCALE: Scale is set to 1e-06 for instance and model parameters
option SCALE: Scale is set to 1e-06 for instance and model parameters
option SCALE: Scale is set to 1e-06 for instance and model parameters
option SCALE: Scale is set to 1e-06 for instance and model parameters
Doing analysis at TEMP = 27.000000 and TNOM = 27.000000

Using KLU as Direct Linear Solver

No. of Data Rows : 1
vos = -4.79529e-04
vout = 1.212647e+00
dvbe8 = 6.247075e-02
veb8 = 7.312776e-01
dvbe1 = 6.235052e-02
rra = 8.789716e-02
rrb = 1.180874e-02
vgdrv = 2.058721e+00
Reset re-loads circuit * error-amp-offset-mc monte carlo deck -- generated by sim/error-amp-offset-mc/run_amp_offset_mc.py, do not edit

Circuit: * error-amp-offset-mc monte carlo deck -- generated by sim/error-amp-offset-mc/run_amp_offset_mc.py, do not edit

option SCALE: Scale is set to 1e-06 for instance and model parameters
option SCALE: Scale is set to 1e-06 for instance and model parameters
option SCALE: Scale is set to 1e-06 for instance and model parameters
option SCALE: Scale is set to 1e-06 for instance and model parameters
Doing analysis at TEMP = 27.000000 and TNOM = 27.000000

Using KLU as Direct Linear Solver

No. of Data Rows : 1
vos = 3.120559e-04
vout = 1.211268e+00
dvbe8 = 6.225091e-02
veb8 = 7.310663e-01
dvbe1 = 6.324996e-02
rra = 8.807708e-02
rrb = 1.162887e-02
vgdrv = 2.060621e+00
Reset re-loads circuit * error-amp-offset-mc monte carlo deck -- generated by sim/error-amp-offset-mc/run_amp_offset_mc.py, do not edit

Circuit: * error-amp-offset-mc monte carlo deck -- generated by sim/error-amp-offset-mc/run_amp_offset_mc.py, do not edit

option SCALE: Scale is set to 1e-06 for instance and model parameters
option SCALE: Scale is set to 1e-06 for instance and model parameters
option SCALE: Scale is set to 1e-06 for instance and model parameters
option SCALE: Scale is set to 1e-06 for instance and model parameters
Doing analysis at TEMP = 27.000000 and TNOM = 27.000000

Using KLU as Direct Linear Solver

No. of Data Rows : 1
vos = 2.012988e-04
vout = 1.207938e+00
dvbe8 = 6.241211e-02
veb8 = 7.311822e-01
dvbe1 = 6.339435e-02
rra = 8.799704e-02
rrb = 1.181445e-02
vgdrv = 2.063755e+00
Reset re-loads circuit * error-amp-offset-mc monte carlo deck -- generated by sim/error-amp-offset-mc/run_amp_offset_mc.py, do not edit

Circuit: * error-amp-offset-mc monte carlo deck -- generated by sim/error-amp-offset-mc/run_amp_offset_mc.py, do not edit

option SCALE: Scale is set to 1e-06 for instance and model parameters
option SCALE: Scale is set to 1e-06 for instance and model parameters
option SCALE: Scale is set to 1e-06 for instance and model parameters
option SCALE: Scale is set to 1e-06 for instance and model parameters
Doing analysis at TEMP = 27.000000 and TNOM = 27.000000

Using KLU as Direct Linear Solver

No. of Data Rows : 1
vos = -1.30038e-04
vout = 1.212423e+00
dvbe8 = 6.268277e-02
veb8 = 7.314866e-01
dvbe1 = 6.301853e-02
rra = 8.809427e-02
rrb = 1.176700e-02
vgdrv = 2.061994e+00
Reset re-loads circuit * error-amp-offset-mc monte carlo deck -- generated by sim/error-amp-offset-mc/run_amp_offset_mc.py, do not edit

Circuit: * error-amp-offset-mc monte carlo deck -- generated by sim/error-amp-offset-mc/run_amp_offset_mc.py, do not edit

option SCALE: Scale is set to 1e-06 for instance and model parameters
option SCALE: Scale is set to 1e-06 for instance and model parameters
option SCALE: Scale is set to 1e-06 for instance and model parameters
option SCALE: Scale is set to 1e-06 for instance and model parameters
Doing analysis at TEMP = 27.000000 and TNOM = 27.000000

Using KLU as Direct Linear Solver
 Reference value :  0.00000e+00
No. of Data Rows : 1
vos = 3.324755e-04
vout = 1.207861e+00
dvbe8 = 6.235534e-02
veb8 = 7.311667e-01
dvbe1 = 6.208813e-02
rra = 8.801680e-02
rrb = 1.174367e-02
vgdrv = 2.059847e+00
Reset re-loads circuit * error-amp-offset-mc monte carlo deck -- generated by sim/error-amp-offset-mc/run_amp_offset_mc.py, do not edit

Circuit: * error-amp-offset-mc monte carlo deck -- generated by sim/error-amp-offset-mc/run_amp_offset_mc.py, do not edit

option SCALE: Scale is set to 1e-06 for instance and model parameters
option SCALE: Scale is set to 1e-06 for instance and model parameters
option SCALE: Scale is set to 1e-06 for instance and model parameters
option SCALE: Scale is set to 1e-06 for instance and model parameters
Doing analysis at TEMP = 27.000000 and TNOM = 27.000000

Using KLU as Direct Linear Solver

No. of Data Rows : 1
vos = -7.54642e-04
vout = 1.217433e+00
dvbe8 = 6.221498e-02
veb8 = 7.309875e-01
dvbe1 = 6.424787e-02
rra = 8.811728e-02
rrb = 1.177505e-02
vgdrv = 2.059360e+00
Reset re-loads circuit * error-amp-offset-mc monte carlo deck -- generated by sim/error-amp-offset-mc/run_amp_offset_mc.py, do not edit

Circuit: * error-amp-offset-mc monte carlo deck -- generated by sim/error-amp-offset-mc/run_amp_offset_mc.py, do not edit

option SCALE: Scale is set to 1e-06 for instance and model parameters
option SCALE: Scale is set to 1e-06 for instance and model parameters
option SCALE: Scale is set to 1e-06 for instance and model parameters
option SCALE: Scale is set to 1e-06 for instance and model parameters
Doing analysis at TEMP = 27.000000 and TNOM = 27.000000

Using KLU as Direct Linear Solver

No. of Data Rows : 1
vos = -3.00343e-04
vout = 1.206309e+00
dvbe8 = 6.262730e-02
veb8 = 7.314236e-01
dvbe1 = 6.312247e-02
rra = 8.804705e-02
rrb = 1.167714e-02
vgdrv = 2.059076e+00
Reset re-loads circuit * error-amp-offset-mc monte carlo deck -- generated by sim/error-amp-offset-mc/run_amp_offset_mc.py, do not edit

Circuit: * error-amp-offset-mc monte carlo deck -- generated by sim/error-amp-offset-mc/run_amp_offset_mc.py, do not edit

option SCALE: Scale is set to 1e-06 for instance and model parameters
option SCALE: Scale is set to 1e-06 for instance and model parameters
option SCALE: Scale is set to 1e-06 for instance and model parameters
option SCALE: Scale is set to 1e-06 for instance and model parameters
Doing analysis at TEMP = 27.000000 and TNOM = 27.000000

Using KLU as Direct Linear Solver

No. of Data Rows : 1
vos = 6.751133e-04
vout = 1.203461e+00
dvbe8 = 6.242585e-02
veb8 = 7.312028e-01
dvbe1 = 6.316288e-02
rra = 8.805182e-02
rrb = 1.174454e-02
vgdrv = 2.061313e+00
Reset re-loads circuit * error-amp-offset-mc monte carlo deck -- generated by sim/error-amp-offset-mc/run_amp_offset_mc.py, do not edit

Circuit: * error-amp-offset-mc monte carlo deck -- generated by sim/error-amp-offset-mc/run_amp_offset_mc.py, do not edit

option SCALE: Scale is set to 1e-06 for instance and model parameters
option SCALE: Scale is set to 1e-06 for instance and model parameters
option SCALE: Scale is set to 1e-06 for instance and model parameters
option SCALE: Scale is set to 1e-06 for instance and model parameters
Doing analysis at TEMP = 27.000000 and TNOM = 27.000000

Using KLU as Direct Linear Solver

No. of Data Rows : 1
vos = -1.03322e-03
vout = 1.220028e+00
dvbe8 = 6.257844e-02
veb8 = 7.313783e-01
dvbe1 = 6.340383e-02
rra = 8.809802e-02
rrb = 1.177637e-02
vgdrv = 2.056030e+00
Reset re-loads circuit * error-amp-offset-mc monte carlo deck -- generated by sim/error-amp-offset-mc/run_amp_offset_mc.py, do not edit

Circuit: * error-amp-offset-mc monte carlo deck -- generated by sim/error-amp-offset-mc/run_amp_offset_mc.py, do not edit

option SCALE: Scale is set to 1e-06 for instance and model parameters
option SCALE: Scale is set to 1e-06 for instance and model parameters
option SCALE: Scale is set to 1e-06 for instance and model parameters
option SCALE: Scale is set to 1e-06 for instance and model parameters
Doing analysis at TEMP = 27.000000 and TNOM = 27.000000

Using KLU as Direct Linear Solver

No. of Data Rows : 1
vos = 2.992588e-04
vout = 1.211911e+00
dvbe8 = 6.219524e-02
veb8 = 7.309838e-01
dvbe1 = 6.414302e-02
rra = 8.813592e-02
rrb = 1.178281e-02
vgdrv = 2.056346e+00
Reset re-loads circuit * error-amp-offset-mc monte carlo deck -- generated by sim/error-amp-offset-mc/run_amp_offset_mc.py, do not edit

Circuit: * error-amp-offset-mc monte carlo deck -- generated by sim/error-amp-offset-mc/run_amp_offset_mc.py, do not edit

option SCALE: Scale is set to 1e-06 for instance and model parameters
option SCALE: Scale is set to 1e-06 for instance and model parameters
option SCALE: Scale is set to 1e-06 for instance and model parameters
option SCALE: Scale is set to 1e-06 for instance and model parameters
Doing analysis at TEMP = 27.000000 and TNOM = 27.000000

Using KLU as Direct Linear Solver
 Reference value :  0.00000e+00
No. of Data Rows : 1
vos = -4.90608e-04
vout = 1.216394e+00
dvbe8 = 6.211167e-02
veb8 = 7.309394e-01
dvbe1 = 6.271476e-02
rra = 8.792253e-02
rrb = 1.179669e-02
vgdrv = 2.058150e+00
Reset re-loads circuit * error-amp-offset-mc monte carlo deck -- generated by sim/error-amp-offset-mc/run_amp_offset_mc.py, do not edit

Circuit: * error-amp-offset-mc monte carlo deck -- generated by sim/error-amp-offset-mc/run_amp_offset_mc.py, do not edit

option SCALE: Scale is set to 1e-06 for instance and model parameters
option SCALE: Scale is set to 1e-06 for instance and model parameters
option SCALE: Scale is set to 1e-06 for instance and model parameters
option SCALE: Scale is set to 1e-06 for instance and model parameters
Doing analysis at TEMP = 27.000000 and TNOM = 27.000000

Using KLU as Direct Linear Solver

No. of Data Rows : 1
vos = -8.30317e-04
vout = 1.208206e+00
dvbe8 = 6.259829e-02
veb8 = 7.314021e-01
dvbe1 = 6.345604e-02
rra = 8.799888e-02
rrb = 1.171297e-02
vgdrv = 2.062399e+00
Reset re-loads circuit * error-amp-offset-mc monte carlo deck -- generated by sim/error-amp-offset-mc/run_amp_offset_mc.py, do not edit

Circuit: * error-amp-offset-mc monte carlo deck -- generated by sim/error-amp-offset-mc/run_amp_offset_mc.py, do not edit

option SCALE: Scale is set to 1e-06 for instance and model parameters
option SCALE: Scale is set to 1e-06 for instance and model parameters
option SCALE: Scale is set to 1e-06 for instance and model parameters
option SCALE: Scale is set to 1e-06 for instance and model parameters
Doing analysis at TEMP = 27.000000 and TNOM = 27.000000

Using KLU as Direct Linear Solver

No. of Data Rows : 1
vos = 1.623596e-03
vout = 1.194900e+00
dvbe8 = 6.218273e-02
veb8 = 7.310098e-01
dvbe1 = 6.365055e-02
rra = 8.812902e-02
rrb = 1.175153e-02
vgdrv = 2.063431e+00
Reset re-loads circuit * error-amp-offset-mc monte carlo deck -- generated by sim/error-amp-offset-mc/run_amp_offset_mc.py, do not edit

Circuit: * error-amp-offset-mc monte carlo deck -- generated by sim/error-amp-offset-mc/run_amp_offset_mc.py, do not edit

option SCALE: Scale is set to 1e-06 for instance and model parameters
option SCALE: Scale is set to 1e-06 for instance and model parameters
option SCALE: Scale is set to 1e-06 for instance and model parameters
option SCALE: Scale is set to 1e-06 for instance and model parameters
Doing analysis at TEMP = 27.000000 and TNOM = 27.000000

Using KLU as Direct Linear Solver

No. of Data Rows : 1
vos = 7.187803e-04
vout = 1.206341e+00
dvbe8 = 6.225669e-02
veb8 = 7.310607e-01
dvbe1 = 6.369216e-02
rra = 8.806249e-02
rrb = 1.176015e-02
vgdrv = 2.058433e+00
Reset re-loads circuit * error-amp-offset-mc monte carlo deck -- generated by sim/error-amp-offset-mc/run_amp_offset_mc.py, do not edit

Circuit: * error-amp-offset-mc monte carlo deck -- generated by sim/error-amp-offset-mc/run_amp_offset_mc.py, do not edit

option SCALE: Scale is set to 1e-06 for instance and model parameters
option SCALE: Scale is set to 1e-06 for instance and model parameters
option SCALE: Scale is set to 1e-06 for instance and model parameters
option SCALE: Scale is set to 1e-06 for instance and model parameters
Doing analysis at TEMP = 27.000000 and TNOM = 27.000000

Using KLU as Direct Linear Solver

No. of Data Rows : 1
vos = 6.274887e-05
vout = 1.208884e+00
dvbe8 = 6.258253e-02
veb8 = 7.313583e-01
dvbe1 = 6.426030e-02
rra = 8.820297e-02
rrb = 1.172403e-02
vgdrv = 2.061033e+00
Reset re-loads circuit * error-amp-offset-mc monte carlo deck -- generated by sim/error-amp-offset-mc/run_amp_offset_mc.py, do not edit

Circuit: * error-amp-offset-mc monte carlo deck -- generated by sim/error-amp-offset-mc/run_amp_offset_mc.py, do not edit

option SCALE: Scale is set to 1e-06 for instance and model parameters
option SCALE: Scale is set to 1e-06 for instance and model parameters
option SCALE: Scale is set to 1e-06 for instance and model parameters
option SCALE: Scale is set to 1e-06 for instance and model parameters
Doing analysis at TEMP = 27.000000 and TNOM = 27.000000

Using KLU as Direct Linear Solver

No. of Data Rows : 1
vos = -1.67671e-03
vout = 1.227339e+00
dvbe8 = 6.214754e-02
veb8 = 7.309024e-01
dvbe1 = 6.356988e-02
rra = 8.824457e-02
rrb = 1.171845e-02
vgdrv = 2.057666e+00
Reset re-loads circuit * error-amp-offset-mc monte carlo deck -- generated by sim/error-amp-offset-mc/run_amp_offset_mc.py, do not edit

Circuit: * error-amp-offset-mc monte carlo deck -- generated by sim/error-amp-offset-mc/run_amp_offset_mc.py, do not edit

option SCALE: Scale is set to 1e-06 for instance and model parameters
option SCALE: Scale is set to 1e-06 for instance and model parameters
option SCALE: Scale is set to 1e-06 for instance and model parameters
option SCALE: Scale is set to 1e-06 for instance and model parameters
Doing analysis at TEMP = 27.000000 and TNOM = 27.000000

Using KLU as Direct Linear Solver
 Reference value :  0.00000e+00
No. of Data Rows : 1
vos = -4.01206e-04
vout = 1.215738e+00
dvbe8 = 6.233735e-02
veb8 = 7.311550e-01
dvbe1 = 6.297658e-02
rra = 8.817244e-02
rrb = 1.174492e-02
vgdrv = 2.058468e+00
Reset re-loads circuit * error-amp-offset-mc monte carlo deck -- generated by sim/error-amp-offset-mc/run_amp_offset_mc.py, do not edit

Circuit: * error-amp-offset-mc monte carlo deck -- generated by sim/error-amp-offset-mc/run_amp_offset_mc.py, do not edit

option SCALE: Scale is set to 1e-06 for instance and model parameters
option SCALE: Scale is set to 1e-06 for instance and model parameters
option SCALE: Scale is set to 1e-06 for instance and model parameters
option SCALE: Scale is set to 1e-06 for instance and model parameters
Doing analysis at TEMP = 27.000000 and TNOM = 27.000000

Using KLU as Direct Linear Solver

No. of Data Rows : 1
vos = -6.07548e-04
vout = 1.214012e+00
dvbe8 = 6.254118e-02
veb8 = 7.313434e-01
dvbe1 = 6.264693e-02
rra = 8.810562e-02
rrb = 1.170571e-02
vgdrv = 2.057788e+00
Reset re-loads circuit * error-amp-offset-mc monte carlo deck -- generated by sim/error-amp-offset-mc/run_amp_offset_mc.py, do not edit

Circuit: * error-amp-offset-mc monte carlo deck -- generated by sim/error-amp-offset-mc/run_amp_offset_mc.py, do not edit

option SCALE: Scale is set to 1e-06 for instance and model parameters
option SCALE: Scale is set to 1e-06 for instance and model parameters
option SCALE: Scale is set to 1e-06 for instance and model parameters
option SCALE: Scale is set to 1e-06 for instance and model parameters
Doing analysis at TEMP = 27.000000 and TNOM = 27.000000

Using KLU as Direct Linear Solver

No. of Data Rows : 1
vos = -3.44180e-04
vout = 1.218300e+00
dvbe8 = 6.256547e-02
veb8 = 7.312865e-01
dvbe1 = 6.267835e-02
rra = 8.817856e-02
rrb = 1.170708e-02
vgdrv = 2.058852e+00
Reset re-loads circuit * error-amp-offset-mc monte carlo deck -- generated by sim/error-amp-offset-mc/run_amp_offset_mc.py, do not edit

Circuit: * error-amp-offset-mc monte carlo deck -- generated by sim/error-amp-offset-mc/run_amp_offset_mc.py, do not edit

option SCALE: Scale is set to 1e-06 for instance and model parameters
option SCALE: Scale is set to 1e-06 for instance and model parameters
option SCALE: Scale is set to 1e-06 for instance and model parameters
option SCALE: Scale is set to 1e-06 for instance and model parameters
Doing analysis at TEMP = 27.000000 and TNOM = 27.000000

Using KLU as Direct Linear Solver

No. of Data Rows : 1
vos = -3.57772e-04
vout = 1.214719e+00
dvbe8 = 6.281342e-02
veb8 = 7.316062e-01
dvbe1 = 6.375030e-02
rra = 8.806302e-02
rrb = 1.172164e-02
vgdrv = 2.061598e+00
Reset re-loads circuit * error-amp-offset-mc monte carlo deck -- generated by sim/error-amp-offset-mc/run_amp_offset_mc.py, do not edit

Circuit: * error-amp-offset-mc monte carlo deck -- generated by sim/error-amp-offset-mc/run_amp_offset_mc.py, do not edit

option SCALE: Scale is set to 1e-06 for instance and model parameters
option SCALE: Scale is set to 1e-06 for instance and model parameters
option SCALE: Scale is set to 1e-06 for instance and model parameters
option SCALE: Scale is set to 1e-06 for instance and model parameters
Doing analysis at TEMP = 27.000000 and TNOM = 27.000000

Using KLU as Direct Linear Solver

No. of Data Rows : 1
vos = -7.24146e-04
vout = 1.219810e+00
dvbe8 = 6.220163e-02
veb8 = 7.310003e-01
dvbe1 = 6.312930e-02
rra = 8.823190e-02
rrb = 1.174674e-02
vgdrv = 2.058861e+00
Reset re-loads circuit * error-amp-offset-mc monte carlo deck -- generated by sim/error-amp-offset-mc/run_amp_offset_mc.py, do not edit

Circuit: * error-amp-offset-mc monte carlo deck -- generated by sim/error-amp-offset-mc/run_amp_offset_mc.py, do not edit

option SCALE: Scale is set to 1e-06 for instance and model parameters
option SCALE: Scale is set to 1e-06 for instance and model parameters
option SCALE: Scale is set to 1e-06 for instance and model parameters
option SCALE: Scale is set to 1e-06 for instance and model parameters
Doing analysis at TEMP = 27.000000 and TNOM = 27.000000

Using KLU as Direct Linear Solver
 Reference value :  0.00000e+00
No. of Data Rows : 1
vos = 1.671202e-04
vout = 1.212130e+00
dvbe8 = 6.256292e-02
veb8 = 7.313634e-01
dvbe1 = 6.271041e-02
rra = 8.823357e-02
rrb = 1.173216e-02
vgdrv = 2.063732e+00
Reset re-loads circuit * error-amp-offset-mc monte carlo deck -- generated by sim/error-amp-offset-mc/run_amp_offset_mc.py, do not edit

Circuit: * error-amp-offset-mc monte carlo deck -- generated by sim/error-amp-offset-mc/run_amp_offset_mc.py, do not edit

option SCALE: Scale is set to 1e-06 for instance and model parameters
option SCALE: Scale is set to 1e-06 for instance and model parameters
option SCALE: Scale is set to 1e-06 for instance and model parameters
option SCALE: Scale is set to 1e-06 for instance and model parameters
Doing analysis at TEMP = 27.000000 and TNOM = 27.000000

Using KLU as Direct Linear Solver

No. of Data Rows : 1
vos = 1.289025e-03
vout = 1.196971e+00
dvbe8 = 6.246959e-02
veb8 = 7.312823e-01
dvbe1 = 6.232290e-02
rra = 8.818773e-02
rrb = 1.171143e-02
vgdrv = 2.061714e+00
Reset re-loads circuit * error-amp-offset-mc monte carlo deck -- generated by sim/error-amp-offset-mc/run_amp_offset_mc.py, do not edit

Circuit: * error-amp-offset-mc monte carlo deck -- generated by sim/error-amp-offset-mc/run_amp_offset_mc.py, do not edit

option SCALE: Scale is set to 1e-06 for instance and model parameters
option SCALE: Scale is set to 1e-06 for instance and model parameters
option SCALE: Scale is set to 1e-06 for instance and model parameters
option SCALE: Scale is set to 1e-06 for instance and model parameters
Doing analysis at TEMP = 27.000000 and TNOM = 27.000000

Using KLU as Direct Linear Solver

No. of Data Rows : 1
vos = -1.31271e-04
vout = 1.211007e+00
dvbe8 = 6.228639e-02
veb8 = 7.310969e-01
dvbe1 = 6.286637e-02
rra = 8.802706e-02
rrb = 1.180610e-02
vgdrv = 2.061910e+00
Reset re-loads circuit * error-amp-offset-mc monte carlo deck -- generated by sim/error-amp-offset-mc/run_amp_offset_mc.py, do not edit

Circuit: * error-amp-offset-mc monte carlo deck -- generated by sim/error-amp-offset-mc/run_amp_offset_mc.py, do not edit

option SCALE: Scale is set to 1e-06 for instance and model parameters
option SCALE: Scale is set to 1e-06 for instance and model parameters
option SCALE: Scale is set to 1e-06 for instance and model parameters
option SCALE: Scale is set to 1e-06 for instance and model parameters
Doing analysis at TEMP = 27.000000 and TNOM = 27.000000

Using KLU as Direct Linear Solver

No. of Data Rows : 1
vos = -1.49867e-04
vout = 1.209040e+00
dvbe8 = 6.221625e-02
veb8 = 7.309918e-01
dvbe1 = 6.422370e-02
rra = 8.799953e-02
rrb = 1.175313e-02
vgdrv = 2.060379e+00
Reset re-loads circuit * error-amp-offset-mc monte carlo deck -- generated by sim/error-amp-offset-mc/run_amp_offset_mc.py, do not edit

Circuit: * error-amp-offset-mc monte carlo deck -- generated by sim/error-amp-offset-mc/run_amp_offset_mc.py, do not edit

option SCALE: Scale is set to 1e-06 for instance and model parameters
option SCALE: Scale is set to 1e-06 for instance and model parameters
option SCALE: Scale is set to 1e-06 for instance and model parameters
option SCALE: Scale is set to 1e-06 for instance and model parameters
Doing analysis at TEMP = 27.000000 and TNOM = 27.000000

Using KLU as Direct Linear Solver

No. of Data Rows : 1
vos = 8.551019e-04
vout = 1.198913e+00
dvbe8 = 6.252753e-02
veb8 = 7.313197e-01
dvbe1 = 6.256603e-02
rra = 8.796625e-02
rrb = 1.179167e-02
vgdrv = 2.065481e+00
Reset re-loads circuit * error-amp-offset-mc monte carlo deck -- generated by sim/error-amp-offset-mc/run_amp_offset_mc.py, do not edit

Circuit: * error-amp-offset-mc monte carlo deck -- generated by sim/error-amp-offset-mc/run_amp_offset_mc.py, do not edit

option SCALE: Scale is set to 1e-06 for instance and model parameters
option SCALE: Scale is set to 1e-06 for instance and model parameters
option SCALE: Scale is set to 1e-06 for instance and model parameters
option SCALE: Scale is set to 1e-06 for instance and model parameters
Doing analysis at TEMP = 27.000000 and TNOM = 27.000000

Using KLU as Direct Linear Solver

No. of Data Rows : 1
vos = -1.27462e-04
vout = 1.209384e+00
dvbe8 = 6.249457e-02
veb8 = 7.312573e-01
dvbe1 = 6.236300e-02
rra = 8.802162e-02
rrb = 1.171167e-02
vgdrv = 2.062138e+00
Reset re-loads circuit * error-amp-offset-mc monte carlo deck -- generated by sim/error-amp-offset-mc/run_amp_offset_mc.py, do not edit

Circuit: * error-amp-offset-mc monte carlo deck -- generated by sim/error-amp-offset-mc/run_amp_offset_mc.py, do not edit

option SCALE: Scale is set to 1e-06 for instance and model parameters
option SCALE: Scale is set to 1e-06 for instance and model parameters
option SCALE: Scale is set to 1e-06 for instance and model parameters
option SCALE: Scale is set to 1e-06 for instance and model parameters
Doing analysis at TEMP = 27.000000 and TNOM = 27.000000

Using KLU as Direct Linear Solver
 Reference value :  0.00000e+00
No. of Data Rows : 1
vos = 7.183599e-04
vout = 1.199712e+00
dvbe8 = 6.254473e-02
veb8 = 7.313513e-01
dvbe1 = 6.299945e-02
rra = 8.794379e-02
rrb = 1.167620e-02
vgdrv = 2.061437e+00
Reset re-loads circuit * error-amp-offset-mc monte carlo deck -- generated by sim/error-amp-offset-mc/run_amp_offset_mc.py, do not edit

Circuit: * error-amp-offset-mc monte carlo deck -- generated by sim/error-amp-offset-mc/run_amp_offset_mc.py, do not edit

option SCALE: Scale is set to 1e-06 for instance and model parameters
option SCALE: Scale is set to 1e-06 for instance and model parameters
option SCALE: Scale is set to 1e-06 for instance and model parameters
option SCALE: Scale is set to 1e-06 for instance and model parameters
Doing analysis at TEMP = 27.000000 and TNOM = 27.000000

Using KLU as Direct Linear Solver

No. of Data Rows : 1
vos = 1.540325e-04
vout = 1.208832e+00
dvbe8 = 6.242810e-02
veb8 = 7.311619e-01
dvbe1 = 6.372142e-02
rra = 8.815553e-02
rrb = 1.174637e-02
vgdrv = 2.061108e+00
Reset re-loads circuit * error-amp-offset-mc monte carlo deck -- generated by sim/error-amp-offset-mc/run_amp_offset_mc.py, do not edit

Circuit: * error-amp-offset-mc monte carlo deck -- generated by sim/error-amp-offset-mc/run_amp_offset_mc.py, do not edit

option SCALE: Scale is set to 1e-06 for instance and model parameters
option SCALE: Scale is set to 1e-06 for instance and model parameters
option SCALE: Scale is set to 1e-06 for instance and model parameters
option SCALE: Scale is set to 1e-06 for instance and model parameters
Doing analysis at TEMP = 27.000000 and TNOM = 27.000000

Using KLU as Direct Linear Solver

No. of Data Rows : 1
vos = 7.058500e-04
vout = 1.201812e+00
dvbe8 = 6.234304e-02
veb8 = 7.311487e-01
dvbe1 = 6.349177e-02
rra = 8.827589e-02
rrb = 1.173794e-02
vgdrv = 2.059774e+00
Reset re-loads circuit * error-amp-offset-mc monte carlo deck -- generated by sim/error-amp-offset-mc/run_amp_offset_mc.py, do not edit

Circuit: * error-amp-offset-mc monte carlo deck -- generated by sim/error-amp-offset-mc/run_amp_offset_mc.py, do not edit

option SCALE: Scale is set to 1e-06 for instance and model parameters
option SCALE: Scale is set to 1e-06 for instance and model parameters
option SCALE: Scale is set to 1e-06 for instance and model parameters
option SCALE: Scale is set to 1e-06 for instance and model parameters
Doing analysis at TEMP = 27.000000 and TNOM = 27.000000

Using KLU as Direct Linear Solver

No. of Data Rows : 1
vos = -6.79923e-04
vout = 1.213453e+00
dvbe8 = 6.241551e-02
veb8 = 7.312167e-01
dvbe1 = 6.386175e-02
rra = 8.821380e-02
rrb = 1.170034e-02
vgdrv = 2.061455e+00
Reset re-loads circuit * error-amp-offset-mc monte carlo deck -- generated by sim/error-amp-offset-mc/run_amp_offset_mc.py, do not edit

Circuit: * error-amp-offset-mc monte carlo deck -- generated by sim/error-amp-offset-mc/run_amp_offset_mc.py, do not edit

option SCALE: Scale is set to 1e-06 for instance and model parameters
option SCALE: Scale is set to 1e-06 for instance and model parameters
option SCALE: Scale is set to 1e-06 for instance and model parameters
option SCALE: Scale is set to 1e-06 for instance and model parameters
Doing analysis at TEMP = 27.000000 and TNOM = 27.000000

Using KLU as Direct Linear Solver

No. of Data Rows : 1
vos = -1.16700e-03
vout = 1.216981e+00
dvbe8 = 6.234952e-02
veb8 = 7.311502e-01
dvbe1 = 6.222487e-02
rra = 8.809149e-02
rrb = 1.169570e-02
vgdrv = 2.060102e+00
Reset re-loads circuit * error-amp-offset-mc monte carlo deck -- generated by sim/error-amp-offset-mc/run_amp_offset_mc.py, do not edit

Circuit: * error-amp-offset-mc monte carlo deck -- generated by sim/error-amp-offset-mc/run_amp_offset_mc.py, do not edit

option SCALE: Scale is set to 1e-06 for instance and model parameters
option SCALE: Scale is set to 1e-06 for instance and model parameters
option SCALE: Scale is set to 1e-06 for instance and model parameters
option SCALE: Scale is set to 1e-06 for instance and model parameters
Doing analysis at TEMP = 27.000000 and TNOM = 27.000000

Using KLU as Direct Linear Solver
 Reference value :  0.00000e+00
No. of Data Rows : 1
vos = -8.48585e-04
vout = 1.221252e+00
dvbe8 = 6.247037e-02
veb8 = 7.312591e-01
dvbe1 = 6.338295e-02
rra = 8.811228e-02
rrb = 1.166993e-02
vgdrv = 2.059247e+00
Reset re-loads circuit * error-amp-offset-mc monte carlo deck -- generated by sim/error-amp-offset-mc/run_amp_offset_mc.py, do not edit

Circuit: * error-amp-offset-mc monte carlo deck -- generated by sim/error-amp-offset-mc/run_amp_offset_mc.py, do not edit

option SCALE: Scale is set to 1e-06 for instance and model parameters
option SCALE: Scale is set to 1e-06 for instance and model parameters
option SCALE: Scale is set to 1e-06 for instance and model parameters
option SCALE: Scale is set to 1e-06 for instance and model parameters
Doing analysis at TEMP = 27.000000 and TNOM = 27.000000

Using KLU as Direct Linear Solver

No. of Data Rows : 1
vos = -6.36132e-05
vout = 1.205545e+00
dvbe8 = 6.229164e-02
veb8 = 7.311458e-01
dvbe1 = 6.326399e-02
rra = 8.821201e-02
rrb = 1.172598e-02
vgdrv = 2.061445e+00
Reset re-loads circuit * error-amp-offset-mc monte carlo deck -- generated by sim/error-amp-offset-mc/run_amp_offset_mc.py, do not edit

Circuit: * error-amp-offset-mc monte carlo deck -- generated by sim/error-amp-offset-mc/run_amp_offset_mc.py, do not edit

option SCALE: Scale is set to 1e-06 for instance and model parameters
option SCALE: Scale is set to 1e-06 for instance and model parameters
option SCALE: Scale is set to 1e-06 for instance and model parameters
option SCALE: Scale is set to 1e-06 for instance and model parameters
Doing analysis at TEMP = 27.000000 and TNOM = 27.000000

Using KLU as Direct Linear Solver

No. of Data Rows : 1
vos = 9.313980e-05
vout = 1.208766e+00
dvbe8 = 6.252296e-02
veb8 = 7.313353e-01
dvbe1 = 6.300829e-02
rra = 8.809526e-02
rrb = 1.176742e-02
vgdrv = 2.056332e+00
Reset re-loads circuit * error-amp-offset-mc monte carlo deck -- generated by sim/error-amp-offset-mc/run_amp_offset_mc.py, do not edit

Circuit: * error-amp-offset-mc monte carlo deck -- generated by sim/error-amp-offset-mc/run_amp_offset_mc.py, do not edit

option SCALE: Scale is set to 1e-06 for instance and model parameters
option SCALE: Scale is set to 1e-06 for instance and model parameters
option SCALE: Scale is set to 1e-06 for instance and model parameters
option SCALE: Scale is set to 1e-06 for instance and model parameters
Doing analysis at TEMP = 27.000000 and TNOM = 27.000000

Using KLU as Direct Linear Solver

No. of Data Rows : 1
vos = 4.889279e-04
vout = 1.204253e+00
dvbe8 = 6.209589e-02
veb8 = 7.308917e-01
dvbe1 = 6.258023e-02
rra = 8.826542e-02
rrb = 1.172662e-02
vgdrv = 2.063695e+00
Reset re-loads circuit * error-amp-offset-mc monte carlo deck -- generated by sim/error-amp-offset-mc/run_amp_offset_mc.py, do not edit

Circuit: * error-amp-offset-mc monte carlo deck -- generated by sim/error-amp-offset-mc/run_amp_offset_mc.py, do not edit

option SCALE: Scale is set to 1e-06 for instance and model parameters
option SCALE: Scale is set to 1e-06 for instance and model parameters
option SCALE: Scale is set to 1e-06 for instance and model parameters
option SCALE: Scale is set to 1e-06 for instance and model parameters
Doing analysis at TEMP = 27.000000 and TNOM = 27.000000

Using KLU as Direct Linear Solver

No. of Data Rows : 1
vos = 8.873074e-04
vout = 1.198893e+00
dvbe8 = 6.218584e-02
veb8 = 7.309878e-01
dvbe1 = 6.299112e-02
rra = 8.812646e-02
rrb = 1.175771e-02
vgdrv = 2.064663e+00
Reset re-loads circuit * error-amp-offset-mc monte carlo deck -- generated by sim/error-amp-offset-mc/run_amp_offset_mc.py, do not edit

Circuit: * error-amp-offset-mc monte carlo deck -- generated by sim/error-amp-offset-mc/run_amp_offset_mc.py, do not edit

option SCALE: Scale is set to 1e-06 for instance and model parameters
option SCALE: Scale is set to 1e-06 for instance and model parameters
option SCALE: Scale is set to 1e-06 for instance and model parameters
option SCALE: Scale is set to 1e-06 for instance and model parameters
Doing analysis at TEMP = 27.000000 and TNOM = 27.000000

Using KLU as Direct Linear Solver
 Reference value :  0.00000e+00
No. of Data Rows : 1
vos = 9.307679e-05
vout = 1.210041e+00
dvbe8 = 6.253049e-02
veb8 = 7.313787e-01
dvbe1 = 6.270560e-02
rra = 8.800245e-02
rrb = 1.175999e-02
vgdrv = 2.059224e+00
Reset re-loads circuit * error-amp-offset-mc monte carlo deck -- generated by sim/error-amp-offset-mc/run_amp_offset_mc.py, do not edit

Circuit: * error-amp-offset-mc monte carlo deck -- generated by sim/error-amp-offset-mc/run_amp_offset_mc.py, do not edit

option SCALE: Scale is set to 1e-06 for instance and model parameters
option SCALE: Scale is set to 1e-06 for instance and model parameters
option SCALE: Scale is set to 1e-06 for instance and model parameters
option SCALE: Scale is set to 1e-06 for instance and model parameters
Doing analysis at TEMP = 27.000000 and TNOM = 27.000000

Using KLU as Direct Linear Solver

No. of Data Rows : 1
vos = -7.86158e-04
vout = 1.218561e+00
dvbe8 = 6.233672e-02
veb8 = 7.310869e-01
dvbe1 = 6.300564e-02
rra = 8.806558e-02
rrb = 1.175093e-02
vgdrv = 2.057547e+00
Reset re-loads circuit * error-amp-offset-mc monte carlo deck -- generated by sim/error-amp-offset-mc/run_amp_offset_mc.py, do not edit

Circuit: * error-amp-offset-mc monte carlo deck -- generated by sim/error-amp-offset-mc/run_amp_offset_mc.py, do not edit

option SCALE: Scale is set to 1e-06 for instance and model parameters
option SCALE: Scale is set to 1e-06 for instance and model parameters
option SCALE: Scale is set to 1e-06 for instance and model parameters
option SCALE: Scale is set to 1e-06 for instance and model parameters
Doing analysis at TEMP = 27.000000 and TNOM = 27.000000

Using KLU as Direct Linear Solver

No. of Data Rows : 1
vos = -9.73045e-04
vout = 1.222007e+00
dvbe8 = 6.231629e-02
veb8 = 7.310867e-01
dvbe1 = 6.309183e-02
rra = 8.836530e-02
rrb = 1.179019e-02
vgdrv = 2.055829e+00
Reset re-loads circuit * error-amp-offset-mc monte carlo deck -- generated by sim/error-amp-offset-mc/run_amp_offset_mc.py, do not edit

Circuit: * error-amp-offset-mc monte carlo deck -- generated by sim/error-amp-offset-mc/run_amp_offset_mc.py, do not edit

option SCALE: Scale is set to 1e-06 for instance and model parameters
option SCALE: Scale is set to 1e-06 for instance and model parameters
option SCALE: Scale is set to 1e-06 for instance and model parameters
option SCALE: Scale is set to 1e-06 for instance and model parameters
Doing analysis at TEMP = 27.000000 and TNOM = 27.000000

Using KLU as Direct Linear Solver

No. of Data Rows : 1
vos = -1.12572e-03
vout = 1.224900e+00
dvbe8 = 6.235262e-02
veb8 = 7.311360e-01
dvbe1 = 6.227924e-02
rra = 8.808129e-02
rrb = 1.176466e-02
vgdrv = 2.053068e+00
Reset re-loads circuit * error-amp-offset-mc monte carlo deck -- generated by sim/error-amp-offset-mc/run_amp_offset_mc.py, do not edit

Circuit: * error-amp-offset-mc monte carlo deck -- generated by sim/error-amp-offset-mc/run_amp_offset_mc.py, do not edit

option SCALE: Scale is set to 1e-06 for instance and model parameters
option SCALE: Scale is set to 1e-06 for instance and model parameters
option SCALE: Scale is set to 1e-06 for instance and model parameters
option SCALE: Scale is set to 1e-06 for instance and model parameters
Doing analysis at TEMP = 27.000000 and TNOM = 27.000000

Using KLU as Direct Linear Solver

No. of Data Rows : 1
vos = -4.25078e-04
vout = 1.209501e+00
dvbe8 = 6.215289e-02
veb8 = 7.309760e-01
dvbe1 = 6.301562e-02
rra = 8.804014e-02
rrb = 1.179521e-02
vgdrv = 2.059886e+00
Reset re-loads circuit * error-amp-offset-mc monte carlo deck -- generated by sim/error-amp-offset-mc/run_amp_offset_mc.py, do not edit

Circuit: * error-amp-offset-mc monte carlo deck -- generated by sim/error-amp-offset-mc/run_amp_offset_mc.py, do not edit

option SCALE: Scale is set to 1e-06 for instance and model parameters
option SCALE: Scale is set to 1e-06 for instance and model parameters
option SCALE: Scale is set to 1e-06 for instance and model parameters
option SCALE: Scale is set to 1e-06 for instance and model parameters
Doing analysis at TEMP = 27.000000 and TNOM = 27.000000

Using KLU as Direct Linear Solver
 Reference value :  0.00000e+00
No. of Data Rows : 1
vos = -5.80920e-04
vout = 1.212092e+00
dvbe8 = 6.232208e-02
veb8 = 7.311076e-01
dvbe1 = 6.293618e-02
rra = 8.782388e-02
rrb = 1.179464e-02
vgdrv = 2.061502e+00
Reset re-loads circuit * error-amp-offset-mc monte carlo deck -- generated by sim/error-amp-offset-mc/run_amp_offset_mc.py, do not edit

Circuit: * error-amp-offset-mc monte carlo deck -- generated by sim/error-amp-offset-mc/run_amp_offset_mc.py, do not edit

option SCALE: Scale is set to 1e-06 for instance and model parameters
option SCALE: Scale is set to 1e-06 for instance and model parameters
option SCALE: Scale is set to 1e-06 for instance and model parameters
option SCALE: Scale is set to 1e-06 for instance and model parameters
Doing analysis at TEMP = 27.000000 and TNOM = 27.000000

Using KLU as Direct Linear Solver

No. of Data Rows : 1
vos = 3.714436e-04
vout = 1.211470e+00
dvbe8 = 6.216158e-02
veb8 = 7.309586e-01
dvbe1 = 6.289177e-02
rra = 8.805582e-02
rrb = 1.177285e-02
vgdrv = 2.063964e+00
Reset re-loads circuit * error-amp-offset-mc monte carlo deck -- generated by sim/error-amp-offset-mc/run_amp_offset_mc.py, do not edit

Circuit: * error-amp-offset-mc monte carlo deck -- generated by sim/error-amp-offset-mc/run_amp_offset_mc.py, do not edit

option SCALE: Scale is set to 1e-06 for instance and model parameters
option SCALE: Scale is set to 1e-06 for instance and model parameters
option SCALE: Scale is set to 1e-06 for instance and model parameters
option SCALE: Scale is set to 1e-06 for instance and model parameters
Doing analysis at TEMP = 27.000000 and TNOM = 27.000000

Using KLU as Direct Linear Solver

No. of Data Rows : 1
vos = 3.397653e-04
vout = 1.206683e+00
dvbe8 = 6.233490e-02
veb8 = 7.310996e-01
dvbe1 = 6.241157e-02
rra = 8.797761e-02
rrb = 1.178537e-02
vgdrv = 2.062962e+00
Reset re-loads circuit * error-amp-offset-mc monte carlo deck -- generated by sim/error-amp-offset-mc/run_amp_offset_mc.py, do not edit

Circuit: * error-amp-offset-mc monte carlo deck -- generated by sim/error-amp-offset-mc/run_amp_offset_mc.py, do not edit

option SCALE: Scale is set to 1e-06 for instance and model parameters
option SCALE: Scale is set to 1e-06 for instance and model parameters
option SCALE: Scale is set to 1e-06 for instance and model parameters
option SCALE: Scale is set to 1e-06 for instance and model parameters
Doing analysis at TEMP = 27.000000 and TNOM = 27.000000

Using KLU as Direct Linear Solver

No. of Data Rows : 1
vos = 6.530293e-04
vout = 1.202175e+00
dvbe8 = 6.235536e-02
veb8 = 7.311213e-01
dvbe1 = 6.292548e-02
rra = 8.828503e-02
rrb = 1.179563e-02
vgdrv = 2.064945e+00
Reset re-loads circuit * error-amp-offset-mc monte carlo deck -- generated by sim/error-amp-offset-mc/run_amp_offset_mc.py, do not edit

Circuit: * error-amp-offset-mc monte carlo deck -- generated by sim/error-amp-offset-mc/run_amp_offset_mc.py, do not edit

option SCALE: Scale is set to 1e-06 for instance and model parameters
option SCALE: Scale is set to 1e-06 for instance and model parameters
option SCALE: Scale is set to 1e-06 for instance and model parameters
option SCALE: Scale is set to 1e-06 for instance and model parameters
Doing analysis at TEMP = 27.000000 and TNOM = 27.000000

Using KLU as Direct Linear Solver

No. of Data Rows : 1
vos = 1.381435e-03
vout = 1.201176e+00
dvbe8 = 6.232468e-02
veb8 = 7.310630e-01
dvbe1 = 6.237189e-02
rra = 8.820648e-02
rrb = 1.181228e-02
vgdrv = 2.063165e+00
Reset re-loads circuit * error-amp-offset-mc monte carlo deck -- generated by sim/error-amp-offset-mc/run_amp_offset_mc.py, do not edit

Circuit: * error-amp-offset-mc monte carlo deck -- generated by sim/error-amp-offset-mc/run_amp_offset_mc.py, do not edit

option SCALE: Scale is set to 1e-06 for instance and model parameters
option SCALE: Scale is set to 1e-06 for instance and model parameters
option SCALE: Scale is set to 1e-06 for instance and model parameters
option SCALE: Scale is set to 1e-06 for instance and model parameters
Doing analysis at TEMP = 27.000000 and TNOM = 27.000000

Using KLU as Direct Linear Solver
 Reference value :  0.00000e+00
No. of Data Rows : 1
vos = 3.840765e-04
vout = 1.207174e+00
dvbe8 = 6.241133e-02
veb8 = 7.311791e-01
dvbe1 = 6.265786e-02
rra = 8.814273e-02
rrb = 1.174491e-02
vgdrv = 2.066601e+00
Reset re-loads circuit * error-amp-offset-mc monte carlo deck -- generated by sim/error-amp-offset-mc/run_amp_offset_mc.py, do not edit

Circuit: * error-amp-offset-mc monte carlo deck -- generated by sim/error-amp-offset-mc/run_amp_offset_mc.py, do not edit

option SCALE: Scale is set to 1e-06 for instance and model parameters
option SCALE: Scale is set to 1e-06 for instance and model parameters
option SCALE: Scale is set to 1e-06 for instance and model parameters
option SCALE: Scale is set to 1e-06 for instance and model parameters
Doing analysis at TEMP = 27.000000 and TNOM = 27.000000

Using KLU as Direct Linear Solver

No. of Data Rows : 1
vos = -2.78848e-04
vout = 1.212815e+00
dvbe8 = 6.242560e-02
veb8 = 7.313053e-01
dvbe1 = 6.240488e-02
rra = 8.817213e-02
rrb = 1.168776e-02
vgdrv = 2.059311e+00
Reset re-loads circuit * error-amp-offset-mc monte carlo deck -- generated by sim/error-amp-offset-mc/run_amp_offset_mc.py, do not edit

Circuit: * error-amp-offset-mc monte carlo deck -- generated by sim/error-amp-offset-mc/run_amp_offset_mc.py, do not edit

option SCALE: Scale is set to 1e-06 for instance and model parameters
option SCALE: Scale is set to 1e-06 for instance and model parameters
option SCALE: Scale is set to 1e-06 for instance and model parameters
option SCALE: Scale is set to 1e-06 for instance and model parameters
Doing analysis at TEMP = 27.000000 and TNOM = 27.000000

Using KLU as Direct Linear Solver

No. of Data Rows : 1
vos = 6.107057e-05
vout = 1.210468e+00
dvbe8 = 6.188792e-02
veb8 = 7.306603e-01
dvbe1 = 6.357377e-02
rra = 8.792131e-02
rrb = 1.178454e-02
vgdrv = 2.058983e+00
Reset re-loads circuit * error-amp-offset-mc monte carlo deck -- generated by sim/error-amp-offset-mc/run_amp_offset_mc.py, do not edit

Circuit: * error-amp-offset-mc monte carlo deck -- generated by sim/error-amp-offset-mc/run_amp_offset_mc.py, do not edit

option SCALE: Scale is set to 1e-06 for instance and model parameters
option SCALE: Scale is set to 1e-06 for instance and model parameters
option SCALE: Scale is set to 1e-06 for instance and model parameters
option SCALE: Scale is set to 1e-06 for instance and model parameters
Doing analysis at TEMP = 27.000000 and TNOM = 27.000000

Using KLU as Direct Linear Solver

No. of Data Rows : 1
vos = -1.10552e-03
vout = 1.217268e+00
dvbe8 = 6.243637e-02
veb8 = 7.312259e-01
dvbe1 = 6.248101e-02
rra = 8.817593e-02
rrb = 1.167892e-02
vgdrv = 2.059579e+00
Reset re-loads circuit * error-amp-offset-mc monte carlo deck -- generated by sim/error-amp-offset-mc/run_amp_offset_mc.py, do not edit

Circuit: * error-amp-offset-mc monte carlo deck -- generated by sim/error-amp-offset-mc/run_amp_offset_mc.py, do not edit

option SCALE: Scale is set to 1e-06 for instance and model parameters
option SCALE: Scale is set to 1e-06 for instance and model parameters
option SCALE: Scale is set to 1e-06 for instance and model parameters
option SCALE: Scale is set to 1e-06 for instance and model parameters
Doing analysis at TEMP = 27.000000 and TNOM = 27.000000

Using KLU as Direct Linear Solver

No. of Data Rows : 1
vos = -1.75469e-04
vout = 1.209656e+00
dvbe8 = 6.234762e-02
veb8 = 7.311437e-01
dvbe1 = 6.340011e-02
rra = 8.795941e-02
rrb = 1.181367e-02
vgdrv = 2.058965e+00
Reset re-loads circuit * error-amp-offset-mc monte carlo deck -- generated by sim/error-amp-offset-mc/run_amp_offset_mc.py, do not edit

Circuit: * error-amp-offset-mc monte carlo deck -- generated by sim/error-amp-offset-mc/run_amp_offset_mc.py, do not edit

option SCALE: Scale is set to 1e-06 for instance and model parameters
option SCALE: Scale is set to 1e-06 for instance and model parameters
option SCALE: Scale is set to 1e-06 for instance and model parameters
option SCALE: Scale is set to 1e-06 for instance and model parameters
Doing analysis at TEMP = 27.000000 and TNOM = 27.000000

Using KLU as Direct Linear Solver
 Reference value :  0.00000e+00
No. of Data Rows : 1
vos = 1.900704e-04
vout = 1.206742e+00
dvbe8 = 6.225858e-02
veb8 = 7.310543e-01
dvbe1 = 6.247817e-02
rra = 8.782476e-02
rrb = 1.176455e-02
vgdrv = 2.061376e+00
Reset re-loads circuit * error-amp-offset-mc monte carlo deck -- generated by sim/error-amp-offset-mc/run_amp_offset_mc.py, do not edit

Circuit: * error-amp-offset-mc monte carlo deck -- generated by sim/error-amp-offset-mc/run_amp_offset_mc.py, do not edit

option SCALE: Scale is set to 1e-06 for instance and model parameters
option SCALE: Scale is set to 1e-06 for instance and model parameters
option SCALE: Scale is set to 1e-06 for instance and model parameters
option SCALE: Scale is set to 1e-06 for instance and model parameters
Doing analysis at TEMP = 27.000000 and TNOM = 27.000000

Using KLU as Direct Linear Solver

No. of Data Rows : 1
vos = -3.89550e-04
vout = 1.215584e+00
dvbe8 = 6.232609e-02
veb8 = 7.311103e-01
dvbe1 = 6.306113e-02
rra = 8.797068e-02
rrb = 1.178026e-02
vgdrv = 2.062003e+00
Reset re-loads circuit * error-amp-offset-mc monte carlo deck -- generated by sim/error-amp-offset-mc/run_amp_offset_mc.py, do not edit

Circuit: * error-amp-offset-mc monte carlo deck -- generated by sim/error-amp-offset-mc/run_amp_offset_mc.py, do not edit

option SCALE: Scale is set to 1e-06 for instance and model parameters
option SCALE: Scale is set to 1e-06 for instance and model parameters
option SCALE: Scale is set to 1e-06 for instance and model parameters
option SCALE: Scale is set to 1e-06 for instance and model parameters
Doing analysis at TEMP = 27.000000 and TNOM = 27.000000

Using KLU as Direct Linear Solver

No. of Data Rows : 1
vos = 2.299636e-04
vout = 1.211664e+00
dvbe8 = 6.250337e-02
veb8 = 7.312849e-01
dvbe1 = 6.307764e-02
rra = 8.807283e-02
rrb = 1.177094e-02
vgdrv = 2.056355e+00
Reset re-loads circuit * error-amp-offset-mc monte carlo deck -- generated by sim/error-amp-offset-mc/run_amp_offset_mc.py, do not edit

Circuit: * error-amp-offset-mc monte carlo deck -- generated by sim/error-amp-offset-mc/run_amp_offset_mc.py, do not edit

option SCALE: Scale is set to 1e-06 for instance and model parameters
option SCALE: Scale is set to 1e-06 for instance and model parameters
option SCALE: Scale is set to 1e-06 for instance and model parameters
option SCALE: Scale is set to 1e-06 for instance and model parameters
Doing analysis at TEMP = 27.000000 and TNOM = 27.000000

Using KLU as Direct Linear Solver

No. of Data Rows : 1
vos = 6.481931e-04
vout = 1.205590e+00
dvbe8 = 6.232398e-02
veb8 = 7.311073e-01
dvbe1 = 6.294140e-02
rra = 8.807059e-02
rrb = 1.181859e-02
vgdrv = 2.059842e+00
Reset re-loads circuit * error-amp-offset-mc monte carlo deck -- generated by sim/error-amp-offset-mc/run_amp_offset_mc.py, do not edit

Circuit: * error-amp-offset-mc monte carlo deck -- generated by sim/error-amp-offset-mc/run_amp_offset_mc.py, do not edit

option SCALE: Scale is set to 1e-06 for instance and model parameters
option SCALE: Scale is set to 1e-06 for instance and model parameters
option SCALE: Scale is set to 1e-06 for instance and model parameters
option SCALE: Scale is set to 1e-06 for instance and model parameters
Doing analysis at TEMP = 27.000000 and TNOM = 27.000000

Using KLU as Direct Linear Solver

No. of Data Rows : 1
vos = 5.287707e-04
vout = 1.199600e+00
dvbe8 = 6.243760e-02
veb8 = 7.312504e-01
dvbe1 = 6.298057e-02
rra = 8.812206e-02
rrb = 1.182714e-02
vgdrv = 2.065466e+00
Reset re-loads circuit * error-amp-offset-mc monte carlo deck -- generated by sim/error-amp-offset-mc/run_amp_offset_mc.py, do not edit

Circuit: * error-amp-offset-mc monte carlo deck -- generated by sim/error-amp-offset-mc/run_amp_offset_mc.py, do not edit

option SCALE: Scale is set to 1e-06 for instance and model parameters
option SCALE: Scale is set to 1e-06 for instance and model parameters
option SCALE: Scale is set to 1e-06 for instance and model parameters
option SCALE: Scale is set to 1e-06 for instance and model parameters
Doing analysis at TEMP = 27.000000 and TNOM = 27.000000

Using KLU as Direct Linear Solver
 Reference value :  0.00000e+00
No. of Data Rows : 1
vos = 9.415782e-04
vout = 1.197916e+00
dvbe8 = 6.233838e-02
veb8 = 7.311336e-01
dvbe1 = 6.256138e-02
rra = 8.833284e-02
rrb = 1.180186e-02
vgdrv = 2.063100e+00
Reset re-loads circuit * error-amp-offset-mc monte carlo deck -- generated by sim/error-amp-offset-mc/run_amp_offset_mc.py, do not edit

Circuit: * error-amp-offset-mc monte carlo deck -- generated by sim/error-amp-offset-mc/run_amp_offset_mc.py, do not edit

option SCALE: Scale is set to 1e-06 for instance and model parameters
option SCALE: Scale is set to 1e-06 for instance and model parameters
option SCALE: Scale is set to 1e-06 for instance and model parameters
option SCALE: Scale is set to 1e-06 for instance and model parameters
Doing analysis at TEMP = 27.000000 and TNOM = 27.000000

Using KLU as Direct Linear Solver

No. of Data Rows : 1
vos = -1.61438e-04
vout = 1.212066e+00
dvbe8 = 6.222687e-02
veb8 = 7.310351e-01
dvbe1 = 6.390999e-02
rra = 8.783190e-02
rrb = 1.166187e-02
vgdrv = 2.058487e+00
Reset re-loads circuit * error-amp-offset-mc monte carlo deck -- generated by sim/error-amp-offset-mc/run_amp_offset_mc.py, do not edit

Circuit: * error-amp-offset-mc monte carlo deck -- generated by sim/error-amp-offset-mc/run_amp_offset_mc.py, do not edit

option SCALE: Scale is set to 1e-06 for instance and model parameters
option SCALE: Scale is set to 1e-06 for instance and model parameters
option SCALE: Scale is set to 1e-06 for instance and model parameters
option SCALE: Scale is set to 1e-06 for instance and model parameters
Doing analysis at TEMP = 27.000000 and TNOM = 27.000000

Using KLU as Direct Linear Solver

No. of Data Rows : 1
vos = 5.238343e-04
vout = 1.199419e+00
dvbe8 = 6.259364e-02
veb8 = 7.313782e-01
dvbe1 = 6.298349e-02
rra = 8.816131e-02
rrb = 1.170955e-02
vgdrv = 2.060316e+00
Reset re-loads circuit * error-amp-offset-mc monte carlo deck -- generated by sim/error-amp-offset-mc/run_amp_offset_mc.py, do not edit

Circuit: * error-amp-offset-mc monte carlo deck -- generated by sim/error-amp-offset-mc/run_amp_offset_mc.py, do not edit

option SCALE: Scale is set to 1e-06 for instance and model parameters
option SCALE: Scale is set to 1e-06 for instance and model parameters
option SCALE: Scale is set to 1e-06 for instance and model parameters
option SCALE: Scale is set to 1e-06 for instance and model parameters
Doing analysis at TEMP = 27.000000 and TNOM = 27.000000

Using KLU as Direct Linear Solver

No. of Data Rows : 1
vos = -1.21917e-03
vout = 1.223724e+00
dvbe8 = 6.227913e-02
veb8 = 7.310395e-01
dvbe1 = 6.367576e-02
rra = 8.791872e-02
rrb = 1.170619e-02
vgdrv = 2.055631e+00
Reset re-loads circuit * error-amp-offset-mc monte carlo deck -- generated by sim/error-amp-offset-mc/run_amp_offset_mc.py, do not edit

Circuit: * error-amp-offset-mc monte carlo deck -- generated by sim/error-amp-offset-mc/run_amp_offset_mc.py, do not edit

option SCALE: Scale is set to 1e-06 for instance and model parameters
option SCALE: Scale is set to 1e-06 for instance and model parameters
option SCALE: Scale is set to 1e-06 for instance and model parameters
option SCALE: Scale is set to 1e-06 for instance and model parameters
Doing analysis at TEMP = 27.000000 and TNOM = 27.000000

Using KLU as Direct Linear Solver

No. of Data Rows : 1
vos = -1.93682e-04
vout = 1.207030e+00
dvbe8 = 6.236738e-02
veb8 = 7.311651e-01
dvbe1 = 6.284720e-02
rra = 8.830690e-02
rrb = 1.166644e-02
vgdrv = 2.060013e+00
Reset re-loads circuit * error-amp-offset-mc monte carlo deck -- generated by sim/error-amp-offset-mc/run_amp_offset_mc.py, do not edit

Circuit: * error-amp-offset-mc monte carlo deck -- generated by sim/error-amp-offset-mc/run_amp_offset_mc.py, do not edit

option SCALE: Scale is set to 1e-06 for instance and model parameters
option SCALE: Scale is set to 1e-06 for instance and model parameters
option SCALE: Scale is set to 1e-06 for instance and model parameters
option SCALE: Scale is set to 1e-06 for instance and model parameters
Doing analysis at TEMP = 27.000000 and TNOM = 27.000000

Using KLU as Direct Linear Solver
 Reference value :  0.00000e+00
No. of Data Rows : 1
vos = 1.569875e-04
vout = 1.206098e+00
dvbe8 = 6.230702e-02
veb8 = 7.311021e-01
dvbe1 = 6.232932e-02
rra = 8.800504e-02
rrb = 1.176632e-02
vgdrv = 2.064491e+00
Reset re-loads circuit * error-amp-offset-mc monte carlo deck -- generated by sim/error-amp-offset-mc/run_amp_offset_mc.py, do not edit

Circuit: * error-amp-offset-mc monte carlo deck -- generated by sim/error-amp-offset-mc/run_amp_offset_mc.py, do not edit

option SCALE: Scale is set to 1e-06 for instance and model parameters
option SCALE: Scale is set to 1e-06 for instance and model parameters
option SCALE: Scale is set to 1e-06 for instance and model parameters
option SCALE: Scale is set to 1e-06 for instance and model parameters
Doing analysis at TEMP = 27.000000 and TNOM = 27.000000

Using KLU as Direct Linear Solver

No. of Data Rows : 1
vos = 7.037812e-04
vout = 1.206423e+00
dvbe8 = 6.241654e-02
veb8 = 7.312250e-01
dvbe1 = 6.258608e-02
rra = 8.795951e-02
rrb = 1.172383e-02
vgdrv = 2.063263e+00
Reset re-loads circuit * error-amp-offset-mc monte carlo deck -- generated by sim/error-amp-offset-mc/run_amp_offset_mc.py, do not edit

Circuit: * error-amp-offset-mc monte carlo deck -- generated by sim/error-amp-offset-mc/run_amp_offset_mc.py, do not edit

option SCALE: Scale is set to 1e-06 for instance and model parameters
option SCALE: Scale is set to 1e-06 for instance and model parameters
option SCALE: Scale is set to 1e-06 for instance and model parameters
option SCALE: Scale is set to 1e-06 for instance and model parameters
Doing analysis at TEMP = 27.000000 and TNOM = 27.000000

Using KLU as Direct Linear Solver

No. of Data Rows : 1
vos = -6.57418e-04
vout = 1.215101e+00
dvbe8 = 6.239949e-02
veb8 = 7.312053e-01
dvbe1 = 6.303319e-02
rra = 8.806989e-02
rrb = 1.166557e-02
vgdrv = 2.056651e+00
Reset re-loads circuit * error-amp-offset-mc monte carlo deck -- generated by sim/error-amp-offset-mc/run_amp_offset_mc.py, do not edit

Circuit: * error-amp-offset-mc monte carlo deck -- generated by sim/error-amp-offset-mc/run_amp_offset_mc.py, do not edit

option SCALE: Scale is set to 1e-06 for instance and model parameters
option SCALE: Scale is set to 1e-06 for instance and model parameters
option SCALE: Scale is set to 1e-06 for instance and model parameters
option SCALE: Scale is set to 1e-06 for instance and model parameters
Doing analysis at TEMP = 27.000000 and TNOM = 27.000000

Using KLU as Direct Linear Solver

No. of Data Rows : 1
vos = -4.31601e-04
vout = 1.214789e+00
dvbe8 = 6.244213e-02
veb8 = 7.312816e-01
dvbe1 = 6.213940e-02
rra = 8.824666e-02
rrb = 1.183596e-02
vgdrv = 2.061417e+00
Reset re-loads circuit * error-amp-offset-mc monte carlo deck -- generated by sim/error-amp-offset-mc/run_amp_offset_mc.py, do not edit

Circuit: * error-amp-offset-mc monte carlo deck -- generated by sim/error-amp-offset-mc/run_amp_offset_mc.py, do not edit

option SCALE: Scale is set to 1e-06 for instance and model parameters
option SCALE: Scale is set to 1e-06 for instance and model parameters
option SCALE: Scale is set to 1e-06 for instance and model parameters
option SCALE: Scale is set to 1e-06 for instance and model parameters
Doing analysis at TEMP = 27.000000 and TNOM = 27.000000

Using KLU as Direct Linear Solver

No. of Data Rows : 1
vos = 7.648660e-04
vout = 1.201991e+00
dvbe8 = 6.254941e-02
veb8 = 7.313371e-01
dvbe1 = 6.250310e-02
rra = 8.800239e-02
rrb = 1.175838e-02
vgdrv = 2.056904e+00
Reset re-loads circuit * error-amp-offset-mc monte carlo deck -- generated by sim/error-amp-offset-mc/run_amp_offset_mc.py, do not edit

Circuit: * error-amp-offset-mc monte carlo deck -- generated by sim/error-amp-offset-mc/run_amp_offset_mc.py, do not edit

option SCALE: Scale is set to 1e-06 for instance and model parameters
option SCALE: Scale is set to 1e-06 for instance and model parameters
option SCALE: Scale is set to 1e-06 for instance and model parameters
option SCALE: Scale is set to 1e-06 for instance and model parameters
Doing analysis at TEMP = 27.000000 and TNOM = 27.000000

Using KLU as Direct Linear Solver
 Reference value :  0.00000e+00
No. of Data Rows : 1
vos = 1.830218e-04
vout = 1.205433e+00
dvbe8 = 6.210906e-02
veb8 = 7.309055e-01
dvbe1 = 6.301281e-02
rra = 8.807096e-02
rrb = 1.171651e-02
vgdrv = 2.064971e+00
Reset re-loads circuit * error-amp-offset-mc monte carlo deck -- generated by sim/error-amp-offset-mc/run_amp_offset_mc.py, do not edit

Circuit: * error-amp-offset-mc monte carlo deck -- generated by sim/error-amp-offset-mc/run_amp_offset_mc.py, do not edit

option SCALE: Scale is set to 1e-06 for instance and model parameters
option SCALE: Scale is set to 1e-06 for instance and model parameters
option SCALE: Scale is set to 1e-06 for instance and model parameters
option SCALE: Scale is set to 1e-06 for instance and model parameters
Doing analysis at TEMP = 27.000000 and TNOM = 27.000000

Using KLU as Direct Linear Solver

No. of Data Rows : 1
vos = -1.60202e-04
vout = 1.208278e+00
dvbe8 = 6.243381e-02
veb8 = 7.312224e-01
dvbe1 = 6.329300e-02
rra = 8.813021e-02
rrb = 1.182439e-02
vgdrv = 2.062173e+00
Reset re-loads circuit * error-amp-offset-mc monte carlo deck -- generated by sim/error-amp-offset-mc/run_amp_offset_mc.py, do not edit

Circuit: * error-amp-offset-mc monte carlo deck -- generated by sim/error-amp-offset-mc/run_amp_offset_mc.py, do not edit

option SCALE: Scale is set to 1e-06 for instance and model parameters
option SCALE: Scale is set to 1e-06 for instance and model parameters
option SCALE: Scale is set to 1e-06 for instance and model parameters
option SCALE: Scale is set to 1e-06 for instance and model parameters
Doing analysis at TEMP = 27.000000 and TNOM = 27.000000

Using KLU as Direct Linear Solver

No. of Data Rows : 1
vos = -7.24705e-04
vout = 1.215507e+00
dvbe8 = 6.237952e-02
veb8 = 7.312041e-01
dvbe1 = 6.244580e-02
rra = 8.823836e-02
rrb = 1.173710e-02
vgdrv = 2.058476e+00
Reset re-loads circuit * error-amp-offset-mc monte carlo deck -- generated by sim/error-amp-offset-mc/run_amp_offset_mc.py, do not edit

Circuit: * error-amp-offset-mc monte carlo deck -- generated by sim/error-amp-offset-mc/run_amp_offset_mc.py, do not edit

option SCALE: Scale is set to 1e-06 for instance and model parameters
option SCALE: Scale is set to 1e-06 for instance and model parameters
option SCALE: Scale is set to 1e-06 for instance and model parameters
option SCALE: Scale is set to 1e-06 for instance and model parameters
Doing analysis at TEMP = 27.000000 and TNOM = 27.000000

Using KLU as Direct Linear Solver

No. of Data Rows : 1
vos = -8.07999e-04
vout = 1.216840e+00
dvbe8 = 6.230636e-02
veb8 = 7.310827e-01
dvbe1 = 6.290491e-02
rra = 8.814854e-02
rrb = 1.174588e-02
vgdrv = 2.057469e+00
Reset re-loads circuit * error-amp-offset-mc monte carlo deck -- generated by sim/error-amp-offset-mc/run_amp_offset_mc.py, do not edit

Circuit: * error-amp-offset-mc monte carlo deck -- generated by sim/error-amp-offset-mc/run_amp_offset_mc.py, do not edit

option SCALE: Scale is set to 1e-06 for instance and model parameters
option SCALE: Scale is set to 1e-06 for instance and model parameters
option SCALE: Scale is set to 1e-06 for instance and model parameters
option SCALE: Scale is set to 1e-06 for instance and model parameters
Doing analysis at TEMP = 27.000000 and TNOM = 27.000000

Using KLU as Direct Linear Solver

No. of Data Rows : 1
vos = -2.75625e-04
vout = 1.209764e+00
dvbe8 = 6.220749e-02
veb8 = 7.309969e-01
dvbe1 = 6.300746e-02
rra = 8.800537e-02
rrb = 1.173389e-02
vgdrv = 2.063683e+00
Reset re-loads circuit * error-amp-offset-mc monte carlo deck -- generated by sim/error-amp-offset-mc/run_amp_offset_mc.py, do not edit

Circuit: * error-amp-offset-mc monte carlo deck -- generated by sim/error-amp-offset-mc/run_amp_offset_mc.py, do not edit

option SCALE: Scale is set to 1e-06 for instance and model parameters
option SCALE: Scale is set to 1e-06 for instance and model parameters
option SCALE: Scale is set to 1e-06 for instance and model parameters
option SCALE: Scale is set to 1e-06 for instance and model parameters
Doing analysis at TEMP = 27.000000 and TNOM = 27.000000

Using KLU as Direct Linear Solver
 Reference value :  0.00000e+00
No. of Data Rows : 1
vos = -1.65657e-03
vout = 1.223226e+00
dvbe8 = 6.233156e-02
veb8 = 7.311504e-01
dvbe1 = 6.300953e-02
rra = 8.808659e-02
rrb = 1.174023e-02
vgdrv = 2.058116e+00
Reset re-loads circuit * error-amp-offset-mc monte carlo deck -- generated by sim/error-amp-offset-mc/run_amp_offset_mc.py, do not edit

Circuit: * error-amp-offset-mc monte carlo deck -- generated by sim/error-amp-offset-mc/run_amp_offset_mc.py, do not edit

option SCALE: Scale is set to 1e-06 for instance and model parameters
option SCALE: Scale is set to 1e-06 for instance and model parameters
option SCALE: Scale is set to 1e-06 for instance and model parameters
option SCALE: Scale is set to 1e-06 for instance and model parameters
Doing analysis at TEMP = 27.000000 and TNOM = 27.000000

Using KLU as Direct Linear Solver

No. of Data Rows : 1
vos = -1.11312e-03
vout = 1.215514e+00
dvbe8 = 6.246613e-02
veb8 = 7.312477e-01
dvbe1 = 6.386713e-02
rra = 8.821889e-02
rrb = 1.175615e-02
vgdrv = 2.060911e+00
Reset re-loads circuit * error-amp-offset-mc monte carlo deck -- generated by sim/error-amp-offset-mc/run_amp_offset_mc.py, do not edit

Circuit: * error-amp-offset-mc monte carlo deck -- generated by sim/error-amp-offset-mc/run_amp_offset_mc.py, do not edit

option SCALE: Scale is set to 1e-06 for instance and model parameters
option SCALE: Scale is set to 1e-06 for instance and model parameters
option SCALE: Scale is set to 1e-06 for instance and model parameters
option SCALE: Scale is set to 1e-06 for instance and model parameters
Doing analysis at TEMP = 27.000000 and TNOM = 27.000000

Using KLU as Direct Linear Solver

No. of Data Rows : 1
vos = -2.97577e-04
vout = 1.207971e+00
dvbe8 = 6.223268e-02
veb8 = 7.310268e-01
dvbe1 = 6.273468e-02
rra = 8.826379e-02
rrb = 1.172458e-02
vgdrv = 2.060538e+00
Reset re-loads circuit * error-amp-offset-mc monte carlo deck -- generated by sim/error-amp-offset-mc/run_amp_offset_mc.py, do not edit

Circuit: * error-amp-offset-mc monte carlo deck -- generated by sim/error-amp-offset-mc/run_amp_offset_mc.py, do not edit

option SCALE: Scale is set to 1e-06 for instance and model parameters
option SCALE: Scale is set to 1e-06 for instance and model parameters
option SCALE: Scale is set to 1e-06 for instance and model parameters
option SCALE: Scale is set to 1e-06 for instance and model parameters
Doing analysis at TEMP = 27.000000 and TNOM = 27.000000

Using KLU as Direct Linear Solver

No. of Data Rows : 1
vos = -1.34146e-04
vout = 1.210117e+00
dvbe8 = 6.241416e-02
veb8 = 7.312194e-01
dvbe1 = 6.246232e-02
rra = 8.814416e-02
rrb = 1.177208e-02
vgdrv = 2.062516e+00
Reset re-loads circuit * error-amp-offset-mc monte carlo deck -- generated by sim/error-amp-offset-mc/run_amp_offset_mc.py, do not edit

Circuit: * error-amp-offset-mc monte carlo deck -- generated by sim/error-amp-offset-mc/run_amp_offset_mc.py, do not edit

option SCALE: Scale is set to 1e-06 for instance and model parameters
option SCALE: Scale is set to 1e-06 for instance and model parameters
option SCALE: Scale is set to 1e-06 for instance and model parameters
option SCALE: Scale is set to 1e-06 for instance and model parameters
Doing analysis at TEMP = 27.000000 and TNOM = 27.000000

Using KLU as Direct Linear Solver
 Reference value :  0.00000e+00
No. of Data Rows : 1
vos = 8.638099e-05
vout = 1.204954e+00
dvbe8 = 6.214952e-02
veb8 = 7.309020e-01
dvbe1 = 6.354208e-02
rra = 8.810225e-02
rrb = 1.173004e-02
vgdrv = 2.058259e+00
Reset re-loads circuit * error-amp-offset-mc monte carlo deck -- generated by sim/error-amp-offset-mc/run_amp_offset_mc.py, do not edit

Circuit: * error-amp-offset-mc monte carlo deck -- generated by sim/error-amp-offset-mc/run_amp_offset_mc.py, do not edit

option SCALE: Scale is set to 1e-06 for instance and model parameters
option SCALE: Scale is set to 1e-06 for instance and model parameters
option SCALE: Scale is set to 1e-06 for instance and model parameters
option SCALE: Scale is set to 1e-06 for instance and model parameters
Doing analysis at TEMP = 27.000000 and TNOM = 27.000000

Using KLU as Direct Linear Solver

No. of Data Rows : 1
vos = -1.07600e-03
vout = 1.223974e+00
dvbe8 = 6.239589e-02
veb8 = 7.311827e-01
dvbe1 = 6.320299e-02
rra = 8.808691e-02
rrb = 1.172137e-02
vgdrv = 2.055130e+00
Reset re-loads circuit * error-amp-offset-mc monte carlo deck -- generated by sim/error-amp-offset-mc/run_amp_offset_mc.py, do not edit

Circuit: * error-amp-offset-mc monte carlo deck -- generated by sim/error-amp-offset-mc/run_amp_offset_mc.py, do not edit

option SCALE: Scale is set to 1e-06 for instance and model parameters
option SCALE: Scale is set to 1e-06 for instance and model parameters
option SCALE: Scale is set to 1e-06 for instance and model parameters
option SCALE: Scale is set to 1e-06 for instance and model parameters
Doing analysis at TEMP = 27.000000 and TNOM = 27.000000

Using KLU as Direct Linear Solver

No. of Data Rows : 1
vos = 3.183107e-04
vout = 1.201498e+00
dvbe8 = 6.256000e-02
veb8 = 7.313441e-01
dvbe1 = 6.366010e-02
rra = 8.799810e-02
rrb = 1.170721e-02
vgdrv = 2.064644e+00
Reset re-loads circuit * error-amp-offset-mc monte carlo deck -- generated by sim/error-amp-offset-mc/run_amp_offset_mc.py, do not edit

Circuit: * error-amp-offset-mc monte carlo deck -- generated by sim/error-amp-offset-mc/run_amp_offset_mc.py, do not edit

option SCALE: Scale is set to 1e-06 for instance and model parameters
option SCALE: Scale is set to 1e-06 for instance and model parameters
option SCALE: Scale is set to 1e-06 for instance and model parameters
option SCALE: Scale is set to 1e-06 for instance and model parameters
Doing analysis at TEMP = 27.000000 and TNOM = 27.000000

Using KLU as Direct Linear Solver

No. of Data Rows : 1
vos = -1.19685e-03
vout = 1.217115e+00
dvbe8 = 6.239007e-02
veb8 = 7.311979e-01
dvbe1 = 6.278840e-02
rra = 8.814011e-02
rrb = 1.177835e-02
vgdrv = 2.063101e+00
Reset re-loads circuit * error-amp-offset-mc monte carlo deck -- generated by sim/error-amp-offset-mc/run_amp_offset_mc.py, do not edit

Circuit: * error-amp-offset-mc monte carlo deck -- generated by sim/error-amp-offset-mc/run_amp_offset_mc.py, do not edit

option SCALE: Scale is set to 1e-06 for instance and model parameters
option SCALE: Scale is set to 1e-06 for instance and model parameters
option SCALE: Scale is set to 1e-06 for instance and model parameters
option SCALE: Scale is set to 1e-06 for instance and model parameters
Doing analysis at TEMP = 27.000000 and TNOM = 27.000000

Using KLU as Direct Linear Solver

No. of Data Rows : 1
vos = 9.823585e-04
vout = 1.196431e+00
dvbe8 = 6.237931e-02
veb8 = 7.311687e-01
dvbe1 = 6.330107e-02
rra = 8.808699e-02
rrb = 1.177463e-02
vgdrv = 2.067577e+00
Reset re-loads circuit * error-amp-offset-mc monte carlo deck -- generated by sim/error-amp-offset-mc/run_amp_offset_mc.py, do not edit

Circuit: * error-amp-offset-mc monte carlo deck -- generated by sim/error-amp-offset-mc/run_amp_offset_mc.py, do not edit

option SCALE: Scale is set to 1e-06 for instance and model parameters
option SCALE: Scale is set to 1e-06 for instance and model parameters
option SCALE: Scale is set to 1e-06 for instance and model parameters
option SCALE: Scale is set to 1e-06 for instance and model parameters
Doing analysis at TEMP = 27.000000 and TNOM = 27.000000

Using KLU as Direct Linear Solver
 Reference value :  0.00000e+00
No. of Data Rows : 1
vos = 1.932916e-04
vout = 1.205392e+00
dvbe8 = 6.241947e-02
veb8 = 7.312420e-01
dvbe1 = 6.298945e-02
rra = 8.826536e-02
rrb = 1.169454e-02
vgdrv = 2.061032e+00
Reset re-loads circuit * error-amp-offset-mc monte carlo deck -- generated by sim/error-amp-offset-mc/run_amp_offset_mc.py, do not edit

Circuit: * error-amp-offset-mc monte carlo deck -- generated by sim/error-amp-offset-mc/run_amp_offset_mc.py, do not edit

option SCALE: Scale is set to 1e-06 for instance and model parameters
option SCALE: Scale is set to 1e-06 for instance and model parameters
option SCALE: Scale is set to 1e-06 for instance and model parameters
option SCALE: Scale is set to 1e-06 for instance and model parameters
Doing analysis at TEMP = 27.000000 and TNOM = 27.000000

Using KLU as Direct Linear Solver

No. of Data Rows : 1
vos = 5.166685e-04
vout = 1.205035e+00
dvbe8 = 6.250700e-02
veb8 = 7.312849e-01
dvbe1 = 6.292040e-02
rra = 8.795217e-02
rrb = 1.174099e-02
vgdrv = 2.063527e+00
Reset re-loads circuit * error-amp-offset-mc monte carlo deck -- generated by sim/error-amp-offset-mc/run_amp_offset_mc.py, do not edit

Circuit: * error-amp-offset-mc monte carlo deck -- generated by sim/error-amp-offset-mc/run_amp_offset_mc.py, do not edit

option SCALE: Scale is set to 1e-06 for instance and model parameters
option SCALE: Scale is set to 1e-06 for instance and model parameters
option SCALE: Scale is set to 1e-06 for instance and model parameters
option SCALE: Scale is set to 1e-06 for instance and model parameters
Doing analysis at TEMP = 27.000000 and TNOM = 27.000000

Using KLU as Direct Linear Solver

No. of Data Rows : 1
vos = -4.66647e-04
vout = 1.217803e+00
dvbe8 = 6.207507e-02
veb8 = 7.308420e-01
dvbe1 = 6.343878e-02
rra = 8.810067e-02
rrb = 1.182203e-02
vgdrv = 2.057665e+00
Reset re-loads circuit * error-amp-offset-mc monte carlo deck -- generated by sim/error-amp-offset-mc/run_amp_offset_mc.py, do not edit

Circuit: * error-amp-offset-mc monte carlo deck -- generated by sim/error-amp-offset-mc/run_amp_offset_mc.py, do not edit

option SCALE: Scale is set to 1e-06 for instance and model parameters
option SCALE: Scale is set to 1e-06 for instance and model parameters
option SCALE: Scale is set to 1e-06 for instance and model parameters
option SCALE: Scale is set to 1e-06 for instance and model parameters
Doing analysis at TEMP = 27.000000 and TNOM = 27.000000

Using KLU as Direct Linear Solver

No. of Data Rows : 1
vos = 1.111894e-04
vout = 1.210857e+00
dvbe8 = 6.191449e-02
veb8 = 7.307542e-01
dvbe1 = 6.237911e-02
rra = 8.821730e-02
rrb = 1.176183e-02
vgdrv = 2.064444e+00
Reset re-loads circuit * error-amp-offset-mc monte carlo deck -- generated by sim/error-amp-offset-mc/run_amp_offset_mc.py, do not edit

Circuit: * error-amp-offset-mc monte carlo deck -- generated by sim/error-amp-offset-mc/run_amp_offset_mc.py, do not edit

option SCALE: Scale is set to 1e-06 for instance and model parameters
option SCALE: Scale is set to 1e-06 for instance and model parameters
option SCALE: Scale is set to 1e-06 for instance and model parameters
option SCALE: Scale is set to 1e-06 for instance and model parameters
Doing analysis at TEMP = 27.000000 and TNOM = 27.000000

Using KLU as Direct Linear Solver
 Reference value :  0.00000e+00
No. of Data Rows : 1
vos = 9.279617e-05
vout = 1.209252e+00
dvbe8 = 6.244392e-02
veb8 = 7.312239e-01
dvbe1 = 6.355892e-02
rra = 8.798824e-02
rrb = 1.176430e-02
vgdrv = 2.064896e+00
Reset re-loads circuit * error-amp-offset-mc monte carlo deck -- generated by sim/error-amp-offset-mc/run_amp_offset_mc.py, do not edit

Circuit: * error-amp-offset-mc monte carlo deck -- generated by sim/error-amp-offset-mc/run_amp_offset_mc.py, do not edit

option SCALE: Scale is set to 1e-06 for instance and model parameters
option SCALE: Scale is set to 1e-06 for instance and model parameters
option SCALE: Scale is set to 1e-06 for instance and model parameters
option SCALE: Scale is set to 1e-06 for instance and model parameters
Doing analysis at TEMP = 27.000000 and TNOM = 27.000000

Using KLU as Direct Linear Solver

No. of Data Rows : 1
vos = -6.86133e-04
vout = 1.214156e+00
dvbe8 = 6.233830e-02
veb8 = 7.311596e-01
dvbe1 = 6.327580e-02
rra = 8.799138e-02
rrb = 1.172728e-02
vgdrv = 2.059997e+00
Reset re-loads circuit * error-amp-offset-mc monte carlo deck -- generated by sim/error-amp-offset-mc/run_amp_offset_mc.py, do not edit

Circuit: * error-amp-offset-mc monte carlo deck -- generated by sim/error-amp-offset-mc/run_amp_offset_mc.py, do not edit

option SCALE: Scale is set to 1e-06 for instance and model parameters
option SCALE: Scale is set to 1e-06 for instance and model parameters
option SCALE: Scale is set to 1e-06 for instance and model parameters
option SCALE: Scale is set to 1e-06 for instance and model parameters
Doing analysis at TEMP = 27.000000 and TNOM = 27.000000

Using KLU as Direct Linear Solver

No. of Data Rows : 1
vos = -4.55554e-04
vout = 1.214314e+00
dvbe8 = 6.248528e-02
veb8 = 7.312861e-01
dvbe1 = 6.307299e-02
rra = 8.803869e-02
rrb = 1.174402e-02
vgdrv = 2.062856e+00
Reset re-loads circuit * error-amp-offset-mc monte carlo deck -- generated by sim/error-amp-offset-mc/run_amp_offset_mc.py, do not edit

Circuit: * error-amp-offset-mc monte carlo deck -- generated by sim/error-amp-offset-mc/run_amp_offset_mc.py, do not edit

option SCALE: Scale is set to 1e-06 for instance and model parameters
option SCALE: Scale is set to 1e-06 for instance and model parameters
option SCALE: Scale is set to 1e-06 for instance and model parameters
option SCALE: Scale is set to 1e-06 for instance and model parameters
Doing analysis at TEMP = 27.000000 and TNOM = 27.000000

Using KLU as Direct Linear Solver

No. of Data Rows : 1
vos = 3.440489e-04
vout = 1.208706e+00
dvbe8 = 6.236408e-02
veb8 = 7.311781e-01
dvbe1 = 6.317493e-02
rra = 8.814930e-02
rrb = 1.168603e-02
vgdrv = 2.061284e+00
Reset re-loads circuit * error-amp-offset-mc monte carlo deck -- generated by sim/error-amp-offset-mc/run_amp_offset_mc.py, do not edit

Circuit: * error-amp-offset-mc monte carlo deck -- generated by sim/error-amp-offset-mc/run_amp_offset_mc.py, do not edit

option SCALE: Scale is set to 1e-06 for instance and model parameters
option SCALE: Scale is set to 1e-06 for instance and model parameters
option SCALE: Scale is set to 1e-06 for instance and model parameters
option SCALE: Scale is set to 1e-06 for instance and model parameters
Doing analysis at TEMP = 27.000000 and TNOM = 27.000000

Using KLU as Direct Linear Solver
 Reference value :  0.00000e+00
No. of Data Rows : 1
vos = 2.145899e-05
vout = 1.205612e+00
dvbe8 = 6.233584e-02
veb8 = 7.311606e-01
dvbe1 = 6.322819e-02
rra = 8.795102e-02
rrb = 1.180634e-02
vgdrv = 2.058842e+00
Reset re-loads circuit * error-amp-offset-mc monte carlo deck -- generated by sim/error-amp-offset-mc/run_amp_offset_mc.py, do not edit

Circuit: * error-amp-offset-mc monte carlo deck -- generated by sim/error-amp-offset-mc/run_amp_offset_mc.py, do not edit

option SCALE: Scale is set to 1e-06 for instance and model parameters
option SCALE: Scale is set to 1e-06 for instance and model parameters
option SCALE: Scale is set to 1e-06 for instance and model parameters
option SCALE: Scale is set to 1e-06 for instance and model parameters
Doing analysis at TEMP = 27.000000 and TNOM = 27.000000

Using KLU as Direct Linear Solver

No. of Data Rows : 1
vos = 3.912789e-04
vout = 1.200427e+00
dvbe8 = 6.240885e-02
veb8 = 7.311731e-01
dvbe1 = 6.360983e-02
rra = 8.829741e-02
rrb = 1.169638e-02
vgdrv = 2.064373e+00
Reset re-loads circuit * error-amp-offset-mc monte carlo deck -- generated by sim/error-amp-offset-mc/run_amp_offset_mc.py, do not edit

Circuit: * error-amp-offset-mc monte carlo deck -- generated by sim/error-amp-offset-mc/run_amp_offset_mc.py, do not edit

option SCALE: Scale is set to 1e-06 for instance and model parameters
option SCALE: Scale is set to 1e-06 for instance and model parameters
option SCALE: Scale is set to 1e-06 for instance and model parameters
option SCALE: Scale is set to 1e-06 for instance and model parameters
Doing analysis at TEMP = 27.000000 and TNOM = 27.000000

Using KLU as Direct Linear Solver

No. of Data Rows : 1
vos = -2.51288e-04
vout = 1.213226e+00
dvbe8 = 6.212452e-02
veb8 = 7.308961e-01
dvbe1 = 6.201922e-02
rra = 8.809128e-02
rrb = 1.171741e-02
vgdrv = 2.058507e+00
Reset re-loads circuit * error-amp-offset-mc monte carlo deck -- generated by sim/error-amp-offset-mc/run_amp_offset_mc.py, do not edit

Circuit: * error-amp-offset-mc monte carlo deck -- generated by sim/error-amp-offset-mc/run_amp_offset_mc.py, do not edit

option SCALE: Scale is set to 1e-06 for instance and model parameters
option SCALE: Scale is set to 1e-06 for instance and model parameters
option SCALE: Scale is set to 1e-06 for instance and model parameters
option SCALE: Scale is set to 1e-06 for instance and model parameters
Doing analysis at TEMP = 27.000000 and TNOM = 27.000000

Using KLU as Direct Linear Solver

No. of Data Rows : 1
vos = -1.06985e-03
vout = 1.217602e+00
dvbe8 = 6.221144e-02
veb8 = 7.309875e-01
dvbe1 = 6.357771e-02
rra = 8.797520e-02
rrb = 1.179376e-02
vgdrv = 2.056797e+00
Reset re-loads circuit * error-amp-offset-mc monte carlo deck -- generated by sim/error-amp-offset-mc/run_amp_offset_mc.py, do not edit

Circuit: * error-amp-offset-mc monte carlo deck -- generated by sim/error-amp-offset-mc/run_amp_offset_mc.py, do not edit

option SCALE: Scale is set to 1e-06 for instance and model parameters
option SCALE: Scale is set to 1e-06 for instance and model parameters
option SCALE: Scale is set to 1e-06 for instance and model parameters
option SCALE: Scale is set to 1e-06 for instance and model parameters
Doing analysis at TEMP = 27.000000 and TNOM = 27.000000

Using KLU as Direct Linear Solver
 Reference value :  0.00000e+00
No. of Data Rows : 1
vos = -2.74693e-04
vout = 1.211469e+00
dvbe8 = 6.208739e-02
veb8 = 7.309001e-01
dvbe1 = 6.246313e-02
rra = 8.811774e-02
rrb = 1.172175e-02
vgdrv = 2.059505e+00
Reset re-loads circuit * error-amp-offset-mc monte carlo deck -- generated by sim/error-amp-offset-mc/run_amp_offset_mc.py, do not edit

Circuit: * error-amp-offset-mc monte carlo deck -- generated by sim/error-amp-offset-mc/run_amp_offset_mc.py, do not edit

option SCALE: Scale is set to 1e-06 for instance and model parameters
option SCALE: Scale is set to 1e-06 for instance and model parameters
option SCALE: Scale is set to 1e-06 for instance and model parameters
option SCALE: Scale is set to 1e-06 for instance and model parameters
Doing analysis at TEMP = 27.000000 and TNOM = 27.000000

Using KLU as Direct Linear Solver

No. of Data Rows : 1
vos = 4.956537e-05
vout = 1.204178e+00
dvbe8 = 6.221554e-02
veb8 = 7.310442e-01
dvbe1 = 6.398657e-02
rra = 8.811103e-02
rrb = 1.166761e-02
vgdrv = 2.060868e+00
Reset re-loads circuit * error-amp-offset-mc monte carlo deck -- generated by sim/error-amp-offset-mc/run_amp_offset_mc.py, do not edit

Circuit: * error-amp-offset-mc monte carlo deck -- generated by sim/error-amp-offset-mc/run_amp_offset_mc.py, do not edit

option SCALE: Scale is set to 1e-06 for instance and model parameters
option SCALE: Scale is set to 1e-06 for instance and model parameters
option SCALE: Scale is set to 1e-06 for instance and model parameters
option SCALE: Scale is set to 1e-06 for instance and model parameters
Doing analysis at TEMP = 27.000000 and TNOM = 27.000000

Using KLU as Direct Linear Solver

No. of Data Rows : 1
vos = 1.232242e-03
vout = 1.193011e+00
dvbe8 = 6.246114e-02
veb8 = 7.312351e-01
dvbe1 = 6.321405e-02
rra = 8.805169e-02
rrb = 1.175635e-02
vgdrv = 2.063549e+00
Reset re-loads circuit * error-amp-offset-mc monte carlo deck -- generated by sim/error-amp-offset-mc/run_amp_offset_mc.py, do not edit

Circuit: * error-amp-offset-mc monte carlo deck -- generated by sim/error-amp-offset-mc/run_amp_offset_mc.py, do not edit

option SCALE: Scale is set to 1e-06 for instance and model parameters
option SCALE: Scale is set to 1e-06 for instance and model parameters
option SCALE: Scale is set to 1e-06 for instance and model parameters
option SCALE: Scale is set to 1e-06 for instance and model parameters
Doing analysis at TEMP = 27.000000 and TNOM = 27.000000

Using KLU as Direct Linear Solver

No. of Data Rows : 1
vos = -6.40993e-04
vout = 1.218337e+00
dvbe8 = 6.256778e-02
veb8 = 7.313551e-01
dvbe1 = 6.290551e-02
rra = 8.803104e-02
rrb = 1.178191e-02
vgdrv = 2.060871e+00
Reset re-loads circuit * error-amp-offset-mc monte carlo deck -- generated by sim/error-amp-offset-mc/run_amp_offset_mc.py, do not edit

Circuit: * error-amp-offset-mc monte carlo deck -- generated by sim/error-amp-offset-mc/run_amp_offset_mc.py, do not edit

option SCALE: Scale is set to 1e-06 for instance and model parameters
option SCALE: Scale is set to 1e-06 for instance and model parameters
option SCALE: Scale is set to 1e-06 for instance and model parameters
option SCALE: Scale is set to 1e-06 for instance and model parameters
Doing analysis at TEMP = 27.000000 and TNOM = 27.000000

Using KLU as Direct Linear Solver
 Reference value :  0.00000e+00
No. of Data Rows : 1
vos = 4.536907e-04
vout = 1.207628e+00
dvbe8 = 6.243948e-02
veb8 = 7.311877e-01
dvbe1 = 6.357581e-02
rra = 8.799795e-02
rrb = 1.166367e-02
vgdrv = 2.063176e+00
Reset re-loads circuit * error-amp-offset-mc monte carlo deck -- generated by sim/error-amp-offset-mc/run_amp_offset_mc.py, do not edit

Circuit: * error-amp-offset-mc monte carlo deck -- generated by sim/error-amp-offset-mc/run_amp_offset_mc.py, do not edit

option SCALE: Scale is set to 1e-06 for instance and model parameters
option SCALE: Scale is set to 1e-06 for instance and model parameters
option SCALE: Scale is set to 1e-06 for instance and model parameters
option SCALE: Scale is set to 1e-06 for instance and model parameters
Doing analysis at TEMP = 27.000000 and TNOM = 27.000000

Using KLU as Direct Linear Solver

No. of Data Rows : 1
vos = -1.55753e-05
vout = 1.207160e+00
dvbe8 = 6.244272e-02
veb8 = 7.312633e-01
dvbe1 = 6.327016e-02
rra = 8.799780e-02
rrb = 1.174856e-02
vgdrv = 2.064136e+00
Reset re-loads circuit * error-amp-offset-mc monte carlo deck -- generated by sim/error-amp-offset-mc/run_amp_offset_mc.py, do not edit

Circuit: * error-amp-offset-mc monte carlo deck -- generated by sim/error-amp-offset-mc/run_amp_offset_mc.py, do not edit

option SCALE: Scale is set to 1e-06 for instance and model parameters
option SCALE: Scale is set to 1e-06 for instance and model parameters
option SCALE: Scale is set to 1e-06 for instance and model parameters
option SCALE: Scale is set to 1e-06 for instance and model parameters
Doing analysis at TEMP = 27.000000 and TNOM = 27.000000

Using KLU as Direct Linear Solver

No. of Data Rows : 1
vos = -2.02640e-04
vout = 1.212527e+00
dvbe8 = 6.214710e-02
veb8 = 7.309781e-01
dvbe1 = 6.246813e-02
rra = 8.815848e-02
rrb = 1.178013e-02
vgdrv = 2.062491e+00
Reset re-loads circuit * error-amp-offset-mc monte carlo deck -- generated by sim/error-amp-offset-mc/run_amp_offset_mc.py, do not edit

Circuit: * error-amp-offset-mc monte carlo deck -- generated by sim/error-amp-offset-mc/run_amp_offset_mc.py, do not edit

option SCALE: Scale is set to 1e-06 for instance and model parameters
option SCALE: Scale is set to 1e-06 for instance and model parameters
option SCALE: Scale is set to 1e-06 for instance and model parameters
option SCALE: Scale is set to 1e-06 for instance and model parameters
Doing analysis at TEMP = 27.000000 and TNOM = 27.000000

Using KLU as Direct Linear Solver

No. of Data Rows : 1
vos = -5.07271e-04
vout = 1.210912e+00
dvbe8 = 6.258882e-02
veb8 = 7.313814e-01
dvbe1 = 6.215399e-02
rra = 8.787239e-02
rrb = 1.178548e-02
vgdrv = 2.061339e+00
Reset re-loads circuit * error-amp-offset-mc monte carlo deck -- generated by sim/error-amp-offset-mc/run_amp_offset_mc.py, do not edit

Circuit: * error-amp-offset-mc monte carlo deck -- generated by sim/error-amp-offset-mc/run_amp_offset_mc.py, do not edit

option SCALE: Scale is set to 1e-06 for instance and model parameters
option SCALE: Scale is set to 1e-06 for instance and model parameters
option SCALE: Scale is set to 1e-06 for instance and model parameters
option SCALE: Scale is set to 1e-06 for instance and model parameters
Doing analysis at TEMP = 27.000000 and TNOM = 27.000000

Using KLU as Direct Linear Solver
 Reference value :  0.00000e+00
No. of Data Rows : 1
vos = -8.37209e-04
vout = 1.217168e+00
dvbe8 = 6.251779e-02
veb8 = 7.312889e-01
dvbe1 = 6.324548e-02
rra = 8.824671e-02
rrb = 1.167921e-02
vgdrv = 2.057688e+00
Reset re-loads circuit * error-amp-offset-mc monte carlo deck -- generated by sim/error-amp-offset-mc/run_amp_offset_mc.py, do not edit

Circuit: * error-amp-offset-mc monte carlo deck -- generated by sim/error-amp-offset-mc/run_amp_offset_mc.py, do not edit

option SCALE: Scale is set to 1e-06 for instance and model parameters
option SCALE: Scale is set to 1e-06 for instance and model parameters
option SCALE: Scale is set to 1e-06 for instance and model parameters
option SCALE: Scale is set to 1e-06 for instance and model parameters
Doing analysis at TEMP = 27.000000 and TNOM = 27.000000

Using KLU as Direct Linear Solver

No. of Data Rows : 1
vos = -9.68434e-04
vout = 1.213345e+00
dvbe8 = 6.255164e-02
veb8 = 7.313422e-01
dvbe1 = 6.350759e-02
rra = 8.801264e-02
rrb = 1.173678e-02
vgdrv = 2.062942e+00
Reset re-loads circuit * error-amp-offset-mc monte carlo deck -- generated by sim/error-amp-offset-mc/run_amp_offset_mc.py, do not edit

Circuit: * error-amp-offset-mc monte carlo deck -- generated by sim/error-amp-offset-mc/run_amp_offset_mc.py, do not edit

option SCALE: Scale is set to 1e-06 for instance and model parameters
option SCALE: Scale is set to 1e-06 for instance and model parameters
option SCALE: Scale is set to 1e-06 for instance and model parameters
option SCALE: Scale is set to 1e-06 for instance and model parameters
Doing analysis at TEMP = 27.000000 and TNOM = 27.000000

Using KLU as Direct Linear Solver

No. of Data Rows : 1
vos = -1.66697e-04
vout = 1.212800e+00
dvbe8 = 6.199423e-02
veb8 = 7.307771e-01
dvbe1 = 6.234115e-02
rra = 8.836049e-02
rrb = 1.174600e-02
vgdrv = 2.060891e+00
Reset re-loads circuit * error-amp-offset-mc monte carlo deck -- generated by sim/error-amp-offset-mc/run_amp_offset_mc.py, do not edit

Circuit: * error-amp-offset-mc monte carlo deck -- generated by sim/error-amp-offset-mc/run_amp_offset_mc.py, do not edit

option SCALE: Scale is set to 1e-06 for instance and model parameters
option SCALE: Scale is set to 1e-06 for instance and model parameters
option SCALE: Scale is set to 1e-06 for instance and model parameters
option SCALE: Scale is set to 1e-06 for instance and model parameters
Doing analysis at TEMP = 27.000000 and TNOM = 27.000000

Using KLU as Direct Linear Solver

No. of Data Rows : 1
vos = -1.96352e-04
vout = 1.210519e+00
dvbe8 = 6.229790e-02
veb8 = 7.310915e-01
dvbe1 = 6.349546e-02
rra = 8.821048e-02
rrb = 1.185741e-02
vgdrv = 2.059178e+00
Reset re-loads circuit * error-amp-offset-mc monte carlo deck -- generated by sim/error-amp-offset-mc/run_amp_offset_mc.py, do not edit

Circuit: * error-amp-offset-mc monte carlo deck -- generated by sim/error-amp-offset-mc/run_amp_offset_mc.py, do not edit

option SCALE: Scale is set to 1e-06 for instance and model parameters
option SCALE: Scale is set to 1e-06 for instance and model parameters
option SCALE: Scale is set to 1e-06 for instance and model parameters
option SCALE: Scale is set to 1e-06 for instance and model parameters
Doing analysis at TEMP = 27.000000 and TNOM = 27.000000

Using KLU as Direct Linear Solver
 Reference value :  0.00000e+00
No. of Data Rows : 1
vos = 5.486877e-04
vout = 1.201203e+00
dvbe8 = 6.221640e-02
veb8 = 7.310262e-01
dvbe1 = 6.303866e-02
rra = 8.814806e-02
rrb = 1.176356e-02
vgdrv = 2.061502e+00
Reset re-loads circuit * error-amp-offset-mc monte carlo deck -- generated by sim/error-amp-offset-mc/run_amp_offset_mc.py, do not edit

Circuit: * error-amp-offset-mc monte carlo deck -- generated by sim/error-amp-offset-mc/run_amp_offset_mc.py, do not edit

option SCALE: Scale is set to 1e-06 for instance and model parameters
option SCALE: Scale is set to 1e-06 for instance and model parameters
option SCALE: Scale is set to 1e-06 for instance and model parameters
option SCALE: Scale is set to 1e-06 for instance and model parameters
Doing analysis at TEMP = 27.000000 and TNOM = 27.000000

Using KLU as Direct Linear Solver

No. of Data Rows : 1
vos = -1.28704e-03
vout = 1.225867e+00
dvbe8 = 6.231646e-02
veb8 = 7.310949e-01
dvbe1 = 6.333342e-02
rra = 8.808004e-02
rrb = 1.178977e-02
vgdrv = 2.058033e+00
Reset re-loads circuit * error-amp-offset-mc monte carlo deck -- generated by sim/error-amp-offset-mc/run_amp_offset_mc.py, do not edit

Circuit: * error-amp-offset-mc monte carlo deck -- generated by sim/error-amp-offset-mc/run_amp_offset_mc.py, do not edit

option SCALE: Scale is set to 1e-06 for instance and model parameters
option SCALE: Scale is set to 1e-06 for instance and model parameters
option SCALE: Scale is set to 1e-06 for instance and model parameters
option SCALE: Scale is set to 1e-06 for instance and model parameters
Doing analysis at TEMP = 27.000000 and TNOM = 27.000000

Using KLU as Direct Linear Solver

No. of Data Rows : 1
vos = -4.19407e-04
vout = 1.215369e+00
dvbe8 = 6.224659e-02
veb8 = 7.310324e-01
dvbe1 = 6.279096e-02
rra = 8.821573e-02
rrb = 1.174499e-02
vgdrv = 2.057332e+00
Reset re-loads circuit * error-amp-offset-mc monte carlo deck -- generated by sim/error-amp-offset-mc/run_amp_offset_mc.py, do not edit

Circuit: * error-amp-offset-mc monte carlo deck -- generated by sim/error-amp-offset-mc/run_amp_offset_mc.py, do not edit

option SCALE: Scale is set to 1e-06 for instance and model parameters
option SCALE: Scale is set to 1e-06 for instance and model parameters
option SCALE: Scale is set to 1e-06 for instance and model parameters
option SCALE: Scale is set to 1e-06 for instance and model parameters
Doing analysis at TEMP = 27.000000 and TNOM = 27.000000

Using KLU as Direct Linear Solver

No. of Data Rows : 1
vos = 4.499698e-04
vout = 1.202663e+00
dvbe8 = 6.229753e-02
veb8 = 7.310465e-01
dvbe1 = 6.258823e-02
rra = 8.821583e-02
rrb = 1.177246e-02
vgdrv = 2.061722e+00
Reset re-loads circuit * error-amp-offset-mc monte carlo deck -- generated by sim/error-amp-offset-mc/run_amp_offset_mc.py, do not edit

Circuit: * error-amp-offset-mc monte carlo deck -- generated by sim/error-amp-offset-mc/run_amp_offset_mc.py, do not edit

option SCALE: Scale is set to 1e-06 for instance and model parameters
option SCALE: Scale is set to 1e-06 for instance and model parameters
option SCALE: Scale is set to 1e-06 for instance and model parameters
option SCALE: Scale is set to 1e-06 for instance and model parameters
Doing analysis at TEMP = 27.000000 and TNOM = 27.000000

Using KLU as Direct Linear Solver
 Reference value :  0.00000e+00
No. of Data Rows : 1
vos = 1.377740e-03
vout = 1.197594e+00
dvbe8 = 6.249339e-02
veb8 = 7.313110e-01
dvbe1 = 6.332038e-02
rra = 8.803616e-02
rrb = 1.172220e-02
vgdrv = 2.060153e+00
Reset re-loads circuit * error-amp-offset-mc monte carlo deck -- generated by sim/error-amp-offset-mc/run_amp_offset_mc.py, do not edit

Circuit: * error-amp-offset-mc monte carlo deck -- generated by sim/error-amp-offset-mc/run_amp_offset_mc.py, do not edit

option SCALE: Scale is set to 1e-06 for instance and model parameters
option SCALE: Scale is set to 1e-06 for instance and model parameters
option SCALE: Scale is set to 1e-06 for instance and model parameters
option SCALE: Scale is set to 1e-06 for instance and model parameters
Doing analysis at TEMP = 27.000000 and TNOM = 27.000000

Using KLU as Direct Linear Solver

No. of Data Rows : 1
vos = 2.625858e-04
vout = 1.203376e+00
dvbe8 = 6.232568e-02
veb8 = 7.311178e-01
dvbe1 = 6.346115e-02
rra = 8.824458e-02
rrb = 1.175611e-02
vgdrv = 2.062364e+00
Reset re-loads circuit * error-amp-offset-mc monte carlo deck -- generated by sim/error-amp-offset-mc/run_amp_offset_mc.py, do not edit

Circuit: * error-amp-offset-mc monte carlo deck -- generated by sim/error-amp-offset-mc/run_amp_offset_mc.py, do not edit

option SCALE: Scale is set to 1e-06 for instance and model parameters
option SCALE: Scale is set to 1e-06 for instance and model parameters
option SCALE: Scale is set to 1e-06 for instance and model parameters
option SCALE: Scale is set to 1e-06 for instance and model parameters
Doing analysis at TEMP = 27.000000 and TNOM = 27.000000

Using KLU as Direct Linear Solver

No. of Data Rows : 1
vos = -9.53974e-04
vout = 1.215004e+00
dvbe8 = 6.221277e-02
veb8 = 7.310284e-01
dvbe1 = 6.223108e-02
rra = 8.791728e-02
rrb = 1.174919e-02
vgdrv = 2.063093e+00
Reset re-loads circuit * error-amp-offset-mc monte carlo deck -- generated by sim/error-amp-offset-mc/run_amp_offset_mc.py, do not edit

Circuit: * error-amp-offset-mc monte carlo deck -- generated by sim/error-amp-offset-mc/run_amp_offset_mc.py, do not edit

option SCALE: Scale is set to 1e-06 for instance and model parameters
option SCALE: Scale is set to 1e-06 for instance and model parameters
option SCALE: Scale is set to 1e-06 for instance and model parameters
option SCALE: Scale is set to 1e-06 for instance and model parameters
Doing analysis at TEMP = 27.000000 and TNOM = 27.000000

Using KLU as Direct Linear Solver

No. of Data Rows : 1
vos = 2.597516e-04
vout = 1.207307e+00
dvbe8 = 6.203956e-02
veb8 = 7.308575e-01
dvbe1 = 6.318936e-02
rra = 8.806534e-02
rrb = 1.169414e-02
vgdrv = 2.062936e+00
Reset re-loads circuit * error-amp-offset-mc monte carlo deck -- generated by sim/error-amp-offset-mc/run_amp_offset_mc.py, do not edit

Circuit: * error-amp-offset-mc monte carlo deck -- generated by sim/error-amp-offset-mc/run_amp_offset_mc.py, do not edit

option SCALE: Scale is set to 1e-06 for instance and model parameters
option SCALE: Scale is set to 1e-06 for instance and model parameters
option SCALE: Scale is set to 1e-06 for instance and model parameters
option SCALE: Scale is set to 1e-06 for instance and model parameters
Doing analysis at TEMP = 27.000000 and TNOM = 27.000000

Using KLU as Direct Linear Solver
 Reference value :  0.00000e+00
No. of Data Rows : 1
vos = -1.14391e-03
vout = 1.223108e+00
dvbe8 = 6.207846e-02
veb8 = 7.308827e-01
dvbe1 = 6.291303e-02
rra = 8.822480e-02
rrb = 1.176951e-02
vgdrv = 2.058358e+00
Reset re-loads circuit * error-amp-offset-mc monte carlo deck -- generated by sim/error-amp-offset-mc/run_amp_offset_mc.py, do not edit

Circuit: * error-amp-offset-mc monte carlo deck -- generated by sim/error-amp-offset-mc/run_amp_offset_mc.py, do not edit

option SCALE: Scale is set to 1e-06 for instance and model parameters
option SCALE: Scale is set to 1e-06 for instance and model parameters
option SCALE: Scale is set to 1e-06 for instance and model parameters
option SCALE: Scale is set to 1e-06 for instance and model parameters
Doing analysis at TEMP = 27.000000 and TNOM = 27.000000

Using KLU as Direct Linear Solver

No. of Data Rows : 1
vos = 5.400794e-05
vout = 1.211492e+00
dvbe8 = 6.231165e-02
veb8 = 7.311206e-01
dvbe1 = 6.176494e-02
rra = 8.816839e-02
rrb = 1.176540e-02
vgdrv = 2.063890e+00
Reset re-loads circuit * error-amp-offset-mc monte carlo deck -- generated by sim/error-amp-offset-mc/run_amp_offset_mc.py, do not edit

Circuit: * error-amp-offset-mc monte carlo deck -- generated by sim/error-amp-offset-mc/run_amp_offset_mc.py, do not edit

option SCALE: Scale is set to 1e-06 for instance and model parameters
option SCALE: Scale is set to 1e-06 for instance and model parameters
option SCALE: Scale is set to 1e-06 for instance and model parameters
option SCALE: Scale is set to 1e-06 for instance and model parameters
Doing analysis at TEMP = 27.000000 and TNOM = 27.000000

Using KLU as Direct Linear Solver

No. of Data Rows : 1
vos = 4.386686e-05
vout = 1.207562e+00
dvbe8 = 6.240315e-02
veb8 = 7.311943e-01
dvbe1 = 6.368876e-02
rra = 8.808646e-02
rrb = 1.173951e-02
vgdrv = 2.063102e+00
Reset re-loads circuit * error-amp-offset-mc monte carlo deck -- generated by sim/error-amp-offset-mc/run_amp_offset_mc.py, do not edit

Circuit: * error-amp-offset-mc monte carlo deck -- generated by sim/error-amp-offset-mc/run_amp_offset_mc.py, do not edit

option SCALE: Scale is set to 1e-06 for instance and model parameters
option SCALE: Scale is set to 1e-06 for instance and model parameters
option SCALE: Scale is set to 1e-06 for instance and model parameters
option SCALE: Scale is set to 1e-06 for instance and model parameters
Doing analysis at TEMP = 27.000000 and TNOM = 27.000000

Using KLU as Direct Linear Solver

No. of Data Rows : 1
vos = -4.03481e-04
vout = 1.210763e+00
dvbe8 = 6.233125e-02
veb8 = 7.311040e-01
dvbe1 = 6.321271e-02
rra = 8.816543e-02
rrb = 1.181725e-02
vgdrv = 2.060738e+00
Reset re-loads circuit * error-amp-offset-mc monte carlo deck -- generated by sim/error-amp-offset-mc/run_amp_offset_mc.py, do not edit

Circuit: * error-amp-offset-mc monte carlo deck -- generated by sim/error-amp-offset-mc/run_amp_offset_mc.py, do not edit

option SCALE: Scale is set to 1e-06 for instance and model parameters
option SCALE: Scale is set to 1e-06 for instance and model parameters
option SCALE: Scale is set to 1e-06 for instance and model parameters
option SCALE: Scale is set to 1e-06 for instance and model parameters
Doing analysis at TEMP = 27.000000 and TNOM = 27.000000

Using KLU as Direct Linear Solver
 Reference value :  0.00000e+00
No. of Data Rows : 1
vos = -1.09247e-03
vout = 1.222385e+00
dvbe8 = 6.241086e-02
veb8 = 7.312354e-01
dvbe1 = 6.311866e-02
rra = 8.819838e-02
rrb = 1.176677e-02
vgdrv = 2.062369e+00
Reset re-loads circuit * error-amp-offset-mc monte carlo deck -- generated by sim/error-amp-offset-mc/run_amp_offset_mc.py, do not edit

Circuit: * error-amp-offset-mc monte carlo deck -- generated by sim/error-amp-offset-mc/run_amp_offset_mc.py, do not edit

option SCALE: Scale is set to 1e-06 for instance and model parameters
option SCALE: Scale is set to 1e-06 for instance and model parameters
option SCALE: Scale is set to 1e-06 for instance and model parameters
option SCALE: Scale is set to 1e-06 for instance and model parameters
Doing analysis at TEMP = 27.000000 and TNOM = 27.000000

Using KLU as Direct Linear Solver

No. of Data Rows : 1
vos = -6.79745e-04
vout = 1.220592e+00
dvbe8 = 6.262001e-02
veb8 = 7.314056e-01
dvbe1 = 6.281607e-02
rra = 8.809215e-02
rrb = 1.168267e-02
vgdrv = 2.056172e+00
Reset re-loads circuit * error-amp-offset-mc monte carlo deck -- generated by sim/error-amp-offset-mc/run_amp_offset_mc.py, do not edit

Circuit: * error-amp-offset-mc monte carlo deck -- generated by sim/error-amp-offset-mc/run_amp_offset_mc.py, do not edit

option SCALE: Scale is set to 1e-06 for instance and model parameters
option SCALE: Scale is set to 1e-06 for instance and model parameters
option SCALE: Scale is set to 1e-06 for instance and model parameters
option SCALE: Scale is set to 1e-06 for instance and model parameters
Doing analysis at TEMP = 27.000000 and TNOM = 27.000000

Using KLU as Direct Linear Solver

No. of Data Rows : 1
vos = -4.80507e-04
vout = 1.211295e+00
dvbe8 = 6.241923e-02
veb8 = 7.312245e-01
dvbe1 = 6.353186e-02
rra = 8.813422e-02
rrb = 1.174264e-02
vgdrv = 2.059419e+00
Reset re-loads circuit * error-amp-offset-mc monte carlo deck -- generated by sim/error-amp-offset-mc/run_amp_offset_mc.py, do not edit

Circuit: * error-amp-offset-mc monte carlo deck -- generated by sim/error-amp-offset-mc/run_amp_offset_mc.py, do not edit

option SCALE: Scale is set to 1e-06 for instance and model parameters
option SCALE: Scale is set to 1e-06 for instance and model parameters
option SCALE: Scale is set to 1e-06 for instance and model parameters
option SCALE: Scale is set to 1e-06 for instance and model parameters
Doing analysis at TEMP = 27.000000 and TNOM = 27.000000

Using KLU as Direct Linear Solver

No. of Data Rows : 1
vos = 5.941614e-04
vout = 1.202820e+00
dvbe8 = 6.234391e-02
veb8 = 7.311119e-01
dvbe1 = 6.307255e-02
rra = 8.809006e-02
rrb = 1.168888e-02
vgdrv = 2.063010e+00
Reset re-loads circuit * error-amp-offset-mc monte carlo deck -- generated by sim/error-amp-offset-mc/run_amp_offset_mc.py, do not edit

Circuit: * error-amp-offset-mc monte carlo deck -- generated by sim/error-amp-offset-mc/run_amp_offset_mc.py, do not edit

option SCALE: Scale is set to 1e-06 for instance and model parameters
option SCALE: Scale is set to 1e-06 for instance and model parameters
option SCALE: Scale is set to 1e-06 for instance and model parameters
option SCALE: Scale is set to 1e-06 for instance and model parameters
Doing analysis at TEMP = 27.000000 and TNOM = 27.000000

Using KLU as Direct Linear Solver
 Reference value :  0.00000e+00
No. of Data Rows : 1
vos = -8.28092e-04
vout = 1.220161e+00
dvbe8 = 6.260832e-02
veb8 = 7.313813e-01
dvbe1 = 6.243842e-02
rra = 8.836593e-02
rrb = 1.180612e-02
vgdrv = 2.060312e+00
Reset re-loads circuit * error-amp-offset-mc monte carlo deck -- generated by sim/error-amp-offset-mc/run_amp_offset_mc.py, do not edit

Circuit: * error-amp-offset-mc monte carlo deck -- generated by sim/error-amp-offset-mc/run_amp_offset_mc.py, do not edit

option SCALE: Scale is set to 1e-06 for instance and model parameters
option SCALE: Scale is set to 1e-06 for instance and model parameters
option SCALE: Scale is set to 1e-06 for instance and model parameters
option SCALE: Scale is set to 1e-06 for instance and model parameters
Doing analysis at TEMP = 27.000000 and TNOM = 27.000000

Using KLU as Direct Linear Solver

No. of Data Rows : 1
vos = -9.21693e-04
vout = 1.220189e+00
dvbe8 = 6.222405e-02
veb8 = 7.309930e-01
dvbe1 = 6.244612e-02
rra = 8.792560e-02
rrb = 1.182093e-02
vgdrv = 2.057186e+00
Reset re-loads circuit * error-amp-offset-mc monte carlo deck -- generated by sim/error-amp-offset-mc/run_amp_offset_mc.py, do not edit

Circuit: * error-amp-offset-mc monte carlo deck -- generated by sim/error-amp-offset-mc/run_amp_offset_mc.py, do not edit

option SCALE: Scale is set to 1e-06 for instance and model parameters
option SCALE: Scale is set to 1e-06 for instance and model parameters
option SCALE: Scale is set to 1e-06 for instance and model parameters
option SCALE: Scale is set to 1e-06 for instance and model parameters
Doing analysis at TEMP = 27.000000 and TNOM = 27.000000

Using KLU as Direct Linear Solver

No. of Data Rows : 1
vos = -1.49188e-03
vout = 1.224812e+00
dvbe8 = 6.237756e-02
veb8 = 7.311937e-01
dvbe1 = 6.297924e-02
rra = 8.810117e-02
rrb = 1.169349e-02
vgdrv = 2.055513e+00
Reset re-loads circuit * error-amp-offset-mc monte carlo deck -- generated by sim/error-amp-offset-mc/run_amp_offset_mc.py, do not edit

Circuit: * error-amp-offset-mc monte carlo deck -- generated by sim/error-amp-offset-mc/run_amp_offset_mc.py, do not edit

option SCALE: Scale is set to 1e-06 for instance and model parameters
option SCALE: Scale is set to 1e-06 for instance and model parameters
option SCALE: Scale is set to 1e-06 for instance and model parameters
option SCALE: Scale is set to 1e-06 for instance and model parameters
Doing analysis at TEMP = 27.000000 and TNOM = 27.000000

Using KLU as Direct Linear Solver

No. of Data Rows : 1
vos = -5.95887e-04
vout = 1.215922e+00
dvbe8 = 6.224774e-02
veb8 = 7.310266e-01
dvbe1 = 6.394158e-02
rra = 8.792253e-02
rrb = 1.185401e-02
vgdrv = 2.056387e+00
Reset re-loads circuit * error-amp-offset-mc monte carlo deck -- generated by sim/error-amp-offset-mc/run_amp_offset_mc.py, do not edit

Circuit: * error-amp-offset-mc monte carlo deck -- generated by sim/error-amp-offset-mc/run_amp_offset_mc.py, do not edit

option SCALE: Scale is set to 1e-06 for instance and model parameters
option SCALE: Scale is set to 1e-06 for instance and model parameters
option SCALE: Scale is set to 1e-06 for instance and model parameters
option SCALE: Scale is set to 1e-06 for instance and model parameters
Doing analysis at TEMP = 27.000000 and TNOM = 27.000000

Using KLU as Direct Linear Solver
 Reference value :  0.00000e+00
No. of Data Rows : 1
vos = 1.053922e-03
vout = 1.200490e+00
dvbe8 = 6.224107e-02
veb8 = 7.310453e-01
dvbe1 = 6.329992e-02
rra = 8.807795e-02
rrb = 1.172099e-02
vgdrv = 2.062758e+00
Reset re-loads circuit * error-amp-offset-mc monte carlo deck -- generated by sim/error-amp-offset-mc/run_amp_offset_mc.py, do not edit

Circuit: * error-amp-offset-mc monte carlo deck -- generated by sim/error-amp-offset-mc/run_amp_offset_mc.py, do not edit

option SCALE: Scale is set to 1e-06 for instance and model parameters
option SCALE: Scale is set to 1e-06 for instance and model parameters
option SCALE: Scale is set to 1e-06 for instance and model parameters
option SCALE: Scale is set to 1e-06 for instance and model parameters
Doing analysis at TEMP = 27.000000 and TNOM = 27.000000

Using KLU as Direct Linear Solver

No. of Data Rows : 1
vos = 9.960377e-05
vout = 1.206678e+00
dvbe8 = 6.227194e-02
veb8 = 7.310385e-01
dvbe1 = 6.243897e-02
rra = 8.802739e-02
rrb = 1.179952e-02
vgdrv = 2.056175e+00
Reset re-loads circuit * error-amp-offset-mc monte carlo deck -- generated by sim/error-amp-offset-mc/run_amp_offset_mc.py, do not edit

Circuit: * error-amp-offset-mc monte carlo deck -- generated by sim/error-amp-offset-mc/run_amp_offset_mc.py, do not edit

option SCALE: Scale is set to 1e-06 for instance and model parameters
option SCALE: Scale is set to 1e-06 for instance and model parameters
option SCALE: Scale is set to 1e-06 for instance and model parameters
option SCALE: Scale is set to 1e-06 for instance and model parameters
Doing analysis at TEMP = 27.000000 and TNOM = 27.000000

Using KLU as Direct Linear Solver

No. of Data Rows : 1
vos = -5.46404e-04
vout = 1.212935e+00
dvbe8 = 6.224121e-02
veb8 = 7.310047e-01
dvbe1 = 6.374347e-02
rra = 8.813691e-02
rrb = 1.171041e-02
vgdrv = 2.059576e+00
Reset re-loads circuit * error-amp-offset-mc monte carlo deck -- generated by sim/error-amp-offset-mc/run_amp_offset_mc.py, do not edit

Circuit: * error-amp-offset-mc monte carlo deck -- generated by sim/error-amp-offset-mc/run_amp_offset_mc.py, do not edit

option SCALE: Scale is set to 1e-06 for instance and model parameters
option SCALE: Scale is set to 1e-06 for instance and model parameters
option SCALE: Scale is set to 1e-06 for instance and model parameters
option SCALE: Scale is set to 1e-06 for instance and model parameters
Doing analysis at TEMP = 27.000000 and TNOM = 27.000000

Using KLU as Direct Linear Solver

No. of Data Rows : 1
vos = -3.17195e-04
vout = 1.207740e+00
dvbe8 = 6.234827e-02
veb8 = 7.311338e-01
dvbe1 = 6.339774e-02
rra = 8.783104e-02
rrb = 1.175747e-02
vgdrv = 2.058856e+00
Reset re-loads circuit * error-amp-offset-mc monte carlo deck -- generated by sim/error-amp-offset-mc/run_amp_offset_mc.py, do not edit

Circuit: * error-amp-offset-mc monte carlo deck -- generated by sim/error-amp-offset-mc/run_amp_offset_mc.py, do not edit

option SCALE: Scale is set to 1e-06 for instance and model parameters
option SCALE: Scale is set to 1e-06 for instance and model parameters
option SCALE: Scale is set to 1e-06 for instance and model parameters
option SCALE: Scale is set to 1e-06 for instance and model parameters
Doing analysis at TEMP = 27.000000 and TNOM = 27.000000

Using KLU as Direct Linear Solver
 Reference value :  0.00000e+00
No. of Data Rows : 1
vos = -8.28336e-04
vout = 1.213594e+00
dvbe8 = 6.213805e-02
veb8 = 7.309349e-01
dvbe1 = 6.328354e-02
rra = 8.818333e-02
rrb = 1.180308e-02
vgdrv = 2.057327e+00
Reset re-loads circuit * error-amp-offset-mc monte carlo deck -- generated by sim/error-amp-offset-mc/run_amp_offset_mc.py, do not edit

Circuit: * error-amp-offset-mc monte carlo deck -- generated by sim/error-amp-offset-mc/run_amp_offset_mc.py, do not edit

option SCALE: Scale is set to 1e-06 for instance and model parameters
option SCALE: Scale is set to 1e-06 for instance and model parameters
option SCALE: Scale is set to 1e-06 for instance and model parameters
option SCALE: Scale is set to 1e-06 for instance and model parameters
Doing analysis at TEMP = 27.000000 and TNOM = 27.000000

Using KLU as Direct Linear Solver

No. of Data Rows : 1
vos = 1.596209e-04
vout = 1.209347e+00
dvbe8 = 6.220459e-02
veb8 = 7.310119e-01
dvbe1 = 6.208545e-02
rra = 8.786664e-02
rrb = 1.177821e-02
vgdrv = 2.058429e+00
Reset re-loads circuit * error-amp-offset-mc monte carlo deck -- generated by sim/error-amp-offset-mc/run_amp_offset_mc.py, do not edit

Circuit: * error-amp-offset-mc monte carlo deck -- generated by sim/error-amp-offset-mc/run_amp_offset_mc.py, do not edit

option SCALE: Scale is set to 1e-06 for instance and model parameters
option SCALE: Scale is set to 1e-06 for instance and model parameters
option SCALE: Scale is set to 1e-06 for instance and model parameters
option SCALE: Scale is set to 1e-06 for instance and model parameters
Doing analysis at TEMP = 27.000000 and TNOM = 27.000000

Using KLU as Direct Linear Solver

No. of Data Rows : 1
vos = 2.262826e-04
vout = 1.202952e+00
dvbe8 = 6.244271e-02
veb8 = 7.312359e-01
dvbe1 = 6.267825e-02
rra = 8.800322e-02
rrb = 1.172552e-02
vgdrv = 2.064168e+00
Reset re-loads circuit * error-amp-offset-mc monte carlo deck -- generated by sim/error-amp-offset-mc/run_amp_offset_mc.py, do not edit

Circuit: * error-amp-offset-mc monte carlo deck -- generated by sim/error-amp-offset-mc/run_amp_offset_mc.py, do not edit

option SCALE: Scale is set to 1e-06 for instance and model parameters
option SCALE: Scale is set to 1e-06 for instance and model parameters
option SCALE: Scale is set to 1e-06 for instance and model parameters
option SCALE: Scale is set to 1e-06 for instance and model parameters
Doing analysis at TEMP = 27.000000 and TNOM = 27.000000

Using KLU as Direct Linear Solver

No. of Data Rows : 1
vos = -1.79142e-04
vout = 1.210044e+00
dvbe8 = 6.239203e-02
veb8 = 7.311696e-01
dvbe1 = 6.278717e-02
rra = 8.830144e-02
rrb = 1.174399e-02
vgdrv = 2.058716e+00
Reset re-loads circuit * error-amp-offset-mc monte carlo deck -- generated by sim/error-amp-offset-mc/run_amp_offset_mc.py, do not edit

Circuit: * error-amp-offset-mc monte carlo deck -- generated by sim/error-amp-offset-mc/run_amp_offset_mc.py, do not edit

option SCALE: Scale is set to 1e-06 for instance and model parameters
option SCALE: Scale is set to 1e-06 for instance and model parameters
option SCALE: Scale is set to 1e-06 for instance and model parameters
option SCALE: Scale is set to 1e-06 for instance and model parameters
Doing analysis at TEMP = 27.000000 and TNOM = 27.000000

Using KLU as Direct Linear Solver
 Reference value :  0.00000e+00
No. of Data Rows : 1
vos = -5.97960e-04
vout = 1.214149e+00
dvbe8 = 6.235336e-02
veb8 = 7.311811e-01
dvbe1 = 6.301114e-02
rra = 8.805388e-02
rrb = 1.182908e-02
vgdrv = 2.063446e+00
Reset re-loads circuit * error-amp-offset-mc monte carlo deck -- generated by sim/error-amp-offset-mc/run_amp_offset_mc.py, do not edit

Circuit: * error-amp-offset-mc monte carlo deck -- generated by sim/error-amp-offset-mc/run_amp_offset_mc.py, do not edit

option SCALE: Scale is set to 1e-06 for instance and model parameters
option SCALE: Scale is set to 1e-06 for instance and model parameters
option SCALE: Scale is set to 1e-06 for instance and model parameters
option SCALE: Scale is set to 1e-06 for instance and model parameters
Doing analysis at TEMP = 27.000000 and TNOM = 27.000000

Using KLU as Direct Linear Solver

No. of Data Rows : 1
vos = -1.84090e-03
vout = 1.227895e+00
dvbe8 = 6.250762e-02
veb8 = 7.312589e-01
dvbe1 = 6.314131e-02
rra = 8.814616e-02
rrb = 1.171919e-02
vgdrv = 2.052298e+00
Reset re-loads circuit * error-amp-offset-mc monte carlo deck -- generated by sim/error-amp-offset-mc/run_amp_offset_mc.py, do not edit

Circuit: * error-amp-offset-mc monte carlo deck -- generated by sim/error-amp-offset-mc/run_amp_offset_mc.py, do not edit

option SCALE: Scale is set to 1e-06 for instance and model parameters
option SCALE: Scale is set to 1e-06 for instance and model parameters
option SCALE: Scale is set to 1e-06 for instance and model parameters
option SCALE: Scale is set to 1e-06 for instance and model parameters
Doing analysis at TEMP = 27.000000 and TNOM = 27.000000

Using KLU as Direct Linear Solver

No. of Data Rows : 1
vos = 5.962375e-04
vout = 1.201328e+00
dvbe8 = 6.221658e-02
veb8 = 7.310098e-01
dvbe1 = 6.273899e-02
rra = 8.818938e-02
rrb = 1.177251e-02
vgdrv = 2.063831e+00
Reset re-loads circuit * error-amp-offset-mc monte carlo deck -- generated by sim/error-amp-offset-mc/run_amp_offset_mc.py, do not edit

Circuit: * error-amp-offset-mc monte carlo deck -- generated by sim/error-amp-offset-mc/run_amp_offset_mc.py, do not edit

option SCALE: Scale is set to 1e-06 for instance and model parameters
option SCALE: Scale is set to 1e-06 for instance and model parameters
option SCALE: Scale is set to 1e-06 for instance and model parameters
option SCALE: Scale is set to 1e-06 for instance and model parameters
Doing analysis at TEMP = 27.000000 and TNOM = 27.000000

Using KLU as Direct Linear Solver

No. of Data Rows : 1
vos = -1.61020e-04
vout = 1.205658e+00
dvbe8 = 6.253129e-02
veb8 = 7.313366e-01
dvbe1 = 6.392857e-02
rra = 8.782535e-02
rrb = 1.185087e-02
vgdrv = 2.060618e+00
Reset re-loads circuit * error-amp-offset-mc monte carlo deck -- generated by sim/error-amp-offset-mc/run_amp_offset_mc.py, do not edit

Circuit: * error-amp-offset-mc monte carlo deck -- generated by sim/error-amp-offset-mc/run_amp_offset_mc.py, do not edit

option SCALE: Scale is set to 1e-06 for instance and model parameters
option SCALE: Scale is set to 1e-06 for instance and model parameters
option SCALE: Scale is set to 1e-06 for instance and model parameters
option SCALE: Scale is set to 1e-06 for instance and model parameters
Doing analysis at TEMP = 27.000000 and TNOM = 27.000000

Using KLU as Direct Linear Solver
 Reference value :  0.00000e+00
No. of Data Rows : 1
vos = -3.24171e-04
vout = 1.219562e+00
dvbe8 = 6.219651e-02
veb8 = 7.309702e-01
dvbe1 = 6.281448e-02
rra = 8.795555e-02
rrb = 1.172696e-02
vgdrv = 2.056204e+00
Reset re-loads circuit * error-amp-offset-mc monte carlo deck -- generated by sim/error-amp-offset-mc/run_amp_offset_mc.py, do not edit

Circuit: * error-amp-offset-mc monte carlo deck -- generated by sim/error-amp-offset-mc/run_amp_offset_mc.py, do not edit

option SCALE: Scale is set to 1e-06 for instance and model parameters
option SCALE: Scale is set to 1e-06 for instance and model parameters
option SCALE: Scale is set to 1e-06 for instance and model parameters
option SCALE: Scale is set to 1e-06 for instance and model parameters
Doing analysis at TEMP = 27.000000 and TNOM = 27.000000

Using KLU as Direct Linear Solver

No. of Data Rows : 1
vos = -2.91632e-04
vout = 1.209474e+00
dvbe8 = 6.255041e-02
veb8 = 7.313361e-01
dvbe1 = 6.343693e-02
rra = 8.789032e-02
rrb = 1.173684e-02
vgdrv = 2.058508e+00
Reset re-loads circuit * error-amp-offset-mc monte carlo deck -- generated by sim/error-amp-offset-mc/run_amp_offset_mc.py, do not edit

Circuit: * error-amp-offset-mc monte carlo deck -- generated by sim/error-amp-offset-mc/run_amp_offset_mc.py, do not edit

option SCALE: Scale is set to 1e-06 for instance and model parameters
option SCALE: Scale is set to 1e-06 for instance and model parameters
option SCALE: Scale is set to 1e-06 for instance and model parameters
option SCALE: Scale is set to 1e-06 for instance and model parameters
Doing analysis at TEMP = 27.000000 and TNOM = 27.000000

Using KLU as Direct Linear Solver

No. of Data Rows : 1
vos = -1.96146e-04
vout = 1.210013e+00
dvbe8 = 6.216990e-02
veb8 = 7.309636e-01
dvbe1 = 6.239066e-02
rra = 8.802604e-02
rrb = 1.171251e-02
vgdrv = 2.060928e+00
Reset re-loads circuit * error-amp-offset-mc monte carlo deck -- generated by sim/error-amp-offset-mc/run_amp_offset_mc.py, do not edit

Circuit: * error-amp-offset-mc monte carlo deck -- generated by sim/error-amp-offset-mc/run_amp_offset_mc.py, do not edit

option SCALE: Scale is set to 1e-06 for instance and model parameters
option SCALE: Scale is set to 1e-06 for instance and model parameters
option SCALE: Scale is set to 1e-06 for instance and model parameters
option SCALE: Scale is set to 1e-06 for instance and model parameters
Doing analysis at TEMP = 27.000000 and TNOM = 27.000000

Using KLU as Direct Linear Solver

No. of Data Rows : 1
vos = -1.27450e-03
vout = 1.216081e+00
dvbe8 = 6.248609e-02
veb8 = 7.312724e-01
dvbe1 = 6.388108e-02
rra = 8.804324e-02
rrb = 1.176365e-02
vgdrv = 2.057392e+00
Reset re-loads circuit * error-amp-offset-mc monte carlo deck -- generated by sim/error-amp-offset-mc/run_amp_offset_mc.py, do not edit

Circuit: * error-amp-offset-mc monte carlo deck -- generated by sim/error-amp-offset-mc/run_amp_offset_mc.py, do not edit

option SCALE: Scale is set to 1e-06 for instance and model parameters
option SCALE: Scale is set to 1e-06 for instance and model parameters
option SCALE: Scale is set to 1e-06 for instance and model parameters
option SCALE: Scale is set to 1e-06 for instance and model parameters
Doing analysis at TEMP = 27.000000 and TNOM = 27.000000

Using KLU as Direct Linear Solver
 Reference value :  0.00000e+00
No. of Data Rows : 1
vos = -1.97835e-04
vout = 1.208709e+00
dvbe8 = 6.253128e-02
veb8 = 7.313482e-01
dvbe1 = 6.303254e-02
rra = 8.810564e-02
rrb = 1.175578e-02
vgdrv = 2.059532e+00
Reset re-loads circuit * error-amp-offset-mc monte carlo deck -- generated by sim/error-amp-offset-mc/run_amp_offset_mc.py, do not edit

Circuit: * error-amp-offset-mc monte carlo deck -- generated by sim/error-amp-offset-mc/run_amp_offset_mc.py, do not edit

option SCALE: Scale is set to 1e-06 for instance and model parameters
option SCALE: Scale is set to 1e-06 for instance and model parameters
option SCALE: Scale is set to 1e-06 for instance and model parameters
option SCALE: Scale is set to 1e-06 for instance and model parameters
Doing analysis at TEMP = 27.000000 and TNOM = 27.000000

Using KLU as Direct Linear Solver

No. of Data Rows : 1
vos = 8.560505e-04
vout = 1.197755e+00
dvbe8 = 6.251771e-02
veb8 = 7.312693e-01
dvbe1 = 6.313722e-02
rra = 8.818500e-02
rrb = 1.175276e-02
vgdrv = 2.061028e+00
Reset re-loads circuit * error-amp-offset-mc monte carlo deck -- generated by sim/error-amp-offset-mc/run_amp_offset_mc.py, do not edit

Circuit: * error-amp-offset-mc monte carlo deck -- generated by sim/error-amp-offset-mc/run_amp_offset_mc.py, do not edit

option SCALE: Scale is set to 1e-06 for instance and model parameters
option SCALE: Scale is set to 1e-06 for instance and model parameters
option SCALE: Scale is set to 1e-06 for instance and model parameters
option SCALE: Scale is set to 1e-06 for instance and model parameters
Doing analysis at TEMP = 27.000000 and TNOM = 27.000000

Using KLU as Direct Linear Solver

No. of Data Rows : 1
vos = 1.182760e-04
vout = 1.208971e+00
dvbe8 = 6.258465e-02
veb8 = 7.313409e-01
dvbe1 = 6.246133e-02
rra = 8.803774e-02
rrb = 1.176961e-02
vgdrv = 2.065164e+00
Reset re-loads circuit * error-amp-offset-mc monte carlo deck -- generated by sim/error-amp-offset-mc/run_amp_offset_mc.py, do not edit

Circuit: * error-amp-offset-mc monte carlo deck -- generated by sim/error-amp-offset-mc/run_amp_offset_mc.py, do not edit

option SCALE: Scale is set to 1e-06 for instance and model parameters
option SCALE: Scale is set to 1e-06 for instance and model parameters
option SCALE: Scale is set to 1e-06 for instance and model parameters
option SCALE: Scale is set to 1e-06 for instance and model parameters
Doing analysis at TEMP = 27.000000 and TNOM = 27.000000

Using KLU as Direct Linear Solver

No. of Data Rows : 1
vos = 1.647832e-04
vout = 1.207459e+00
dvbe8 = 6.219402e-02
veb8 = 7.309841e-01
dvbe1 = 6.309075e-02
rra = 8.793136e-02
rrb = 1.171909e-02
vgdrv = 2.064205e+00
Reset re-loads circuit * error-amp-offset-mc monte carlo deck -- generated by sim/error-amp-offset-mc/run_amp_offset_mc.py, do not edit

Circuit: * error-amp-offset-mc monte carlo deck -- generated by sim/error-amp-offset-mc/run_amp_offset_mc.py, do not edit

option SCALE: Scale is set to 1e-06 for instance and model parameters
option SCALE: Scale is set to 1e-06 for instance and model parameters
option SCALE: Scale is set to 1e-06 for instance and model parameters
option SCALE: Scale is set to 1e-06 for instance and model parameters
Doing analysis at TEMP = 27.000000 and TNOM = 27.000000

Using KLU as Direct Linear Solver
 Reference value :  0.00000e+00
No. of Data Rows : 1
vos = -1.27180e-03
vout = 1.220620e+00
dvbe8 = 6.245791e-02
veb8 = 7.312311e-01
dvbe1 = 6.307504e-02
rra = 8.816462e-02
rrb = 1.180719e-02
vgdrv = 2.058472e+00
Reset re-loads circuit * error-amp-offset-mc monte carlo deck -- generated by sim/error-amp-offset-mc/run_amp_offset_mc.py, do not edit

Circuit: * error-amp-offset-mc monte carlo deck -- generated by sim/error-amp-offset-mc/run_amp_offset_mc.py, do not edit

option SCALE: Scale is set to 1e-06 for instance and model parameters
option SCALE: Scale is set to 1e-06 for instance and model parameters
option SCALE: Scale is set to 1e-06 for instance and model parameters
option SCALE: Scale is set to 1e-06 for instance and model parameters
Doing analysis at TEMP = 27.000000 and TNOM = 27.000000

Using KLU as Direct Linear Solver

No. of Data Rows : 1
vos = -8.48721e-04
vout = 1.218340e+00
dvbe8 = 6.199009e-02
veb8 = 7.308070e-01
dvbe1 = 6.356543e-02
rra = 8.785700e-02
rrb = 1.168221e-02
vgdrv = 2.058281e+00
Reset re-loads circuit * error-amp-offset-mc monte carlo deck -- generated by sim/error-amp-offset-mc/run_amp_offset_mc.py, do not edit

Circuit: * error-amp-offset-mc monte carlo deck -- generated by sim/error-amp-offset-mc/run_amp_offset_mc.py, do not edit

option SCALE: Scale is set to 1e-06 for instance and model parameters
option SCALE: Scale is set to 1e-06 for instance and model parameters
option SCALE: Scale is set to 1e-06 for instance and model parameters
option SCALE: Scale is set to 1e-06 for instance and model parameters
Doing analysis at TEMP = 27.000000 and TNOM = 27.000000

Using KLU as Direct Linear Solver

No. of Data Rows : 1
vos = 1.640821e-04
vout = 1.202507e+00
dvbe8 = 6.219869e-02
veb8 = 7.309567e-01
dvbe1 = 6.290802e-02
rra = 8.799180e-02
rrb = 1.184166e-02
vgdrv = 2.063843e+00
Reset re-loads circuit * error-amp-offset-mc monte carlo deck -- generated by sim/error-amp-offset-mc/run_amp_offset_mc.py, do not edit

Circuit: * error-amp-offset-mc monte carlo deck -- generated by sim/error-amp-offset-mc/run_amp_offset_mc.py, do not edit

option SCALE: Scale is set to 1e-06 for instance and model parameters
option SCALE: Scale is set to 1e-06 for instance and model parameters
option SCALE: Scale is set to 1e-06 for instance and model parameters
option SCALE: Scale is set to 1e-06 for instance and model parameters
Doing analysis at TEMP = 27.000000 and TNOM = 27.000000

Using KLU as Direct Linear Solver

No. of Data Rows : 1
vos = -3.28786e-04
vout = 1.212790e+00
dvbe8 = 6.245793e-02
veb8 = 7.312656e-01
dvbe1 = 6.305523e-02
rra = 8.831720e-02
rrb = 1.174567e-02
vgdrv = 2.060489e+00
Reset re-loads circuit * error-amp-offset-mc monte carlo deck -- generated by sim/error-amp-offset-mc/run_amp_offset_mc.py, do not edit

Circuit: * error-amp-offset-mc monte carlo deck -- generated by sim/error-amp-offset-mc/run_amp_offset_mc.py, do not edit

option SCALE: Scale is set to 1e-06 for instance and model parameters
option SCALE: Scale is set to 1e-06 for instance and model parameters
option SCALE: Scale is set to 1e-06 for instance and model parameters
option SCALE: Scale is set to 1e-06 for instance and model parameters
Doing analysis at TEMP = 27.000000 and TNOM = 27.000000

Using KLU as Direct Linear Solver
 Reference value :  0.00000e+00
No. of Data Rows : 1
vos = -1.26840e-04
vout = 1.206986e+00
dvbe8 = 6.270971e-02
veb8 = 7.315086e-01
dvbe1 = 6.377390e-02
rra = 8.809471e-02
rrb = 1.172658e-02
vgdrv = 2.061131e+00
Reset re-loads circuit * error-amp-offset-mc monte carlo deck -- generated by sim/error-amp-offset-mc/run_amp_offset_mc.py, do not edit

Circuit: * error-amp-offset-mc monte carlo deck -- generated by sim/error-amp-offset-mc/run_amp_offset_mc.py, do not edit

option SCALE: Scale is set to 1e-06 for instance and model parameters
option SCALE: Scale is set to 1e-06 for instance and model parameters
option SCALE: Scale is set to 1e-06 for instance and model parameters
option SCALE: Scale is set to 1e-06 for instance and model parameters
Doing analysis at TEMP = 27.000000 and TNOM = 27.000000

Using KLU as Direct Linear Solver

No. of Data Rows : 1
vos = -1.51495e-04
vout = 1.214066e+00
dvbe8 = 6.247343e-02
veb8 = 7.312567e-01
dvbe1 = 6.311699e-02
rra = 8.796923e-02
rrb = 1.171034e-02
vgdrv = 2.057291e+00
Reset re-loads circuit * error-amp-offset-mc monte carlo deck -- generated by sim/error-amp-offset-mc/run_amp_offset_mc.py, do not edit

Circuit: * error-amp-offset-mc monte carlo deck -- generated by sim/error-amp-offset-mc/run_amp_offset_mc.py, do not edit

option SCALE: Scale is set to 1e-06 for instance and model parameters
option SCALE: Scale is set to 1e-06 for instance and model parameters
option SCALE: Scale is set to 1e-06 for instance and model parameters
option SCALE: Scale is set to 1e-06 for instance and model parameters
Doing analysis at TEMP = 27.000000 and TNOM = 27.000000

Using KLU as Direct Linear Solver

No. of Data Rows : 1
vos = 5.202215e-04
vout = 1.199073e+00
dvbe8 = 6.241713e-02
veb8 = 7.312607e-01
dvbe1 = 6.267455e-02
rra = 8.804772e-02
rrb = 1.175073e-02
vgdrv = 2.066078e+00
Reset re-loads circuit * error-amp-offset-mc monte carlo deck -- generated by sim/error-amp-offset-mc/run_amp_offset_mc.py, do not edit

Circuit: * error-amp-offset-mc monte carlo deck -- generated by sim/error-amp-offset-mc/run_amp_offset_mc.py, do not edit

option SCALE: Scale is set to 1e-06 for instance and model parameters
option SCALE: Scale is set to 1e-06 for instance and model parameters
option SCALE: Scale is set to 1e-06 for instance and model parameters
option SCALE: Scale is set to 1e-06 for instance and model parameters
Doing analysis at TEMP = 27.000000 and TNOM = 27.000000

Using KLU as Direct Linear Solver

No. of Data Rows : 1
vos = -4.29600e-04
vout = 1.216325e+00
dvbe8 = 6.231471e-02
veb8 = 7.311043e-01
dvbe1 = 6.214003e-02
rra = 8.812190e-02
rrb = 1.167748e-02
vgdrv = 2.060225e+00
Reset re-loads circuit * error-amp-offset-mc monte carlo deck -- generated by sim/error-amp-offset-mc/run_amp_offset_mc.py, do not edit

Circuit: * error-amp-offset-mc monte carlo deck -- generated by sim/error-amp-offset-mc/run_amp_offset_mc.py, do not edit

option SCALE: Scale is set to 1e-06 for instance and model parameters
option SCALE: Scale is set to 1e-06 for instance and model parameters
option SCALE: Scale is set to 1e-06 for instance and model parameters
option SCALE: Scale is set to 1e-06 for instance and model parameters
Doing analysis at TEMP = 27.000000 and TNOM = 27.000000

Using KLU as Direct Linear Solver
 Reference value :  0.00000e+00
No. of Data Rows : 1
vos = -4.55245e-04
vout = 1.211313e+00
dvbe8 = 6.254564e-02
veb8 = 7.313458e-01
dvbe1 = 6.278446e-02
rra = 8.820931e-02
rrb = 1.176601e-02
vgdrv = 2.059740e+00
Reset re-loads circuit * error-amp-offset-mc monte carlo deck -- generated by sim/error-amp-offset-mc/run_amp_offset_mc.py, do not edit

Circuit: * error-amp-offset-mc monte carlo deck -- generated by sim/error-amp-offset-mc/run_amp_offset_mc.py, do not edit

option SCALE: Scale is set to 1e-06 for instance and model parameters
option SCALE: Scale is set to 1e-06 for instance and model parameters
option SCALE: Scale is set to 1e-06 for instance and model parameters
option SCALE: Scale is set to 1e-06 for instance and model parameters
Doing analysis at TEMP = 27.000000 and TNOM = 27.000000

Using KLU as Direct Linear Solver

No. of Data Rows : 1
vos = -5.15807e-04
vout = 1.210194e+00
dvbe8 = 6.223867e-02
veb8 = 7.310253e-01
dvbe1 = 6.366374e-02
rra = 8.792559e-02
rrb = 1.168183e-02
vgdrv = 2.062425e+00
Reset re-loads circuit * error-amp-offset-mc monte carlo deck -- generated by sim/error-amp-offset-mc/run_amp_offset_mc.py, do not edit

Circuit: * error-amp-offset-mc monte carlo deck -- generated by sim/error-amp-offset-mc/run_amp_offset_mc.py, do not edit

option SCALE: Scale is set to 1e-06 for instance and model parameters
option SCALE: Scale is set to 1e-06 for instance and model parameters
option SCALE: Scale is set to 1e-06 for instance and model parameters
option SCALE: Scale is set to 1e-06 for instance and model parameters
Doing analysis at TEMP = 27.000000 and TNOM = 27.000000

Using KLU as Direct Linear Solver

No. of Data Rows : 1
vos = 1.563265e-05
vout = 1.206955e+00
dvbe8 = 6.240339e-02
veb8 = 7.312443e-01
dvbe1 = 6.247051e-02
rra = 8.821375e-02
rrb = 1.177732e-02
vgdrv = 2.060314e+00
Reset re-loads circuit * error-amp-offset-mc monte carlo deck -- generated by sim/error-amp-offset-mc/run_amp_offset_mc.py, do not edit

Circuit: * error-amp-offset-mc monte carlo deck -- generated by sim/error-amp-offset-mc/run_amp_offset_mc.py, do not edit

option SCALE: Scale is set to 1e-06 for instance and model parameters
option SCALE: Scale is set to 1e-06 for instance and model parameters
option SCALE: Scale is set to 1e-06 for instance and model parameters
option SCALE: Scale is set to 1e-06 for instance and model parameters
Doing analysis at TEMP = 27.000000 and TNOM = 27.000000

Using KLU as Direct Linear Solver

No. of Data Rows : 1
vos = -5.22431e-04
vout = 1.220358e+00
dvbe8 = 6.220681e-02
veb8 = 7.310210e-01
dvbe1 = 6.284462e-02
rra = 8.799309e-02
rrb = 1.176988e-02
vgdrv = 2.056827e+00
Reset re-loads circuit * error-amp-offset-mc monte carlo deck -- generated by sim/error-amp-offset-mc/run_amp_offset_mc.py, do not edit

Circuit: * error-amp-offset-mc monte carlo deck -- generated by sim/error-amp-offset-mc/run_amp_offset_mc.py, do not edit

option SCALE: Scale is set to 1e-06 for instance and model parameters
option SCALE: Scale is set to 1e-06 for instance and model parameters
option SCALE: Scale is set to 1e-06 for instance and model parameters
option SCALE: Scale is set to 1e-06 for instance and model parameters
Doing analysis at TEMP = 27.000000 and TNOM = 27.000000

Using KLU as Direct Linear Solver
 Reference value :  0.00000e+00
No. of Data Rows : 1
vos = -4.57547e-06
vout = 1.211380e+00
dvbe8 = 6.255440e-02
veb8 = 7.313556e-01
dvbe1 = 6.341629e-02
rra = 8.804292e-02
rrb = 1.178099e-02
vgdrv = 2.059259e+00
Reset re-loads circuit * error-amp-offset-mc monte carlo deck -- generated by sim/error-amp-offset-mc/run_amp_offset_mc.py, do not edit

Circuit: * error-amp-offset-mc monte carlo deck -- generated by sim/error-amp-offset-mc/run_amp_offset_mc.py, do not edit

option SCALE: Scale is set to 1e-06 for instance and model parameters
option SCALE: Scale is set to 1e-06 for instance and model parameters
option SCALE: Scale is set to 1e-06 for instance and model parameters
option SCALE: Scale is set to 1e-06 for instance and model parameters
Doing analysis at TEMP = 27.000000 and TNOM = 27.000000

Using KLU as Direct Linear Solver

No. of Data Rows : 1
vos = 1.121034e-03
vout = 1.189329e+00
dvbe8 = 6.242625e-02
veb8 = 7.311993e-01
dvbe1 = 6.283198e-02
rra = 8.807449e-02
rrb = 1.176675e-02
vgdrv = 2.068518e+00
Reset re-loads circuit * error-amp-offset-mc monte carlo deck -- generated by sim/error-amp-offset-mc/run_amp_offset_mc.py, do not edit

Circuit: * error-amp-offset-mc monte carlo deck -- generated by sim/error-amp-offset-mc/run_amp_offset_mc.py, do not edit

option SCALE: Scale is set to 1e-06 for instance and model parameters
option SCALE: Scale is set to 1e-06 for instance and model parameters
option SCALE: Scale is set to 1e-06 for instance and model parameters
option SCALE: Scale is set to 1e-06 for instance and model parameters
Doing analysis at TEMP = 27.000000 and TNOM = 27.000000

Using KLU as Direct Linear Solver

No. of Data Rows : 1
vos = 2.318289e-04
vout = 1.213086e+00
dvbe8 = 6.248820e-02
veb8 = 7.313111e-01
dvbe1 = 6.281513e-02
rra = 8.803650e-02
rrb = 1.176976e-02
vgdrv = 2.057863e+00
Reset re-loads circuit * error-amp-offset-mc monte carlo deck -- generated by sim/error-amp-offset-mc/run_amp_offset_mc.py, do not edit

Circuit: * error-amp-offset-mc monte carlo deck -- generated by sim/error-amp-offset-mc/run_amp_offset_mc.py, do not edit

option SCALE: Scale is set to 1e-06 for instance and model parameters
option SCALE: Scale is set to 1e-06 for instance and model parameters
option SCALE: Scale is set to 1e-06 for instance and model parameters
option SCALE: Scale is set to 1e-06 for instance and model parameters
Doing analysis at TEMP = 27.000000 and TNOM = 27.000000

Using KLU as Direct Linear Solver

No. of Data Rows : 1
vos = -4.87430e-04
vout = 1.213512e+00
dvbe8 = 6.245623e-02
veb8 = 7.312024e-01
dvbe1 = 6.307515e-02
rra = 8.821850e-02
rrb = 1.173549e-02
vgdrv = 2.063694e+00
Reset re-loads circuit * error-amp-offset-mc monte carlo deck -- generated by sim/error-amp-offset-mc/run_amp_offset_mc.py, do not edit

Circuit: * error-amp-offset-mc monte carlo deck -- generated by sim/error-amp-offset-mc/run_amp_offset_mc.py, do not edit

option SCALE: Scale is set to 1e-06 for instance and model parameters
option SCALE: Scale is set to 1e-06 for instance and model parameters
option SCALE: Scale is set to 1e-06 for instance and model parameters
option SCALE: Scale is set to 1e-06 for instance and model parameters
Doing analysis at TEMP = 27.000000 and TNOM = 27.000000

Using KLU as Direct Linear Solver
 Reference value :  0.00000e+00
No. of Data Rows : 1
vos = -8.45702e-04
vout = 1.215293e+00
dvbe8 = 6.248604e-02
veb8 = 7.312844e-01
dvbe1 = 6.304303e-02
rra = 8.804136e-02
rrb = 1.177153e-02
vgdrv = 2.060831e+00
Reset re-loads circuit * error-amp-offset-mc monte carlo deck -- generated by sim/error-amp-offset-mc/run_amp_offset_mc.py, do not edit

Circuit: * error-amp-offset-mc monte carlo deck -- generated by sim/error-amp-offset-mc/run_amp_offset_mc.py, do not edit

option SCALE: Scale is set to 1e-06 for instance and model parameters
option SCALE: Scale is set to 1e-06 for instance and model parameters
option SCALE: Scale is set to 1e-06 for instance and model parameters
option SCALE: Scale is set to 1e-06 for instance and model parameters
Doing analysis at TEMP = 27.000000 and TNOM = 27.000000

Using KLU as Direct Linear Solver

No. of Data Rows : 1
vos = 1.200952e-03
vout = 1.200680e+00
dvbe8 = 6.243003e-02
veb8 = 7.312431e-01
dvbe1 = 6.315595e-02
rra = 8.805893e-02
rrb = 1.171218e-02
vgdrv = 2.066677e+00
Reset re-loads circuit * error-amp-offset-mc monte carlo deck -- generated by sim/error-amp-offset-mc/run_amp_offset_mc.py, do not edit

Circuit: * error-amp-offset-mc monte carlo deck -- generated by sim/error-amp-offset-mc/run_amp_offset_mc.py, do not edit

option SCALE: Scale is set to 1e-06 for instance and model parameters
option SCALE: Scale is set to 1e-06 for instance and model parameters
option SCALE: Scale is set to 1e-06 for instance and model parameters
option SCALE: Scale is set to 1e-06 for instance and model parameters
Doing analysis at TEMP = 27.000000 and TNOM = 27.000000

Using KLU as Direct Linear Solver

No. of Data Rows : 1
vos = -4.57723e-04
vout = 1.216282e+00
dvbe8 = 6.243959e-02
veb8 = 7.312404e-01
dvbe1 = 6.276177e-02
rra = 8.808042e-02
rrb = 1.176952e-02
vgdrv = 2.061783e+00
ngspice-47 done
