# point: tt_mm_-40c_3.30v
# record: 20260817-130441-aa5324e
# role: mismatch -- local-mismatch distribution at the nominal process point
# section=tt_mm temp=-40C supply=3.30V seed=20260803 samples=300
# pdk: sky130A @ open_pdks c6d73a35f524070e85faff4a6a9eef49553ebc2b (/Users/rwalters/.volare/sky130A/libs.tech/combined/sky130.lib.spice)
# ngspice exit: 0
# run (UTC): 2026-08-17T13:04:41Z

# ==== .spiceinit (exact) ====
| * ngspice init settings for the sky130 PDK model libraries.
| *
| * The corner runner copies this file into its scratch run directory as
| * `.spiceinit` before invoking ngspice, so runs do not depend on whatever
| * happens to be in ~/.spiceinit. To drive ngspice by hand with the same
| * settings, copy this file to `.spiceinit` in your working directory.
| *
| * Derived from the PDK's own libs.tech/ngspice/spinit; kept in-repo so the
| * settings a record was produced under are versioned with the harness.
| 
| set ngbehavior=hsa     ; HSPICE-ish compatibility, required to read PDK libs
| set skywaterpdk        ; skip some checks for faster lib loading
| set ng_nomodcheck      ; do not check model parameters
| option noinit          ; do not dump operating point data into the log
| option klu             ; KLU direct linear solver

# ==== deck (exact input given to ngspice) ====
| * error-amp-offset-mc Monte Carlo deck -- generated by sim/error-amp-offset-mc/run_amp_offset_mc.py, do not edit
| * point: tt_mm_-40c_3.30v
| .param vsup=3.3
| .option wnflag=1
| .temp -40
| .lib "/Users/rwalters/.volare/sky130A/libs.tech/combined/sky130.lib.spice" tt_mm
| ** sch_path: sim/error-amp-offset-mc/testbench/tb_amp_offset_mc.sch
| **.subckt tb_amp_offset_mc
| V1 VDD 0 'vsup'
| XBG VREF GDRV VDD 0 bandgap_core
| IE8S 0 E8S 5.3u
| XXQ8S 0 0 E8S sky130_fd_pr__pnp_05v5_W0p68L0p68 m=8 mult=8
| IE8L 0 E8L 5.3u
| XXQ8L 0 0 E8L sky130_fd_pr__pnp_05v5_W3p40L3p40 m=8 mult=8
| IE1S 0 E1S 1u
| XXQ1S 0 0 E1S sky130_fd_pr__pnp_05v5_W0p68L0p68 m=1 mult=1
| IE1L 0 E1L 1u
| XXQ1L 0 0 E1L sky130_fd_pr__pnp_05v5_W3p40L3p40 m=1 mult=1
| IRA 0 NRA 1u
| XXRRA 0 NRA 0 sky130_fd_pr__res_high_po W=1 L=270 mult=1 m=1
| IRB 0 NRB 1u
| XXRRB 0 NRB 0 sky130_fd_pr__res_high_po W=1 L=35 mult=1 m=1
| **** begin user architecture code
| 
| 
| * DC-solver seed, not a forced solution: bandgap_core has a stable
| * zero-current state by construction (issue #10's startup circuit is what
| * breaks it in silicon). A .nodeset only biases the initial guess and is
| * removed before the final Newton iterations, so each Monte Carlo sample is a
| * genuine solution of that sample's circuit -- and the same seed is applied to
| * every sample, so it cannot bias the spread.
| *
| * v(gdrv)=2.0 rather than the 2.2 sim/bandgap-smoke and sim/error-amp-loop
| * use, and the difference is load-bearing HERE and nowhere else. The mirror
| * gate settles near 1.97 V, so a 2.2 V guess sits on the wrong side of it;
| * the deterministic runs converge anyway, but under Monte Carlo 12 of 40
| * draws at -40 degC converged instead to the core's other stable solution
| * (VOUT ~ 0.52 V), which would have shown up as a 350 mV sigma. With 2.0 V
| * the same 40 draws all land on the operating solution. Verified not to be
| * the tail wagging the dog: at 27 degC, where neither guess produces a
| * degenerate sample, the two nodesets give sigma(VOUT) = 5.57 vs 5.67 mV and
| * sigma(VOS) = 0.485 vs 0.495 mV over the same 40 draws -- i.e. the guess
| * moves which *solution branch* the solver finds, not the spread it reports.
| * The runner also classifies every sample and refuses to fold a
| * non-operating one into the statistics, so this is belt and braces.
| .nodeset v(vref)=1.2 v(gdrv)=2.0
| 
| 
| **** end user architecture code
| **.ends
| 
| * expanding   symbol:  design/bandgap_core.sym # of pins=4
| ** sym_path: design/bandgap_core.sym
| ** sch_path: design/bandgap_core.sch
| .subckt bandgap_core VOUT GDRV VDD VSS
| *.opin VOUT
| *.iopin GDRV
| *.iopin VDD
| *.iopin VSS
| **** begin user architecture code
| 
| 
| * ---- Kuijk core parameters (issue #8) ----
| * PNP emitter-area ratio N is built ONLY from paralleled unit devices:
| *   N = (n_pnp_ptat * 11.56 um2) / (n_pnp_ctat * 0.4624 um2)
| * Keep both counts equal to hold the pair's measured dVBE while lowering the
| * per-unit current and sigma(dVBE); raise n_pnp_ptat alone for more PTAT.
| .param n_pnp_ctat=8
| .param n_pnp_ptat=8
| * res_high_po unit segment: W = r_w um, L = r_lseg um (R ~ 380 + 325*L ohm)
| .param r_w=1
| .param r_lseg=5
| * segment counts. K = R2/R1. n_r2 history: 54 (issue #46, single-device
| * model) -> 50 (issue #99/DR-003, chained topology, single-device SCHEMATIC
| * left un-modelled) -> 51 (issue #178, chained topology modelled HERE and
| * re-centred against DR-005's ratified accuracy row). See CHAINED-ARRAY
| * MODEL and SIZING (issue #178) below.
| * HISTORY (issue #99 / DR-003, RESOLVED): n_r1/n_r2 are sized against the
| * ROUTED LAYOUT's real chained-array topology -- the ground truth the
| * fabricated part experiences. Issue #98/DR-003
| * (sim/res-array-head-resistance/) established that the routed layout draws
| * each leg as N separately-contacted unit instances in series
| * (layout/bin/gen_bandgap_routed.py's bus_res_series), paying real per-instance
| * head resistance: at the old n_r2=54 that made the REAL part's K=R2/R1 read
| * 8.1474 vs the single-device model's 7.4973, pushing VOUT(27 degC) to
| * ~1.233 V (outside the draft +/-1% window 1.188..1.212 V) at all 5
| * (process,supply) corners and collapsing regulation at ff/2.97 V and
| * fs/2.97 V. Resizing n_r2 54 -> 50 (n_r1 left at 7 so branch current -- and
| * therefore hot-corner headroom -- is not raised while K is corrected) brought
| * the real chained topology's K back to 7.576. Full PVT + trim
| * re-verification of that step: sim/res-array-resize/records/ (issue #99).
| * ---- CHAINED-ARRAY MODEL (issue #178) ----
| * DR-003 deliberately left the SCHEMATIC modelling each leg as ONE
| * res_high_po device, so simulating this cell as-drawn read VOUT(27 degC)
| * ~1.165 V -- ~36 mV below what the routed part builds. Issue #178 closes
| * that gap HERE rather than sizing around it: XR1/XR2A/XR2B are now the
| * *body* devices of an EXACT lumped equivalent of the routed N-instance
| * chain, completed by the per-leg replica + gain elements in the
| * RES_HEAD_MODEL block below. The identity used (exact, not an
| * approximation) follows from the PDK model card
| * (models_resistors.spice: rhead has a hardcoded l=1 independent of the
| * caller's drawn length; rbody is linear in leff = l + 0.247):
| *     R_chain(N units, total drawn length Ltot)
| *         = N*rhead + rbody(Ltot + 0.247*N)
| *         = R_res_high_po(L = Ltot - (N-1)*r_ov_seg)      <- the body device
| *           + (N-1) * R_res_high_po(L = r_ov_seg)          <- the replica
| * for ANY r_ov_seg, because both terms are affine in the drawn length. The
| * (N-1) copies are realized as ONE replica instance whose drop is multiplied
| * by (N-1) with an ideal VCVS, which is exact for the nominal value at every
| * temperature and process corner (rhead and rbody are re-evaluated by the
| * model card, not frozen) -- verified against an explicit 143-instance chain
| * of the same decomposition: identical to 7 significant figures on
| * vref_27 / vref_min / vref_max / tc_ppm over the whole -40..125 degC sweep.
| * The replica carries mult='n_*_ov' so the PDK's own AGAUSS mismatch term
| * (sigma ~ 1/sqrt(w*mult)) reproduces the 1/sqrt(N) averaging of N
| * independent series instances; `m` is deliberately pinned to 1 on those
| * lines (the stock res_high_po symbol ties m to mult, which would parallel
| * the subcircuit and divide the value -- that is why the replica/VCVS pair
| * lives in a code block instead of as drawn symbol instances).
| * ---- SIZING (issue #178) ----
| * With the chain modelled, n_r2 was re-derived against DR-005's ratified
| * untrimmed accuracy row (1.20 V +/-2% over -40..125 degC => 1.176..1.224 V),
| * not against the superseded draft +/-1% window:
| *   n_r2=50 (K = 7.630): vref_min 1.1744..1.1747 -- ~1.3 mV BELOW the 1.176 V
| *     floor at every corner. FAIL.
| *   n_r2=51 (K = 7.773): vref 1.18603..1.21780 at all 15 (process, supply)
| *     points -- inside the window with 10.0 mV bottom / 6.2 mV top margin,
| *     and box TC 142.4..159.0 ppm/degC (binding corner fs). ADOPTED.
| *   n_r2=52 (K = 7.917): vref_max 1.22394..1.22507 -- over the 1.224 V
| *     ceiling at 6 of 15 points. FAIL.
| * n_r1 is held at 7 for the same reason issue #99 held it: R1 sets the branch
| * current, and raising it raises the hot-corner headroom demand that the
| * ff/2.97 V and fs/2.97 V regulation collapse depends on. No collapse is seen
| * at n_r2=51 or 52 at those corners with the chained model.
| * The K figures above are the routed chain's own values, computed from the
| * per-instance terms DR-003 measured and klt extract independently reports
| * (head+end 379.705 ohm/instance, body 324.827 ohm/um):
| *   R1  = 7 * (379.705 + 324.827*5)                       = 14.027 kohm
| *   R2  = (n_r2-2) * (379.705 + 324.827*5)
| *         + 20 * (379.705 + 324.827*0.5)                  = 109.03 kohm at 51
| * i.e. K = 7.773 at n_r2=51 -- NOT the textbook n_r2/n_r1 = 7.286, and NOT
| * the single-device model's 7.087. The residual TC (142-159 ppm/degC, still
| * far above DR-005's < 50 ppm/degC row) is issue #46's device-level floor,
| * not a ratio error: design/device-characterization-summary.md section 1
| * measures Q1's nf = 1.028 vs Q2's nf = 1.000, so ~18.1 mV of the 62.3 mV
| * dVBE at 27 degC is a fraction of a CTAT quantity rather than true PTAT and
| * its shortfall grows with temperature. See sim/output-voltage-tc/records/
| * for the graded evidence and issue #179 for the spec-side routing.
| .param n_r1=7
| .param n_r2=51
| * PMOS mirror multiplicities (unit device W=8u L=2u)
| .param m_out=2
| .param m_ampbias=2
| * ---- Trim network (issue #13), DOWNWARD ONLY -- see DR-002 ----
| * Ladder-tap length added to R2A/R2B equally (metal option, no switches).
| * n_r2_trim: valid range 0..-16 only. r_lseg_trim: 1 um/code (~1.7 mV/code)
| * in DR-002's original SINGLE-DEVICE model. Positive codes are REJECTED:
| * this is the same R2/R1 ratio issue #46 found causes ff/2.97V, fs/2.97V
| * hot-corner (>~123C) operating-point collapse at even a +5 um increase
| * (n_r2=55). sim/trim-range-monotonicity/ reconfirms it for trim and finds
| * codes +1/+2 ALSO collapse (VOUT -> ~2.8V) while +3/+4 happen not to --
| * non-monotonic-in-code, i.e. no positive code is a certified-safe point,
| * not a safe zone at +3/+4. Only downward (R2 decrease) moves away from
| * that edge; confirmed monotonic, collapse-free to -16 across corners. See
| * DR-002 and the sim record for the full case.
| * LSB REVISION (issue #106, DR-002 revision): the routed layout's fine trim
| * chain does NOT draw one length-tapped device -- it chains N separately-
| * contacted res_high_po unit instances (layout/bin/gen_bandgap_routed.py's
| * bus_res_series), each paying a real per-instance head/fringe resistance
| * term this schematic's single-device XR2A/XR2B lines do not model (DR-003,
| * sim/res-array-head-resistance/). Re-deriving DR-002's <=3.000 mV/code LSB
| * comfort bound against that REAL chained topology at the adopted
| * n_r1=7/n_r2=50 sizing (sim/trim-lsb-chained/) found the shipped
| * r_lseg_trim=1 per-code step reads 3.12-3.15 mV/code across all 5 corners
| * -- a real, measured violation of the comfort bound (smaller than an
| * earlier, now-superseded estimate against an abandoned n_r1=6/n_r2=42
| * sizing, but still a violation). Halving the fine unit's drawn length to
| * 0.5 um fixes it: the per-instance head-resistance term (~379.7 ohm, the
| * DOMINANT piece of the per-code step) is a PDK-model-card constant
| * independent of the unit's drawn length, so only the smaller `rbody`
| * fringe term shrinks -- re-verified at r_lseg_trim=0.5 to read
| * 2.40-2.42 mV/code, PASS at all 5 corners, with the same certified 0..-16
| * code range and downward span still clearing DR-002's 1.5x-of-3sigma
| * coverage target. See sim/trim-lsb-chained/records/ for the full
| * re-derivation. NEXT INCREMENT (not done here, per one-lever-per-
| * increment): layout/bin/gen_bandgap_routed.py's
| * R_LSEG_TRIM_UM/SCH_R_LSEG_TRIM_UM (currently still transcribing 1 um)
| * must be re-transcribed to 0.5 um and the routed cell re-verified through
| * klayout DRC/LVS -- klayout's extraction backend is not available in this
| * run environment, so that is a follow-up issue, the same split issue #99
| * used for #107/#108.
| .param n_r2_trim=0
| .param r_lseg_trim=0.5
| * ---- Routed chained-array decomposition (issue #178) ----
| * Transcribed from layout/bin/gen_bandgap_routed.py's N_R1 / N_R2_COARSE /
| * N_R2_TRIM_UNITS: each leg is drawn as separately-contacted unit instances
| * in series, so the instance COUNT (not just the total drawn length) is an
| * electrical parameter -- every instance pays the model card's rhead term.
| *   R1        : n_r1 coarse units of r_lseg um.
| *   R2A/R2B   : n_r2_coarse coarse units of r_lseg um, plus the fixed
| *               n_r2_fine-unit fine ladder of r_lseg_trim um each, of which
| *               (n_r2_fine + n_r2_trim) are in circuit at a DOWNWARD-only
| *               trim code (code 0 = all of them = the untrimmed leg).
| * n_r2_coarse is derived, not transcribed twice: the fine ladder's drawn
| * length is held inside the specified r_lseg*n_r2 leg, which is exactly the
| * constraint gen_bandgap_routed.py's R2_LEG_SPEC_UM assertion enforces.
| .param n_r2_fine=20
| .param n_r2_coarse='n_r2-r_lseg_trim*n_r2_fine/r_lseg'
| .param n_r2_inst='n_r2_coarse+n_r2_fine+n_r2_trim'
| * Replica multiplicities: (N-1) per leg -- see CHAINED-ARRAY MODEL above.
| .param n_r2_ov='n_r2_inst-1'
| .param n_r1_ov='n_r1-1'
| * Replica unit drawn length. The lumped identity is exact for ANY value;
| * 0.5 um is chosen only so the body devices' remaining length stays well
| * positive (R2A/R2B body = 221.0 um, R1 body = 32.0 um at the shipped
| * sizing) and so the replica is a length the layout actually draws.
| .param r_ov_seg=0.5
| 
| 
| **** end user architecture code
| **** begin user architecture code
| 
| 
| * ---- Per-instance head-resistance replicas (issue #178) ----
| * These three (replica, VCVS) pairs complete the EXACT lumped equivalent of
| * the routed layout's N-instance series chains; the drawn XR1/XR2A/XR2B
| * symbols carry only the body length. See the CORE_PARAMS block's
| * CHAINED-ARRAY MODEL section for the identity, its exactness proof and the
| * explicit-chain cross-check.
| * Written as SPICE text rather than drawn symbols for one concrete reason:
| * the stock res_high_po symbol emits 'mult=@mult m=@mult', and an X-line's
| * `m` PARALLELS the subcircuit -- which would divide the replica's value by
| * N-1 instead of leaving it alone. These lines set mult (mismatch sigma,
| * 1/sqrt(w*mult), reproducing N-1 independent instances) while pinning m=1
| * (nominal value untouched). The VCVS then multiplies the replica's own
| * drop by (N-1), so the leg's total series resistance is exactly
| * (N-1) * R_unit(r_ov_seg) + R_body -- at every temperature and corner,
| * because the replica is a real model-card evaluation, not a frozen number.
| XR2A_HD VA R2A_HD1 VSS sky130_fd_pr__res_high_po W='r_w' L='r_ov_seg' mult='n_r2_ov' m=1
| ER2A_HD R2A_HD1 R2A_HD2 VA R2A_HD1 'n_r2_ov-1'
| XR2B_HD VB R2B_HD1 VSS sky130_fd_pr__res_high_po W='r_w' L='r_ov_seg' mult='n_r2_ov' m=1
| ER2B_HD R2B_HD1 R2B_HD2 VB R2B_HD1 'n_r2_ov-1'
| XR1_HD VBQ R1_HD1 VSS sky130_fd_pr__res_high_po W='r_w' L='r_ov_seg' mult='n_r1_ov' m=1
| ER1_HD R1_HD1 R1_HD2 VBQ R1_HD1 'n_r1_ov-1'
| 
| 
| **** end user architecture code
| XMPOUT VOUT GDRV VDD VDD sky130_fd_pr__pfet_g5v0d10v5 L=2 W=8 nf=1 ad=2.32 as=2.32 pd=16.58 ps=16.58 nrd=0.03625 nrs=0.03625 sa=0 sb=0
| + sd=0 mult='m_out' m='m_out'
| XMPAMP TAIL GDRV VDD VDD sky130_fd_pr__pfet_g5v0d10v5 L=2 W=8 nf=1 ad=2.32 as=2.32 pd=16.58 ps=16.58 nrd=0.03625 nrs=0.03625 sa=0 sb=0
| + sd=0 mult='m_ampbias' m='m_ampbias'
| XAMP VB VA GDRV TAIL VDD VSS error_amp
| XR2A R2A_HD2 VOUT VSS sky130_fd_pr__res_high_po W='r_w' L='r_lseg*n_r2+r_lseg_trim*n_r2_trim-n_r2_ov*r_ov_seg' mult=1 m=1
| XR2B R2B_HD2 VOUT VSS sky130_fd_pr__res_high_po W='r_w' L='r_lseg*n_r2+r_lseg_trim*n_r2_trim-n_r2_ov*r_ov_seg' mult=1 m=1
| XQ1 VSS VSS VA sky130_fd_pr__pnp_05v5_W0p68L0p68 m='n_pnp_ctat' mult='n_pnp_ctat'
| XR1 R1_HD2 VB VSS sky130_fd_pr__res_high_po W='r_w' L='r_lseg*n_r1-n_r1_ov*r_ov_seg' mult=1 m=1
| XQ2 VSS VSS VBQ sky130_fd_pr__pnp_05v5_W3p40L3p40 m='n_pnp_ptat' mult='n_pnp_ptat'
| .ends
| 
| 
| * expanding   symbol:  design/error_amp.sym # of pins=6
| ** sym_path: design/error_amp.sym
| ** sch_path: design/error_amp.sch
| .subckt error_amp VINP VINN AOUT ITAIL VDD VSS
| *.ipin VINP
| *.ipin VINN
| *.opin AOUT
| *.iopin ITAIL
| *.iopin VDD
| *.iopin VSS
| **** begin user architecture code
| 
| 
| * ---- error-amp device multiplicities (issue #9 sizing, amp_m_in revised by #170) ----
| * Unit geometry is fixed on the instances below; mult is the matching axis
| * (sigma(Vth) scales as 1/sqrt(W*L*mult) in the PDK's own model).
| * amp_m_in    : input-pair PMOS units   (W=20u L=10u each -> 1600 um^2 total;
| *               16 -> 8 by issue #170, DR-008 Option B PSRR margin increase
| *               -- see the header's amp_m_in: 16 -> 8 section)
| * amp_m_nmirr : NMOS load/mirror units  (W=8u  L=20u each ->  640 um^2 total)
| * amp_m_pmirr : PMOS mirror units       (W=6u  L=20u each ->  960 um^2 total)
| * amp_m_cc    : MOS-capacitor units     (W=30u L=20u each -> 9600 um^2 total)
| .param amp_m_in=8
| .param amp_m_nmirr=4
| .param amp_m_pmirr=8
| .param amp_m_cc=16
| 
| 
| **** end user architecture code
| XMP1 D1 VINP ITAIL VDD sky130_fd_pr__pfet_g5v0d10v5 L=10 W=20 nf=1 ad=5.8 as=5.8 pd=40.58 ps=40.58 nrd=0.0145 nrs=0.0145 sa=0 sb=0
| + sd=0 mult='amp_m_in' m='amp_m_in'
| XMP2 D2 VINN ITAIL VDD sky130_fd_pr__pfet_g5v0d10v5 L=10 W=20 nf=1 ad=5.8 as=5.8 pd=40.58 ps=40.58 nrd=0.0145 nrs=0.0145 sa=0 sb=0
| + sd=0 mult='amp_m_in' m='amp_m_in'
| XMN1 D1 D1 VSS VSS sky130_fd_pr__nfet_g5v0d10v5 L=20 W=8 nf=1 ad=2.32 as=2.32 pd=16.58 ps=16.58 nrd=0.03625 nrs=0.03625 sa=0 sb=0 sd=0
| + mult='amp_m_nmirr' m='amp_m_nmirr'
| XMN2 D2 D2 VSS VSS sky130_fd_pr__nfet_g5v0d10v5 L=20 W=8 nf=1 ad=2.32 as=2.32 pd=16.58 ps=16.58 nrd=0.03625 nrs=0.03625 sa=0 sb=0 sd=0
| + mult='amp_m_nmirr' m='amp_m_nmirr'
| XMN3 AOUT D1 VSS VSS sky130_fd_pr__nfet_g5v0d10v5 L=20 W=8 nf=1 ad=2.32 as=2.32 pd=16.58 ps=16.58 nrd=0.03625 nrs=0.03625 sa=0 sb=0
| + sd=0 mult='amp_m_nmirr' m='amp_m_nmirr'
| XMN4 PN D2 VSS VSS sky130_fd_pr__nfet_g5v0d10v5 L=20 W=8 nf=1 ad=2.32 as=2.32 pd=16.58 ps=16.58 nrd=0.03625 nrs=0.03625 sa=0 sb=0 sd=0
| + mult='amp_m_nmirr' m='amp_m_nmirr'
| XMP4 AOUT PN VDD VDD sky130_fd_pr__pfet_g5v0d10v5 L=20 W=6 nf=1 ad=1.74 as=1.74 pd=12.58 ps=12.58 nrd=0.0483333333333333 nrs=0.0483333333333333
| + sa=0 sb=0 sd=0 mult='amp_m_pmirr' m='amp_m_pmirr'
| XMP3 PN PN VDD VDD sky130_fd_pr__pfet_g5v0d10v5 L=20 W=6 nf=1 ad=1.74 as=1.74 pd=12.58 ps=12.58 nrd=0.0483333333333333 nrs=0.0483333333333333
| + sa=0 sb=0 sd=0 mult='amp_m_pmirr' m='amp_m_pmirr'
| XMCC VDD AOUT VDD VDD sky130_fd_pr__pfet_g5v0d10v5 L=20 W=30 nf=1 ad=8.7 as=8.7 pd=60.58 ps=60.58 nrd=0.00966666666666667 nrs=0.00966666666666667
| + sa=0 sb=0 sd=0 mult='amp_m_cc' m='amp_m_cc'
| .ends
| 
| .control
| setseed 20260803
| set width = 512
| set height = 100000
| let nruns = 300
| let run = 0
| dowhile run < nruns
|   reset
|   op
|   let vos   = v(xbg.va)-v(xbg.vb)
|   let vout  = v(vref)
|   let dvbe8 = v(e8s)-v(e8l)
|   let veb8  = v(e8s)
|   let dvbe1 = v(e1s)-v(e1l)
|   let rra   = v(nra)
|   let rrb   = v(nrb)
|   let vgdrv = v(gdrv)
|   print vos vout dvbe8 veb8 dvbe1 rra rrb vgdrv
|   let run = run + 1
| end
| quit
| .endc
| .end

# ==== ngspice stdout+stderr ====

Note: Compatibility modes selected: hs a


Circuit: * error-amp-offset-mc monte carlo deck -- generated by sim/error-amp-offset-mc/run_amp_offset_mc.py, do not edit

option SCALE: Scale is set to 1e-06 for instance and model parameters
option SCALE: Scale is set to 1e-06 for instance and model parameters
option SCALE: Scale is set to 1e-06 for instance and model parameters
option SCALE: Scale is set to 1e-06 for instance and model parameters
Reset re-loads circuit * error-amp-offset-mc monte carlo deck -- generated by sim/error-amp-offset-mc/run_amp_offset_mc.py, do not edit

Circuit: * error-amp-offset-mc monte carlo deck -- generated by sim/error-amp-offset-mc/run_amp_offset_mc.py, do not edit

option SCALE: Scale is set to 1e-06 for instance and model parameters
option SCALE: Scale is set to 1e-06 for instance and model parameters
option SCALE: Scale is set to 1e-06 for instance and model parameters
option SCALE: Scale is set to 1e-06 for instance and model parameters
Doing analysis at TEMP = -40.000000 and TNOM = 27.000000

Using KLU as Direct Linear Solver
 Reference value :  0.00000e+00
No. of Data Rows : 1
vos = -5.84607e-04
vout = 1.221678e+00
dvbe8 = 4.884001e-02
veb8 = 8.445830e-01
dvbe1 = 5.016992e-02
rra = 8.563531e-02
rrb = 1.142650e-02
vgdrv = 1.992846e+00
Reset re-loads circuit * error-amp-offset-mc monte carlo deck -- generated by sim/error-amp-offset-mc/run_amp_offset_mc.py, do not edit

Circuit: * error-amp-offset-mc monte carlo deck -- generated by sim/error-amp-offset-mc/run_amp_offset_mc.py, do not edit

option SCALE: Scale is set to 1e-06 for instance and model parameters
option SCALE: Scale is set to 1e-06 for instance and model parameters
option SCALE: Scale is set to 1e-06 for instance and model parameters
option SCALE: Scale is set to 1e-06 for instance and model parameters
Doing analysis at TEMP = -40.000000 and TNOM = 27.000000

Using KLU as Direct Linear Solver

No. of Data Rows : 1
vos = -3.58527e-04
vout = 1.219838e+00
dvbe8 = 4.916156e-02
veb8 = 8.448913e-01
dvbe1 = 5.016861e-02
rra = 8.549508e-02
rrb = 1.141592e-02
vgdrv = 1.991117e+00
Reset re-loads circuit * error-amp-offset-mc monte carlo deck -- generated by sim/error-amp-offset-mc/run_amp_offset_mc.py, do not edit

Circuit: * error-amp-offset-mc monte carlo deck -- generated by sim/error-amp-offset-mc/run_amp_offset_mc.py, do not edit

option SCALE: Scale is set to 1e-06 for instance and model parameters
option SCALE: Scale is set to 1e-06 for instance and model parameters
option SCALE: Scale is set to 1e-06 for instance and model parameters
option SCALE: Scale is set to 1e-06 for instance and model parameters
Doing analysis at TEMP = -40.000000 and TNOM = 27.000000

Using KLU as Direct Linear Solver

No. of Data Rows : 1
vos = -3.81560e-04
vout = 1.221231e+00
dvbe8 = 4.894984e-02
veb8 = 8.447020e-01
dvbe1 = 4.814937e-02
rra = 8.569070e-02
rrb = 1.140235e-02
vgdrv = 1.984091e+00
Reset re-loads circuit * error-amp-offset-mc monte carlo deck -- generated by sim/error-amp-offset-mc/run_amp_offset_mc.py, do not edit

Circuit: * error-amp-offset-mc monte carlo deck -- generated by sim/error-amp-offset-mc/run_amp_offset_mc.py, do not edit

option SCALE: Scale is set to 1e-06 for instance and model parameters
option SCALE: Scale is set to 1e-06 for instance and model parameters
option SCALE: Scale is set to 1e-06 for instance and model parameters
option SCALE: Scale is set to 1e-06 for instance and model parameters
Doing analysis at TEMP = -40.000000 and TNOM = 27.000000

Using KLU as Direct Linear Solver

No. of Data Rows : 1
vos = -1.02003e-03
vout = 1.224487e+00
dvbe8 = 4.910445e-02
veb8 = 8.448348e-01
dvbe1 = 4.995593e-02
rra = 8.566145e-02
rrb = 1.138556e-02
vgdrv = 1.985727e+00
Reset re-loads circuit * error-amp-offset-mc monte carlo deck -- generated by sim/error-amp-offset-mc/run_amp_offset_mc.py, do not edit

Circuit: * error-amp-offset-mc monte carlo deck -- generated by sim/error-amp-offset-mc/run_amp_offset_mc.py, do not edit

option SCALE: Scale is set to 1e-06 for instance and model parameters
option SCALE: Scale is set to 1e-06 for instance and model parameters
option SCALE: Scale is set to 1e-06 for instance and model parameters
option SCALE: Scale is set to 1e-06 for instance and model parameters
Doing analysis at TEMP = -40.000000 and TNOM = 27.000000

Using KLU as Direct Linear Solver

No. of Data Rows : 1
vos = -4.58577e-04
vout = 1.221012e+00
dvbe8 = 4.890037e-02
veb8 = 8.447581e-01
dvbe1 = 4.998739e-02
rra = 8.551954e-02
rrb = 1.140284e-02
vgdrv = 1.990009e+00
Reset re-loads circuit * error-amp-offset-mc monte carlo deck -- generated by sim/error-amp-offset-mc/run_amp_offset_mc.py, do not edit

Circuit: * error-amp-offset-mc monte carlo deck -- generated by sim/error-amp-offset-mc/run_amp_offset_mc.py, do not edit

option SCALE: Scale is set to 1e-06 for instance and model parameters
option SCALE: Scale is set to 1e-06 for instance and model parameters
option SCALE: Scale is set to 1e-06 for instance and model parameters
option SCALE: Scale is set to 1e-06 for instance and model parameters
Doing analysis at TEMP = -40.000000 and TNOM = 27.000000

Using KLU as Direct Linear Solver

No. of Data Rows : 1
vos = -8.06584e-04
vout = 1.223353e+00
dvbe8 = 4.900474e-02
veb8 = 8.447443e-01
dvbe1 = 4.978135e-02
rra = 8.562974e-02
rrb = 1.141296e-02
vgdrv = 1.995099e+00
Reset re-loads circuit * error-amp-offset-mc monte carlo deck -- generated by sim/error-amp-offset-mc/run_amp_offset_mc.py, do not edit

Circuit: * error-amp-offset-mc monte carlo deck -- generated by sim/error-amp-offset-mc/run_amp_offset_mc.py, do not edit

option SCALE: Scale is set to 1e-06 for instance and model parameters
option SCALE: Scale is set to 1e-06 for instance and model parameters
option SCALE: Scale is set to 1e-06 for instance and model parameters
option SCALE: Scale is set to 1e-06 for instance and model parameters
Doing analysis at TEMP = -40.000000 and TNOM = 27.000000

Using KLU as Direct Linear Solver

No. of Data Rows : 1
vos = -1.70149e-04
vout = 1.216705e+00
dvbe8 = 4.895797e-02
veb8 = 8.446598e-01
dvbe1 = 4.969874e-02
rra = 8.562261e-02
rrb = 1.140066e-02
vgdrv = 1.993459e+00
Reset re-loads circuit * error-amp-offset-mc monte carlo deck -- generated by sim/error-amp-offset-mc/run_amp_offset_mc.py, do not edit

Circuit: * error-amp-offset-mc monte carlo deck -- generated by sim/error-amp-offset-mc/run_amp_offset_mc.py, do not edit

option SCALE: Scale is set to 1e-06 for instance and model parameters
option SCALE: Scale is set to 1e-06 for instance and model parameters
option SCALE: Scale is set to 1e-06 for instance and model parameters
option SCALE: Scale is set to 1e-06 for instance and model parameters
Doing analysis at TEMP = -40.000000 and TNOM = 27.000000

Using KLU as Direct Linear Solver

No. of Data Rows : 1
vos = -8.09746e-04
vout = 1.221004e+00
dvbe8 = 4.916946e-02
veb8 = 8.448929e-01
dvbe1 = 4.890582e-02
rra = 8.553621e-02
rrb = 1.137858e-02
vgdrv = 1.989741e+00
Reset re-loads circuit * error-amp-offset-mc monte carlo deck -- generated by sim/error-amp-offset-mc/run_amp_offset_mc.py, do not edit

Circuit: * error-amp-offset-mc monte carlo deck -- generated by sim/error-amp-offset-mc/run_amp_offset_mc.py, do not edit

option SCALE: Scale is set to 1e-06 for instance and model parameters
option SCALE: Scale is set to 1e-06 for instance and model parameters
option SCALE: Scale is set to 1e-06 for instance and model parameters
option SCALE: Scale is set to 1e-06 for instance and model parameters
Doing analysis at TEMP = -40.000000 and TNOM = 27.000000

Using KLU as Direct Linear Solver

No. of Data Rows : 1
vos = -9.25097e-04
vout = 1.221731e+00
dvbe8 = 4.909265e-02
veb8 = 8.448779e-01
dvbe1 = 4.852438e-02
rra = 8.545474e-02
rrb = 1.140748e-02
vgdrv = 1.990283e+00
Reset re-loads circuit * error-amp-offset-mc monte carlo deck -- generated by sim/error-amp-offset-mc/run_amp_offset_mc.py, do not edit

Circuit: * error-amp-offset-mc monte carlo deck -- generated by sim/error-amp-offset-mc/run_amp_offset_mc.py, do not edit

option SCALE: Scale is set to 1e-06 for instance and model parameters
option SCALE: Scale is set to 1e-06 for instance and model parameters
option SCALE: Scale is set to 1e-06 for instance and model parameters
option SCALE: Scale is set to 1e-06 for instance and model parameters
Doing analysis at TEMP = -40.000000 and TNOM = 27.000000

Using KLU as Direct Linear Solver
 Reference value :  0.00000e+00
No. of Data Rows : 1
vos = -2.70912e-04
vout = 1.214422e+00
dvbe8 = 4.922467e-02
veb8 = 8.449805e-01
dvbe1 = 4.942315e-02
rra = 8.561979e-02
rrb = 1.139272e-02
vgdrv = 1.992625e+00
Reset re-loads circuit * error-amp-offset-mc monte carlo deck -- generated by sim/error-amp-offset-mc/run_amp_offset_mc.py, do not edit

Circuit: * error-amp-offset-mc monte carlo deck -- generated by sim/error-amp-offset-mc/run_amp_offset_mc.py, do not edit

option SCALE: Scale is set to 1e-06 for instance and model parameters
option SCALE: Scale is set to 1e-06 for instance and model parameters
option SCALE: Scale is set to 1e-06 for instance and model parameters
option SCALE: Scale is set to 1e-06 for instance and model parameters
Doing analysis at TEMP = -40.000000 and TNOM = 27.000000

Using KLU as Direct Linear Solver

No. of Data Rows : 1
vos = -1.18611e-03
vout = 1.229109e+00
dvbe8 = 4.929539e-02
veb8 = 8.450275e-01
dvbe1 = 4.985592e-02
rra = 8.558916e-02
rrb = 1.143496e-02
vgdrv = 1.991516e+00
Reset re-loads circuit * error-amp-offset-mc monte carlo deck -- generated by sim/error-amp-offset-mc/run_amp_offset_mc.py, do not edit

Circuit: * error-amp-offset-mc monte carlo deck -- generated by sim/error-amp-offset-mc/run_amp_offset_mc.py, do not edit

option SCALE: Scale is set to 1e-06 for instance and model parameters
option SCALE: Scale is set to 1e-06 for instance and model parameters
option SCALE: Scale is set to 1e-06 for instance and model parameters
option SCALE: Scale is set to 1e-06 for instance and model parameters
Doing analysis at TEMP = -40.000000 and TNOM = 27.000000

Using KLU as Direct Linear Solver

No. of Data Rows : 1
vos = 2.824779e-04
vout = 1.216847e+00
dvbe8 = 4.902405e-02
veb8 = 8.447751e-01
dvbe1 = 4.924350e-02
rra = 8.552306e-02
rrb = 1.143822e-02
vgdrv = 1.996765e+00
Reset re-loads circuit * error-amp-offset-mc monte carlo deck -- generated by sim/error-amp-offset-mc/run_amp_offset_mc.py, do not edit

Circuit: * error-amp-offset-mc monte carlo deck -- generated by sim/error-amp-offset-mc/run_amp_offset_mc.py, do not edit

option SCALE: Scale is set to 1e-06 for instance and model parameters
option SCALE: Scale is set to 1e-06 for instance and model parameters
option SCALE: Scale is set to 1e-06 for instance and model parameters
option SCALE: Scale is set to 1e-06 for instance and model parameters
Doing analysis at TEMP = -40.000000 and TNOM = 27.000000

Using KLU as Direct Linear Solver

No. of Data Rows : 1
vos = -3.94111e-04
vout = 1.220514e+00
dvbe8 = 4.918394e-02
veb8 = 8.449343e-01
dvbe1 = 4.923976e-02
rra = 8.563300e-02
rrb = 1.142687e-02
vgdrv = 1.994934e+00
Reset re-loads circuit * error-amp-offset-mc monte carlo deck -- generated by sim/error-amp-offset-mc/run_amp_offset_mc.py, do not edit

Circuit: * error-amp-offset-mc monte carlo deck -- generated by sim/error-amp-offset-mc/run_amp_offset_mc.py, do not edit

option SCALE: Scale is set to 1e-06 for instance and model parameters
option SCALE: Scale is set to 1e-06 for instance and model parameters
option SCALE: Scale is set to 1e-06 for instance and model parameters
option SCALE: Scale is set to 1e-06 for instance and model parameters
Doing analysis at TEMP = -40.000000 and TNOM = 27.000000

Using KLU as Direct Linear Solver

No. of Data Rows : 1
vos = -6.96302e-04
vout = 1.223383e+00
dvbe8 = 4.911452e-02
veb8 = 8.448404e-01
dvbe1 = 4.929149e-02
rra = 8.545207e-02
rrb = 1.143713e-02
vgdrv = 1.995211e+00
Reset re-loads circuit * error-amp-offset-mc monte carlo deck -- generated by sim/error-amp-offset-mc/run_amp_offset_mc.py, do not edit

Circuit: * error-amp-offset-mc monte carlo deck -- generated by sim/error-amp-offset-mc/run_amp_offset_mc.py, do not edit

option SCALE: Scale is set to 1e-06 for instance and model parameters
option SCALE: Scale is set to 1e-06 for instance and model parameters
option SCALE: Scale is set to 1e-06 for instance and model parameters
option SCALE: Scale is set to 1e-06 for instance and model parameters
Doing analysis at TEMP = -40.000000 and TNOM = 27.000000

Using KLU as Direct Linear Solver

No. of Data Rows : 1
vos = 4.761984e-04
vout = 1.212395e+00
dvbe8 = 4.927768e-02
veb8 = 8.450304e-01
dvbe1 = 4.965779e-02
rra = 8.541247e-02
rrb = 1.144220e-02
vgdrv = 1.992628e+00
Reset re-loads circuit * error-amp-offset-mc monte carlo deck -- generated by sim/error-amp-offset-mc/run_amp_offset_mc.py, do not edit

Circuit: * error-amp-offset-mc monte carlo deck -- generated by sim/error-amp-offset-mc/run_amp_offset_mc.py, do not edit

option SCALE: Scale is set to 1e-06 for instance and model parameters
option SCALE: Scale is set to 1e-06 for instance and model parameters
option SCALE: Scale is set to 1e-06 for instance and model parameters
option SCALE: Scale is set to 1e-06 for instance and model parameters
Doing analysis at TEMP = -40.000000 and TNOM = 27.000000

Using KLU as Direct Linear Solver

No. of Data Rows : 1
vos = -7.06922e-04
vout = 1.224874e+00
dvbe8 = 4.902675e-02
veb8 = 8.448702e-01
dvbe1 = 5.006900e-02
rra = 8.551976e-02
rrb = 1.146776e-02
vgdrv = 1.987967e+00
Reset re-loads circuit * error-amp-offset-mc monte carlo deck -- generated by sim/error-amp-offset-mc/run_amp_offset_mc.py, do not edit

Circuit: * error-amp-offset-mc monte carlo deck -- generated by sim/error-amp-offset-mc/run_amp_offset_mc.py, do not edit

option SCALE: Scale is set to 1e-06 for instance and model parameters
option SCALE: Scale is set to 1e-06 for instance and model parameters
option SCALE: Scale is set to 1e-06 for instance and model parameters
option SCALE: Scale is set to 1e-06 for instance and model parameters
Doing analysis at TEMP = -40.000000 and TNOM = 27.000000

Using KLU as Direct Linear Solver

No. of Data Rows : 1
vos = -1.31280e-03
vout = 1.227802e+00
dvbe8 = 4.905582e-02
veb8 = 8.448342e-01
dvbe1 = 4.905487e-02
rra = 8.573842e-02
rrb = 1.145564e-02
vgdrv = 1.989885e+00
Reset re-loads circuit * error-amp-offset-mc monte carlo deck -- generated by sim/error-amp-offset-mc/run_amp_offset_mc.py, do not edit

Circuit: * error-amp-offset-mc monte carlo deck -- generated by sim/error-amp-offset-mc/run_amp_offset_mc.py, do not edit

option SCALE: Scale is set to 1e-06 for instance and model parameters
option SCALE: Scale is set to 1e-06 for instance and model parameters
option SCALE: Scale is set to 1e-06 for instance and model parameters
option SCALE: Scale is set to 1e-06 for instance and model parameters
Doing analysis at TEMP = -40.000000 and TNOM = 27.000000

Using KLU as Direct Linear Solver

No. of Data Rows : 1
vos = 6.959061e-04
vout = 1.207072e+00
dvbe8 = 4.920282e-02
veb8 = 8.450149e-01
dvbe1 = 4.920190e-02
rra = 8.559263e-02
rrb = 1.145681e-02
vgdrv = 1.992477e+00
Reset re-loads circuit * error-amp-offset-mc monte carlo deck -- generated by sim/error-amp-offset-mc/run_amp_offset_mc.py, do not edit

Circuit: * error-amp-offset-mc monte carlo deck -- generated by sim/error-amp-offset-mc/run_amp_offset_mc.py, do not edit

option SCALE: Scale is set to 1e-06 for instance and model parameters
option SCALE: Scale is set to 1e-06 for instance and model parameters
option SCALE: Scale is set to 1e-06 for instance and model parameters
option SCALE: Scale is set to 1e-06 for instance and model parameters
Doing analysis at TEMP = -40.000000 and TNOM = 27.000000

Using KLU as Direct Linear Solver

No. of Data Rows : 1
vos = -4.78276e-04
vout = 1.216673e+00
dvbe8 = 4.911858e-02
veb8 = 8.448219e-01
dvbe1 = 4.972644e-02
rra = 8.560960e-02
rrb = 1.142422e-02
vgdrv = 1.989768e+00
Reset re-loads circuit * error-amp-offset-mc monte carlo deck -- generated by sim/error-amp-offset-mc/run_amp_offset_mc.py, do not edit

Circuit: * error-amp-offset-mc monte carlo deck -- generated by sim/error-amp-offset-mc/run_amp_offset_mc.py, do not edit

option SCALE: Scale is set to 1e-06 for instance and model parameters
option SCALE: Scale is set to 1e-06 for instance and model parameters
option SCALE: Scale is set to 1e-06 for instance and model parameters
option SCALE: Scale is set to 1e-06 for instance and model parameters
Doing analysis at TEMP = -40.000000 and TNOM = 27.000000

Using KLU as Direct Linear Solver
 Reference value :  0.00000e+00
No. of Data Rows : 1
vos = -7.71493e-04
vout = 1.225901e+00
dvbe8 = 4.885671e-02
veb8 = 8.446216e-01
dvbe1 = 4.885077e-02
rra = 8.560238e-02
rrb = 1.141794e-02
vgdrv = 1.987223e+00
Reset re-loads circuit * error-amp-offset-mc monte carlo deck -- generated by sim/error-amp-offset-mc/run_amp_offset_mc.py, do not edit

Circuit: * error-amp-offset-mc monte carlo deck -- generated by sim/error-amp-offset-mc/run_amp_offset_mc.py, do not edit

option SCALE: Scale is set to 1e-06 for instance and model parameters
option SCALE: Scale is set to 1e-06 for instance and model parameters
option SCALE: Scale is set to 1e-06 for instance and model parameters
option SCALE: Scale is set to 1e-06 for instance and model parameters
Doing analysis at TEMP = -40.000000 and TNOM = 27.000000

Using KLU as Direct Linear Solver

No. of Data Rows : 1
vos = 5.670945e-04
vout = 1.206674e+00
dvbe8 = 4.916523e-02
veb8 = 8.448995e-01
dvbe1 = 4.936725e-02
rra = 8.558373e-02
rrb = 1.138408e-02
vgdrv = 1.991189e+00
Reset re-loads circuit * error-amp-offset-mc monte carlo deck -- generated by sim/error-amp-offset-mc/run_amp_offset_mc.py, do not edit

Circuit: * error-amp-offset-mc monte carlo deck -- generated by sim/error-amp-offset-mc/run_amp_offset_mc.py, do not edit

option SCALE: Scale is set to 1e-06 for instance and model parameters
option SCALE: Scale is set to 1e-06 for instance and model parameters
option SCALE: Scale is set to 1e-06 for instance and model parameters
option SCALE: Scale is set to 1e-06 for instance and model parameters
Doing analysis at TEMP = -40.000000 and TNOM = 27.000000

Using KLU as Direct Linear Solver

No. of Data Rows : 1
vos = -2.12253e-05
vout = 1.214247e+00
dvbe8 = 4.899198e-02
veb8 = 8.447476e-01
dvbe1 = 4.910817e-02
rra = 8.558799e-02
rrb = 1.150715e-02
vgdrv = 1.992379e+00
Reset re-loads circuit * error-amp-offset-mc monte carlo deck -- generated by sim/error-amp-offset-mc/run_amp_offset_mc.py, do not edit

Circuit: * error-amp-offset-mc monte carlo deck -- generated by sim/error-amp-offset-mc/run_amp_offset_mc.py, do not edit

option SCALE: Scale is set to 1e-06 for instance and model parameters
option SCALE: Scale is set to 1e-06 for instance and model parameters
option SCALE: Scale is set to 1e-06 for instance and model parameters
option SCALE: Scale is set to 1e-06 for instance and model parameters
Doing analysis at TEMP = -40.000000 and TNOM = 27.000000

Using KLU as Direct Linear Solver

No. of Data Rows : 1
vos = 7.598141e-04
vout = 1.210140e+00
dvbe8 = 4.899841e-02
veb8 = 8.447449e-01
dvbe1 = 5.036397e-02
rra = 8.566530e-02
rrb = 1.143119e-02
vgdrv = 1.998436e+00
Reset re-loads circuit * error-amp-offset-mc monte carlo deck -- generated by sim/error-amp-offset-mc/run_amp_offset_mc.py, do not edit

Circuit: * error-amp-offset-mc monte carlo deck -- generated by sim/error-amp-offset-mc/run_amp_offset_mc.py, do not edit

option SCALE: Scale is set to 1e-06 for instance and model parameters
option SCALE: Scale is set to 1e-06 for instance and model parameters
option SCALE: Scale is set to 1e-06 for instance and model parameters
option SCALE: Scale is set to 1e-06 for instance and model parameters
Doing analysis at TEMP = -40.000000 and TNOM = 27.000000

Using KLU as Direct Linear Solver

No. of Data Rows : 1
vos = -2.20954e-04
vout = 1.216726e+00
dvbe8 = 4.902595e-02
veb8 = 8.447405e-01
dvbe1 = 4.979367e-02
rra = 8.567773e-02
rrb = 1.140710e-02
vgdrv = 1.989284e+00
Reset re-loads circuit * error-amp-offset-mc monte carlo deck -- generated by sim/error-amp-offset-mc/run_amp_offset_mc.py, do not edit

Circuit: * error-amp-offset-mc monte carlo deck -- generated by sim/error-amp-offset-mc/run_amp_offset_mc.py, do not edit

option SCALE: Scale is set to 1e-06 for instance and model parameters
option SCALE: Scale is set to 1e-06 for instance and model parameters
option SCALE: Scale is set to 1e-06 for instance and model parameters
option SCALE: Scale is set to 1e-06 for instance and model parameters
Doing analysis at TEMP = -40.000000 and TNOM = 27.000000

Using KLU as Direct Linear Solver

No. of Data Rows : 1
vos = 4.230622e-04
vout = 1.210131e+00
dvbe8 = 4.897711e-02
veb8 = 8.446789e-01
dvbe1 = 4.886094e-02
rra = 8.572901e-02
rrb = 1.143379e-02
vgdrv = 1.992345e+00
Reset re-loads circuit * error-amp-offset-mc monte carlo deck -- generated by sim/error-amp-offset-mc/run_amp_offset_mc.py, do not edit

Circuit: * error-amp-offset-mc monte carlo deck -- generated by sim/error-amp-offset-mc/run_amp_offset_mc.py, do not edit

option SCALE: Scale is set to 1e-06 for instance and model parameters
option SCALE: Scale is set to 1e-06 for instance and model parameters
option SCALE: Scale is set to 1e-06 for instance and model parameters
option SCALE: Scale is set to 1e-06 for instance and model parameters
Doing analysis at TEMP = -40.000000 and TNOM = 27.000000

Using KLU as Direct Linear Solver

No. of Data Rows : 1
vos = -1.02857e-04
vout = 1.215724e+00
dvbe8 = 4.894408e-02
veb8 = 8.447239e-01
dvbe1 = 4.927102e-02
rra = 8.552782e-02
rrb = 1.146003e-02
vgdrv = 1.990523e+00
Reset re-loads circuit * error-amp-offset-mc monte carlo deck -- generated by sim/error-amp-offset-mc/run_amp_offset_mc.py, do not edit

Circuit: * error-amp-offset-mc monte carlo deck -- generated by sim/error-amp-offset-mc/run_amp_offset_mc.py, do not edit

option SCALE: Scale is set to 1e-06 for instance and model parameters
option SCALE: Scale is set to 1e-06 for instance and model parameters
option SCALE: Scale is set to 1e-06 for instance and model parameters
option SCALE: Scale is set to 1e-06 for instance and model parameters
Doing analysis at TEMP = -40.000000 and TNOM = 27.000000

Using KLU as Direct Linear Solver

No. of Data Rows : 1
vos = 7.710432e-05
vout = 1.213572e+00
dvbe8 = 4.895455e-02
veb8 = 8.446808e-01
dvbe1 = 4.970115e-02
rra = 8.559472e-02
rrb = 1.141208e-02
vgdrv = 1.997477e+00
Reset re-loads circuit * error-amp-offset-mc monte carlo deck -- generated by sim/error-amp-offset-mc/run_amp_offset_mc.py, do not edit

Circuit: * error-amp-offset-mc monte carlo deck -- generated by sim/error-amp-offset-mc/run_amp_offset_mc.py, do not edit

option SCALE: Scale is set to 1e-06 for instance and model parameters
option SCALE: Scale is set to 1e-06 for instance and model parameters
option SCALE: Scale is set to 1e-06 for instance and model parameters
option SCALE: Scale is set to 1e-06 for instance and model parameters
Doing analysis at TEMP = -40.000000 and TNOM = 27.000000

Using KLU as Direct Linear Solver
 Reference value :  0.00000e+00
No. of Data Rows : 1
vos = 4.683330e-05
vout = 1.218065e+00
dvbe8 = 4.917163e-02
veb8 = 8.449584e-01
dvbe1 = 4.907181e-02
rra = 8.562131e-02
rrb = 1.143186e-02
vgdrv = 1.986403e+00
Reset re-loads circuit * error-amp-offset-mc monte carlo deck -- generated by sim/error-amp-offset-mc/run_amp_offset_mc.py, do not edit

Circuit: * error-amp-offset-mc monte carlo deck -- generated by sim/error-amp-offset-mc/run_amp_offset_mc.py, do not edit

option SCALE: Scale is set to 1e-06 for instance and model parameters
option SCALE: Scale is set to 1e-06 for instance and model parameters
option SCALE: Scale is set to 1e-06 for instance and model parameters
option SCALE: Scale is set to 1e-06 for instance and model parameters
Doing analysis at TEMP = -40.000000 and TNOM = 27.000000

Using KLU as Direct Linear Solver

No. of Data Rows : 1
vos = -6.33303e-04
vout = 1.217284e+00
dvbe8 = 4.884516e-02
veb8 = 8.446026e-01
dvbe1 = 4.910380e-02
rra = 8.558193e-02
rrb = 1.130319e-02
vgdrv = 1.990922e+00
Reset re-loads circuit * error-amp-offset-mc monte carlo deck -- generated by sim/error-amp-offset-mc/run_amp_offset_mc.py, do not edit

Circuit: * error-amp-offset-mc monte carlo deck -- generated by sim/error-amp-offset-mc/run_amp_offset_mc.py, do not edit

option SCALE: Scale is set to 1e-06 for instance and model parameters
option SCALE: Scale is set to 1e-06 for instance and model parameters
option SCALE: Scale is set to 1e-06 for instance and model parameters
option SCALE: Scale is set to 1e-06 for instance and model parameters
Doing analysis at TEMP = -40.000000 and TNOM = 27.000000

Using KLU as Direct Linear Solver

No. of Data Rows : 1
vos = -8.55464e-04
vout = 1.220511e+00
dvbe8 = 4.919599e-02
veb8 = 8.449317e-01
dvbe1 = 4.972475e-02
rra = 8.556241e-02
rrb = 1.146441e-02
vgdrv = 1.993982e+00
Reset re-loads circuit * error-amp-offset-mc monte carlo deck -- generated by sim/error-amp-offset-mc/run_amp_offset_mc.py, do not edit

Circuit: * error-amp-offset-mc monte carlo deck -- generated by sim/error-amp-offset-mc/run_amp_offset_mc.py, do not edit

option SCALE: Scale is set to 1e-06 for instance and model parameters
option SCALE: Scale is set to 1e-06 for instance and model parameters
option SCALE: Scale is set to 1e-06 for instance and model parameters
option SCALE: Scale is set to 1e-06 for instance and model parameters
Doing analysis at TEMP = -40.000000 and TNOM = 27.000000

Using KLU as Direct Linear Solver

No. of Data Rows : 1
vos = -7.78812e-04
vout = 1.222100e+00
dvbe8 = 4.901102e-02
veb8 = 8.447635e-01
dvbe1 = 5.015184e-02
rra = 8.570049e-02
rrb = 1.142976e-02
vgdrv = 1.987879e+00
Reset re-loads circuit * error-amp-offset-mc monte carlo deck -- generated by sim/error-amp-offset-mc/run_amp_offset_mc.py, do not edit

Circuit: * error-amp-offset-mc monte carlo deck -- generated by sim/error-amp-offset-mc/run_amp_offset_mc.py, do not edit

option SCALE: Scale is set to 1e-06 for instance and model parameters
option SCALE: Scale is set to 1e-06 for instance and model parameters
option SCALE: Scale is set to 1e-06 for instance and model parameters
option SCALE: Scale is set to 1e-06 for instance and model parameters
Doing analysis at TEMP = -40.000000 and TNOM = 27.000000

Using KLU as Direct Linear Solver

No. of Data Rows : 1
vos = 1.206793e-04
vout = 1.213478e+00
dvbe8 = 4.901595e-02
veb8 = 8.448282e-01
dvbe1 = 4.923512e-02
rra = 8.555094e-02
rrb = 1.140833e-02
vgdrv = 1.995079e+00
Reset re-loads circuit * error-amp-offset-mc monte carlo deck -- generated by sim/error-amp-offset-mc/run_amp_offset_mc.py, do not edit

Circuit: * error-amp-offset-mc monte carlo deck -- generated by sim/error-amp-offset-mc/run_amp_offset_mc.py, do not edit

option SCALE: Scale is set to 1e-06 for instance and model parameters
option SCALE: Scale is set to 1e-06 for instance and model parameters
option SCALE: Scale is set to 1e-06 for instance and model parameters
option SCALE: Scale is set to 1e-06 for instance and model parameters
Doing analysis at TEMP = -40.000000 and TNOM = 27.000000

Using KLU as Direct Linear Solver

No. of Data Rows : 1
vos = -1.33878e-04
vout = 1.224161e+00
dvbe8 = 4.893163e-02
veb8 = 8.447257e-01
dvbe1 = 5.013793e-02
rra = 8.560241e-02
rrb = 1.141344e-02
vgdrv = 1.990392e+00
Reset re-loads circuit * error-amp-offset-mc monte carlo deck -- generated by sim/error-amp-offset-mc/run_amp_offset_mc.py, do not edit

Circuit: * error-amp-offset-mc monte carlo deck -- generated by sim/error-amp-offset-mc/run_amp_offset_mc.py, do not edit

option SCALE: Scale is set to 1e-06 for instance and model parameters
option SCALE: Scale is set to 1e-06 for instance and model parameters
option SCALE: Scale is set to 1e-06 for instance and model parameters
option SCALE: Scale is set to 1e-06 for instance and model parameters
Doing analysis at TEMP = -40.000000 and TNOM = 27.000000

Using KLU as Direct Linear Solver

No. of Data Rows : 1
vos = -8.31512e-04
vout = 1.224240e+00
dvbe8 = 4.876811e-02
veb8 = 8.445712e-01
dvbe1 = 4.883664e-02
rra = 8.534728e-02
rrb = 1.143980e-02
vgdrv = 1.989462e+00
Reset re-loads circuit * error-amp-offset-mc monte carlo deck -- generated by sim/error-amp-offset-mc/run_amp_offset_mc.py, do not edit

Circuit: * error-amp-offset-mc monte carlo deck -- generated by sim/error-amp-offset-mc/run_amp_offset_mc.py, do not edit

option SCALE: Scale is set to 1e-06 for instance and model parameters
option SCALE: Scale is set to 1e-06 for instance and model parameters
option SCALE: Scale is set to 1e-06 for instance and model parameters
option SCALE: Scale is set to 1e-06 for instance and model parameters
Doing analysis at TEMP = -40.000000 and TNOM = 27.000000

Using KLU as Direct Linear Solver

No. of Data Rows : 1
vos = -1.92843e-06
vout = 1.217018e+00
dvbe8 = 4.897550e-02
veb8 = 8.447438e-01
dvbe1 = 4.926465e-02
rra = 8.585534e-02
rrb = 1.138657e-02
vgdrv = 1.991709e+00
Reset re-loads circuit * error-amp-offset-mc monte carlo deck -- generated by sim/error-amp-offset-mc/run_amp_offset_mc.py, do not edit

Circuit: * error-amp-offset-mc monte carlo deck -- generated by sim/error-amp-offset-mc/run_amp_offset_mc.py, do not edit

option SCALE: Scale is set to 1e-06 for instance and model parameters
option SCALE: Scale is set to 1e-06 for instance and model parameters
option SCALE: Scale is set to 1e-06 for instance and model parameters
option SCALE: Scale is set to 1e-06 for instance and model parameters
Doing analysis at TEMP = -40.000000 and TNOM = 27.000000

Using KLU as Direct Linear Solver
 Reference value :  0.00000e+00
No. of Data Rows : 1
vos = 1.912171e-03
vout = 1.201408e+00
dvbe8 = 4.918162e-02
veb8 = 8.449893e-01
dvbe1 = 4.943249e-02
rra = 8.559255e-02
rrb = 1.149593e-02
vgdrv = 1.993500e+00
Reset re-loads circuit * error-amp-offset-mc monte carlo deck -- generated by sim/error-amp-offset-mc/run_amp_offset_mc.py, do not edit

Circuit: * error-amp-offset-mc monte carlo deck -- generated by sim/error-amp-offset-mc/run_amp_offset_mc.py, do not edit

option SCALE: Scale is set to 1e-06 for instance and model parameters
option SCALE: Scale is set to 1e-06 for instance and model parameters
option SCALE: Scale is set to 1e-06 for instance and model parameters
option SCALE: Scale is set to 1e-06 for instance and model parameters
Doing analysis at TEMP = -40.000000 and TNOM = 27.000000

Using KLU as Direct Linear Solver

No. of Data Rows : 1
vos = -1.81567e-04
vout = 1.216904e+00
dvbe8 = 4.900112e-02
veb8 = 8.447854e-01
dvbe1 = 4.940730e-02
rra = 8.566581e-02
rrb = 1.137296e-02
vgdrv = 1.994124e+00
Reset re-loads circuit * error-amp-offset-mc monte carlo deck -- generated by sim/error-amp-offset-mc/run_amp_offset_mc.py, do not edit

Circuit: * error-amp-offset-mc monte carlo deck -- generated by sim/error-amp-offset-mc/run_amp_offset_mc.py, do not edit

option SCALE: Scale is set to 1e-06 for instance and model parameters
option SCALE: Scale is set to 1e-06 for instance and model parameters
option SCALE: Scale is set to 1e-06 for instance and model parameters
option SCALE: Scale is set to 1e-06 for instance and model parameters
Doing analysis at TEMP = -40.000000 and TNOM = 27.000000

Using KLU as Direct Linear Solver

No. of Data Rows : 1
vos = -9.82966e-04
vout = 1.219889e+00
dvbe8 = 4.903732e-02
veb8 = 8.447976e-01
dvbe1 = 4.967239e-02
rra = 8.561293e-02
rrb = 1.141398e-02
vgdrv = 1.986508e+00
Reset re-loads circuit * error-amp-offset-mc monte carlo deck -- generated by sim/error-amp-offset-mc/run_amp_offset_mc.py, do not edit

Circuit: * error-amp-offset-mc monte carlo deck -- generated by sim/error-amp-offset-mc/run_amp_offset_mc.py, do not edit

option SCALE: Scale is set to 1e-06 for instance and model parameters
option SCALE: Scale is set to 1e-06 for instance and model parameters
option SCALE: Scale is set to 1e-06 for instance and model parameters
option SCALE: Scale is set to 1e-06 for instance and model parameters
Doing analysis at TEMP = -40.000000 and TNOM = 27.000000

Using KLU as Direct Linear Solver

No. of Data Rows : 1
vos = 8.022936e-04
vout = 1.209195e+00
dvbe8 = 4.925931e-02
veb8 = 8.450228e-01
dvbe1 = 4.997561e-02
rra = 8.561445e-02
rrb = 1.137930e-02
vgdrv = 1.992031e+00
Reset re-loads circuit * error-amp-offset-mc monte carlo deck -- generated by sim/error-amp-offset-mc/run_amp_offset_mc.py, do not edit

Circuit: * error-amp-offset-mc monte carlo deck -- generated by sim/error-amp-offset-mc/run_amp_offset_mc.py, do not edit

option SCALE: Scale is set to 1e-06 for instance and model parameters
option SCALE: Scale is set to 1e-06 for instance and model parameters
option SCALE: Scale is set to 1e-06 for instance and model parameters
option SCALE: Scale is set to 1e-06 for instance and model parameters
Doing analysis at TEMP = -40.000000 and TNOM = 27.000000

Using KLU as Direct Linear Solver

No. of Data Rows : 1
vos = -2.93012e-04
vout = 1.215394e+00
dvbe8 = 4.902040e-02
veb8 = 8.448031e-01
dvbe1 = 5.015268e-02
rra = 8.550125e-02
rrb = 1.144417e-02
vgdrv = 1.991314e+00
Reset re-loads circuit * error-amp-offset-mc monte carlo deck -- generated by sim/error-amp-offset-mc/run_amp_offset_mc.py, do not edit

Circuit: * error-amp-offset-mc monte carlo deck -- generated by sim/error-amp-offset-mc/run_amp_offset_mc.py, do not edit

option SCALE: Scale is set to 1e-06 for instance and model parameters
option SCALE: Scale is set to 1e-06 for instance and model parameters
option SCALE: Scale is set to 1e-06 for instance and model parameters
option SCALE: Scale is set to 1e-06 for instance and model parameters
Doing analysis at TEMP = -40.000000 and TNOM = 27.000000

Using KLU as Direct Linear Solver

No. of Data Rows : 1
vos = -7.93051e-04
vout = 1.222500e+00
dvbe8 = 4.889418e-02
veb8 = 8.446814e-01
dvbe1 = 4.894317e-02
rra = 8.538410e-02
rrb = 1.153731e-02
vgdrv = 1.990514e+00
Reset re-loads circuit * error-amp-offset-mc monte carlo deck -- generated by sim/error-amp-offset-mc/run_amp_offset_mc.py, do not edit

Circuit: * error-amp-offset-mc monte carlo deck -- generated by sim/error-amp-offset-mc/run_amp_offset_mc.py, do not edit

option SCALE: Scale is set to 1e-06 for instance and model parameters
option SCALE: Scale is set to 1e-06 for instance and model parameters
option SCALE: Scale is set to 1e-06 for instance and model parameters
option SCALE: Scale is set to 1e-06 for instance and model parameters
Doing analysis at TEMP = -40.000000 and TNOM = 27.000000

Using KLU as Direct Linear Solver

No. of Data Rows : 1
vos = 6.467963e-04
vout = 1.212597e+00
dvbe8 = 4.892628e-02
veb8 = 8.446606e-01
dvbe1 = 4.911254e-02
rra = 8.565963e-02
rrb = 1.141794e-02
vgdrv = 1.989647e+00
Reset re-loads circuit * error-amp-offset-mc monte carlo deck -- generated by sim/error-amp-offset-mc/run_amp_offset_mc.py, do not edit

Circuit: * error-amp-offset-mc monte carlo deck -- generated by sim/error-amp-offset-mc/run_amp_offset_mc.py, do not edit

option SCALE: Scale is set to 1e-06 for instance and model parameters
option SCALE: Scale is set to 1e-06 for instance and model parameters
option SCALE: Scale is set to 1e-06 for instance and model parameters
option SCALE: Scale is set to 1e-06 for instance and model parameters
Doing analysis at TEMP = -40.000000 and TNOM = 27.000000

Using KLU as Direct Linear Solver

No. of Data Rows : 1
vos = -6.90614e-04
vout = 1.223031e+00
dvbe8 = 4.905957e-02
veb8 = 8.448197e-01
dvbe1 = 4.963320e-02
rra = 8.528771e-02
rrb = 1.142719e-02
vgdrv = 1.990130e+00
Reset re-loads circuit * error-amp-offset-mc monte carlo deck -- generated by sim/error-amp-offset-mc/run_amp_offset_mc.py, do not edit

Circuit: * error-amp-offset-mc monte carlo deck -- generated by sim/error-amp-offset-mc/run_amp_offset_mc.py, do not edit

option SCALE: Scale is set to 1e-06 for instance and model parameters
option SCALE: Scale is set to 1e-06 for instance and model parameters
option SCALE: Scale is set to 1e-06 for instance and model parameters
option SCALE: Scale is set to 1e-06 for instance and model parameters
Doing analysis at TEMP = -40.000000 and TNOM = 27.000000

Using KLU as Direct Linear Solver
 Reference value :  0.00000e+00
No. of Data Rows : 1
vos = 1.047615e-03
vout = 1.204083e+00
dvbe8 = 4.919970e-02
veb8 = 8.449375e-01
dvbe1 = 4.941509e-02
rra = 8.549631e-02
rrb = 1.140382e-02
vgdrv = 1.995242e+00
Reset re-loads circuit * error-amp-offset-mc monte carlo deck -- generated by sim/error-amp-offset-mc/run_amp_offset_mc.py, do not edit

Circuit: * error-amp-offset-mc monte carlo deck -- generated by sim/error-amp-offset-mc/run_amp_offset_mc.py, do not edit

option SCALE: Scale is set to 1e-06 for instance and model parameters
option SCALE: Scale is set to 1e-06 for instance and model parameters
option SCALE: Scale is set to 1e-06 for instance and model parameters
option SCALE: Scale is set to 1e-06 for instance and model parameters
Doing analysis at TEMP = -40.000000 and TNOM = 27.000000

Using KLU as Direct Linear Solver

No. of Data Rows : 1
vos = 4.007821e-04
vout = 1.208857e+00
dvbe8 = 4.895263e-02
veb8 = 8.447408e-01
dvbe1 = 4.918077e-02
rra = 8.545346e-02
rrb = 1.138643e-02
vgdrv = 1.991507e+00
Reset re-loads circuit * error-amp-offset-mc monte carlo deck -- generated by sim/error-amp-offset-mc/run_amp_offset_mc.py, do not edit

Circuit: * error-amp-offset-mc monte carlo deck -- generated by sim/error-amp-offset-mc/run_amp_offset_mc.py, do not edit

option SCALE: Scale is set to 1e-06 for instance and model parameters
option SCALE: Scale is set to 1e-06 for instance and model parameters
option SCALE: Scale is set to 1e-06 for instance and model parameters
option SCALE: Scale is set to 1e-06 for instance and model parameters
Doing analysis at TEMP = -40.000000 and TNOM = 27.000000

Using KLU as Direct Linear Solver

No. of Data Rows : 1
vos = -2.00801e-05
vout = 1.219611e+00
dvbe8 = 4.929097e-02
veb8 = 8.450861e-01
dvbe1 = 4.939193e-02
rra = 8.562462e-02
rrb = 1.139189e-02
vgdrv = 1.994546e+00
Reset re-loads circuit * error-amp-offset-mc monte carlo deck -- generated by sim/error-amp-offset-mc/run_amp_offset_mc.py, do not edit

Circuit: * error-amp-offset-mc monte carlo deck -- generated by sim/error-amp-offset-mc/run_amp_offset_mc.py, do not edit

option SCALE: Scale is set to 1e-06 for instance and model parameters
option SCALE: Scale is set to 1e-06 for instance and model parameters
option SCALE: Scale is set to 1e-06 for instance and model parameters
option SCALE: Scale is set to 1e-06 for instance and model parameters
Doing analysis at TEMP = -40.000000 and TNOM = 27.000000

Using KLU as Direct Linear Solver

No. of Data Rows : 1
vos = -1.52878e-04
vout = 1.219047e+00
dvbe8 = 4.889792e-02
veb8 = 8.446733e-01
dvbe1 = 4.928553e-02
rra = 8.575809e-02
rrb = 1.134267e-02
vgdrv = 1.988525e+00
Reset re-loads circuit * error-amp-offset-mc monte carlo deck -- generated by sim/error-amp-offset-mc/run_amp_offset_mc.py, do not edit

Circuit: * error-amp-offset-mc monte carlo deck -- generated by sim/error-amp-offset-mc/run_amp_offset_mc.py, do not edit

option SCALE: Scale is set to 1e-06 for instance and model parameters
option SCALE: Scale is set to 1e-06 for instance and model parameters
option SCALE: Scale is set to 1e-06 for instance and model parameters
option SCALE: Scale is set to 1e-06 for instance and model parameters
Doing analysis at TEMP = -40.000000 and TNOM = 27.000000

Using KLU as Direct Linear Solver

No. of Data Rows : 1
vos = -9.65956e-04
vout = 1.222659e+00
dvbe8 = 4.903916e-02
veb8 = 8.448905e-01
dvbe1 = 4.939018e-02
rra = 8.549908e-02
rrb = 1.140024e-02
vgdrv = 1.988421e+00
Reset re-loads circuit * error-amp-offset-mc monte carlo deck -- generated by sim/error-amp-offset-mc/run_amp_offset_mc.py, do not edit

Circuit: * error-amp-offset-mc monte carlo deck -- generated by sim/error-amp-offset-mc/run_amp_offset_mc.py, do not edit

option SCALE: Scale is set to 1e-06 for instance and model parameters
option SCALE: Scale is set to 1e-06 for instance and model parameters
option SCALE: Scale is set to 1e-06 for instance and model parameters
option SCALE: Scale is set to 1e-06 for instance and model parameters
Doing analysis at TEMP = -40.000000 and TNOM = 27.000000

Using KLU as Direct Linear Solver

No. of Data Rows : 1
vos = -5.80631e-04
vout = 1.219604e+00
dvbe8 = 4.906295e-02
veb8 = 8.447872e-01
dvbe1 = 5.057112e-02
rra = 8.569129e-02
rrb = 1.142954e-02
vgdrv = 1.993974e+00
Reset re-loads circuit * error-amp-offset-mc monte carlo deck -- generated by sim/error-amp-offset-mc/run_amp_offset_mc.py, do not edit

Circuit: * error-amp-offset-mc monte carlo deck -- generated by sim/error-amp-offset-mc/run_amp_offset_mc.py, do not edit

option SCALE: Scale is set to 1e-06 for instance and model parameters
option SCALE: Scale is set to 1e-06 for instance and model parameters
option SCALE: Scale is set to 1e-06 for instance and model parameters
option SCALE: Scale is set to 1e-06 for instance and model parameters
Doing analysis at TEMP = -40.000000 and TNOM = 27.000000

Using KLU as Direct Linear Solver

No. of Data Rows : 1
vos = 2.879629e-04
vout = 1.215278e+00
dvbe8 = 4.886841e-02
veb8 = 8.446271e-01
dvbe1 = 4.929279e-02
rra = 8.561036e-02
rrb = 1.139523e-02
vgdrv = 1.993560e+00
Reset re-loads circuit * error-amp-offset-mc monte carlo deck -- generated by sim/error-amp-offset-mc/run_amp_offset_mc.py, do not edit

Circuit: * error-amp-offset-mc monte carlo deck -- generated by sim/error-amp-offset-mc/run_amp_offset_mc.py, do not edit

option SCALE: Scale is set to 1e-06 for instance and model parameters
option SCALE: Scale is set to 1e-06 for instance and model parameters
option SCALE: Scale is set to 1e-06 for instance and model parameters
option SCALE: Scale is set to 1e-06 for instance and model parameters
Doing analysis at TEMP = -40.000000 and TNOM = 27.000000

Using KLU as Direct Linear Solver

No. of Data Rows : 1
vos = 4.743933e-04
vout = 1.206850e+00
dvbe8 = 4.912592e-02
veb8 = 8.449075e-01
dvbe1 = 4.981816e-02
rra = 8.550791e-02
rrb = 1.145395e-02
vgdrv = 1.990646e+00
Reset re-loads circuit * error-amp-offset-mc monte carlo deck -- generated by sim/error-amp-offset-mc/run_amp_offset_mc.py, do not edit

Circuit: * error-amp-offset-mc monte carlo deck -- generated by sim/error-amp-offset-mc/run_amp_offset_mc.py, do not edit

option SCALE: Scale is set to 1e-06 for instance and model parameters
option SCALE: Scale is set to 1e-06 for instance and model parameters
option SCALE: Scale is set to 1e-06 for instance and model parameters
option SCALE: Scale is set to 1e-06 for instance and model parameters
Doing analysis at TEMP = -40.000000 and TNOM = 27.000000

Using KLU as Direct Linear Solver
 Reference value :  0.00000e+00
No. of Data Rows : 1
vos = -2.85894e-04
vout = 1.221866e+00
dvbe8 = 4.928109e-02
veb8 = 8.450435e-01
dvbe1 = 4.875183e-02
rra = 8.544085e-02
rrb = 1.144428e-02
vgdrv = 1.991464e+00
Reset re-loads circuit * error-amp-offset-mc monte carlo deck -- generated by sim/error-amp-offset-mc/run_amp_offset_mc.py, do not edit

Circuit: * error-amp-offset-mc monte carlo deck -- generated by sim/error-amp-offset-mc/run_amp_offset_mc.py, do not edit

option SCALE: Scale is set to 1e-06 for instance and model parameters
option SCALE: Scale is set to 1e-06 for instance and model parameters
option SCALE: Scale is set to 1e-06 for instance and model parameters
option SCALE: Scale is set to 1e-06 for instance and model parameters
Doing analysis at TEMP = -40.000000 and TNOM = 27.000000

Using KLU as Direct Linear Solver

No. of Data Rows : 1
vos = 4.041523e-04
vout = 1.208808e+00
dvbe8 = 4.897505e-02
veb8 = 8.447154e-01
dvbe1 = 4.963197e-02
rra = 8.552778e-02
rrb = 1.137051e-02
vgdrv = 1.991514e+00
Reset re-loads circuit * error-amp-offset-mc monte carlo deck -- generated by sim/error-amp-offset-mc/run_amp_offset_mc.py, do not edit

Circuit: * error-amp-offset-mc monte carlo deck -- generated by sim/error-amp-offset-mc/run_amp_offset_mc.py, do not edit

option SCALE: Scale is set to 1e-06 for instance and model parameters
option SCALE: Scale is set to 1e-06 for instance and model parameters
option SCALE: Scale is set to 1e-06 for instance and model parameters
option SCALE: Scale is set to 1e-06 for instance and model parameters
Doing analysis at TEMP = -40.000000 and TNOM = 27.000000

Using KLU as Direct Linear Solver

No. of Data Rows : 1
vos = -3.28392e-04
vout = 1.227057e+00
dvbe8 = 4.925072e-02
veb8 = 8.450157e-01
dvbe1 = 4.958475e-02
rra = 8.569195e-02
rrb = 1.146971e-02
vgdrv = 1.988335e+00
Reset re-loads circuit * error-amp-offset-mc monte carlo deck -- generated by sim/error-amp-offset-mc/run_amp_offset_mc.py, do not edit

Circuit: * error-amp-offset-mc monte carlo deck -- generated by sim/error-amp-offset-mc/run_amp_offset_mc.py, do not edit

option SCALE: Scale is set to 1e-06 for instance and model parameters
option SCALE: Scale is set to 1e-06 for instance and model parameters
option SCALE: Scale is set to 1e-06 for instance and model parameters
option SCALE: Scale is set to 1e-06 for instance and model parameters
Doing analysis at TEMP = -40.000000 and TNOM = 27.000000

Using KLU as Direct Linear Solver

No. of Data Rows : 1
vos = -4.99075e-04
vout = 1.221079e+00
dvbe8 = 4.916933e-02
veb8 = 8.448677e-01
dvbe1 = 4.860243e-02
rra = 8.556271e-02
rrb = 1.131084e-02
vgdrv = 1.987059e+00
Reset re-loads circuit * error-amp-offset-mc monte carlo deck -- generated by sim/error-amp-offset-mc/run_amp_offset_mc.py, do not edit

Circuit: * error-amp-offset-mc monte carlo deck -- generated by sim/error-amp-offset-mc/run_amp_offset_mc.py, do not edit

option SCALE: Scale is set to 1e-06 for instance and model parameters
option SCALE: Scale is set to 1e-06 for instance and model parameters
option SCALE: Scale is set to 1e-06 for instance and model parameters
option SCALE: Scale is set to 1e-06 for instance and model parameters
Doing analysis at TEMP = -40.000000 and TNOM = 27.000000

Using KLU as Direct Linear Solver

No. of Data Rows : 1
vos = -6.26814e-04
vout = 1.221665e+00
dvbe8 = 4.906384e-02
veb8 = 8.448146e-01
dvbe1 = 4.961196e-02
rra = 8.557457e-02
rrb = 1.144887e-02
vgdrv = 1.990485e+00
Reset re-loads circuit * error-amp-offset-mc monte carlo deck -- generated by sim/error-amp-offset-mc/run_amp_offset_mc.py, do not edit

Circuit: * error-amp-offset-mc monte carlo deck -- generated by sim/error-amp-offset-mc/run_amp_offset_mc.py, do not edit

option SCALE: Scale is set to 1e-06 for instance and model parameters
option SCALE: Scale is set to 1e-06 for instance and model parameters
option SCALE: Scale is set to 1e-06 for instance and model parameters
option SCALE: Scale is set to 1e-06 for instance and model parameters
Doing analysis at TEMP = -40.000000 and TNOM = 27.000000

Using KLU as Direct Linear Solver

No. of Data Rows : 1
vos = 9.722138e-04
vout = 1.206438e+00
dvbe8 = 4.910754e-02
veb8 = 8.448666e-01
dvbe1 = 5.076099e-02
rra = 8.546802e-02
rrb = 1.134777e-02
vgdrv = 1.996696e+00
Reset re-loads circuit * error-amp-offset-mc monte carlo deck -- generated by sim/error-amp-offset-mc/run_amp_offset_mc.py, do not edit

Circuit: * error-amp-offset-mc monte carlo deck -- generated by sim/error-amp-offset-mc/run_amp_offset_mc.py, do not edit

option SCALE: Scale is set to 1e-06 for instance and model parameters
option SCALE: Scale is set to 1e-06 for instance and model parameters
option SCALE: Scale is set to 1e-06 for instance and model parameters
option SCALE: Scale is set to 1e-06 for instance and model parameters
Doing analysis at TEMP = -40.000000 and TNOM = 27.000000

Using KLU as Direct Linear Solver

No. of Data Rows : 1
vos = -4.30774e-04
vout = 1.220032e+00
dvbe8 = 4.895694e-02
veb8 = 8.447462e-01
dvbe1 = 5.020164e-02
rra = 8.570221e-02
rrb = 1.143459e-02
vgdrv = 1.992538e+00
Reset re-loads circuit * error-amp-offset-mc monte carlo deck -- generated by sim/error-amp-offset-mc/run_amp_offset_mc.py, do not edit

Circuit: * error-amp-offset-mc monte carlo deck -- generated by sim/error-amp-offset-mc/run_amp_offset_mc.py, do not edit

option SCALE: Scale is set to 1e-06 for instance and model parameters
option SCALE: Scale is set to 1e-06 for instance and model parameters
option SCALE: Scale is set to 1e-06 for instance and model parameters
option SCALE: Scale is set to 1e-06 for instance and model parameters
Doing analysis at TEMP = -40.000000 and TNOM = 27.000000

Using KLU as Direct Linear Solver
 Reference value :  0.00000e+00
No. of Data Rows : 1
vos = -8.53237e-04
vout = 1.224699e+00
dvbe8 = 4.913865e-02
veb8 = 8.449009e-01
dvbe1 = 4.944241e-02
rra = 8.562057e-02
rrb = 1.145129e-02
vgdrv = 1.987906e+00
Reset re-loads circuit * error-amp-offset-mc monte carlo deck -- generated by sim/error-amp-offset-mc/run_amp_offset_mc.py, do not edit

Circuit: * error-amp-offset-mc monte carlo deck -- generated by sim/error-amp-offset-mc/run_amp_offset_mc.py, do not edit

option SCALE: Scale is set to 1e-06 for instance and model parameters
option SCALE: Scale is set to 1e-06 for instance and model parameters
option SCALE: Scale is set to 1e-06 for instance and model parameters
option SCALE: Scale is set to 1e-06 for instance and model parameters
Doing analysis at TEMP = -40.000000 and TNOM = 27.000000

Using KLU as Direct Linear Solver

No. of Data Rows : 1
vos = -7.73917e-04
vout = 1.221242e+00
dvbe8 = 4.927193e-02
veb8 = 8.449811e-01
dvbe1 = 4.943338e-02
rra = 8.543825e-02
rrb = 1.146147e-02
vgdrv = 1.992658e+00
Reset re-loads circuit * error-amp-offset-mc monte carlo deck -- generated by sim/error-amp-offset-mc/run_amp_offset_mc.py, do not edit

Circuit: * error-amp-offset-mc monte carlo deck -- generated by sim/error-amp-offset-mc/run_amp_offset_mc.py, do not edit

option SCALE: Scale is set to 1e-06 for instance and model parameters
option SCALE: Scale is set to 1e-06 for instance and model parameters
option SCALE: Scale is set to 1e-06 for instance and model parameters
option SCALE: Scale is set to 1e-06 for instance and model parameters
Doing analysis at TEMP = -40.000000 and TNOM = 27.000000

Using KLU as Direct Linear Solver

No. of Data Rows : 1
vos = -8.70573e-04
vout = 1.222767e+00
dvbe8 = 4.891506e-02
veb8 = 8.447360e-01
dvbe1 = 4.854363e-02
rra = 8.552953e-02
rrb = 1.139690e-02
vgdrv = 1.989006e+00
Reset re-loads circuit * error-amp-offset-mc monte carlo deck -- generated by sim/error-amp-offset-mc/run_amp_offset_mc.py, do not edit

Circuit: * error-amp-offset-mc monte carlo deck -- generated by sim/error-amp-offset-mc/run_amp_offset_mc.py, do not edit

option SCALE: Scale is set to 1e-06 for instance and model parameters
option SCALE: Scale is set to 1e-06 for instance and model parameters
option SCALE: Scale is set to 1e-06 for instance and model parameters
option SCALE: Scale is set to 1e-06 for instance and model parameters
Doing analysis at TEMP = -40.000000 and TNOM = 27.000000

Using KLU as Direct Linear Solver

No. of Data Rows : 1
vos = -1.83785e-04
vout = 1.221501e+00
dvbe8 = 4.898057e-02
veb8 = 8.446721e-01
dvbe1 = 4.922870e-02
rra = 8.560351e-02
rrb = 1.141808e-02
vgdrv = 1.991116e+00
Reset re-loads circuit * error-amp-offset-mc monte carlo deck -- generated by sim/error-amp-offset-mc/run_amp_offset_mc.py, do not edit

Circuit: * error-amp-offset-mc monte carlo deck -- generated by sim/error-amp-offset-mc/run_amp_offset_mc.py, do not edit

option SCALE: Scale is set to 1e-06 for instance and model parameters
option SCALE: Scale is set to 1e-06 for instance and model parameters
option SCALE: Scale is set to 1e-06 for instance and model parameters
option SCALE: Scale is set to 1e-06 for instance and model parameters
Doing analysis at TEMP = -40.000000 and TNOM = 27.000000

Using KLU as Direct Linear Solver

No. of Data Rows : 1
vos = 2.875080e-05
vout = 1.213327e+00
dvbe8 = 4.899380e-02
veb8 = 8.447655e-01
dvbe1 = 4.919860e-02
rra = 8.565902e-02
rrb = 1.141777e-02
vgdrv = 1.991472e+00
Reset re-loads circuit * error-amp-offset-mc monte carlo deck -- generated by sim/error-amp-offset-mc/run_amp_offset_mc.py, do not edit

Circuit: * error-amp-offset-mc monte carlo deck -- generated by sim/error-amp-offset-mc/run_amp_offset_mc.py, do not edit

option SCALE: Scale is set to 1e-06 for instance and model parameters
option SCALE: Scale is set to 1e-06 for instance and model parameters
option SCALE: Scale is set to 1e-06 for instance and model parameters
option SCALE: Scale is set to 1e-06 for instance and model parameters
Doing analysis at TEMP = -40.000000 and TNOM = 27.000000

Using KLU as Direct Linear Solver

No. of Data Rows : 1
vos = 3.856173e-04
vout = 1.208256e+00
dvbe8 = 4.898007e-02
veb8 = 8.448052e-01
dvbe1 = 4.983545e-02
rra = 8.550167e-02
rrb = 1.141981e-02
vgdrv = 1.989286e+00
Reset re-loads circuit * error-amp-offset-mc monte carlo deck -- generated by sim/error-amp-offset-mc/run_amp_offset_mc.py, do not edit

Circuit: * error-amp-offset-mc monte carlo deck -- generated by sim/error-amp-offset-mc/run_amp_offset_mc.py, do not edit

option SCALE: Scale is set to 1e-06 for instance and model parameters
option SCALE: Scale is set to 1e-06 for instance and model parameters
option SCALE: Scale is set to 1e-06 for instance and model parameters
option SCALE: Scale is set to 1e-06 for instance and model parameters
Doing analysis at TEMP = -40.000000 and TNOM = 27.000000

Using KLU as Direct Linear Solver

No. of Data Rows : 1
vos = 5.416753e-04
vout = 1.211515e+00
dvbe8 = 4.924832e-02
veb8 = 8.450121e-01
dvbe1 = 4.911504e-02
rra = 8.557127e-02
rrb = 1.140818e-02
vgdrv = 1.991700e+00
Reset re-loads circuit * error-amp-offset-mc monte carlo deck -- generated by sim/error-amp-offset-mc/run_amp_offset_mc.py, do not edit

Circuit: * error-amp-offset-mc monte carlo deck -- generated by sim/error-amp-offset-mc/run_amp_offset_mc.py, do not edit

option SCALE: Scale is set to 1e-06 for instance and model parameters
option SCALE: Scale is set to 1e-06 for instance and model parameters
option SCALE: Scale is set to 1e-06 for instance and model parameters
option SCALE: Scale is set to 1e-06 for instance and model parameters
Doing analysis at TEMP = -40.000000 and TNOM = 27.000000

Using KLU as Direct Linear Solver
 Reference value :  0.00000e+00
No. of Data Rows : 1
vos = 8.426127e-04
vout = 1.208743e+00
dvbe8 = 4.909214e-02
veb8 = 8.447949e-01
dvbe1 = 4.934737e-02
rra = 8.530285e-02
rrb = 1.137533e-02
vgdrv = 1.991813e+00
Reset re-loads circuit * error-amp-offset-mc monte carlo deck -- generated by sim/error-amp-offset-mc/run_amp_offset_mc.py, do not edit

Circuit: * error-amp-offset-mc monte carlo deck -- generated by sim/error-amp-offset-mc/run_amp_offset_mc.py, do not edit

option SCALE: Scale is set to 1e-06 for instance and model parameters
option SCALE: Scale is set to 1e-06 for instance and model parameters
option SCALE: Scale is set to 1e-06 for instance and model parameters
option SCALE: Scale is set to 1e-06 for instance and model parameters
Doing analysis at TEMP = -40.000000 and TNOM = 27.000000

Using KLU as Direct Linear Solver

No. of Data Rows : 1
vos = -2.62948e-04
vout = 1.218314e+00
dvbe8 = 4.908711e-02
veb8 = 8.448564e-01
dvbe1 = 4.991595e-02
rra = 8.542801e-02
rrb = 1.141257e-02
vgdrv = 1.991740e+00
Reset re-loads circuit * error-amp-offset-mc monte carlo deck -- generated by sim/error-amp-offset-mc/run_amp_offset_mc.py, do not edit

Circuit: * error-amp-offset-mc monte carlo deck -- generated by sim/error-amp-offset-mc/run_amp_offset_mc.py, do not edit

option SCALE: Scale is set to 1e-06 for instance and model parameters
option SCALE: Scale is set to 1e-06 for instance and model parameters
option SCALE: Scale is set to 1e-06 for instance and model parameters
option SCALE: Scale is set to 1e-06 for instance and model parameters
Doing analysis at TEMP = -40.000000 and TNOM = 27.000000

Using KLU as Direct Linear Solver

No. of Data Rows : 1
vos = 2.904617e-04
vout = 1.215503e+00
dvbe8 = 4.888414e-02
veb8 = 8.446797e-01
dvbe1 = 4.824001e-02
rra = 8.555960e-02
rrb = 1.145367e-02
vgdrv = 1.988996e+00
Reset re-loads circuit * error-amp-offset-mc monte carlo deck -- generated by sim/error-amp-offset-mc/run_amp_offset_mc.py, do not edit

Circuit: * error-amp-offset-mc monte carlo deck -- generated by sim/error-amp-offset-mc/run_amp_offset_mc.py, do not edit

option SCALE: Scale is set to 1e-06 for instance and model parameters
option SCALE: Scale is set to 1e-06 for instance and model parameters
option SCALE: Scale is set to 1e-06 for instance and model parameters
option SCALE: Scale is set to 1e-06 for instance and model parameters
Doing analysis at TEMP = -40.000000 and TNOM = 27.000000

Using KLU as Direct Linear Solver

No. of Data Rows : 1
vos = -9.28312e-04
vout = 1.222518e+00
dvbe8 = 4.912839e-02
veb8 = 8.449607e-01
dvbe1 = 4.895192e-02
rra = 8.561407e-02
rrb = 1.139902e-02
vgdrv = 1.991971e+00
Reset re-loads circuit * error-amp-offset-mc monte carlo deck -- generated by sim/error-amp-offset-mc/run_amp_offset_mc.py, do not edit

Circuit: * error-amp-offset-mc monte carlo deck -- generated by sim/error-amp-offset-mc/run_amp_offset_mc.py, do not edit

option SCALE: Scale is set to 1e-06 for instance and model parameters
option SCALE: Scale is set to 1e-06 for instance and model parameters
option SCALE: Scale is set to 1e-06 for instance and model parameters
option SCALE: Scale is set to 1e-06 for instance and model parameters
Doing analysis at TEMP = -40.000000 and TNOM = 27.000000

Using KLU as Direct Linear Solver

No. of Data Rows : 1
vos = 2.673288e-04
vout = 1.214208e+00
dvbe8 = 4.903043e-02
veb8 = 8.447840e-01
dvbe1 = 4.908391e-02
rra = 8.561518e-02
rrb = 1.142363e-02
vgdrv = 1.991714e+00
Reset re-loads circuit * error-amp-offset-mc monte carlo deck -- generated by sim/error-amp-offset-mc/run_amp_offset_mc.py, do not edit

Circuit: * error-amp-offset-mc monte carlo deck -- generated by sim/error-amp-offset-mc/run_amp_offset_mc.py, do not edit

option SCALE: Scale is set to 1e-06 for instance and model parameters
option SCALE: Scale is set to 1e-06 for instance and model parameters
option SCALE: Scale is set to 1e-06 for instance and model parameters
option SCALE: Scale is set to 1e-06 for instance and model parameters
Doing analysis at TEMP = -40.000000 and TNOM = 27.000000

Using KLU as Direct Linear Solver

No. of Data Rows : 1
vos = 3.530618e-04
vout = 1.210473e+00
dvbe8 = 4.876594e-02
veb8 = 8.445115e-01
dvbe1 = 4.939803e-02
rra = 8.544459e-02
rrb = 1.140264e-02
vgdrv = 1.994838e+00
Reset re-loads circuit * error-amp-offset-mc monte carlo deck -- generated by sim/error-amp-offset-mc/run_amp_offset_mc.py, do not edit

Circuit: * error-amp-offset-mc monte carlo deck -- generated by sim/error-amp-offset-mc/run_amp_offset_mc.py, do not edit

option SCALE: Scale is set to 1e-06 for instance and model parameters
option SCALE: Scale is set to 1e-06 for instance and model parameters
option SCALE: Scale is set to 1e-06 for instance and model parameters
option SCALE: Scale is set to 1e-06 for instance and model parameters
Doing analysis at TEMP = -40.000000 and TNOM = 27.000000

Using KLU as Direct Linear Solver

No. of Data Rows : 1
vos = -4.04030e-04
vout = 1.218898e+00
dvbe8 = 4.929725e-02
veb8 = 8.450232e-01
dvbe1 = 4.923106e-02
rra = 8.527624e-02
rrb = 1.143652e-02
vgdrv = 1.991099e+00
Reset re-loads circuit * error-amp-offset-mc monte carlo deck -- generated by sim/error-amp-offset-mc/run_amp_offset_mc.py, do not edit

Circuit: * error-amp-offset-mc monte carlo deck -- generated by sim/error-amp-offset-mc/run_amp_offset_mc.py, do not edit

option SCALE: Scale is set to 1e-06 for instance and model parameters
option SCALE: Scale is set to 1e-06 for instance and model parameters
option SCALE: Scale is set to 1e-06 for instance and model parameters
option SCALE: Scale is set to 1e-06 for instance and model parameters
Doing analysis at TEMP = -40.000000 and TNOM = 27.000000

Using KLU as Direct Linear Solver

No. of Data Rows : 1
vos = -9.00178e-04
vout = 1.222183e+00
dvbe8 = 4.884874e-02
veb8 = 8.445966e-01
dvbe1 = 4.963632e-02
rra = 8.572951e-02
rrb = 1.146246e-02
vgdrv = 1.990631e+00
Reset re-loads circuit * error-amp-offset-mc monte carlo deck -- generated by sim/error-amp-offset-mc/run_amp_offset_mc.py, do not edit

Circuit: * error-amp-offset-mc monte carlo deck -- generated by sim/error-amp-offset-mc/run_amp_offset_mc.py, do not edit

option SCALE: Scale is set to 1e-06 for instance and model parameters
option SCALE: Scale is set to 1e-06 for instance and model parameters
option SCALE: Scale is set to 1e-06 for instance and model parameters
option SCALE: Scale is set to 1e-06 for instance and model parameters
Doing analysis at TEMP = -40.000000 and TNOM = 27.000000

Using KLU as Direct Linear Solver
 Reference value :  0.00000e+00
No. of Data Rows : 1
vos = -1.37012e-03
vout = 1.233186e+00
dvbe8 = 4.910672e-02
veb8 = 8.448614e-01
dvbe1 = 4.933680e-02
rra = 8.556243e-02
rrb = 1.143670e-02
vgdrv = 1.986937e+00
Reset re-loads circuit * error-amp-offset-mc monte carlo deck -- generated by sim/error-amp-offset-mc/run_amp_offset_mc.py, do not edit

Circuit: * error-amp-offset-mc monte carlo deck -- generated by sim/error-amp-offset-mc/run_amp_offset_mc.py, do not edit

option SCALE: Scale is set to 1e-06 for instance and model parameters
option SCALE: Scale is set to 1e-06 for instance and model parameters
option SCALE: Scale is set to 1e-06 for instance and model parameters
option SCALE: Scale is set to 1e-06 for instance and model parameters
Doing analysis at TEMP = -40.000000 and TNOM = 27.000000

Using KLU as Direct Linear Solver

No. of Data Rows : 1
vos = 2.982236e-05
vout = 1.213078e+00
dvbe8 = 4.903202e-02
veb8 = 8.447348e-01
dvbe1 = 4.985462e-02
rra = 8.560897e-02
rrb = 1.141115e-02
vgdrv = 1.992488e+00
Reset re-loads circuit * error-amp-offset-mc monte carlo deck -- generated by sim/error-amp-offset-mc/run_amp_offset_mc.py, do not edit

Circuit: * error-amp-offset-mc monte carlo deck -- generated by sim/error-amp-offset-mc/run_amp_offset_mc.py, do not edit

option SCALE: Scale is set to 1e-06 for instance and model parameters
option SCALE: Scale is set to 1e-06 for instance and model parameters
option SCALE: Scale is set to 1e-06 for instance and model parameters
option SCALE: Scale is set to 1e-06 for instance and model parameters
Doing analysis at TEMP = -40.000000 and TNOM = 27.000000

Using KLU as Direct Linear Solver

No. of Data Rows : 1
vos = -1.57015e-03
vout = 1.231996e+00
dvbe8 = 4.912588e-02
veb8 = 8.448755e-01
dvbe1 = 4.905812e-02
rra = 8.558759e-02
rrb = 1.140549e-02
vgdrv = 1.985013e+00
Reset re-loads circuit * error-amp-offset-mc monte carlo deck -- generated by sim/error-amp-offset-mc/run_amp_offset_mc.py, do not edit

Circuit: * error-amp-offset-mc monte carlo deck -- generated by sim/error-amp-offset-mc/run_amp_offset_mc.py, do not edit

option SCALE: Scale is set to 1e-06 for instance and model parameters
option SCALE: Scale is set to 1e-06 for instance and model parameters
option SCALE: Scale is set to 1e-06 for instance and model parameters
option SCALE: Scale is set to 1e-06 for instance and model parameters
Doing analysis at TEMP = -40.000000 and TNOM = 27.000000

Using KLU as Direct Linear Solver

No. of Data Rows : 1
vos = 1.274075e-04
vout = 1.214687e+00
dvbe8 = 4.898557e-02
veb8 = 8.447607e-01
dvbe1 = 5.018467e-02
rra = 8.566044e-02
rrb = 1.145085e-02
vgdrv = 1.991690e+00
Reset re-loads circuit * error-amp-offset-mc monte carlo deck -- generated by sim/error-amp-offset-mc/run_amp_offset_mc.py, do not edit

Circuit: * error-amp-offset-mc monte carlo deck -- generated by sim/error-amp-offset-mc/run_amp_offset_mc.py, do not edit

option SCALE: Scale is set to 1e-06 for instance and model parameters
option SCALE: Scale is set to 1e-06 for instance and model parameters
option SCALE: Scale is set to 1e-06 for instance and model parameters
option SCALE: Scale is set to 1e-06 for instance and model parameters
Doing analysis at TEMP = -40.000000 and TNOM = 27.000000

Using KLU as Direct Linear Solver

No. of Data Rows : 1
vos = -1.54387e-04
vout = 1.214950e+00
dvbe8 = 4.924817e-02
veb8 = 8.449511e-01
dvbe1 = 4.950212e-02
rra = 8.538879e-02
rrb = 1.141077e-02
vgdrv = 1.990983e+00
Reset re-loads circuit * error-amp-offset-mc monte carlo deck -- generated by sim/error-amp-offset-mc/run_amp_offset_mc.py, do not edit

Circuit: * error-amp-offset-mc monte carlo deck -- generated by sim/error-amp-offset-mc/run_amp_offset_mc.py, do not edit

option SCALE: Scale is set to 1e-06 for instance and model parameters
option SCALE: Scale is set to 1e-06 for instance and model parameters
option SCALE: Scale is set to 1e-06 for instance and model parameters
option SCALE: Scale is set to 1e-06 for instance and model parameters
Doing analysis at TEMP = -40.000000 and TNOM = 27.000000

Using KLU as Direct Linear Solver

No. of Data Rows : 1
vos = -2.00238e-04
vout = 1.213941e+00
dvbe8 = 4.899944e-02
veb8 = 8.447108e-01
dvbe1 = 4.921833e-02
rra = 8.546165e-02
rrb = 1.139379e-02
vgdrv = 1.991507e+00
Reset re-loads circuit * error-amp-offset-mc monte carlo deck -- generated by sim/error-amp-offset-mc/run_amp_offset_mc.py, do not edit

Circuit: * error-amp-offset-mc monte carlo deck -- generated by sim/error-amp-offset-mc/run_amp_offset_mc.py, do not edit

option SCALE: Scale is set to 1e-06 for instance and model parameters
option SCALE: Scale is set to 1e-06 for instance and model parameters
option SCALE: Scale is set to 1e-06 for instance and model parameters
option SCALE: Scale is set to 1e-06 for instance and model parameters
Doing analysis at TEMP = -40.000000 and TNOM = 27.000000

Using KLU as Direct Linear Solver

No. of Data Rows : 1
vos = -6.01500e-04
vout = 1.220739e+00
dvbe8 = 4.896419e-02
veb8 = 8.446848e-01
dvbe1 = 4.983675e-02
rra = 8.561679e-02
rrb = 1.143359e-02
vgdrv = 1.987259e+00
Reset re-loads circuit * error-amp-offset-mc monte carlo deck -- generated by sim/error-amp-offset-mc/run_amp_offset_mc.py, do not edit

Circuit: * error-amp-offset-mc monte carlo deck -- generated by sim/error-amp-offset-mc/run_amp_offset_mc.py, do not edit

option SCALE: Scale is set to 1e-06 for instance and model parameters
option SCALE: Scale is set to 1e-06 for instance and model parameters
option SCALE: Scale is set to 1e-06 for instance and model parameters
option SCALE: Scale is set to 1e-06 for instance and model parameters
Doing analysis at TEMP = -40.000000 and TNOM = 27.000000

Using KLU as Direct Linear Solver
 Reference value :  0.00000e+00
No. of Data Rows : 1
vos = -1.07476e-03
vout = 1.225395e+00
dvbe8 = 4.887362e-02
veb8 = 8.446848e-01
dvbe1 = 4.970641e-02
rra = 8.567336e-02
rrb = 1.143696e-02
vgdrv = 1.990947e+00
Reset re-loads circuit * error-amp-offset-mc monte carlo deck -- generated by sim/error-amp-offset-mc/run_amp_offset_mc.py, do not edit

Circuit: * error-amp-offset-mc monte carlo deck -- generated by sim/error-amp-offset-mc/run_amp_offset_mc.py, do not edit

option SCALE: Scale is set to 1e-06 for instance and model parameters
option SCALE: Scale is set to 1e-06 for instance and model parameters
option SCALE: Scale is set to 1e-06 for instance and model parameters
option SCALE: Scale is set to 1e-06 for instance and model parameters
Doing analysis at TEMP = -40.000000 and TNOM = 27.000000

Using KLU as Direct Linear Solver

No. of Data Rows : 1
vos = 1.007545e-04
vout = 1.211096e+00
dvbe8 = 4.904117e-02
veb8 = 8.448575e-01
dvbe1 = 4.948774e-02
rra = 8.562725e-02
rrb = 1.133645e-02
vgdrv = 1.994974e+00
Reset re-loads circuit * error-amp-offset-mc monte carlo deck -- generated by sim/error-amp-offset-mc/run_amp_offset_mc.py, do not edit

Circuit: * error-amp-offset-mc monte carlo deck -- generated by sim/error-amp-offset-mc/run_amp_offset_mc.py, do not edit

option SCALE: Scale is set to 1e-06 for instance and model parameters
option SCALE: Scale is set to 1e-06 for instance and model parameters
option SCALE: Scale is set to 1e-06 for instance and model parameters
option SCALE: Scale is set to 1e-06 for instance and model parameters
Doing analysis at TEMP = -40.000000 and TNOM = 27.000000

Using KLU as Direct Linear Solver

No. of Data Rows : 1
vos = -2.86943e-04
vout = 1.221086e+00
dvbe8 = 4.915734e-02
veb8 = 8.448899e-01
dvbe1 = 4.950097e-02
rra = 8.575830e-02
rrb = 1.135624e-02
vgdrv = 1.992115e+00
Reset re-loads circuit * error-amp-offset-mc monte carlo deck -- generated by sim/error-amp-offset-mc/run_amp_offset_mc.py, do not edit

Circuit: * error-amp-offset-mc monte carlo deck -- generated by sim/error-amp-offset-mc/run_amp_offset_mc.py, do not edit

option SCALE: Scale is set to 1e-06 for instance and model parameters
option SCALE: Scale is set to 1e-06 for instance and model parameters
option SCALE: Scale is set to 1e-06 for instance and model parameters
option SCALE: Scale is set to 1e-06 for instance and model parameters
Doing analysis at TEMP = -40.000000 and TNOM = 27.000000

Using KLU as Direct Linear Solver

No. of Data Rows : 1
vos = 7.897047e-05
vout = 1.212047e+00
dvbe8 = 4.920107e-02
veb8 = 8.449786e-01
dvbe1 = 4.934200e-02
rra = 8.558699e-02
rrb = 1.140350e-02
vgdrv = 1.993045e+00
Reset re-loads circuit * error-amp-offset-mc monte carlo deck -- generated by sim/error-amp-offset-mc/run_amp_offset_mc.py, do not edit

Circuit: * error-amp-offset-mc monte carlo deck -- generated by sim/error-amp-offset-mc/run_amp_offset_mc.py, do not edit

option SCALE: Scale is set to 1e-06 for instance and model parameters
option SCALE: Scale is set to 1e-06 for instance and model parameters
option SCALE: Scale is set to 1e-06 for instance and model parameters
option SCALE: Scale is set to 1e-06 for instance and model parameters
Doing analysis at TEMP = -40.000000 and TNOM = 27.000000

Using KLU as Direct Linear Solver

No. of Data Rows : 1
vos = 4.346406e-04
vout = 1.214464e+00
dvbe8 = 4.904071e-02
veb8 = 8.448281e-01
dvbe1 = 4.952456e-02
rra = 8.569718e-02
rrb = 1.145434e-02
vgdrv = 1.994335e+00
Reset re-loads circuit * error-amp-offset-mc monte carlo deck -- generated by sim/error-amp-offset-mc/run_amp_offset_mc.py, do not edit

Circuit: * error-amp-offset-mc monte carlo deck -- generated by sim/error-amp-offset-mc/run_amp_offset_mc.py, do not edit

option SCALE: Scale is set to 1e-06 for instance and model parameters
option SCALE: Scale is set to 1e-06 for instance and model parameters
option SCALE: Scale is set to 1e-06 for instance and model parameters
option SCALE: Scale is set to 1e-06 for instance and model parameters
Doing analysis at TEMP = -40.000000 and TNOM = 27.000000

Using KLU as Direct Linear Solver

No. of Data Rows : 1
vos = 1.491607e-04
vout = 1.206180e+00
dvbe8 = 4.907498e-02
veb8 = 8.447922e-01
dvbe1 = 4.902152e-02
rra = 8.584690e-02
rrb = 1.135367e-02
vgdrv = 1.992148e+00
Reset re-loads circuit * error-amp-offset-mc monte carlo deck -- generated by sim/error-amp-offset-mc/run_amp_offset_mc.py, do not edit

Circuit: * error-amp-offset-mc monte carlo deck -- generated by sim/error-amp-offset-mc/run_amp_offset_mc.py, do not edit

option SCALE: Scale is set to 1e-06 for instance and model parameters
option SCALE: Scale is set to 1e-06 for instance and model parameters
option SCALE: Scale is set to 1e-06 for instance and model parameters
option SCALE: Scale is set to 1e-06 for instance and model parameters
Doing analysis at TEMP = -40.000000 and TNOM = 27.000000

Using KLU as Direct Linear Solver

No. of Data Rows : 1
vos = 1.869235e-04
vout = 1.211757e+00
dvbe8 = 4.897306e-02
veb8 = 8.447341e-01
dvbe1 = 4.918541e-02
rra = 8.560666e-02
rrb = 1.140244e-02
vgdrv = 1.989286e+00
Reset re-loads circuit * error-amp-offset-mc monte carlo deck -- generated by sim/error-amp-offset-mc/run_amp_offset_mc.py, do not edit

Circuit: * error-amp-offset-mc monte carlo deck -- generated by sim/error-amp-offset-mc/run_amp_offset_mc.py, do not edit

option SCALE: Scale is set to 1e-06 for instance and model parameters
option SCALE: Scale is set to 1e-06 for instance and model parameters
option SCALE: Scale is set to 1e-06 for instance and model parameters
option SCALE: Scale is set to 1e-06 for instance and model parameters
Doing analysis at TEMP = -40.000000 and TNOM = 27.000000

Using KLU as Direct Linear Solver
 Reference value :  0.00000e+00
No. of Data Rows : 1
vos = -7.86119e-05
vout = 1.215929e+00
dvbe8 = 4.923612e-02
veb8 = 8.449138e-01
dvbe1 = 4.940252e-02
rra = 8.541867e-02
rrb = 1.145174e-02
vgdrv = 1.993861e+00
Reset re-loads circuit * error-amp-offset-mc monte carlo deck -- generated by sim/error-amp-offset-mc/run_amp_offset_mc.py, do not edit

Circuit: * error-amp-offset-mc monte carlo deck -- generated by sim/error-amp-offset-mc/run_amp_offset_mc.py, do not edit

option SCALE: Scale is set to 1e-06 for instance and model parameters
option SCALE: Scale is set to 1e-06 for instance and model parameters
option SCALE: Scale is set to 1e-06 for instance and model parameters
option SCALE: Scale is set to 1e-06 for instance and model parameters
Doing analysis at TEMP = -40.000000 and TNOM = 27.000000

Using KLU as Direct Linear Solver

No. of Data Rows : 1
vos = -1.40214e-05
vout = 1.213961e+00
dvbe8 = 4.896769e-02
veb8 = 8.447696e-01
dvbe1 = 4.963003e-02
rra = 8.582729e-02
rrb = 1.141240e-02
vgdrv = 1.994736e+00
Reset re-loads circuit * error-amp-offset-mc monte carlo deck -- generated by sim/error-amp-offset-mc/run_amp_offset_mc.py, do not edit

Circuit: * error-amp-offset-mc monte carlo deck -- generated by sim/error-amp-offset-mc/run_amp_offset_mc.py, do not edit

option SCALE: Scale is set to 1e-06 for instance and model parameters
option SCALE: Scale is set to 1e-06 for instance and model parameters
option SCALE: Scale is set to 1e-06 for instance and model parameters
option SCALE: Scale is set to 1e-06 for instance and model parameters
Doing analysis at TEMP = -40.000000 and TNOM = 27.000000

Using KLU as Direct Linear Solver

No. of Data Rows : 1
vos = -9.32400e-05
vout = 1.216811e+00
dvbe8 = 4.908795e-02
veb8 = 8.447881e-01
dvbe1 = 4.933780e-02
rra = 8.557088e-02
rrb = 1.140067e-02
vgdrv = 1.988681e+00
Reset re-loads circuit * error-amp-offset-mc monte carlo deck -- generated by sim/error-amp-offset-mc/run_amp_offset_mc.py, do not edit

Circuit: * error-amp-offset-mc monte carlo deck -- generated by sim/error-amp-offset-mc/run_amp_offset_mc.py, do not edit

option SCALE: Scale is set to 1e-06 for instance and model parameters
option SCALE: Scale is set to 1e-06 for instance and model parameters
option SCALE: Scale is set to 1e-06 for instance and model parameters
option SCALE: Scale is set to 1e-06 for instance and model parameters
Doing analysis at TEMP = -40.000000 and TNOM = 27.000000

Using KLU as Direct Linear Solver

No. of Data Rows : 1
vos = -4.43112e-04
vout = 1.224429e+00
dvbe8 = 4.920363e-02
veb8 = 8.449711e-01
dvbe1 = 4.963157e-02
rra = 8.542946e-02
rrb = 1.139348e-02
vgdrv = 1.988231e+00
Reset re-loads circuit * error-amp-offset-mc monte carlo deck -- generated by sim/error-amp-offset-mc/run_amp_offset_mc.py, do not edit

Circuit: * error-amp-offset-mc monte carlo deck -- generated by sim/error-amp-offset-mc/run_amp_offset_mc.py, do not edit

option SCALE: Scale is set to 1e-06 for instance and model parameters
option SCALE: Scale is set to 1e-06 for instance and model parameters
option SCALE: Scale is set to 1e-06 for instance and model parameters
option SCALE: Scale is set to 1e-06 for instance and model parameters
Doing analysis at TEMP = -40.000000 and TNOM = 27.000000

Using KLU as Direct Linear Solver

No. of Data Rows : 1
vos = -7.18864e-04
vout = 1.225733e+00
dvbe8 = 4.917111e-02
veb8 = 8.449371e-01
dvbe1 = 4.928621e-02
rra = 8.560903e-02
rrb = 1.137627e-02
vgdrv = 1.989595e+00
Reset re-loads circuit * error-amp-offset-mc monte carlo deck -- generated by sim/error-amp-offset-mc/run_amp_offset_mc.py, do not edit

Circuit: * error-amp-offset-mc monte carlo deck -- generated by sim/error-amp-offset-mc/run_amp_offset_mc.py, do not edit

option SCALE: Scale is set to 1e-06 for instance and model parameters
option SCALE: Scale is set to 1e-06 for instance and model parameters
option SCALE: Scale is set to 1e-06 for instance and model parameters
option SCALE: Scale is set to 1e-06 for instance and model parameters
Doing analysis at TEMP = -40.000000 and TNOM = 27.000000

Using KLU as Direct Linear Solver

No. of Data Rows : 1
vos = -7.88524e-04
vout = 1.224901e+00
dvbe8 = 4.903380e-02
veb8 = 8.447950e-01
dvbe1 = 4.909375e-02
rra = 8.562364e-02
rrb = 1.148330e-02
vgdrv = 1.989947e+00
Reset re-loads circuit * error-amp-offset-mc monte carlo deck -- generated by sim/error-amp-offset-mc/run_amp_offset_mc.py, do not edit

Circuit: * error-amp-offset-mc monte carlo deck -- generated by sim/error-amp-offset-mc/run_amp_offset_mc.py, do not edit

option SCALE: Scale is set to 1e-06 for instance and model parameters
option SCALE: Scale is set to 1e-06 for instance and model parameters
option SCALE: Scale is set to 1e-06 for instance and model parameters
option SCALE: Scale is set to 1e-06 for instance and model parameters
Doing analysis at TEMP = -40.000000 and TNOM = 27.000000

Using KLU as Direct Linear Solver

No. of Data Rows : 1
vos = -5.80661e-04
vout = 1.225348e+00
dvbe8 = 4.895227e-02
veb8 = 8.447056e-01
dvbe1 = 4.920204e-02
rra = 8.549450e-02
rrb = 1.138776e-02
vgdrv = 1.988325e+00
Reset re-loads circuit * error-amp-offset-mc monte carlo deck -- generated by sim/error-amp-offset-mc/run_amp_offset_mc.py, do not edit

Circuit: * error-amp-offset-mc monte carlo deck -- generated by sim/error-amp-offset-mc/run_amp_offset_mc.py, do not edit

option SCALE: Scale is set to 1e-06 for instance and model parameters
option SCALE: Scale is set to 1e-06 for instance and model parameters
option SCALE: Scale is set to 1e-06 for instance and model parameters
option SCALE: Scale is set to 1e-06 for instance and model parameters
Doing analysis at TEMP = -40.000000 and TNOM = 27.000000

Using KLU as Direct Linear Solver

No. of Data Rows : 1
vos = -3.14258e-05
vout = 1.214451e+00
dvbe8 = 4.913916e-02
veb8 = 8.448487e-01
dvbe1 = 4.948953e-02
rra = 8.565467e-02
rrb = 1.136291e-02
vgdrv = 1.992345e+00
Reset re-loads circuit * error-amp-offset-mc monte carlo deck -- generated by sim/error-amp-offset-mc/run_amp_offset_mc.py, do not edit

Circuit: * error-amp-offset-mc monte carlo deck -- generated by sim/error-amp-offset-mc/run_amp_offset_mc.py, do not edit

option SCALE: Scale is set to 1e-06 for instance and model parameters
option SCALE: Scale is set to 1e-06 for instance and model parameters
option SCALE: Scale is set to 1e-06 for instance and model parameters
option SCALE: Scale is set to 1e-06 for instance and model parameters
Doing analysis at TEMP = -40.000000 and TNOM = 27.000000

Using KLU as Direct Linear Solver
 Reference value :  0.00000e+00
No. of Data Rows : 1
vos = -4.75702e-04
vout = 1.221611e+00
dvbe8 = 4.892197e-02
veb8 = 8.446865e-01
dvbe1 = 5.005156e-02
rra = 8.573058e-02
rrb = 1.145168e-02
vgdrv = 1.992085e+00
Reset re-loads circuit * error-amp-offset-mc monte carlo deck -- generated by sim/error-amp-offset-mc/run_amp_offset_mc.py, do not edit

Circuit: * error-amp-offset-mc monte carlo deck -- generated by sim/error-amp-offset-mc/run_amp_offset_mc.py, do not edit

option SCALE: Scale is set to 1e-06 for instance and model parameters
option SCALE: Scale is set to 1e-06 for instance and model parameters
option SCALE: Scale is set to 1e-06 for instance and model parameters
option SCALE: Scale is set to 1e-06 for instance and model parameters
Doing analysis at TEMP = -40.000000 and TNOM = 27.000000

Using KLU as Direct Linear Solver

No. of Data Rows : 1
vos = 6.672174e-04
vout = 1.208539e+00
dvbe8 = 4.916032e-02
veb8 = 8.449527e-01
dvbe1 = 4.965534e-02
rra = 8.547089e-02
rrb = 1.147617e-02
vgdrv = 1.994599e+00
Reset re-loads circuit * error-amp-offset-mc monte carlo deck -- generated by sim/error-amp-offset-mc/run_amp_offset_mc.py, do not edit

Circuit: * error-amp-offset-mc monte carlo deck -- generated by sim/error-amp-offset-mc/run_amp_offset_mc.py, do not edit

option SCALE: Scale is set to 1e-06 for instance and model parameters
option SCALE: Scale is set to 1e-06 for instance and model parameters
option SCALE: Scale is set to 1e-06 for instance and model parameters
option SCALE: Scale is set to 1e-06 for instance and model parameters
Doing analysis at TEMP = -40.000000 and TNOM = 27.000000

Using KLU as Direct Linear Solver

No. of Data Rows : 1
vos = 3.499419e-04
vout = 1.214581e+00
dvbe8 = 4.903058e-02
veb8 = 8.447772e-01
dvbe1 = 4.905061e-02
rra = 8.540919e-02
rrb = 1.148105e-02
vgdrv = 1.994575e+00
Reset re-loads circuit * error-amp-offset-mc monte carlo deck -- generated by sim/error-amp-offset-mc/run_amp_offset_mc.py, do not edit

Circuit: * error-amp-offset-mc monte carlo deck -- generated by sim/error-amp-offset-mc/run_amp_offset_mc.py, do not edit

option SCALE: Scale is set to 1e-06 for instance and model parameters
option SCALE: Scale is set to 1e-06 for instance and model parameters
option SCALE: Scale is set to 1e-06 for instance and model parameters
option SCALE: Scale is set to 1e-06 for instance and model parameters
Doing analysis at TEMP = -40.000000 and TNOM = 27.000000

Using KLU as Direct Linear Solver

No. of Data Rows : 1
vos = 5.143061e-04
vout = 1.212003e+00
dvbe8 = 4.897952e-02
veb8 = 8.447413e-01
dvbe1 = 4.945025e-02
rra = 8.567510e-02
rrb = 1.145555e-02
vgdrv = 1.992086e+00
Reset re-loads circuit * error-amp-offset-mc monte carlo deck -- generated by sim/error-amp-offset-mc/run_amp_offset_mc.py, do not edit

Circuit: * error-amp-offset-mc monte carlo deck -- generated by sim/error-amp-offset-mc/run_amp_offset_mc.py, do not edit

option SCALE: Scale is set to 1e-06 for instance and model parameters
option SCALE: Scale is set to 1e-06 for instance and model parameters
option SCALE: Scale is set to 1e-06 for instance and model parameters
option SCALE: Scale is set to 1e-06 for instance and model parameters
Doing analysis at TEMP = -40.000000 and TNOM = 27.000000

Using KLU as Direct Linear Solver

No. of Data Rows : 1
vos = -1.74009e-04
vout = 1.212775e+00
dvbe8 = 4.894381e-02
veb8 = 8.447259e-01
dvbe1 = 4.931935e-02
rra = 8.554094e-02
rrb = 1.139689e-02
vgdrv = 1.993766e+00
Reset re-loads circuit * error-amp-offset-mc monte carlo deck -- generated by sim/error-amp-offset-mc/run_amp_offset_mc.py, do not edit

Circuit: * error-amp-offset-mc monte carlo deck -- generated by sim/error-amp-offset-mc/run_amp_offset_mc.py, do not edit

option SCALE: Scale is set to 1e-06 for instance and model parameters
option SCALE: Scale is set to 1e-06 for instance and model parameters
option SCALE: Scale is set to 1e-06 for instance and model parameters
option SCALE: Scale is set to 1e-06 for instance and model parameters
Doing analysis at TEMP = -40.000000 and TNOM = 27.000000

Using KLU as Direct Linear Solver

No. of Data Rows : 1
vos = -4.11648e-04
vout = 1.221234e+00
dvbe8 = 4.908165e-02
veb8 = 8.448142e-01
dvbe1 = 4.970252e-02
rra = 8.558483e-02
rrb = 1.135531e-02
vgdrv = 1.988713e+00
Reset re-loads circuit * error-amp-offset-mc monte carlo deck -- generated by sim/error-amp-offset-mc/run_amp_offset_mc.py, do not edit

Circuit: * error-amp-offset-mc monte carlo deck -- generated by sim/error-amp-offset-mc/run_amp_offset_mc.py, do not edit

option SCALE: Scale is set to 1e-06 for instance and model parameters
option SCALE: Scale is set to 1e-06 for instance and model parameters
option SCALE: Scale is set to 1e-06 for instance and model parameters
option SCALE: Scale is set to 1e-06 for instance and model parameters
Doing analysis at TEMP = -40.000000 and TNOM = 27.000000

Using KLU as Direct Linear Solver

No. of Data Rows : 1
vos = 3.401173e-04
vout = 1.213335e+00
dvbe8 = 4.904357e-02
veb8 = 8.447789e-01
dvbe1 = 4.958919e-02
rra = 8.561346e-02
rrb = 1.136660e-02
vgdrv = 1.994382e+00
Reset re-loads circuit * error-amp-offset-mc monte carlo deck -- generated by sim/error-amp-offset-mc/run_amp_offset_mc.py, do not edit

Circuit: * error-amp-offset-mc monte carlo deck -- generated by sim/error-amp-offset-mc/run_amp_offset_mc.py, do not edit

option SCALE: Scale is set to 1e-06 for instance and model parameters
option SCALE: Scale is set to 1e-06 for instance and model parameters
option SCALE: Scale is set to 1e-06 for instance and model parameters
option SCALE: Scale is set to 1e-06 for instance and model parameters
Doing analysis at TEMP = -40.000000 and TNOM = 27.000000

Using KLU as Direct Linear Solver
 Reference value :  0.00000e+00
No. of Data Rows : 1
vos = -1.27276e-04
vout = 1.215353e+00
dvbe8 = 4.885027e-02
veb8 = 8.446730e-01
dvbe1 = 4.961979e-02
rra = 8.553641e-02
rrb = 1.140639e-02
vgdrv = 1.990013e+00
Reset re-loads circuit * error-amp-offset-mc monte carlo deck -- generated by sim/error-amp-offset-mc/run_amp_offset_mc.py, do not edit

Circuit: * error-amp-offset-mc monte carlo deck -- generated by sim/error-amp-offset-mc/run_amp_offset_mc.py, do not edit

option SCALE: Scale is set to 1e-06 for instance and model parameters
option SCALE: Scale is set to 1e-06 for instance and model parameters
option SCALE: Scale is set to 1e-06 for instance and model parameters
option SCALE: Scale is set to 1e-06 for instance and model parameters
Doing analysis at TEMP = -40.000000 and TNOM = 27.000000

Using KLU as Direct Linear Solver

No. of Data Rows : 1
vos = -1.03878e-03
vout = 1.226062e+00
dvbe8 = 4.916553e-02
veb8 = 8.449029e-01
dvbe1 = 4.945977e-02
rra = 8.564441e-02
rrb = 1.152052e-02
vgdrv = 1.987933e+00
Reset re-loads circuit * error-amp-offset-mc monte carlo deck -- generated by sim/error-amp-offset-mc/run_amp_offset_mc.py, do not edit

Circuit: * error-amp-offset-mc monte carlo deck -- generated by sim/error-amp-offset-mc/run_amp_offset_mc.py, do not edit

option SCALE: Scale is set to 1e-06 for instance and model parameters
option SCALE: Scale is set to 1e-06 for instance and model parameters
option SCALE: Scale is set to 1e-06 for instance and model parameters
option SCALE: Scale is set to 1e-06 for instance and model parameters
Doing analysis at TEMP = -40.000000 and TNOM = 27.000000

Using KLU as Direct Linear Solver

No. of Data Rows : 1
vos = 1.181435e-04
vout = 1.216665e+00
dvbe8 = 4.869913e-02
veb8 = 8.444449e-01
dvbe1 = 4.915954e-02
rra = 8.560018e-02
rrb = 1.139941e-02
vgdrv = 1.990232e+00
Reset re-loads circuit * error-amp-offset-mc monte carlo deck -- generated by sim/error-amp-offset-mc/run_amp_offset_mc.py, do not edit

Circuit: * error-amp-offset-mc monte carlo deck -- generated by sim/error-amp-offset-mc/run_amp_offset_mc.py, do not edit

option SCALE: Scale is set to 1e-06 for instance and model parameters
option SCALE: Scale is set to 1e-06 for instance and model parameters
option SCALE: Scale is set to 1e-06 for instance and model parameters
option SCALE: Scale is set to 1e-06 for instance and model parameters
Doing analysis at TEMP = -40.000000 and TNOM = 27.000000

Using KLU as Direct Linear Solver

No. of Data Rows : 1
vos = 4.104404e-04
vout = 1.210346e+00
dvbe8 = 4.907843e-02
veb8 = 8.448769e-01
dvbe1 = 4.922374e-02
rra = 8.550857e-02
rrb = 1.134528e-02
vgdrv = 1.994042e+00
Reset re-loads circuit * error-amp-offset-mc monte carlo deck -- generated by sim/error-amp-offset-mc/run_amp_offset_mc.py, do not edit

Circuit: * error-amp-offset-mc monte carlo deck -- generated by sim/error-amp-offset-mc/run_amp_offset_mc.py, do not edit

option SCALE: Scale is set to 1e-06 for instance and model parameters
option SCALE: Scale is set to 1e-06 for instance and model parameters
option SCALE: Scale is set to 1e-06 for instance and model parameters
option SCALE: Scale is set to 1e-06 for instance and model parameters
Doing analysis at TEMP = -40.000000 and TNOM = 27.000000

Using KLU as Direct Linear Solver

No. of Data Rows : 1
vos = -6.22671e-04
vout = 1.220673e+00
dvbe8 = 4.913163e-02
veb8 = 8.449071e-01
dvbe1 = 4.909811e-02
rra = 8.561251e-02
rrb = 1.143284e-02
vgdrv = 1.990532e+00
Reset re-loads circuit * error-amp-offset-mc monte carlo deck -- generated by sim/error-amp-offset-mc/run_amp_offset_mc.py, do not edit

Circuit: * error-amp-offset-mc monte carlo deck -- generated by sim/error-amp-offset-mc/run_amp_offset_mc.py, do not edit

option SCALE: Scale is set to 1e-06 for instance and model parameters
option SCALE: Scale is set to 1e-06 for instance and model parameters
option SCALE: Scale is set to 1e-06 for instance and model parameters
option SCALE: Scale is set to 1e-06 for instance and model parameters
Doing analysis at TEMP = -40.000000 and TNOM = 27.000000

Using KLU as Direct Linear Solver

No. of Data Rows : 1
vos = -2.83840e-05
vout = 1.212425e+00
dvbe8 = 4.904199e-02
veb8 = 8.448047e-01
dvbe1 = 4.890833e-02
rra = 8.538414e-02
rrb = 1.136147e-02
vgdrv = 1.989933e+00
Reset re-loads circuit * error-amp-offset-mc monte carlo deck -- generated by sim/error-amp-offset-mc/run_amp_offset_mc.py, do not edit

Circuit: * error-amp-offset-mc monte carlo deck -- generated by sim/error-amp-offset-mc/run_amp_offset_mc.py, do not edit

option SCALE: Scale is set to 1e-06 for instance and model parameters
option SCALE: Scale is set to 1e-06 for instance and model parameters
option SCALE: Scale is set to 1e-06 for instance and model parameters
option SCALE: Scale is set to 1e-06 for instance and model parameters
Doing analysis at TEMP = -40.000000 and TNOM = 27.000000

Using KLU as Direct Linear Solver
 Reference value :  0.00000e+00
No. of Data Rows : 1
vos = -3.34853e-04
vout = 1.220872e+00
dvbe8 = 4.891392e-02
veb8 = 8.446987e-01
dvbe1 = 4.892214e-02
rra = 8.560575e-02
rrb = 1.140350e-02
vgdrv = 1.994239e+00
Reset re-loads circuit * error-amp-offset-mc monte carlo deck -- generated by sim/error-amp-offset-mc/run_amp_offset_mc.py, do not edit

Circuit: * error-amp-offset-mc monte carlo deck -- generated by sim/error-amp-offset-mc/run_amp_offset_mc.py, do not edit

option SCALE: Scale is set to 1e-06 for instance and model parameters
option SCALE: Scale is set to 1e-06 for instance and model parameters
option SCALE: Scale is set to 1e-06 for instance and model parameters
option SCALE: Scale is set to 1e-06 for instance and model parameters
Doing analysis at TEMP = -40.000000 and TNOM = 27.000000

Using KLU as Direct Linear Solver

No. of Data Rows : 1
vos = 2.543747e-04
vout = 1.218579e+00
dvbe8 = 4.901528e-02
veb8 = 8.447737e-01
dvbe1 = 4.977694e-02
rra = 8.570197e-02
rrb = 1.144257e-02
vgdrv = 1.989264e+00
Reset re-loads circuit * error-amp-offset-mc monte carlo deck -- generated by sim/error-amp-offset-mc/run_amp_offset_mc.py, do not edit

Circuit: * error-amp-offset-mc monte carlo deck -- generated by sim/error-amp-offset-mc/run_amp_offset_mc.py, do not edit

option SCALE: Scale is set to 1e-06 for instance and model parameters
option SCALE: Scale is set to 1e-06 for instance and model parameters
option SCALE: Scale is set to 1e-06 for instance and model parameters
option SCALE: Scale is set to 1e-06 for instance and model parameters
Doing analysis at TEMP = -40.000000 and TNOM = 27.000000

Using KLU as Direct Linear Solver

No. of Data Rows : 1
vos = 3.959085e-04
vout = 1.210578e+00
dvbe8 = 4.878751e-02
veb8 = 8.445680e-01
dvbe1 = 4.961832e-02
rra = 8.552075e-02
rrb = 1.139354e-02
vgdrv = 1.993149e+00
Reset re-loads circuit * error-amp-offset-mc monte carlo deck -- generated by sim/error-amp-offset-mc/run_amp_offset_mc.py, do not edit

Circuit: * error-amp-offset-mc monte carlo deck -- generated by sim/error-amp-offset-mc/run_amp_offset_mc.py, do not edit

option SCALE: Scale is set to 1e-06 for instance and model parameters
option SCALE: Scale is set to 1e-06 for instance and model parameters
option SCALE: Scale is set to 1e-06 for instance and model parameters
option SCALE: Scale is set to 1e-06 for instance and model parameters
Doing analysis at TEMP = -40.000000 and TNOM = 27.000000

Using KLU as Direct Linear Solver

No. of Data Rows : 1
vos = 1.049302e-03
vout = 1.207051e+00
dvbe8 = 4.905233e-02
veb8 = 8.448012e-01
dvbe1 = 4.960162e-02
rra = 8.540846e-02
rrb = 1.139562e-02
vgdrv = 1.989716e+00
Reset re-loads circuit * error-amp-offset-mc monte carlo deck -- generated by sim/error-amp-offset-mc/run_amp_offset_mc.py, do not edit

Circuit: * error-amp-offset-mc monte carlo deck -- generated by sim/error-amp-offset-mc/run_amp_offset_mc.py, do not edit

option SCALE: Scale is set to 1e-06 for instance and model parameters
option SCALE: Scale is set to 1e-06 for instance and model parameters
option SCALE: Scale is set to 1e-06 for instance and model parameters
option SCALE: Scale is set to 1e-06 for instance and model parameters
Doing analysis at TEMP = -40.000000 and TNOM = 27.000000

Using KLU as Direct Linear Solver

No. of Data Rows : 1
vos = -6.42538e-04
vout = 1.220915e+00
dvbe8 = 4.911700e-02
veb8 = 8.449203e-01
dvbe1 = 4.906937e-02
rra = 8.542812e-02
rrb = 1.142724e-02
vgdrv = 1.988750e+00
Reset re-loads circuit * error-amp-offset-mc monte carlo deck -- generated by sim/error-amp-offset-mc/run_amp_offset_mc.py, do not edit

Circuit: * error-amp-offset-mc monte carlo deck -- generated by sim/error-amp-offset-mc/run_amp_offset_mc.py, do not edit

option SCALE: Scale is set to 1e-06 for instance and model parameters
option SCALE: Scale is set to 1e-06 for instance and model parameters
option SCALE: Scale is set to 1e-06 for instance and model parameters
option SCALE: Scale is set to 1e-06 for instance and model parameters
Doing analysis at TEMP = -40.000000 and TNOM = 27.000000

Using KLU as Direct Linear Solver

No. of Data Rows : 1
vos = -2.16200e-04
vout = 1.214486e+00
dvbe8 = 4.893800e-02
veb8 = 8.447255e-01
dvbe1 = 4.903963e-02
rra = 8.560206e-02
rrb = 1.138085e-02
vgdrv = 1.988537e+00
Reset re-loads circuit * error-amp-offset-mc monte carlo deck -- generated by sim/error-amp-offset-mc/run_amp_offset_mc.py, do not edit

Circuit: * error-amp-offset-mc monte carlo deck -- generated by sim/error-amp-offset-mc/run_amp_offset_mc.py, do not edit

option SCALE: Scale is set to 1e-06 for instance and model parameters
option SCALE: Scale is set to 1e-06 for instance and model parameters
option SCALE: Scale is set to 1e-06 for instance and model parameters
option SCALE: Scale is set to 1e-06 for instance and model parameters
Doing analysis at TEMP = -40.000000 and TNOM = 27.000000

Using KLU as Direct Linear Solver
 Reference value :  0.00000e+00
No. of Data Rows : 1
vos = 4.141236e-04
vout = 1.212401e+00
dvbe8 = 4.905404e-02
veb8 = 8.447657e-01
dvbe1 = 4.874504e-02
rra = 8.554340e-02
rrb = 1.140138e-02
vgdrv = 1.995753e+00
Reset re-loads circuit * error-amp-offset-mc monte carlo deck -- generated by sim/error-amp-offset-mc/run_amp_offset_mc.py, do not edit

Circuit: * error-amp-offset-mc monte carlo deck -- generated by sim/error-amp-offset-mc/run_amp_offset_mc.py, do not edit

option SCALE: Scale is set to 1e-06 for instance and model parameters
option SCALE: Scale is set to 1e-06 for instance and model parameters
option SCALE: Scale is set to 1e-06 for instance and model parameters
option SCALE: Scale is set to 1e-06 for instance and model parameters
Doing analysis at TEMP = -40.000000 and TNOM = 27.000000

Using KLU as Direct Linear Solver

No. of Data Rows : 1
vos = -1.11255e-04
vout = 1.213501e+00
dvbe8 = 4.892265e-02
veb8 = 8.446693e-01
dvbe1 = 4.937464e-02
rra = 8.538562e-02
rrb = 1.137328e-02
vgdrv = 1.990597e+00
Reset re-loads circuit * error-amp-offset-mc monte carlo deck -- generated by sim/error-amp-offset-mc/run_amp_offset_mc.py, do not edit

Circuit: * error-amp-offset-mc monte carlo deck -- generated by sim/error-amp-offset-mc/run_amp_offset_mc.py, do not edit

option SCALE: Scale is set to 1e-06 for instance and model parameters
option SCALE: Scale is set to 1e-06 for instance and model parameters
option SCALE: Scale is set to 1e-06 for instance and model parameters
option SCALE: Scale is set to 1e-06 for instance and model parameters
Doing analysis at TEMP = -40.000000 and TNOM = 27.000000

Using KLU as Direct Linear Solver

No. of Data Rows : 1
vos = 3.424513e-04
vout = 1.214225e+00
dvbe8 = 4.884284e-02
veb8 = 8.445880e-01
dvbe1 = 4.973712e-02
rra = 8.557051e-02
rrb = 1.141034e-02
vgdrv = 1.987549e+00
Reset re-loads circuit * error-amp-offset-mc monte carlo deck -- generated by sim/error-amp-offset-mc/run_amp_offset_mc.py, do not edit

Circuit: * error-amp-offset-mc monte carlo deck -- generated by sim/error-amp-offset-mc/run_amp_offset_mc.py, do not edit

option SCALE: Scale is set to 1e-06 for instance and model parameters
option SCALE: Scale is set to 1e-06 for instance and model parameters
option SCALE: Scale is set to 1e-06 for instance and model parameters
option SCALE: Scale is set to 1e-06 for instance and model parameters
Doing analysis at TEMP = -40.000000 and TNOM = 27.000000

Using KLU as Direct Linear Solver

No. of Data Rows : 1
vos = -4.24087e-04
vout = 1.218174e+00
dvbe8 = 4.904573e-02
veb8 = 8.448054e-01
dvbe1 = 4.928246e-02
rra = 8.558630e-02
rrb = 1.138337e-02
vgdrv = 1.992498e+00
Reset re-loads circuit * error-amp-offset-mc monte carlo deck -- generated by sim/error-amp-offset-mc/run_amp_offset_mc.py, do not edit

Circuit: * error-amp-offset-mc monte carlo deck -- generated by sim/error-amp-offset-mc/run_amp_offset_mc.py, do not edit

option SCALE: Scale is set to 1e-06 for instance and model parameters
option SCALE: Scale is set to 1e-06 for instance and model parameters
option SCALE: Scale is set to 1e-06 for instance and model parameters
option SCALE: Scale is set to 1e-06 for instance and model parameters
Doing analysis at TEMP = -40.000000 and TNOM = 27.000000

Using KLU as Direct Linear Solver

No. of Data Rows : 1
vos = -4.49933e-04
vout = 1.221148e+00
dvbe8 = 4.874728e-02
veb8 = 8.445411e-01
dvbe1 = 4.943521e-02
rra = 8.552524e-02
rrb = 1.147445e-02
vgdrv = 1.989717e+00
Reset re-loads circuit * error-amp-offset-mc monte carlo deck -- generated by sim/error-amp-offset-mc/run_amp_offset_mc.py, do not edit

Circuit: * error-amp-offset-mc monte carlo deck -- generated by sim/error-amp-offset-mc/run_amp_offset_mc.py, do not edit

option SCALE: Scale is set to 1e-06 for instance and model parameters
option SCALE: Scale is set to 1e-06 for instance and model parameters
option SCALE: Scale is set to 1e-06 for instance and model parameters
option SCALE: Scale is set to 1e-06 for instance and model parameters
Doing analysis at TEMP = -40.000000 and TNOM = 27.000000

Using KLU as Direct Linear Solver

No. of Data Rows : 1
vos = -5.61734e-04
vout = 1.220374e+00
dvbe8 = 4.903709e-02
veb8 = 8.448077e-01
dvbe1 = 5.009638e-02
rra = 8.553051e-02
rrb = 1.140497e-02
vgdrv = 1.989334e+00
Reset re-loads circuit * error-amp-offset-mc monte carlo deck -- generated by sim/error-amp-offset-mc/run_amp_offset_mc.py, do not edit

Circuit: * error-amp-offset-mc monte carlo deck -- generated by sim/error-amp-offset-mc/run_amp_offset_mc.py, do not edit

option SCALE: Scale is set to 1e-06 for instance and model parameters
option SCALE: Scale is set to 1e-06 for instance and model parameters
option SCALE: Scale is set to 1e-06 for instance and model parameters
option SCALE: Scale is set to 1e-06 for instance and model parameters
Doing analysis at TEMP = -40.000000 and TNOM = 27.000000

Using KLU as Direct Linear Solver
 Reference value :  0.00000e+00
No. of Data Rows : 1
vos = 3.353558e-04
vout = 1.214694e+00
dvbe8 = 4.895133e-02
veb8 = 8.447071e-01
dvbe1 = 4.991342e-02
rra = 8.557830e-02
rrb = 1.145571e-02
vgdrv = 1.994498e+00
Reset re-loads circuit * error-amp-offset-mc monte carlo deck -- generated by sim/error-amp-offset-mc/run_amp_offset_mc.py, do not edit

Circuit: * error-amp-offset-mc monte carlo deck -- generated by sim/error-amp-offset-mc/run_amp_offset_mc.py, do not edit

option SCALE: Scale is set to 1e-06 for instance and model parameters
option SCALE: Scale is set to 1e-06 for instance and model parameters
option SCALE: Scale is set to 1e-06 for instance and model parameters
option SCALE: Scale is set to 1e-06 for instance and model parameters
Doing analysis at TEMP = -40.000000 and TNOM = 27.000000

Using KLU as Direct Linear Solver

No. of Data Rows : 1
vos = 2.937009e-04
vout = 1.206295e+00
dvbe8 = 4.905454e-02
veb8 = 8.447397e-01
dvbe1 = 4.943327e-02
rra = 8.556309e-02
rrb = 1.139324e-02
vgdrv = 1.992872e+00
Reset re-loads circuit * error-amp-offset-mc monte carlo deck -- generated by sim/error-amp-offset-mc/run_amp_offset_mc.py, do not edit

Circuit: * error-amp-offset-mc monte carlo deck -- generated by sim/error-amp-offset-mc/run_amp_offset_mc.py, do not edit

option SCALE: Scale is set to 1e-06 for instance and model parameters
option SCALE: Scale is set to 1e-06 for instance and model parameters
option SCALE: Scale is set to 1e-06 for instance and model parameters
option SCALE: Scale is set to 1e-06 for instance and model parameters
Doing analysis at TEMP = -40.000000 and TNOM = 27.000000

Using KLU as Direct Linear Solver

No. of Data Rows : 1
vos = -1.29622e-04
vout = 1.214539e+00
dvbe8 = 4.925945e-02
veb8 = 8.449983e-01
dvbe1 = 4.989547e-02
rra = 8.558942e-02
rrb = 1.142732e-02
vgdrv = 1.991769e+00
Reset re-loads circuit * error-amp-offset-mc monte carlo deck -- generated by sim/error-amp-offset-mc/run_amp_offset_mc.py, do not edit

Circuit: * error-amp-offset-mc monte carlo deck -- generated by sim/error-amp-offset-mc/run_amp_offset_mc.py, do not edit

option SCALE: Scale is set to 1e-06 for instance and model parameters
option SCALE: Scale is set to 1e-06 for instance and model parameters
option SCALE: Scale is set to 1e-06 for instance and model parameters
option SCALE: Scale is set to 1e-06 for instance and model parameters
Doing analysis at TEMP = -40.000000 and TNOM = 27.000000

Using KLU as Direct Linear Solver

No. of Data Rows : 1
vos = 4.354197e-04
vout = 1.211010e+00
dvbe8 = 4.895945e-02
veb8 = 8.447022e-01
dvbe1 = 4.948736e-02
rra = 8.553794e-02
rrb = 1.141079e-02
vgdrv = 1.990627e+00
Reset re-loads circuit * error-amp-offset-mc monte carlo deck -- generated by sim/error-amp-offset-mc/run_amp_offset_mc.py, do not edit

Circuit: * error-amp-offset-mc monte carlo deck -- generated by sim/error-amp-offset-mc/run_amp_offset_mc.py, do not edit

option SCALE: Scale is set to 1e-06 for instance and model parameters
option SCALE: Scale is set to 1e-06 for instance and model parameters
option SCALE: Scale is set to 1e-06 for instance and model parameters
option SCALE: Scale is set to 1e-06 for instance and model parameters
Doing analysis at TEMP = -40.000000 and TNOM = 27.000000

Using KLU as Direct Linear Solver

No. of Data Rows : 1
vos = -2.92402e-05
vout = 1.216892e+00
dvbe8 = 4.911387e-02
veb8 = 8.448369e-01
dvbe1 = 4.900855e-02
rra = 8.558627e-02
rrb = 1.144375e-02
vgdrv = 1.988995e+00
Reset re-loads circuit * error-amp-offset-mc monte carlo deck -- generated by sim/error-amp-offset-mc/run_amp_offset_mc.py, do not edit

Circuit: * error-amp-offset-mc monte carlo deck -- generated by sim/error-amp-offset-mc/run_amp_offset_mc.py, do not edit

option SCALE: Scale is set to 1e-06 for instance and model parameters
option SCALE: Scale is set to 1e-06 for instance and model parameters
option SCALE: Scale is set to 1e-06 for instance and model parameters
option SCALE: Scale is set to 1e-06 for instance and model parameters
Doing analysis at TEMP = -40.000000 and TNOM = 27.000000

Using KLU as Direct Linear Solver

No. of Data Rows : 1
vos = 1.789863e-03
vout = 1.195733e+00
dvbe8 = 4.928697e-02
veb8 = 8.450789e-01
dvbe1 = 4.969022e-02
rra = 8.557143e-02
rrb = 1.145904e-02
vgdrv = 1.994212e+00
Reset re-loads circuit * error-amp-offset-mc monte carlo deck -- generated by sim/error-amp-offset-mc/run_amp_offset_mc.py, do not edit

Circuit: * error-amp-offset-mc monte carlo deck -- generated by sim/error-amp-offset-mc/run_amp_offset_mc.py, do not edit

option SCALE: Scale is set to 1e-06 for instance and model parameters
option SCALE: Scale is set to 1e-06 for instance and model parameters
option SCALE: Scale is set to 1e-06 for instance and model parameters
option SCALE: Scale is set to 1e-06 for instance and model parameters
Doing analysis at TEMP = -40.000000 and TNOM = 27.000000

Using KLU as Direct Linear Solver

No. of Data Rows : 1
vos = -7.08491e-04
vout = 1.219404e+00
dvbe8 = 4.891017e-02
veb8 = 8.446752e-01
dvbe1 = 5.007376e-02
rra = 8.567358e-02
rrb = 1.143813e-02
vgdrv = 1.990240e+00
Reset re-loads circuit * error-amp-offset-mc monte carlo deck -- generated by sim/error-amp-offset-mc/run_amp_offset_mc.py, do not edit

Circuit: * error-amp-offset-mc monte carlo deck -- generated by sim/error-amp-offset-mc/run_amp_offset_mc.py, do not edit

option SCALE: Scale is set to 1e-06 for instance and model parameters
option SCALE: Scale is set to 1e-06 for instance and model parameters
option SCALE: Scale is set to 1e-06 for instance and model parameters
option SCALE: Scale is set to 1e-06 for instance and model parameters
Doing analysis at TEMP = -40.000000 and TNOM = 27.000000

Using KLU as Direct Linear Solver
 Reference value :  0.00000e+00
No. of Data Rows : 1
vos = -7.50799e-04
vout = 1.223355e+00
dvbe8 = 4.897912e-02
veb8 = 8.446562e-01
dvbe1 = 5.015532e-02
rra = 8.559638e-02
rrb = 1.144747e-02
vgdrv = 1.991325e+00
Reset re-loads circuit * error-amp-offset-mc monte carlo deck -- generated by sim/error-amp-offset-mc/run_amp_offset_mc.py, do not edit

Circuit: * error-amp-offset-mc monte carlo deck -- generated by sim/error-amp-offset-mc/run_amp_offset_mc.py, do not edit

option SCALE: Scale is set to 1e-06 for instance and model parameters
option SCALE: Scale is set to 1e-06 for instance and model parameters
option SCALE: Scale is set to 1e-06 for instance and model parameters
option SCALE: Scale is set to 1e-06 for instance and model parameters
Doing analysis at TEMP = -40.000000 and TNOM = 27.000000

Using KLU as Direct Linear Solver

No. of Data Rows : 1
vos = 4.284151e-04
vout = 1.214301e+00
dvbe8 = 4.921853e-02
veb8 = 8.449632e-01
dvbe1 = 4.973761e-02
rra = 8.564967e-02
rrb = 1.148364e-02
vgdrv = 1.989670e+00
Reset re-loads circuit * error-amp-offset-mc monte carlo deck -- generated by sim/error-amp-offset-mc/run_amp_offset_mc.py, do not edit

Circuit: * error-amp-offset-mc monte carlo deck -- generated by sim/error-amp-offset-mc/run_amp_offset_mc.py, do not edit

option SCALE: Scale is set to 1e-06 for instance and model parameters
option SCALE: Scale is set to 1e-06 for instance and model parameters
option SCALE: Scale is set to 1e-06 for instance and model parameters
option SCALE: Scale is set to 1e-06 for instance and model parameters
Doing analysis at TEMP = -40.000000 and TNOM = 27.000000

Using KLU as Direct Linear Solver

No. of Data Rows : 1
vos = -3.68818e-04
vout = 1.223665e+00
dvbe8 = 4.909270e-02
veb8 = 8.448855e-01
dvbe1 = 4.919861e-02
rra = 8.561045e-02
rrb = 1.138297e-02
vgdrv = 1.988704e+00
Reset re-loads circuit * error-amp-offset-mc monte carlo deck -- generated by sim/error-amp-offset-mc/run_amp_offset_mc.py, do not edit

Circuit: * error-amp-offset-mc monte carlo deck -- generated by sim/error-amp-offset-mc/run_amp_offset_mc.py, do not edit

option SCALE: Scale is set to 1e-06 for instance and model parameters
option SCALE: Scale is set to 1e-06 for instance and model parameters
option SCALE: Scale is set to 1e-06 for instance and model parameters
option SCALE: Scale is set to 1e-06 for instance and model parameters
Doing analysis at TEMP = -40.000000 and TNOM = 27.000000

Using KLU as Direct Linear Solver

No. of Data Rows : 1
vos = -2.17652e-04
vout = 1.220331e+00
dvbe8 = 4.916359e-02
veb8 = 8.449614e-01
dvbe1 = 4.919303e-02
rra = 8.550582e-02
rrb = 1.134584e-02
vgdrv = 1.990663e+00
Reset re-loads circuit * error-amp-offset-mc monte carlo deck -- generated by sim/error-amp-offset-mc/run_amp_offset_mc.py, do not edit

Circuit: * error-amp-offset-mc monte carlo deck -- generated by sim/error-amp-offset-mc/run_amp_offset_mc.py, do not edit

option SCALE: Scale is set to 1e-06 for instance and model parameters
option SCALE: Scale is set to 1e-06 for instance and model parameters
option SCALE: Scale is set to 1e-06 for instance and model parameters
option SCALE: Scale is set to 1e-06 for instance and model parameters
Doing analysis at TEMP = -40.000000 and TNOM = 27.000000

Using KLU as Direct Linear Solver

No. of Data Rows : 1
vos = -9.90370e-04
vout = 1.228238e+00
dvbe8 = 4.897495e-02
veb8 = 8.446962e-01
dvbe1 = 4.942182e-02
rra = 8.573415e-02
rrb = 1.144785e-02
vgdrv = 1.989224e+00
Reset re-loads circuit * error-amp-offset-mc monte carlo deck -- generated by sim/error-amp-offset-mc/run_amp_offset_mc.py, do not edit

Circuit: * error-amp-offset-mc monte carlo deck -- generated by sim/error-amp-offset-mc/run_amp_offset_mc.py, do not edit

option SCALE: Scale is set to 1e-06 for instance and model parameters
option SCALE: Scale is set to 1e-06 for instance and model parameters
option SCALE: Scale is set to 1e-06 for instance and model parameters
option SCALE: Scale is set to 1e-06 for instance and model parameters
Doing analysis at TEMP = -40.000000 and TNOM = 27.000000

Using KLU as Direct Linear Solver

No. of Data Rows : 1
vos = 4.280526e-04
vout = 1.212598e+00
dvbe8 = 4.911366e-02
veb8 = 8.449122e-01
dvbe1 = 4.989876e-02
rra = 8.548200e-02
rrb = 1.133461e-02
vgdrv = 1.997112e+00
Reset re-loads circuit * error-amp-offset-mc monte carlo deck -- generated by sim/error-amp-offset-mc/run_amp_offset_mc.py, do not edit

Circuit: * error-amp-offset-mc monte carlo deck -- generated by sim/error-amp-offset-mc/run_amp_offset_mc.py, do not edit

option SCALE: Scale is set to 1e-06 for instance and model parameters
option SCALE: Scale is set to 1e-06 for instance and model parameters
option SCALE: Scale is set to 1e-06 for instance and model parameters
option SCALE: Scale is set to 1e-06 for instance and model parameters
Doing analysis at TEMP = -40.000000 and TNOM = 27.000000

Using KLU as Direct Linear Solver
 Reference value :  0.00000e+00
No. of Data Rows : 1
vos = -2.99523e-04
vout = 1.215098e+00
dvbe8 = 4.896232e-02
veb8 = 8.447345e-01
dvbe1 = 4.951971e-02
rra = 8.556311e-02
rrb = 1.133057e-02
vgdrv = 1.991003e+00
Reset re-loads circuit * error-amp-offset-mc monte carlo deck -- generated by sim/error-amp-offset-mc/run_amp_offset_mc.py, do not edit

Circuit: * error-amp-offset-mc monte carlo deck -- generated by sim/error-amp-offset-mc/run_amp_offset_mc.py, do not edit

option SCALE: Scale is set to 1e-06 for instance and model parameters
option SCALE: Scale is set to 1e-06 for instance and model parameters
option SCALE: Scale is set to 1e-06 for instance and model parameters
option SCALE: Scale is set to 1e-06 for instance and model parameters
Doing analysis at TEMP = -40.000000 and TNOM = 27.000000

Using KLU as Direct Linear Solver

No. of Data Rows : 1
vos = -9.58806e-04
vout = 1.225684e+00
dvbe8 = 4.884526e-02
veb8 = 8.446327e-01
dvbe1 = 4.929772e-02
rra = 8.562972e-02
rrb = 1.140896e-02
vgdrv = 1.989669e+00
Reset re-loads circuit * error-amp-offset-mc monte carlo deck -- generated by sim/error-amp-offset-mc/run_amp_offset_mc.py, do not edit

Circuit: * error-amp-offset-mc monte carlo deck -- generated by sim/error-amp-offset-mc/run_amp_offset_mc.py, do not edit

option SCALE: Scale is set to 1e-06 for instance and model parameters
option SCALE: Scale is set to 1e-06 for instance and model parameters
option SCALE: Scale is set to 1e-06 for instance and model parameters
option SCALE: Scale is set to 1e-06 for instance and model parameters
Doing analysis at TEMP = -40.000000 and TNOM = 27.000000

Using KLU as Direct Linear Solver

No. of Data Rows : 1
vos = -4.06647e-04
vout = 1.221086e+00
dvbe8 = 4.937310e-02
veb8 = 8.450957e-01
dvbe1 = 4.952982e-02
rra = 8.540004e-02
rrb = 1.143013e-02
vgdrv = 1.990502e+00
Reset re-loads circuit * error-amp-offset-mc monte carlo deck -- generated by sim/error-amp-offset-mc/run_amp_offset_mc.py, do not edit

Circuit: * error-amp-offset-mc monte carlo deck -- generated by sim/error-amp-offset-mc/run_amp_offset_mc.py, do not edit

option SCALE: Scale is set to 1e-06 for instance and model parameters
option SCALE: Scale is set to 1e-06 for instance and model parameters
option SCALE: Scale is set to 1e-06 for instance and model parameters
option SCALE: Scale is set to 1e-06 for instance and model parameters
Doing analysis at TEMP = -40.000000 and TNOM = 27.000000

Using KLU as Direct Linear Solver

No. of Data Rows : 1
vos = -4.68408e-04
vout = 1.219052e+00
dvbe8 = 4.905919e-02
veb8 = 8.448659e-01
dvbe1 = 4.878755e-02
rra = 8.539904e-02
rrb = 1.148031e-02
vgdrv = 1.989247e+00
Reset re-loads circuit * error-amp-offset-mc monte carlo deck -- generated by sim/error-amp-offset-mc/run_amp_offset_mc.py, do not edit

Circuit: * error-amp-offset-mc monte carlo deck -- generated by sim/error-amp-offset-mc/run_amp_offset_mc.py, do not edit

option SCALE: Scale is set to 1e-06 for instance and model parameters
option SCALE: Scale is set to 1e-06 for instance and model parameters
option SCALE: Scale is set to 1e-06 for instance and model parameters
option SCALE: Scale is set to 1e-06 for instance and model parameters
Doing analysis at TEMP = -40.000000 and TNOM = 27.000000

Using KLU as Direct Linear Solver

No. of Data Rows : 1
vos = 3.122663e-04
vout = 1.216166e+00
dvbe8 = 4.896895e-02
veb8 = 8.447415e-01
dvbe1 = 4.983187e-02
rra = 8.557300e-02
rrb = 1.130459e-02
vgdrv = 1.991402e+00
Reset re-loads circuit * error-amp-offset-mc monte carlo deck -- generated by sim/error-amp-offset-mc/run_amp_offset_mc.py, do not edit

Circuit: * error-amp-offset-mc monte carlo deck -- generated by sim/error-amp-offset-mc/run_amp_offset_mc.py, do not edit

option SCALE: Scale is set to 1e-06 for instance and model parameters
option SCALE: Scale is set to 1e-06 for instance and model parameters
option SCALE: Scale is set to 1e-06 for instance and model parameters
option SCALE: Scale is set to 1e-06 for instance and model parameters
Doing analysis at TEMP = -40.000000 and TNOM = 27.000000

Using KLU as Direct Linear Solver

No. of Data Rows : 1
vos = 2.446405e-04
vout = 1.213656e+00
dvbe8 = 4.917006e-02
veb8 = 8.449154e-01
dvbe1 = 5.005611e-02
rra = 8.549601e-02
rrb = 1.148579e-02
vgdrv = 1.994418e+00
Reset re-loads circuit * error-amp-offset-mc monte carlo deck -- generated by sim/error-amp-offset-mc/run_amp_offset_mc.py, do not edit

Circuit: * error-amp-offset-mc monte carlo deck -- generated by sim/error-amp-offset-mc/run_amp_offset_mc.py, do not edit

option SCALE: Scale is set to 1e-06 for instance and model parameters
option SCALE: Scale is set to 1e-06 for instance and model parameters
option SCALE: Scale is set to 1e-06 for instance and model parameters
option SCALE: Scale is set to 1e-06 for instance and model parameters
Doing analysis at TEMP = -40.000000 and TNOM = 27.000000

Using KLU as Direct Linear Solver
 Reference value :  0.00000e+00
No. of Data Rows : 1
vos = -5.59494e-05
vout = 1.217430e+00
dvbe8 = 4.934078e-02
veb8 = 8.451301e-01
dvbe1 = 4.944689e-02
rra = 8.559020e-02
rrb = 1.143995e-02
vgdrv = 1.992777e+00
Reset re-loads circuit * error-amp-offset-mc monte carlo deck -- generated by sim/error-amp-offset-mc/run_amp_offset_mc.py, do not edit

Circuit: * error-amp-offset-mc monte carlo deck -- generated by sim/error-amp-offset-mc/run_amp_offset_mc.py, do not edit

option SCALE: Scale is set to 1e-06 for instance and model parameters
option SCALE: Scale is set to 1e-06 for instance and model parameters
option SCALE: Scale is set to 1e-06 for instance and model parameters
option SCALE: Scale is set to 1e-06 for instance and model parameters
Doing analysis at TEMP = -40.000000 and TNOM = 27.000000

Using KLU as Direct Linear Solver

No. of Data Rows : 1
vos = 4.158005e-04
vout = 1.213371e+00
dvbe8 = 4.898323e-02
veb8 = 8.447811e-01
dvbe1 = 4.878850e-02
rra = 8.551532e-02
rrb = 1.141732e-02
vgdrv = 1.990513e+00
Reset re-loads circuit * error-amp-offset-mc monte carlo deck -- generated by sim/error-amp-offset-mc/run_amp_offset_mc.py, do not edit

Circuit: * error-amp-offset-mc monte carlo deck -- generated by sim/error-amp-offset-mc/run_amp_offset_mc.py, do not edit

option SCALE: Scale is set to 1e-06 for instance and model parameters
option SCALE: Scale is set to 1e-06 for instance and model parameters
option SCALE: Scale is set to 1e-06 for instance and model parameters
option SCALE: Scale is set to 1e-06 for instance and model parameters
Doing analysis at TEMP = -40.000000 and TNOM = 27.000000

Using KLU as Direct Linear Solver

No. of Data Rows : 1
vos = -7.77212e-04
vout = 1.223879e+00
dvbe8 = 4.902543e-02
veb8 = 8.447333e-01
dvbe1 = 5.061363e-02
rra = 8.561256e-02
rrb = 1.144681e-02
vgdrv = 1.989839e+00
Reset re-loads circuit * error-amp-offset-mc monte carlo deck -- generated by sim/error-amp-offset-mc/run_amp_offset_mc.py, do not edit

Circuit: * error-amp-offset-mc monte carlo deck -- generated by sim/error-amp-offset-mc/run_amp_offset_mc.py, do not edit

option SCALE: Scale is set to 1e-06 for instance and model parameters
option SCALE: Scale is set to 1e-06 for instance and model parameters
option SCALE: Scale is set to 1e-06 for instance and model parameters
option SCALE: Scale is set to 1e-06 for instance and model parameters
Doing analysis at TEMP = -40.000000 and TNOM = 27.000000

Using KLU as Direct Linear Solver

No. of Data Rows : 1
vos = -2.84831e-04
vout = 1.213246e+00
dvbe8 = 4.921852e-02
veb8 = 8.449908e-01
dvbe1 = 4.944633e-02
rra = 8.554378e-02
rrb = 1.135145e-02
vgdrv = 1.989483e+00
Reset re-loads circuit * error-amp-offset-mc monte carlo deck -- generated by sim/error-amp-offset-mc/run_amp_offset_mc.py, do not edit

Circuit: * error-amp-offset-mc monte carlo deck -- generated by sim/error-amp-offset-mc/run_amp_offset_mc.py, do not edit

option SCALE: Scale is set to 1e-06 for instance and model parameters
option SCALE: Scale is set to 1e-06 for instance and model parameters
option SCALE: Scale is set to 1e-06 for instance and model parameters
option SCALE: Scale is set to 1e-06 for instance and model parameters
Doing analysis at TEMP = -40.000000 and TNOM = 27.000000

Using KLU as Direct Linear Solver

No. of Data Rows : 1
vos = 7.261252e-04
vout = 1.209558e+00
dvbe8 = 4.913720e-02
veb8 = 8.448696e-01
dvbe1 = 4.951576e-02
rra = 8.554885e-02
rrb = 1.141779e-02
vgdrv = 1.991865e+00
Reset re-loads circuit * error-amp-offset-mc monte carlo deck -- generated by sim/error-amp-offset-mc/run_amp_offset_mc.py, do not edit

Circuit: * error-amp-offset-mc monte carlo deck -- generated by sim/error-amp-offset-mc/run_amp_offset_mc.py, do not edit

option SCALE: Scale is set to 1e-06 for instance and model parameters
option SCALE: Scale is set to 1e-06 for instance and model parameters
option SCALE: Scale is set to 1e-06 for instance and model parameters
option SCALE: Scale is set to 1e-06 for instance and model parameters
Doing analysis at TEMP = -40.000000 and TNOM = 27.000000

Using KLU as Direct Linear Solver

No. of Data Rows : 1
vos = -1.07562e-03
vout = 1.226556e+00
dvbe8 = 4.925553e-02
veb8 = 8.450470e-01
dvbe1 = 4.986771e-02
rra = 8.559483e-02
rrb = 1.144951e-02
vgdrv = 1.986505e+00
Reset re-loads circuit * error-amp-offset-mc monte carlo deck -- generated by sim/error-amp-offset-mc/run_amp_offset_mc.py, do not edit

Circuit: * error-amp-offset-mc monte carlo deck -- generated by sim/error-amp-offset-mc/run_amp_offset_mc.py, do not edit

option SCALE: Scale is set to 1e-06 for instance and model parameters
option SCALE: Scale is set to 1e-06 for instance and model parameters
option SCALE: Scale is set to 1e-06 for instance and model parameters
option SCALE: Scale is set to 1e-06 for instance and model parameters
Doing analysis at TEMP = -40.000000 and TNOM = 27.000000

Using KLU as Direct Linear Solver
 Reference value :  0.00000e+00
No. of Data Rows : 1
vos = 3.445044e-04
vout = 1.216985e+00
dvbe8 = 4.893922e-02
veb8 = 8.446685e-01
dvbe1 = 5.027251e-02
rra = 8.563079e-02
rrb = 1.145477e-02
vgdrv = 1.987149e+00
Reset re-loads circuit * error-amp-offset-mc monte carlo deck -- generated by sim/error-amp-offset-mc/run_amp_offset_mc.py, do not edit

Circuit: * error-amp-offset-mc monte carlo deck -- generated by sim/error-amp-offset-mc/run_amp_offset_mc.py, do not edit

option SCALE: Scale is set to 1e-06 for instance and model parameters
option SCALE: Scale is set to 1e-06 for instance and model parameters
option SCALE: Scale is set to 1e-06 for instance and model parameters
option SCALE: Scale is set to 1e-06 for instance and model parameters
Doing analysis at TEMP = -40.000000 and TNOM = 27.000000

Using KLU as Direct Linear Solver

No. of Data Rows : 1
vos = -4.37182e-04
vout = 1.222155e+00
dvbe8 = 4.888049e-02
veb8 = 8.446603e-01
dvbe1 = 4.930308e-02
rra = 8.542325e-02
rrb = 1.146835e-02
vgdrv = 1.988802e+00
Reset re-loads circuit * error-amp-offset-mc monte carlo deck -- generated by sim/error-amp-offset-mc/run_amp_offset_mc.py, do not edit

Circuit: * error-amp-offset-mc monte carlo deck -- generated by sim/error-amp-offset-mc/run_amp_offset_mc.py, do not edit

option SCALE: Scale is set to 1e-06 for instance and model parameters
option SCALE: Scale is set to 1e-06 for instance and model parameters
option SCALE: Scale is set to 1e-06 for instance and model parameters
option SCALE: Scale is set to 1e-06 for instance and model parameters
Doing analysis at TEMP = -40.000000 and TNOM = 27.000000

Using KLU as Direct Linear Solver

No. of Data Rows : 1
vos = -8.18714e-04
vout = 1.216717e+00
dvbe8 = 4.924895e-02
veb8 = 8.450404e-01
dvbe1 = 4.992637e-02
rra = 8.549838e-02
rrb = 1.138710e-02
vgdrv = 1.992376e+00
Reset re-loads circuit * error-amp-offset-mc monte carlo deck -- generated by sim/error-amp-offset-mc/run_amp_offset_mc.py, do not edit

Circuit: * error-amp-offset-mc monte carlo deck -- generated by sim/error-amp-offset-mc/run_amp_offset_mc.py, do not edit

option SCALE: Scale is set to 1e-06 for instance and model parameters
option SCALE: Scale is set to 1e-06 for instance and model parameters
option SCALE: Scale is set to 1e-06 for instance and model parameters
option SCALE: Scale is set to 1e-06 for instance and model parameters
Doing analysis at TEMP = -40.000000 and TNOM = 27.000000

Using KLU as Direct Linear Solver

No. of Data Rows : 1
vos = 1.705594e-03
vout = 1.200044e+00
dvbe8 = 4.889593e-02
veb8 = 8.446960e-01
dvbe1 = 5.015052e-02
rra = 8.562389e-02
rrb = 1.142597e-02
vgdrv = 1.994187e+00
Reset re-loads circuit * error-amp-offset-mc monte carlo deck -- generated by sim/error-amp-offset-mc/run_amp_offset_mc.py, do not edit

Circuit: * error-amp-offset-mc monte carlo deck -- generated by sim/error-amp-offset-mc/run_amp_offset_mc.py, do not edit

option SCALE: Scale is set to 1e-06 for instance and model parameters
option SCALE: Scale is set to 1e-06 for instance and model parameters
option SCALE: Scale is set to 1e-06 for instance and model parameters
option SCALE: Scale is set to 1e-06 for instance and model parameters
Doing analysis at TEMP = -40.000000 and TNOM = 27.000000

Using KLU as Direct Linear Solver

No. of Data Rows : 1
vos = 7.629436e-04
vout = 1.210880e+00
dvbe8 = 4.887375e-02
veb8 = 8.446466e-01
dvbe1 = 5.006762e-02
rra = 8.556037e-02
rrb = 1.143354e-02
vgdrv = 1.989374e+00
Reset re-loads circuit * error-amp-offset-mc monte carlo deck -- generated by sim/error-amp-offset-mc/run_amp_offset_mc.py, do not edit

Circuit: * error-amp-offset-mc monte carlo deck -- generated by sim/error-amp-offset-mc/run_amp_offset_mc.py, do not edit

option SCALE: Scale is set to 1e-06 for instance and model parameters
option SCALE: Scale is set to 1e-06 for instance and model parameters
option SCALE: Scale is set to 1e-06 for instance and model parameters
option SCALE: Scale is set to 1e-06 for instance and model parameters
Doing analysis at TEMP = -40.000000 and TNOM = 27.000000

Using KLU as Direct Linear Solver

No. of Data Rows : 1
vos = 9.871233e-05
vout = 1.214454e+00
dvbe8 = 4.923618e-02
veb8 = 8.449955e-01
dvbe1 = 5.052811e-02
rra = 8.569679e-02
rrb = 1.139779e-02
vgdrv = 1.991710e+00
Reset re-loads circuit * error-amp-offset-mc monte carlo deck -- generated by sim/error-amp-offset-mc/run_amp_offset_mc.py, do not edit

Circuit: * error-amp-offset-mc monte carlo deck -- generated by sim/error-amp-offset-mc/run_amp_offset_mc.py, do not edit

option SCALE: Scale is set to 1e-06 for instance and model parameters
option SCALE: Scale is set to 1e-06 for instance and model parameters
option SCALE: Scale is set to 1e-06 for instance and model parameters
option SCALE: Scale is set to 1e-06 for instance and model parameters
Doing analysis at TEMP = -40.000000 and TNOM = 27.000000

Using KLU as Direct Linear Solver
 Reference value :  0.00000e+00
No. of Data Rows : 1
vos = -1.76509e-03
vout = 1.233650e+00
dvbe8 = 4.887704e-02
veb8 = 8.446034e-01
dvbe1 = 4.985340e-02
rra = 8.573690e-02
rrb = 1.139297e-02
vgdrv = 1.988176e+00
Reset re-loads circuit * error-amp-offset-mc monte carlo deck -- generated by sim/error-amp-offset-mc/run_amp_offset_mc.py, do not edit

Circuit: * error-amp-offset-mc monte carlo deck -- generated by sim/error-amp-offset-mc/run_amp_offset_mc.py, do not edit

option SCALE: Scale is set to 1e-06 for instance and model parameters
option SCALE: Scale is set to 1e-06 for instance and model parameters
option SCALE: Scale is set to 1e-06 for instance and model parameters
option SCALE: Scale is set to 1e-06 for instance and model parameters
Doing analysis at TEMP = -40.000000 and TNOM = 27.000000

Using KLU as Direct Linear Solver

No. of Data Rows : 1
vos = -3.93230e-04
vout = 1.221272e+00
dvbe8 = 4.915424e-02
veb8 = 8.448967e-01
dvbe1 = 4.931368e-02
rra = 8.566678e-02
rrb = 1.141827e-02
vgdrv = 1.989143e+00
Reset re-loads circuit * error-amp-offset-mc monte carlo deck -- generated by sim/error-amp-offset-mc/run_amp_offset_mc.py, do not edit

Circuit: * error-amp-offset-mc monte carlo deck -- generated by sim/error-amp-offset-mc/run_amp_offset_mc.py, do not edit

option SCALE: Scale is set to 1e-06 for instance and model parameters
option SCALE: Scale is set to 1e-06 for instance and model parameters
option SCALE: Scale is set to 1e-06 for instance and model parameters
option SCALE: Scale is set to 1e-06 for instance and model parameters
Doing analysis at TEMP = -40.000000 and TNOM = 27.000000

Using KLU as Direct Linear Solver

No. of Data Rows : 1
vos = -5.83526e-04
vout = 1.220215e+00
dvbe8 = 4.925637e-02
veb8 = 8.450075e-01
dvbe1 = 4.932894e-02
rra = 8.560241e-02
rrb = 1.138049e-02
vgdrv = 1.988354e+00
Reset re-loads circuit * error-amp-offset-mc monte carlo deck -- generated by sim/error-amp-offset-mc/run_amp_offset_mc.py, do not edit

Circuit: * error-amp-offset-mc monte carlo deck -- generated by sim/error-amp-offset-mc/run_amp_offset_mc.py, do not edit

option SCALE: Scale is set to 1e-06 for instance and model parameters
option SCALE: Scale is set to 1e-06 for instance and model parameters
option SCALE: Scale is set to 1e-06 for instance and model parameters
option SCALE: Scale is set to 1e-06 for instance and model parameters
Doing analysis at TEMP = -40.000000 and TNOM = 27.000000

Using KLU as Direct Linear Solver

No. of Data Rows : 1
vos = -3.26759e-04
vout = 1.223515e+00
dvbe8 = 4.922351e-02
veb8 = 8.449383e-01
dvbe1 = 4.921960e-02
rra = 8.567404e-02
rrb = 1.138155e-02
vgdrv = 1.989596e+00
Reset re-loads circuit * error-amp-offset-mc monte carlo deck -- generated by sim/error-amp-offset-mc/run_amp_offset_mc.py, do not edit

Circuit: * error-amp-offset-mc monte carlo deck -- generated by sim/error-amp-offset-mc/run_amp_offset_mc.py, do not edit

option SCALE: Scale is set to 1e-06 for instance and model parameters
option SCALE: Scale is set to 1e-06 for instance and model parameters
option SCALE: Scale is set to 1e-06 for instance and model parameters
option SCALE: Scale is set to 1e-06 for instance and model parameters
Doing analysis at TEMP = -40.000000 and TNOM = 27.000000

Using KLU as Direct Linear Solver

No. of Data Rows : 1
vos = -3.61861e-04
vout = 1.221353e+00
dvbe8 = 4.938313e-02
veb8 = 8.451468e-01
dvbe1 = 5.011175e-02
rra = 8.556070e-02
rrb = 1.139576e-02
vgdrv = 1.992038e+00
Reset re-loads circuit * error-amp-offset-mc monte carlo deck -- generated by sim/error-amp-offset-mc/run_amp_offset_mc.py, do not edit

Circuit: * error-amp-offset-mc monte carlo deck -- generated by sim/error-amp-offset-mc/run_amp_offset_mc.py, do not edit

option SCALE: Scale is set to 1e-06 for instance and model parameters
option SCALE: Scale is set to 1e-06 for instance and model parameters
option SCALE: Scale is set to 1e-06 for instance and model parameters
option SCALE: Scale is set to 1e-06 for instance and model parameters
Doing analysis at TEMP = -40.000000 and TNOM = 27.000000

Using KLU as Direct Linear Solver

No. of Data Rows : 1
vos = -6.73515e-04
vout = 1.225002e+00
dvbe8 = 4.887154e-02
veb8 = 8.446812e-01
dvbe1 = 4.945971e-02
rra = 8.572424e-02
rrb = 1.141960e-02
vgdrv = 1.989634e+00
Reset re-loads circuit * error-amp-offset-mc monte carlo deck -- generated by sim/error-amp-offset-mc/run_amp_offset_mc.py, do not edit

Circuit: * error-amp-offset-mc monte carlo deck -- generated by sim/error-amp-offset-mc/run_amp_offset_mc.py, do not edit

option SCALE: Scale is set to 1e-06 for instance and model parameters
option SCALE: Scale is set to 1e-06 for instance and model parameters
option SCALE: Scale is set to 1e-06 for instance and model parameters
option SCALE: Scale is set to 1e-06 for instance and model parameters
Doing analysis at TEMP = -40.000000 and TNOM = 27.000000

Using KLU as Direct Linear Solver
 Reference value :  0.00000e+00
No. of Data Rows : 1
vos = 1.626276e-04
vout = 1.218318e+00
dvbe8 = 4.917086e-02
veb8 = 8.449208e-01
dvbe1 = 4.943530e-02
rra = 8.572728e-02
rrb = 1.140565e-02
vgdrv = 1.994267e+00
Reset re-loads circuit * error-amp-offset-mc monte carlo deck -- generated by sim/error-amp-offset-mc/run_amp_offset_mc.py, do not edit

Circuit: * error-amp-offset-mc monte carlo deck -- generated by sim/error-amp-offset-mc/run_amp_offset_mc.py, do not edit

option SCALE: Scale is set to 1e-06 for instance and model parameters
option SCALE: Scale is set to 1e-06 for instance and model parameters
option SCALE: Scale is set to 1e-06 for instance and model parameters
option SCALE: Scale is set to 1e-06 for instance and model parameters
Doing analysis at TEMP = -40.000000 and TNOM = 27.000000

Using KLU as Direct Linear Solver

No. of Data Rows : 1
vos = 1.376077e-03
vout = 1.202442e+00
dvbe8 = 4.911831e-02
veb8 = 8.449171e-01
dvbe1 = 4.913985e-02
rra = 8.568261e-02
rrb = 1.138550e-02
vgdrv = 1.992319e+00
Reset re-loads circuit * error-amp-offset-mc monte carlo deck -- generated by sim/error-amp-offset-mc/run_amp_offset_mc.py, do not edit

Circuit: * error-amp-offset-mc monte carlo deck -- generated by sim/error-amp-offset-mc/run_amp_offset_mc.py, do not edit

option SCALE: Scale is set to 1e-06 for instance and model parameters
option SCALE: Scale is set to 1e-06 for instance and model parameters
option SCALE: Scale is set to 1e-06 for instance and model parameters
option SCALE: Scale is set to 1e-06 for instance and model parameters
Doing analysis at TEMP = -40.000000 and TNOM = 27.000000

Using KLU as Direct Linear Solver

No. of Data Rows : 1
vos = -1.45704e-04
vout = 1.217922e+00
dvbe8 = 4.897989e-02
veb8 = 8.447719e-01
dvbe1 = 4.953611e-02
rra = 8.552583e-02
rrb = 1.147903e-02
vgdrv = 1.992284e+00
Reset re-loads circuit * error-amp-offset-mc monte carlo deck -- generated by sim/error-amp-offset-mc/run_amp_offset_mc.py, do not edit

Circuit: * error-amp-offset-mc monte carlo deck -- generated by sim/error-amp-offset-mc/run_amp_offset_mc.py, do not edit

option SCALE: Scale is set to 1e-06 for instance and model parameters
option SCALE: Scale is set to 1e-06 for instance and model parameters
option SCALE: Scale is set to 1e-06 for instance and model parameters
option SCALE: Scale is set to 1e-06 for instance and model parameters
Doing analysis at TEMP = -40.000000 and TNOM = 27.000000

Using KLU as Direct Linear Solver

No. of Data Rows : 1
vos = -1.78290e-04
vout = 1.215984e+00
dvbe8 = 4.895404e-02
veb8 = 8.446938e-01
dvbe1 = 5.049264e-02
rra = 8.549840e-02
rrb = 1.142621e-02
vgdrv = 1.990709e+00
Reset re-loads circuit * error-amp-offset-mc monte carlo deck -- generated by sim/error-amp-offset-mc/run_amp_offset_mc.py, do not edit

Circuit: * error-amp-offset-mc monte carlo deck -- generated by sim/error-amp-offset-mc/run_amp_offset_mc.py, do not edit

option SCALE: Scale is set to 1e-06 for instance and model parameters
option SCALE: Scale is set to 1e-06 for instance and model parameters
option SCALE: Scale is set to 1e-06 for instance and model parameters
option SCALE: Scale is set to 1e-06 for instance and model parameters
Doing analysis at TEMP = -40.000000 and TNOM = 27.000000

Using KLU as Direct Linear Solver

No. of Data Rows : 1
vos = 9.399907e-04
vout = 1.204830e+00
dvbe8 = 4.916766e-02
veb8 = 8.449552e-01
dvbe1 = 4.898246e-02
rra = 8.546637e-02
rrb = 1.146422e-02
vgdrv = 1.996040e+00
Reset re-loads circuit * error-amp-offset-mc monte carlo deck -- generated by sim/error-amp-offset-mc/run_amp_offset_mc.py, do not edit

Circuit: * error-amp-offset-mc monte carlo deck -- generated by sim/error-amp-offset-mc/run_amp_offset_mc.py, do not edit

option SCALE: Scale is set to 1e-06 for instance and model parameters
option SCALE: Scale is set to 1e-06 for instance and model parameters
option SCALE: Scale is set to 1e-06 for instance and model parameters
option SCALE: Scale is set to 1e-06 for instance and model parameters
Doing analysis at TEMP = -40.000000 and TNOM = 27.000000

Using KLU as Direct Linear Solver

No. of Data Rows : 1
vos = -1.66174e-04
vout = 1.215899e+00
dvbe8 = 4.918710e-02
veb8 = 8.449547e-01
dvbe1 = 4.919760e-02
rra = 8.551955e-02
rrb = 1.138519e-02
vgdrv = 1.992623e+00
Reset re-loads circuit * error-amp-offset-mc monte carlo deck -- generated by sim/error-amp-offset-mc/run_amp_offset_mc.py, do not edit

Circuit: * error-amp-offset-mc monte carlo deck -- generated by sim/error-amp-offset-mc/run_amp_offset_mc.py, do not edit

option SCALE: Scale is set to 1e-06 for instance and model parameters
option SCALE: Scale is set to 1e-06 for instance and model parameters
option SCALE: Scale is set to 1e-06 for instance and model parameters
option SCALE: Scale is set to 1e-06 for instance and model parameters
Doing analysis at TEMP = -40.000000 and TNOM = 27.000000

Using KLU as Direct Linear Solver
 Reference value :  0.00000e+00
No. of Data Rows : 1
vos = 7.805014e-04
vout = 1.206293e+00
dvbe8 = 4.917800e-02
veb8 = 8.449315e-01
dvbe1 = 4.949276e-02
rra = 8.544487e-02
rrb = 1.135127e-02
vgdrv = 1.991897e+00
Reset re-loads circuit * error-amp-offset-mc monte carlo deck -- generated by sim/error-amp-offset-mc/run_amp_offset_mc.py, do not edit

Circuit: * error-amp-offset-mc monte carlo deck -- generated by sim/error-amp-offset-mc/run_amp_offset_mc.py, do not edit

option SCALE: Scale is set to 1e-06 for instance and model parameters
option SCALE: Scale is set to 1e-06 for instance and model parameters
option SCALE: Scale is set to 1e-06 for instance and model parameters
option SCALE: Scale is set to 1e-06 for instance and model parameters
Doing analysis at TEMP = -40.000000 and TNOM = 27.000000

Using KLU as Direct Linear Solver

No. of Data Rows : 1
vos = 2.635612e-04
vout = 1.214306e+00
dvbe8 = 4.905934e-02
veb8 = 8.447640e-01
dvbe1 = 4.987153e-02
rra = 8.564994e-02
rrb = 1.142055e-02
vgdrv = 1.991819e+00
Reset re-loads circuit * error-amp-offset-mc monte carlo deck -- generated by sim/error-amp-offset-mc/run_amp_offset_mc.py, do not edit

Circuit: * error-amp-offset-mc monte carlo deck -- generated by sim/error-amp-offset-mc/run_amp_offset_mc.py, do not edit

option SCALE: Scale is set to 1e-06 for instance and model parameters
option SCALE: Scale is set to 1e-06 for instance and model parameters
option SCALE: Scale is set to 1e-06 for instance and model parameters
option SCALE: Scale is set to 1e-06 for instance and model parameters
Doing analysis at TEMP = -40.000000 and TNOM = 27.000000

Using KLU as Direct Linear Solver

No. of Data Rows : 1
vos = 7.459590e-04
vout = 1.207841e+00
dvbe8 = 4.906880e-02
veb8 = 8.448510e-01
dvbe1 = 4.964707e-02
rra = 8.576788e-02
rrb = 1.141190e-02
vgdrv = 1.990374e+00
Reset re-loads circuit * error-amp-offset-mc monte carlo deck -- generated by sim/error-amp-offset-mc/run_amp_offset_mc.py, do not edit

Circuit: * error-amp-offset-mc monte carlo deck -- generated by sim/error-amp-offset-mc/run_amp_offset_mc.py, do not edit

option SCALE: Scale is set to 1e-06 for instance and model parameters
option SCALE: Scale is set to 1e-06 for instance and model parameters
option SCALE: Scale is set to 1e-06 for instance and model parameters
option SCALE: Scale is set to 1e-06 for instance and model parameters
Doing analysis at TEMP = -40.000000 and TNOM = 27.000000

Using KLU as Direct Linear Solver

No. of Data Rows : 1
vos = -7.60352e-04
vout = 1.220698e+00
dvbe8 = 4.915194e-02
veb8 = 8.448832e-01
dvbe1 = 5.045576e-02
rra = 8.570649e-02
rrb = 1.137558e-02
vgdrv = 1.991702e+00
Reset re-loads circuit * error-amp-offset-mc monte carlo deck -- generated by sim/error-amp-offset-mc/run_amp_offset_mc.py, do not edit

Circuit: * error-amp-offset-mc monte carlo deck -- generated by sim/error-amp-offset-mc/run_amp_offset_mc.py, do not edit

option SCALE: Scale is set to 1e-06 for instance and model parameters
option SCALE: Scale is set to 1e-06 for instance and model parameters
option SCALE: Scale is set to 1e-06 for instance and model parameters
option SCALE: Scale is set to 1e-06 for instance and model parameters
Doing analysis at TEMP = -40.000000 and TNOM = 27.000000

Using KLU as Direct Linear Solver

No. of Data Rows : 1
vos = -1.21992e-03
vout = 1.224333e+00
dvbe8 = 4.903878e-02
veb8 = 8.448165e-01
dvbe1 = 4.883031e-02
rra = 8.558729e-02
rrb = 1.137083e-02
vgdrv = 1.990336e+00
Reset re-loads circuit * error-amp-offset-mc monte carlo deck -- generated by sim/error-amp-offset-mc/run_amp_offset_mc.py, do not edit

Circuit: * error-amp-offset-mc monte carlo deck -- generated by sim/error-amp-offset-mc/run_amp_offset_mc.py, do not edit

option SCALE: Scale is set to 1e-06 for instance and model parameters
option SCALE: Scale is set to 1e-06 for instance and model parameters
option SCALE: Scale is set to 1e-06 for instance and model parameters
option SCALE: Scale is set to 1e-06 for instance and model parameters
Doing analysis at TEMP = -40.000000 and TNOM = 27.000000

Using KLU as Direct Linear Solver
 Reference value :  0.00000e+00
No. of Data Rows : 1
vos = -8.37846e-04
vout = 1.227125e+00
dvbe8 = 4.910796e-02
veb8 = 8.448676e-01
dvbe1 = 4.993305e-02
rra = 8.560944e-02
rrb = 1.134594e-02
vgdrv = 1.989790e+00
Reset re-loads circuit * error-amp-offset-mc monte carlo deck -- generated by sim/error-amp-offset-mc/run_amp_offset_mc.py, do not edit

Circuit: * error-amp-offset-mc monte carlo deck -- generated by sim/error-amp-offset-mc/run_amp_offset_mc.py, do not edit

option SCALE: Scale is set to 1e-06 for instance and model parameters
option SCALE: Scale is set to 1e-06 for instance and model parameters
option SCALE: Scale is set to 1e-06 for instance and model parameters
option SCALE: Scale is set to 1e-06 for instance and model parameters
Doing analysis at TEMP = -40.000000 and TNOM = 27.000000

Using KLU as Direct Linear Solver

No. of Data Rows : 1
vos = 5.325363e-07
vout = 1.211762e+00
dvbe8 = 4.900017e-02
veb8 = 8.448160e-01
dvbe1 = 4.962155e-02
rra = 8.570614e-02
rrb = 1.139940e-02
vgdrv = 1.992002e+00
Reset re-loads circuit * error-amp-offset-mc monte carlo deck -- generated by sim/error-amp-offset-mc/run_amp_offset_mc.py, do not edit

Circuit: * error-amp-offset-mc monte carlo deck -- generated by sim/error-amp-offset-mc/run_amp_offset_mc.py, do not edit

option SCALE: Scale is set to 1e-06 for instance and model parameters
option SCALE: Scale is set to 1e-06 for instance and model parameters
option SCALE: Scale is set to 1e-06 for instance and model parameters
option SCALE: Scale is set to 1e-06 for instance and model parameters
Doing analysis at TEMP = -40.000000 and TNOM = 27.000000

Using KLU as Direct Linear Solver

No. of Data Rows : 1
vos = 8.836744e-05
vout = 1.214871e+00
dvbe8 = 4.916909e-02
veb8 = 8.449602e-01
dvbe1 = 4.936906e-02
rra = 8.559209e-02
rrb = 1.144016e-02
vgdrv = 1.986907e+00
Reset re-loads circuit * error-amp-offset-mc monte carlo deck -- generated by sim/error-amp-offset-mc/run_amp_offset_mc.py, do not edit

Circuit: * error-amp-offset-mc monte carlo deck -- generated by sim/error-amp-offset-mc/run_amp_offset_mc.py, do not edit

option SCALE: Scale is set to 1e-06 for instance and model parameters
option SCALE: Scale is set to 1e-06 for instance and model parameters
option SCALE: Scale is set to 1e-06 for instance and model parameters
option SCALE: Scale is set to 1e-06 for instance and model parameters
Doing analysis at TEMP = -40.000000 and TNOM = 27.000000

Using KLU as Direct Linear Solver

No. of Data Rows : 1
vos = 5.006156e-04
vout = 1.210499e+00
dvbe8 = 4.886064e-02
veb8 = 8.446136e-01
dvbe1 = 4.927718e-02
rra = 8.575726e-02
rrb = 1.140099e-02
vgdrv = 1.994200e+00
Reset re-loads circuit * error-amp-offset-mc monte carlo deck -- generated by sim/error-amp-offset-mc/run_amp_offset_mc.py, do not edit

Circuit: * error-amp-offset-mc monte carlo deck -- generated by sim/error-amp-offset-mc/run_amp_offset_mc.py, do not edit

option SCALE: Scale is set to 1e-06 for instance and model parameters
option SCALE: Scale is set to 1e-06 for instance and model parameters
option SCALE: Scale is set to 1e-06 for instance and model parameters
option SCALE: Scale is set to 1e-06 for instance and model parameters
Doing analysis at TEMP = -40.000000 and TNOM = 27.000000

Using KLU as Direct Linear Solver

No. of Data Rows : 1
vos = 9.080244e-04
vout = 1.205395e+00
dvbe8 = 4.888362e-02
veb8 = 8.446183e-01
dvbe1 = 4.946240e-02
rra = 8.562136e-02
rrb = 1.143066e-02
vgdrv = 1.995111e+00
Reset re-loads circuit * error-amp-offset-mc monte carlo deck -- generated by sim/error-amp-offset-mc/run_amp_offset_mc.py, do not edit

Circuit: * error-amp-offset-mc monte carlo deck -- generated by sim/error-amp-offset-mc/run_amp_offset_mc.py, do not edit

option SCALE: Scale is set to 1e-06 for instance and model parameters
option SCALE: Scale is set to 1e-06 for instance and model parameters
option SCALE: Scale is set to 1e-06 for instance and model parameters
option SCALE: Scale is set to 1e-06 for instance and model parameters
Doing analysis at TEMP = -40.000000 and TNOM = 27.000000

Using KLU as Direct Linear Solver
 Reference value :  0.00000e+00
No. of Data Rows : 1
vos = 8.615198e-05
vout = 1.216146e+00
dvbe8 = 4.917442e-02
veb8 = 8.449836e-01
dvbe1 = 4.927159e-02
rra = 8.550265e-02
rrb = 1.143341e-02
vgdrv = 1.989728e+00
Reset re-loads circuit * error-amp-offset-mc monte carlo deck -- generated by sim/error-amp-offset-mc/run_amp_offset_mc.py, do not edit

Circuit: * error-amp-offset-mc monte carlo deck -- generated by sim/error-amp-offset-mc/run_amp_offset_mc.py, do not edit

option SCALE: Scale is set to 1e-06 for instance and model parameters
option SCALE: Scale is set to 1e-06 for instance and model parameters
option SCALE: Scale is set to 1e-06 for instance and model parameters
option SCALE: Scale is set to 1e-06 for instance and model parameters
Doing analysis at TEMP = -40.000000 and TNOM = 27.000000

Using KLU as Direct Linear Solver

No. of Data Rows : 1
vos = -7.67962e-04
vout = 1.224499e+00
dvbe8 = 4.899010e-02
veb8 = 8.446929e-01
dvbe1 = 4.949417e-02
rra = 8.556154e-02
rrb = 1.142494e-02
vgdrv = 1.988139e+00
Reset re-loads circuit * error-amp-offset-mc monte carlo deck -- generated by sim/error-amp-offset-mc/run_amp_offset_mc.py, do not edit

Circuit: * error-amp-offset-mc monte carlo deck -- generated by sim/error-amp-offset-mc/run_amp_offset_mc.py, do not edit

option SCALE: Scale is set to 1e-06 for instance and model parameters
option SCALE: Scale is set to 1e-06 for instance and model parameters
option SCALE: Scale is set to 1e-06 for instance and model parameters
option SCALE: Scale is set to 1e-06 for instance and model parameters
Doing analysis at TEMP = -40.000000 and TNOM = 27.000000

Using KLU as Direct Linear Solver

No. of Data Rows : 1
vos = -1.02525e-03
vout = 1.227769e+00
dvbe8 = 4.906341e-02
veb8 = 8.447843e-01
dvbe1 = 4.954236e-02
rra = 8.585568e-02
rrb = 1.146249e-02
vgdrv = 1.986381e+00
Reset re-loads circuit * error-amp-offset-mc monte carlo deck -- generated by sim/error-amp-offset-mc/run_amp_offset_mc.py, do not edit

Circuit: * error-amp-offset-mc monte carlo deck -- generated by sim/error-amp-offset-mc/run_amp_offset_mc.py, do not edit

option SCALE: Scale is set to 1e-06 for instance and model parameters
option SCALE: Scale is set to 1e-06 for instance and model parameters
option SCALE: Scale is set to 1e-06 for instance and model parameters
option SCALE: Scale is set to 1e-06 for instance and model parameters
Doing analysis at TEMP = -40.000000 and TNOM = 27.000000

Using KLU as Direct Linear Solver

No. of Data Rows : 1
vos = -1.14318e-03
vout = 1.230544e+00
dvbe8 = 4.900625e-02
veb8 = 8.447570e-01
dvbe1 = 4.904714e-02
rra = 8.557820e-02
rrb = 1.143824e-02
vgdrv = 1.983688e+00
Reset re-loads circuit * error-amp-offset-mc monte carlo deck -- generated by sim/error-amp-offset-mc/run_amp_offset_mc.py, do not edit

Circuit: * error-amp-offset-mc monte carlo deck -- generated by sim/error-amp-offset-mc/run_amp_offset_mc.py, do not edit

option SCALE: Scale is set to 1e-06 for instance and model parameters
option SCALE: Scale is set to 1e-06 for instance and model parameters
option SCALE: Scale is set to 1e-06 for instance and model parameters
option SCALE: Scale is set to 1e-06 for instance and model parameters
Doing analysis at TEMP = -40.000000 and TNOM = 27.000000

Using KLU as Direct Linear Solver

No. of Data Rows : 1
vos = -5.05982e-04
vout = 1.217315e+00
dvbe8 = 4.882215e-02
veb8 = 8.446169e-01
dvbe1 = 4.936210e-02
rra = 8.553798e-02
rrb = 1.146861e-02
vgdrv = 1.990052e+00
Reset re-loads circuit * error-amp-offset-mc monte carlo deck -- generated by sim/error-amp-offset-mc/run_amp_offset_mc.py, do not edit

Circuit: * error-amp-offset-mc monte carlo deck -- generated by sim/error-amp-offset-mc/run_amp_offset_mc.py, do not edit

option SCALE: Scale is set to 1e-06 for instance and model parameters
option SCALE: Scale is set to 1e-06 for instance and model parameters
option SCALE: Scale is set to 1e-06 for instance and model parameters
option SCALE: Scale is set to 1e-06 for instance and model parameters
Doing analysis at TEMP = -40.000000 and TNOM = 27.000000

Using KLU as Direct Linear Solver
 Reference value :  0.00000e+00
No. of Data Rows : 1
vos = -5.46180e-04
vout = 1.219217e+00
dvbe8 = 4.895579e-02
veb8 = 8.447199e-01
dvbe1 = 4.937547e-02
rra = 8.532789e-02
rrb = 1.146702e-02
vgdrv = 1.991801e+00
Reset re-loads circuit * error-amp-offset-mc monte carlo deck -- generated by sim/error-amp-offset-mc/run_amp_offset_mc.py, do not edit

Circuit: * error-amp-offset-mc monte carlo deck -- generated by sim/error-amp-offset-mc/run_amp_offset_mc.py, do not edit

option SCALE: Scale is set to 1e-06 for instance and model parameters
option SCALE: Scale is set to 1e-06 for instance and model parameters
option SCALE: Scale is set to 1e-06 for instance and model parameters
option SCALE: Scale is set to 1e-06 for instance and model parameters
Doing analysis at TEMP = -40.000000 and TNOM = 27.000000

Using KLU as Direct Linear Solver

No. of Data Rows : 1
vos = 4.000749e-04
vout = 1.216295e+00
dvbe8 = 4.883804e-02
veb8 = 8.446159e-01
dvbe1 = 4.940809e-02
rra = 8.555365e-02
rrb = 1.144659e-02
vgdrv = 1.994770e+00
Reset re-loads circuit * error-amp-offset-mc monte carlo deck -- generated by sim/error-amp-offset-mc/run_amp_offset_mc.py, do not edit

Circuit: * error-amp-offset-mc monte carlo deck -- generated by sim/error-amp-offset-mc/run_amp_offset_mc.py, do not edit

option SCALE: Scale is set to 1e-06 for instance and model parameters
option SCALE: Scale is set to 1e-06 for instance and model parameters
option SCALE: Scale is set to 1e-06 for instance and model parameters
option SCALE: Scale is set to 1e-06 for instance and model parameters
Doing analysis at TEMP = -40.000000 and TNOM = 27.000000

Using KLU as Direct Linear Solver

No. of Data Rows : 1
vos = 3.616502e-04
vout = 1.213047e+00
dvbe8 = 4.905901e-02
veb8 = 8.447643e-01
dvbe1 = 4.876331e-02
rra = 8.547691e-02
rrb = 1.145747e-02
vgdrv = 1.993456e+00
Reset re-loads circuit * error-amp-offset-mc monte carlo deck -- generated by sim/error-amp-offset-mc/run_amp_offset_mc.py, do not edit

Circuit: * error-amp-offset-mc monte carlo deck -- generated by sim/error-amp-offset-mc/run_amp_offset_mc.py, do not edit

option SCALE: Scale is set to 1e-06 for instance and model parameters
option SCALE: Scale is set to 1e-06 for instance and model parameters
option SCALE: Scale is set to 1e-06 for instance and model parameters
option SCALE: Scale is set to 1e-06 for instance and model parameters
Doing analysis at TEMP = -40.000000 and TNOM = 27.000000

Using KLU as Direct Linear Solver

No. of Data Rows : 1
vos = 6.879989e-04
vout = 1.208801e+00
dvbe8 = 4.905407e-02
veb8 = 8.447988e-01
dvbe1 = 4.965165e-02
rra = 8.577653e-02
rrb = 1.146755e-02
vgdrv = 1.995322e+00
Reset re-loads circuit * error-amp-offset-mc monte carlo deck -- generated by sim/error-amp-offset-mc/run_amp_offset_mc.py, do not edit

Circuit: * error-amp-offset-mc monte carlo deck -- generated by sim/error-amp-offset-mc/run_amp_offset_mc.py, do not edit

option SCALE: Scale is set to 1e-06 for instance and model parameters
option SCALE: Scale is set to 1e-06 for instance and model parameters
option SCALE: Scale is set to 1e-06 for instance and model parameters
option SCALE: Scale is set to 1e-06 for instance and model parameters
Doing analysis at TEMP = -40.000000 and TNOM = 27.000000

Using KLU as Direct Linear Solver

No. of Data Rows : 1
vos = 1.434484e-03
vout = 1.206912e+00
dvbe8 = 4.899933e-02
veb8 = 8.446999e-01
dvbe1 = 4.904830e-02
rra = 8.570086e-02
rrb = 1.148333e-02
vgdrv = 1.993714e+00
Reset re-loads circuit * error-amp-offset-mc monte carlo deck -- generated by sim/error-amp-offset-mc/run_amp_offset_mc.py, do not edit

Circuit: * error-amp-offset-mc monte carlo deck -- generated by sim/error-amp-offset-mc/run_amp_offset_mc.py, do not edit

option SCALE: Scale is set to 1e-06 for instance and model parameters
option SCALE: Scale is set to 1e-06 for instance and model parameters
option SCALE: Scale is set to 1e-06 for instance and model parameters
option SCALE: Scale is set to 1e-06 for instance and model parameters
Doing analysis at TEMP = -40.000000 and TNOM = 27.000000

Using KLU as Direct Linear Solver
 Reference value :  0.00000e+00
No. of Data Rows : 1
vos = 4.085110e-04
vout = 1.213099e+00
dvbe8 = 4.907486e-02
veb8 = 8.448119e-01
dvbe1 = 4.925292e-02
rra = 8.563808e-02
rrb = 1.141898e-02
vgdrv = 1.997164e+00
Reset re-loads circuit * error-amp-offset-mc monte carlo deck -- generated by sim/error-amp-offset-mc/run_amp_offset_mc.py, do not edit

Circuit: * error-amp-offset-mc monte carlo deck -- generated by sim/error-amp-offset-mc/run_amp_offset_mc.py, do not edit

option SCALE: Scale is set to 1e-06 for instance and model parameters
option SCALE: Scale is set to 1e-06 for instance and model parameters
option SCALE: Scale is set to 1e-06 for instance and model parameters
option SCALE: Scale is set to 1e-06 for instance and model parameters
Doing analysis at TEMP = -40.000000 and TNOM = 27.000000

Using KLU as Direct Linear Solver

No. of Data Rows : 1
vos = -2.37334e-04
vout = 1.218253e+00
dvbe8 = 4.905443e-02
veb8 = 8.448872e-01
dvbe1 = 4.865864e-02
rra = 8.566705e-02
rrb = 1.136245e-02
vgdrv = 1.990036e+00
Reset re-loads circuit * error-amp-offset-mc monte carlo deck -- generated by sim/error-amp-offset-mc/run_amp_offset_mc.py, do not edit

Circuit: * error-amp-offset-mc monte carlo deck -- generated by sim/error-amp-offset-mc/run_amp_offset_mc.py, do not edit

option SCALE: Scale is set to 1e-06 for instance and model parameters
option SCALE: Scale is set to 1e-06 for instance and model parameters
option SCALE: Scale is set to 1e-06 for instance and model parameters
option SCALE: Scale is set to 1e-06 for instance and model parameters
Doing analysis at TEMP = -40.000000 and TNOM = 27.000000

Using KLU as Direct Linear Solver

No. of Data Rows : 1
vos = 6.905814e-05
vout = 1.216842e+00
dvbe8 = 4.873032e-02
veb8 = 8.444081e-01
dvbe1 = 5.010418e-02
rra = 8.542228e-02
rrb = 1.145678e-02
vgdrv = 1.989476e+00
Reset re-loads circuit * error-amp-offset-mc monte carlo deck -- generated by sim/error-amp-offset-mc/run_amp_offset_mc.py, do not edit

Circuit: * error-amp-offset-mc monte carlo deck -- generated by sim/error-amp-offset-mc/run_amp_offset_mc.py, do not edit

option SCALE: Scale is set to 1e-06 for instance and model parameters
option SCALE: Scale is set to 1e-06 for instance and model parameters
option SCALE: Scale is set to 1e-06 for instance and model parameters
option SCALE: Scale is set to 1e-06 for instance and model parameters
Doing analysis at TEMP = -40.000000 and TNOM = 27.000000

Using KLU as Direct Linear Solver

No. of Data Rows : 1
vos = -1.12454e-03
vout = 1.224167e+00
dvbe8 = 4.915634e-02
veb8 = 8.449096e-01
dvbe1 = 4.901692e-02
rra = 8.566993e-02
rrb = 1.135347e-02
vgdrv = 1.989896e+00
Reset re-loads circuit * error-amp-offset-mc monte carlo deck -- generated by sim/error-amp-offset-mc/run_amp_offset_mc.py, do not edit

Circuit: * error-amp-offset-mc monte carlo deck -- generated by sim/error-amp-offset-mc/run_amp_offset_mc.py, do not edit

option SCALE: Scale is set to 1e-06 for instance and model parameters
option SCALE: Scale is set to 1e-06 for instance and model parameters
option SCALE: Scale is set to 1e-06 for instance and model parameters
option SCALE: Scale is set to 1e-06 for instance and model parameters
Doing analysis at TEMP = -40.000000 and TNOM = 27.000000

Using KLU as Direct Linear Solver

No. of Data Rows : 1
vos = -1.78350e-04
vout = 1.216156e+00
dvbe8 = 4.910461e-02
veb8 = 8.448665e-01
dvbe1 = 4.961399e-02
rra = 8.545876e-02
rrb = 1.148578e-02
vgdrv = 1.989396e+00
Reset re-loads circuit * error-amp-offset-mc monte carlo deck -- generated by sim/error-amp-offset-mc/run_amp_offset_mc.py, do not edit

Circuit: * error-amp-offset-mc monte carlo deck -- generated by sim/error-amp-offset-mc/run_amp_offset_mc.py, do not edit

option SCALE: Scale is set to 1e-06 for instance and model parameters
option SCALE: Scale is set to 1e-06 for instance and model parameters
option SCALE: Scale is set to 1e-06 for instance and model parameters
option SCALE: Scale is set to 1e-06 for instance and model parameters
Doing analysis at TEMP = -40.000000 and TNOM = 27.000000

Using KLU as Direct Linear Solver
 Reference value :  0.00000e+00
No. of Data Rows : 1
vos = 1.984967e-04
vout = 1.213361e+00
dvbe8 = 4.892106e-02
veb8 = 8.446778e-01
dvbe1 = 4.890210e-02
rra = 8.532802e-02
rrb = 1.143672e-02
vgdrv = 1.991824e+00
Reset re-loads circuit * error-amp-offset-mc monte carlo deck -- generated by sim/error-amp-offset-mc/run_amp_offset_mc.py, do not edit

Circuit: * error-amp-offset-mc monte carlo deck -- generated by sim/error-amp-offset-mc/run_amp_offset_mc.py, do not edit

option SCALE: Scale is set to 1e-06 for instance and model parameters
option SCALE: Scale is set to 1e-06 for instance and model parameters
option SCALE: Scale is set to 1e-06 for instance and model parameters
option SCALE: Scale is set to 1e-06 for instance and model parameters
Doing analysis at TEMP = -40.000000 and TNOM = 27.000000

Using KLU as Direct Linear Solver

No. of Data Rows : 1
vos = -4.65001e-04
vout = 1.222182e+00
dvbe8 = 4.904014e-02
veb8 = 8.447865e-01
dvbe1 = 4.952986e-02
rra = 8.547160e-02
rrb = 1.145344e-02
vgdrv = 1.992431e+00
Reset re-loads circuit * error-amp-offset-mc monte carlo deck -- generated by sim/error-amp-offset-mc/run_amp_offset_mc.py, do not edit

Circuit: * error-amp-offset-mc monte carlo deck -- generated by sim/error-amp-offset-mc/run_amp_offset_mc.py, do not edit

option SCALE: Scale is set to 1e-06 for instance and model parameters
option SCALE: Scale is set to 1e-06 for instance and model parameters
option SCALE: Scale is set to 1e-06 for instance and model parameters
option SCALE: Scale is set to 1e-06 for instance and model parameters
Doing analysis at TEMP = -40.000000 and TNOM = 27.000000

Using KLU as Direct Linear Solver

No. of Data Rows : 1
vos = 2.890985e-04
vout = 1.216669e+00
dvbe8 = 4.915436e-02
veb8 = 8.449328e-01
dvbe1 = 4.938573e-02
rra = 8.556994e-02
rrb = 1.144483e-02
vgdrv = 1.987169e+00
Reset re-loads circuit * error-amp-offset-mc monte carlo deck -- generated by sim/error-amp-offset-mc/run_amp_offset_mc.py, do not edit

Circuit: * error-amp-offset-mc monte carlo deck -- generated by sim/error-amp-offset-mc/run_amp_offset_mc.py, do not edit

option SCALE: Scale is set to 1e-06 for instance and model parameters
option SCALE: Scale is set to 1e-06 for instance and model parameters
option SCALE: Scale is set to 1e-06 for instance and model parameters
option SCALE: Scale is set to 1e-06 for instance and model parameters
Doing analysis at TEMP = -40.000000 and TNOM = 27.000000

Using KLU as Direct Linear Solver

No. of Data Rows : 1
vos = 6.576551e-04
vout = 1.211881e+00
dvbe8 = 4.900107e-02
veb8 = 8.447479e-01
dvbe1 = 4.969606e-02
rra = 8.556810e-02
rrb = 1.149049e-02
vgdrv = 1.990355e+00
Reset re-loads circuit * error-amp-offset-mc monte carlo deck -- generated by sim/error-amp-offset-mc/run_amp_offset_mc.py, do not edit

Circuit: * error-amp-offset-mc monte carlo deck -- generated by sim/error-amp-offset-mc/run_amp_offset_mc.py, do not edit

option SCALE: Scale is set to 1e-06 for instance and model parameters
option SCALE: Scale is set to 1e-06 for instance and model parameters
option SCALE: Scale is set to 1e-06 for instance and model parameters
option SCALE: Scale is set to 1e-06 for instance and model parameters
Doing analysis at TEMP = -40.000000 and TNOM = 27.000000

Using KLU as Direct Linear Solver

No. of Data Rows : 1
vos = 5.350078e-04
vout = 1.206693e+00
dvbe8 = 4.905773e-02
veb8 = 8.448523e-01
dvbe1 = 4.905602e-02
rra = 8.561784e-02
rrb = 1.149934e-02
vgdrv = 1.995737e+00
Reset re-loads circuit * error-amp-offset-mc monte carlo deck -- generated by sim/error-amp-offset-mc/run_amp_offset_mc.py, do not edit

Circuit: * error-amp-offset-mc monte carlo deck -- generated by sim/error-amp-offset-mc/run_amp_offset_mc.py, do not edit

option SCALE: Scale is set to 1e-06 for instance and model parameters
option SCALE: Scale is set to 1e-06 for instance and model parameters
option SCALE: Scale is set to 1e-06 for instance and model parameters
option SCALE: Scale is set to 1e-06 for instance and model parameters
Doing analysis at TEMP = -40.000000 and TNOM = 27.000000

Using KLU as Direct Linear Solver
 Reference value :  0.00000e+00
No. of Data Rows : 1
vos = 1.007957e-03
vout = 1.204309e+00
dvbe8 = 4.905869e-02
veb8 = 8.448028e-01
dvbe1 = 4.913725e-02
rra = 8.582360e-02
rrb = 1.147414e-02
vgdrv = 1.993450e+00
Reset re-loads circuit * error-amp-offset-mc monte carlo deck -- generated by sim/error-amp-offset-mc/run_amp_offset_mc.py, do not edit

Circuit: * error-amp-offset-mc monte carlo deck -- generated by sim/error-amp-offset-mc/run_amp_offset_mc.py, do not edit

option SCALE: Scale is set to 1e-06 for instance and model parameters
option SCALE: Scale is set to 1e-06 for instance and model parameters
option SCALE: Scale is set to 1e-06 for instance and model parameters
option SCALE: Scale is set to 1e-06 for instance and model parameters
Doing analysis at TEMP = -40.000000 and TNOM = 27.000000

Using KLU as Direct Linear Solver

No. of Data Rows : 1
vos = -1.24055e-04
vout = 1.218431e+00
dvbe8 = 4.892927e-02
veb8 = 8.446837e-01
dvbe1 = 5.016149e-02
rra = 8.533512e-02
rrb = 1.133764e-02
vgdrv = 1.989005e+00
Reset re-loads circuit * error-amp-offset-mc monte carlo deck -- generated by sim/error-amp-offset-mc/run_amp_offset_mc.py, do not edit

Circuit: * error-amp-offset-mc monte carlo deck -- generated by sim/error-amp-offset-mc/run_amp_offset_mc.py, do not edit

option SCALE: Scale is set to 1e-06 for instance and model parameters
option SCALE: Scale is set to 1e-06 for instance and model parameters
option SCALE: Scale is set to 1e-06 for instance and model parameters
option SCALE: Scale is set to 1e-06 for instance and model parameters
Doing analysis at TEMP = -40.000000 and TNOM = 27.000000

Using KLU as Direct Linear Solver

No. of Data Rows : 1
vos = 5.504265e-04
vout = 1.206186e+00
dvbe8 = 4.931550e-02
veb8 = 8.450722e-01
dvbe1 = 4.951158e-02
rra = 8.565730e-02
rrb = 1.138426e-02
vgdrv = 1.990730e+00
Reset re-loads circuit * error-amp-offset-mc monte carlo deck -- generated by sim/error-amp-offset-mc/run_amp_offset_mc.py, do not edit

Circuit: * error-amp-offset-mc monte carlo deck -- generated by sim/error-amp-offset-mc/run_amp_offset_mc.py, do not edit

option SCALE: Scale is set to 1e-06 for instance and model parameters
option SCALE: Scale is set to 1e-06 for instance and model parameters
option SCALE: Scale is set to 1e-06 for instance and model parameters
option SCALE: Scale is set to 1e-06 for instance and model parameters
Doing analysis at TEMP = -40.000000 and TNOM = 27.000000

Using KLU as Direct Linear Solver

No. of Data Rows : 1
vos = -1.26456e-03
vout = 1.230078e+00
dvbe8 = 4.898591e-02
veb8 = 8.446572e-01
dvbe1 = 5.000813e-02
rra = 8.542022e-02
rrb = 1.138018e-02
vgdrv = 1.986089e+00
Reset re-loads circuit * error-amp-offset-mc monte carlo deck -- generated by sim/error-amp-offset-mc/run_amp_offset_mc.py, do not edit

Circuit: * error-amp-offset-mc monte carlo deck -- generated by sim/error-amp-offset-mc/run_amp_offset_mc.py, do not edit

option SCALE: Scale is set to 1e-06 for instance and model parameters
option SCALE: Scale is set to 1e-06 for instance and model parameters
option SCALE: Scale is set to 1e-06 for instance and model parameters
option SCALE: Scale is set to 1e-06 for instance and model parameters
Doing analysis at TEMP = -40.000000 and TNOM = 27.000000

Using KLU as Direct Linear Solver

No. of Data Rows : 1
vos = -1.82777e-04
vout = 1.213968e+00
dvbe8 = 4.905092e-02
veb8 = 8.448168e-01
dvbe1 = 4.934242e-02
rra = 8.579711e-02
rrb = 1.134209e-02
vgdrv = 1.990420e+00
Reset re-loads circuit * error-amp-offset-mc monte carlo deck -- generated by sim/error-amp-offset-mc/run_amp_offset_mc.py, do not edit

Circuit: * error-amp-offset-mc monte carlo deck -- generated by sim/error-amp-offset-mc/run_amp_offset_mc.py, do not edit

option SCALE: Scale is set to 1e-06 for instance and model parameters
option SCALE: Scale is set to 1e-06 for instance and model parameters
option SCALE: Scale is set to 1e-06 for instance and model parameters
option SCALE: Scale is set to 1e-06 for instance and model parameters
Doing analysis at TEMP = -40.000000 and TNOM = 27.000000

Using KLU as Direct Linear Solver
 Reference value :  0.00000e+00
No. of Data Rows : 1
vos = 1.953322e-04
vout = 1.212344e+00
dvbe8 = 4.899785e-02
veb8 = 8.447760e-01
dvbe1 = 4.891662e-02
rra = 8.550336e-02
rrb = 1.143870e-02
vgdrv = 1.995006e+00
Reset re-loads circuit * error-amp-offset-mc monte carlo deck -- generated by sim/error-amp-offset-mc/run_amp_offset_mc.py, do not edit

Circuit: * error-amp-offset-mc monte carlo deck -- generated by sim/error-amp-offset-mc/run_amp_offset_mc.py, do not edit

option SCALE: Scale is set to 1e-06 for instance and model parameters
option SCALE: Scale is set to 1e-06 for instance and model parameters
option SCALE: Scale is set to 1e-06 for instance and model parameters
option SCALE: Scale is set to 1e-06 for instance and model parameters
Doing analysis at TEMP = -40.000000 and TNOM = 27.000000

Using KLU as Direct Linear Solver

No. of Data Rows : 1
vos = 6.739399e-04
vout = 1.212123e+00
dvbe8 = 4.907517e-02
veb8 = 8.448747e-01
dvbe1 = 4.917179e-02
rra = 8.545997e-02
rrb = 1.139836e-02
vgdrv = 1.993890e+00
Reset re-loads circuit * error-amp-offset-mc monte carlo deck -- generated by sim/error-amp-offset-mc/run_amp_offset_mc.py, do not edit

Circuit: * error-amp-offset-mc monte carlo deck -- generated by sim/error-amp-offset-mc/run_amp_offset_mc.py, do not edit

option SCALE: Scale is set to 1e-06 for instance and model parameters
option SCALE: Scale is set to 1e-06 for instance and model parameters
option SCALE: Scale is set to 1e-06 for instance and model parameters
option SCALE: Scale is set to 1e-06 for instance and model parameters
Doing analysis at TEMP = -40.000000 and TNOM = 27.000000

Using KLU as Direct Linear Solver

No. of Data Rows : 1
vos = -6.54035e-04
vout = 1.221396e+00
dvbe8 = 4.916216e-02
veb8 = 8.449264e-01
dvbe1 = 4.945683e-02
rra = 8.556668e-02
rrb = 1.134130e-02
vgdrv = 1.987138e+00
Reset re-loads circuit * error-amp-offset-mc monte carlo deck -- generated by sim/error-amp-offset-mc/run_amp_offset_mc.py, do not edit

Circuit: * error-amp-offset-mc monte carlo deck -- generated by sim/error-amp-offset-mc/run_amp_offset_mc.py, do not edit

option SCALE: Scale is set to 1e-06 for instance and model parameters
option SCALE: Scale is set to 1e-06 for instance and model parameters
option SCALE: Scale is set to 1e-06 for instance and model parameters
option SCALE: Scale is set to 1e-06 for instance and model parameters
Doing analysis at TEMP = -40.000000 and TNOM = 27.000000

Using KLU as Direct Linear Solver

No. of Data Rows : 1
vos = -4.14361e-04
vout = 1.220150e+00
dvbe8 = 4.909142e-02
veb8 = 8.449040e-01
dvbe1 = 4.868237e-02
rra = 8.574065e-02
rrb = 1.150647e-02
vgdrv = 1.992130e+00
Reset re-loads circuit * error-amp-offset-mc monte carlo deck -- generated by sim/error-amp-offset-mc/run_amp_offset_mc.py, do not edit

Circuit: * error-amp-offset-mc monte carlo deck -- generated by sim/error-amp-offset-mc/run_amp_offset_mc.py, do not edit

option SCALE: Scale is set to 1e-06 for instance and model parameters
option SCALE: Scale is set to 1e-06 for instance and model parameters
option SCALE: Scale is set to 1e-06 for instance and model parameters
option SCALE: Scale is set to 1e-06 for instance and model parameters
Doing analysis at TEMP = -40.000000 and TNOM = 27.000000

Using KLU as Direct Linear Solver

No. of Data Rows : 1
vos = 8.076539e-04
vout = 1.208697e+00
dvbe8 = 4.922572e-02
veb8 = 8.449966e-01
dvbe1 = 4.908804e-02
rra = 8.550155e-02
rrb = 1.143129e-02
vgdrv = 1.987349e+00
Reset re-loads circuit * error-amp-offset-mc monte carlo deck -- generated by sim/error-amp-offset-mc/run_amp_offset_mc.py, do not edit

Circuit: * error-amp-offset-mc monte carlo deck -- generated by sim/error-amp-offset-mc/run_amp_offset_mc.py, do not edit

option SCALE: Scale is set to 1e-06 for instance and model parameters
option SCALE: Scale is set to 1e-06 for instance and model parameters
option SCALE: Scale is set to 1e-06 for instance and model parameters
option SCALE: Scale is set to 1e-06 for instance and model parameters
Doing analysis at TEMP = -40.000000 and TNOM = 27.000000

Using KLU as Direct Linear Solver
 Reference value :  0.00000e+00
No. of Data Rows : 1
vos = 2.341942e-04
vout = 1.212181e+00
dvbe8 = 4.884678e-02
veb8 = 8.446102e-01
dvbe1 = 4.937072e-02
rra = 8.556898e-02
rrb = 1.139102e-02
vgdrv = 1.995350e+00
Reset re-loads circuit * error-amp-offset-mc monte carlo deck -- generated by sim/error-amp-offset-mc/run_amp_offset_mc.py, do not edit

Circuit: * error-amp-offset-mc monte carlo deck -- generated by sim/error-amp-offset-mc/run_amp_offset_mc.py, do not edit

option SCALE: Scale is set to 1e-06 for instance and model parameters
option SCALE: Scale is set to 1e-06 for instance and model parameters
option SCALE: Scale is set to 1e-06 for instance and model parameters
option SCALE: Scale is set to 1e-06 for instance and model parameters
Doing analysis at TEMP = -40.000000 and TNOM = 27.000000

Using KLU as Direct Linear Solver

No. of Data Rows : 1
vos = -1.35830e-04
vout = 1.214549e+00
dvbe8 = 4.912870e-02
veb8 = 8.448871e-01
dvbe1 = 4.979316e-02
rra = 8.562597e-02
rrb = 1.149612e-02
vgdrv = 1.992703e+00
Reset re-loads circuit * error-amp-offset-mc monte carlo deck -- generated by sim/error-amp-offset-mc/run_amp_offset_mc.py, do not edit

Circuit: * error-amp-offset-mc monte carlo deck -- generated by sim/error-amp-offset-mc/run_amp_offset_mc.py, do not edit

option SCALE: Scale is set to 1e-06 for instance and model parameters
option SCALE: Scale is set to 1e-06 for instance and model parameters
option SCALE: Scale is set to 1e-06 for instance and model parameters
option SCALE: Scale is set to 1e-06 for instance and model parameters
Doing analysis at TEMP = -40.000000 and TNOM = 27.000000

Using KLU as Direct Linear Solver

No. of Data Rows : 1
vos = -7.11891e-04
vout = 1.221994e+00
dvbe8 = 4.904390e-02
veb8 = 8.448464e-01
dvbe1 = 4.892372e-02
rra = 8.573025e-02
rrb = 1.141116e-02
vgdrv = 1.988932e+00
Reset re-loads circuit * error-amp-offset-mc monte carlo deck -- generated by sim/error-amp-offset-mc/run_amp_offset_mc.py, do not edit

Circuit: * error-amp-offset-mc monte carlo deck -- generated by sim/error-amp-offset-mc/run_amp_offset_mc.py, do not edit

option SCALE: Scale is set to 1e-06 for instance and model parameters
option SCALE: Scale is set to 1e-06 for instance and model parameters
option SCALE: Scale is set to 1e-06 for instance and model parameters
option SCALE: Scale is set to 1e-06 for instance and model parameters
Doing analysis at TEMP = -40.000000 and TNOM = 27.000000

Using KLU as Direct Linear Solver

No. of Data Rows : 1
vos = -8.01233e-04
vout = 1.223659e+00
dvbe8 = 4.905671e-02
veb8 = 8.447991e-01
dvbe1 = 4.937632e-02
rra = 8.564335e-02
rrb = 1.141887e-02
vgdrv = 1.987840e+00
Reset re-loads circuit * error-amp-offset-mc monte carlo deck -- generated by sim/error-amp-offset-mc/run_amp_offset_mc.py, do not edit

Circuit: * error-amp-offset-mc monte carlo deck -- generated by sim/error-amp-offset-mc/run_amp_offset_mc.py, do not edit

option SCALE: Scale is set to 1e-06 for instance and model parameters
option SCALE: Scale is set to 1e-06 for instance and model parameters
option SCALE: Scale is set to 1e-06 for instance and model parameters
option SCALE: Scale is set to 1e-06 for instance and model parameters
Doing analysis at TEMP = -40.000000 and TNOM = 27.000000

Using KLU as Direct Linear Solver

No. of Data Rows : 1
vos = -2.88725e-04
vout = 1.217113e+00
dvbe8 = 4.893716e-02
veb8 = 8.446877e-01
dvbe1 = 4.949562e-02
rra = 8.550364e-02
rrb = 1.140677e-02
vgdrv = 1.993916e+00
Reset re-loads circuit * error-amp-offset-mc monte carlo deck -- generated by sim/error-amp-offset-mc/run_amp_offset_mc.py, do not edit

Circuit: * error-amp-offset-mc monte carlo deck -- generated by sim/error-amp-offset-mc/run_amp_offset_mc.py, do not edit

option SCALE: Scale is set to 1e-06 for instance and model parameters
option SCALE: Scale is set to 1e-06 for instance and model parameters
option SCALE: Scale is set to 1e-06 for instance and model parameters
option SCALE: Scale is set to 1e-06 for instance and model parameters
Doing analysis at TEMP = -40.000000 and TNOM = 27.000000

Using KLU as Direct Linear Solver
 Reference value :  0.00000e+00
No. of Data Rows : 1
vos = -1.69087e-03
vout = 1.230361e+00
dvbe8 = 4.899179e-02
veb8 = 8.447734e-01
dvbe1 = 4.955452e-02
rra = 8.558345e-02
rrb = 1.141404e-02
vgdrv = 1.988349e+00
Reset re-loads circuit * error-amp-offset-mc monte carlo deck -- generated by sim/error-amp-offset-mc/run_amp_offset_mc.py, do not edit

Circuit: * error-amp-offset-mc monte carlo deck -- generated by sim/error-amp-offset-mc/run_amp_offset_mc.py, do not edit

option SCALE: Scale is set to 1e-06 for instance and model parameters
option SCALE: Scale is set to 1e-06 for instance and model parameters
option SCALE: Scale is set to 1e-06 for instance and model parameters
option SCALE: Scale is set to 1e-06 for instance and model parameters
Doing analysis at TEMP = -40.000000 and TNOM = 27.000000

Using KLU as Direct Linear Solver

No. of Data Rows : 1
vos = -1.12828e-03
vout = 1.222871e+00
dvbe8 = 4.920621e-02
veb8 = 8.449342e-01
dvbe1 = 5.017257e-02
rra = 8.571206e-02
rrb = 1.142825e-02
vgdrv = 1.991096e+00
Reset re-loads circuit * error-amp-offset-mc monte carlo deck -- generated by sim/error-amp-offset-mc/run_amp_offset_mc.py, do not edit

Circuit: * error-amp-offset-mc monte carlo deck -- generated by sim/error-amp-offset-mc/run_amp_offset_mc.py, do not edit

option SCALE: Scale is set to 1e-06 for instance and model parameters
option SCALE: Scale is set to 1e-06 for instance and model parameters
option SCALE: Scale is set to 1e-06 for instance and model parameters
option SCALE: Scale is set to 1e-06 for instance and model parameters
Doing analysis at TEMP = -40.000000 and TNOM = 27.000000

Using KLU as Direct Linear Solver

No. of Data Rows : 1
vos = -2.34827e-04
vout = 1.214656e+00
dvbe8 = 4.892646e-02
veb8 = 8.446872e-01
dvbe1 = 4.925483e-02
rra = 8.575573e-02
rrb = 1.139910e-02
vgdrv = 1.990961e+00
Reset re-loads circuit * error-amp-offset-mc monte carlo deck -- generated by sim/error-amp-offset-mc/run_amp_offset_mc.py, do not edit

Circuit: * error-amp-offset-mc monte carlo deck -- generated by sim/error-amp-offset-mc/run_amp_offset_mc.py, do not edit

option SCALE: Scale is set to 1e-06 for instance and model parameters
option SCALE: Scale is set to 1e-06 for instance and model parameters
option SCALE: Scale is set to 1e-06 for instance and model parameters
option SCALE: Scale is set to 1e-06 for instance and model parameters
Doing analysis at TEMP = -40.000000 and TNOM = 27.000000

Using KLU as Direct Linear Solver

No. of Data Rows : 1
vos = -1.12855e-04
vout = 1.216947e+00
dvbe8 = 4.902740e-02
veb8 = 8.448011e-01
dvbe1 = 4.881844e-02
rra = 8.563893e-02
rrb = 1.144527e-02
vgdrv = 1.992830e+00
Reset re-loads circuit * error-amp-offset-mc monte carlo deck -- generated by sim/error-amp-offset-mc/run_amp_offset_mc.py, do not edit

Circuit: * error-amp-offset-mc monte carlo deck -- generated by sim/error-amp-offset-mc/run_amp_offset_mc.py, do not edit

option SCALE: Scale is set to 1e-06 for instance and model parameters
option SCALE: Scale is set to 1e-06 for instance and model parameters
option SCALE: Scale is set to 1e-06 for instance and model parameters
option SCALE: Scale is set to 1e-06 for instance and model parameters
Doing analysis at TEMP = -40.000000 and TNOM = 27.000000

Using KLU as Direct Linear Solver
 Reference value :  0.00000e+00
No. of Data Rows : 1
vos = 1.570655e-04
vout = 1.211557e+00
dvbe8 = 4.881586e-02
veb8 = 8.445648e-01
dvbe1 = 4.969475e-02
rra = 8.559835e-02
rrb = 1.140422e-02
vgdrv = 1.988730e+00
Reset re-loads circuit * error-amp-offset-mc monte carlo deck -- generated by sim/error-amp-offset-mc/run_amp_offset_mc.py, do not edit

Circuit: * error-amp-offset-mc monte carlo deck -- generated by sim/error-amp-offset-mc/run_amp_offset_mc.py, do not edit

option SCALE: Scale is set to 1e-06 for instance and model parameters
option SCALE: Scale is set to 1e-06 for instance and model parameters
option SCALE: Scale is set to 1e-06 for instance and model parameters
option SCALE: Scale is set to 1e-06 for instance and model parameters
Doing analysis at TEMP = -40.000000 and TNOM = 27.000000

Using KLU as Direct Linear Solver

No. of Data Rows : 1
vos = -1.11400e-03
vout = 1.230333e+00
dvbe8 = 4.901531e-02
veb8 = 8.447524e-01
dvbe1 = 4.967023e-02
rra = 8.558308e-02
rrb = 1.139483e-02
vgdrv = 1.985650e+00
Reset re-loads circuit * error-amp-offset-mc monte carlo deck -- generated by sim/error-amp-offset-mc/run_amp_offset_mc.py, do not edit

Circuit: * error-amp-offset-mc monte carlo deck -- generated by sim/error-amp-offset-mc/run_amp_offset_mc.py, do not edit

option SCALE: Scale is set to 1e-06 for instance and model parameters
option SCALE: Scale is set to 1e-06 for instance and model parameters
option SCALE: Scale is set to 1e-06 for instance and model parameters
option SCALE: Scale is set to 1e-06 for instance and model parameters
Doing analysis at TEMP = -40.000000 and TNOM = 27.000000

Using KLU as Direct Linear Solver

No. of Data Rows : 1
vos = 3.640916e-04
vout = 1.208782e+00
dvbe8 = 4.925040e-02
veb8 = 8.449975e-01
dvbe1 = 5.006124e-02
rra = 8.549705e-02
rrb = 1.138222e-02
vgdrv = 1.994895e+00
Reset re-loads circuit * error-amp-offset-mc monte carlo deck -- generated by sim/error-amp-offset-mc/run_amp_offset_mc.py, do not edit

Circuit: * error-amp-offset-mc monte carlo deck -- generated by sim/error-amp-offset-mc/run_amp_offset_mc.py, do not edit

option SCALE: Scale is set to 1e-06 for instance and model parameters
option SCALE: Scale is set to 1e-06 for instance and model parameters
option SCALE: Scale is set to 1e-06 for instance and model parameters
option SCALE: Scale is set to 1e-06 for instance and model parameters
Doing analysis at TEMP = -40.000000 and TNOM = 27.000000

Using KLU as Direct Linear Solver

No. of Data Rows : 1
vos = -1.16376e-03
vout = 1.223818e+00
dvbe8 = 4.907786e-02
veb8 = 8.448644e-01
dvbe1 = 4.942556e-02
rra = 8.563584e-02
rrb = 1.145077e-02
vgdrv = 1.993489e+00
Reset re-loads circuit * error-amp-offset-mc monte carlo deck -- generated by sim/error-amp-offset-mc/run_amp_offset_mc.py, do not edit

Circuit: * error-amp-offset-mc monte carlo deck -- generated by sim/error-amp-offset-mc/run_amp_offset_mc.py, do not edit

option SCALE: Scale is set to 1e-06 for instance and model parameters
option SCALE: Scale is set to 1e-06 for instance and model parameters
option SCALE: Scale is set to 1e-06 for instance and model parameters
option SCALE: Scale is set to 1e-06 for instance and model parameters
Doing analysis at TEMP = -40.000000 and TNOM = 27.000000

Using KLU as Direct Linear Solver
 Reference value :  0.00000e+00
No. of Data Rows : 1
vos = 1.053633e-03
vout = 1.202807e+00
dvbe8 = 4.907030e-02
veb8 = 8.447975e-01
dvbe1 = 4.966755e-02
rra = 8.558378e-02
rrb = 1.144800e-02
vgdrv = 1.998068e+00
Reset re-loads circuit * error-amp-offset-mc monte carlo deck -- generated by sim/error-amp-offset-mc/run_amp_offset_mc.py, do not edit

Circuit: * error-amp-offset-mc monte carlo deck -- generated by sim/error-amp-offset-mc/run_amp_offset_mc.py, do not edit

option SCALE: Scale is set to 1e-06 for instance and model parameters
option SCALE: Scale is set to 1e-06 for instance and model parameters
option SCALE: Scale is set to 1e-06 for instance and model parameters
option SCALE: Scale is set to 1e-06 for instance and model parameters
Doing analysis at TEMP = -40.000000 and TNOM = 27.000000

Using KLU as Direct Linear Solver

No. of Data Rows : 1
vos = 2.535027e-04
vout = 1.211671e+00
dvbe8 = 4.905655e-02
veb8 = 8.448487e-01
dvbe1 = 4.952847e-02
rra = 8.575746e-02
rrb = 1.136927e-02
vgdrv = 1.991526e+00
Reset re-loads circuit * error-amp-offset-mc monte carlo deck -- generated by sim/error-amp-offset-mc/run_amp_offset_mc.py, do not edit

Circuit: * error-amp-offset-mc monte carlo deck -- generated by sim/error-amp-offset-mc/run_amp_offset_mc.py, do not edit

option SCALE: Scale is set to 1e-06 for instance and model parameters
option SCALE: Scale is set to 1e-06 for instance and model parameters
option SCALE: Scale is set to 1e-06 for instance and model parameters
option SCALE: Scale is set to 1e-06 for instance and model parameters
Doing analysis at TEMP = -40.000000 and TNOM = 27.000000

Using KLU as Direct Linear Solver

No. of Data Rows : 1
vos = 5.377112e-04
vout = 1.211257e+00
dvbe8 = 4.908643e-02
veb8 = 8.448419e-01
dvbe1 = 4.910243e-02
rra = 8.545318e-02
rrb = 1.141441e-02
vgdrv = 1.994031e+00
Reset re-loads circuit * error-amp-offset-mc monte carlo deck -- generated by sim/error-amp-offset-mc/run_amp_offset_mc.py, do not edit

Circuit: * error-amp-offset-mc monte carlo deck -- generated by sim/error-amp-offset-mc/run_amp_offset_mc.py, do not edit

option SCALE: Scale is set to 1e-06 for instance and model parameters
option SCALE: Scale is set to 1e-06 for instance and model parameters
option SCALE: Scale is set to 1e-06 for instance and model parameters
option SCALE: Scale is set to 1e-06 for instance and model parameters
Doing analysis at TEMP = -40.000000 and TNOM = 27.000000

Using KLU as Direct Linear Solver

No. of Data Rows : 1
vos = -4.53339e-04
vout = 1.224024e+00
dvbe8 = 4.886755e-02
veb8 = 8.446008e-01
dvbe1 = 4.995741e-02
rra = 8.559636e-02
rrb = 1.149406e-02
vgdrv = 1.988169e+00
Reset re-loads circuit * error-amp-offset-mc monte carlo deck -- generated by sim/error-amp-offset-mc/run_amp_offset_mc.py, do not edit

Circuit: * error-amp-offset-mc monte carlo deck -- generated by sim/error-amp-offset-mc/run_amp_offset_mc.py, do not edit

option SCALE: Scale is set to 1e-06 for instance and model parameters
option SCALE: Scale is set to 1e-06 for instance and model parameters
option SCALE: Scale is set to 1e-06 for instance and model parameters
option SCALE: Scale is set to 1e-06 for instance and model parameters
Doing analysis at TEMP = -40.000000 and TNOM = 27.000000

Using KLU as Direct Linear Solver
 Reference value :  0.00000e+00
No. of Data Rows : 1
vos = 1.646804e-04
vout = 1.216112e+00
dvbe8 = 4.870211e-02
veb8 = 8.445257e-01
dvbe1 = 4.878789e-02
rra = 8.571070e-02
rrb = 1.143511e-02
vgdrv = 1.995188e+00
Reset re-loads circuit * error-amp-offset-mc monte carlo deck -- generated by sim/error-amp-offset-mc/run_amp_offset_mc.py, do not edit

Circuit: * error-amp-offset-mc monte carlo deck -- generated by sim/error-amp-offset-mc/run_amp_offset_mc.py, do not edit

option SCALE: Scale is set to 1e-06 for instance and model parameters
option SCALE: Scale is set to 1e-06 for instance and model parameters
option SCALE: Scale is set to 1e-06 for instance and model parameters
option SCALE: Scale is set to 1e-06 for instance and model parameters
Doing analysis at TEMP = -40.000000 and TNOM = 27.000000

Using KLU as Direct Linear Solver

No. of Data Rows : 1
vos = 1.310346e-04
vout = 1.214927e+00
dvbe8 = 4.909996e-02
veb8 = 8.448476e-01
dvbe1 = 4.984195e-02
rra = 8.548801e-02
rrb = 1.143788e-02
vgdrv = 1.995560e+00
Reset re-loads circuit * error-amp-offset-mc monte carlo deck -- generated by sim/error-amp-offset-mc/run_amp_offset_mc.py, do not edit

Circuit: * error-amp-offset-mc monte carlo deck -- generated by sim/error-amp-offset-mc/run_amp_offset_mc.py, do not edit

option SCALE: Scale is set to 1e-06 for instance and model parameters
option SCALE: Scale is set to 1e-06 for instance and model parameters
option SCALE: Scale is set to 1e-06 for instance and model parameters
option SCALE: Scale is set to 1e-06 for instance and model parameters
Doing analysis at TEMP = -40.000000 and TNOM = 27.000000

Using KLU as Direct Linear Solver

No. of Data Rows : 1
vos = -6.77881e-04
vout = 1.220337e+00
dvbe8 = 4.902314e-02
veb8 = 8.447964e-01
dvbe1 = 4.973992e-02
rra = 8.549017e-02
rrb = 1.140090e-02
vgdrv = 1.990493e+00
Reset re-loads circuit * error-amp-offset-mc monte carlo deck -- generated by sim/error-amp-offset-mc/run_amp_offset_mc.py, do not edit

Circuit: * error-amp-offset-mc monte carlo deck -- generated by sim/error-amp-offset-mc/run_amp_offset_mc.py, do not edit

option SCALE: Scale is set to 1e-06 for instance and model parameters
option SCALE: Scale is set to 1e-06 for instance and model parameters
option SCALE: Scale is set to 1e-06 for instance and model parameters
option SCALE: Scale is set to 1e-06 for instance and model parameters
Doing analysis at TEMP = -40.000000 and TNOM = 27.000000

Using KLU as Direct Linear Solver

No. of Data Rows : 1
vos = -4.20413e-04
vout = 1.220433e+00
dvbe8 = 4.912529e-02
veb8 = 8.448859e-01
dvbe1 = 4.967410e-02
rra = 8.553638e-02
rrb = 1.141760e-02
vgdrv = 1.993429e+00
Reset re-loads circuit * error-amp-offset-mc monte carlo deck -- generated by sim/error-amp-offset-mc/run_amp_offset_mc.py, do not edit

Circuit: * error-amp-offset-mc monte carlo deck -- generated by sim/error-amp-offset-mc/run_amp_offset_mc.py, do not edit

option SCALE: Scale is set to 1e-06 for instance and model parameters
option SCALE: Scale is set to 1e-06 for instance and model parameters
option SCALE: Scale is set to 1e-06 for instance and model parameters
option SCALE: Scale is set to 1e-06 for instance and model parameters
Doing analysis at TEMP = -40.000000 and TNOM = 27.000000

Using KLU as Direct Linear Solver

No. of Data Rows : 1
vos = 3.860464e-04
vout = 1.214076e+00
dvbe8 = 4.907427e-02
veb8 = 8.448446e-01
dvbe1 = 4.937492e-02
rra = 8.564431e-02
rrb = 1.136122e-02
vgdrv = 1.992046e+00
Reset re-loads circuit * error-amp-offset-mc monte carlo deck -- generated by sim/error-amp-offset-mc/run_amp_offset_mc.py, do not edit

Circuit: * error-amp-offset-mc monte carlo deck -- generated by sim/error-amp-offset-mc/run_amp_offset_mc.py, do not edit

option SCALE: Scale is set to 1e-06 for instance and model parameters
option SCALE: Scale is set to 1e-06 for instance and model parameters
option SCALE: Scale is set to 1e-06 for instance and model parameters
option SCALE: Scale is set to 1e-06 for instance and model parameters
Doing analysis at TEMP = -40.000000 and TNOM = 27.000000

Using KLU as Direct Linear Solver
 Reference value :  0.00000e+00
No. of Data Rows : 1
vos = 7.884677e-05
vout = 1.212257e+00
dvbe8 = 4.903141e-02
veb8 = 8.448158e-01
dvbe1 = 4.964977e-02
rra = 8.545074e-02
rrb = 1.147908e-02
vgdrv = 1.989269e+00
Reset re-loads circuit * error-amp-offset-mc monte carlo deck -- generated by sim/error-amp-offset-mc/run_amp_offset_mc.py, do not edit

Circuit: * error-amp-offset-mc monte carlo deck -- generated by sim/error-amp-offset-mc/run_amp_offset_mc.py, do not edit

option SCALE: Scale is set to 1e-06 for instance and model parameters
option SCALE: Scale is set to 1e-06 for instance and model parameters
option SCALE: Scale is set to 1e-06 for instance and model parameters
option SCALE: Scale is set to 1e-06 for instance and model parameters
Doing analysis at TEMP = -40.000000 and TNOM = 27.000000

Using KLU as Direct Linear Solver

No. of Data Rows : 1
vos = 4.186706e-04
vout = 1.208126e+00
dvbe8 = 4.903628e-02
veb8 = 8.447844e-01
dvbe1 = 4.997122e-02
rra = 8.578959e-02
rrb = 1.137105e-02
vgdrv = 1.994466e+00
Reset re-loads circuit * error-amp-offset-mc monte carlo deck -- generated by sim/error-amp-offset-mc/run_amp_offset_mc.py, do not edit

Circuit: * error-amp-offset-mc monte carlo deck -- generated by sim/error-amp-offset-mc/run_amp_offset_mc.py, do not edit

option SCALE: Scale is set to 1e-06 for instance and model parameters
option SCALE: Scale is set to 1e-06 for instance and model parameters
option SCALE: Scale is set to 1e-06 for instance and model parameters
option SCALE: Scale is set to 1e-06 for instance and model parameters
Doing analysis at TEMP = -40.000000 and TNOM = 27.000000

Using KLU as Direct Linear Solver

No. of Data Rows : 1
vos = -2.02525e-04
vout = 1.219480e+00
dvbe8 = 4.883877e-02
veb8 = 8.445836e-01
dvbe1 = 4.840783e-02
rra = 8.558742e-02
rrb = 1.139199e-02
vgdrv = 1.988990e+00
Reset re-loads circuit * error-amp-offset-mc monte carlo deck -- generated by sim/error-amp-offset-mc/run_amp_offset_mc.py, do not edit

Circuit: * error-amp-offset-mc monte carlo deck -- generated by sim/error-amp-offset-mc/run_amp_offset_mc.py, do not edit

option SCALE: Scale is set to 1e-06 for instance and model parameters
option SCALE: Scale is set to 1e-06 for instance and model parameters
option SCALE: Scale is set to 1e-06 for instance and model parameters
option SCALE: Scale is set to 1e-06 for instance and model parameters
Doing analysis at TEMP = -40.000000 and TNOM = 27.000000

Using KLU as Direct Linear Solver

No. of Data Rows : 1
vos = -1.06247e-03
vout = 1.223580e+00
dvbe8 = 4.894465e-02
veb8 = 8.446770e-01
dvbe1 = 5.002681e-02
rra = 8.547582e-02
rrb = 1.146721e-02
vgdrv = 1.987392e+00
Reset re-loads circuit * error-amp-offset-mc monte carlo deck -- generated by sim/error-amp-offset-mc/run_amp_offset_mc.py, do not edit

Circuit: * error-amp-offset-mc monte carlo deck -- generated by sim/error-amp-offset-mc/run_amp_offset_mc.py, do not edit

option SCALE: Scale is set to 1e-06 for instance and model parameters
option SCALE: Scale is set to 1e-06 for instance and model parameters
option SCALE: Scale is set to 1e-06 for instance and model parameters
option SCALE: Scale is set to 1e-06 for instance and model parameters
Doing analysis at TEMP = -40.000000 and TNOM = 27.000000

Using KLU as Direct Linear Solver
 Reference value :  0.00000e+00
No. of Data Rows : 1
vos = -2.46831e-04
vout = 1.217449e+00
dvbe8 = 4.883219e-02
veb8 = 8.446221e-01
dvbe1 = 4.913414e-02
rra = 8.561441e-02
rrb = 1.139539e-02
vgdrv = 1.990068e+00
Reset re-loads circuit * error-amp-offset-mc monte carlo deck -- generated by sim/error-amp-offset-mc/run_amp_offset_mc.py, do not edit

Circuit: * error-amp-offset-mc monte carlo deck -- generated by sim/error-amp-offset-mc/run_amp_offset_mc.py, do not edit

option SCALE: Scale is set to 1e-06 for instance and model parameters
option SCALE: Scale is set to 1e-06 for instance and model parameters
option SCALE: Scale is set to 1e-06 for instance and model parameters
option SCALE: Scale is set to 1e-06 for instance and model parameters
Doing analysis at TEMP = -40.000000 and TNOM = 27.000000

Using KLU as Direct Linear Solver

No. of Data Rows : 1
vos = 1.330615e-04
vout = 1.211631e+00
dvbe8 = 4.891388e-02
veb8 = 8.446939e-01
dvbe1 = 5.015774e-02
rra = 8.560799e-02
rrb = 1.134309e-02
vgdrv = 1.991129e+00
Reset re-loads circuit * error-amp-offset-mc monte carlo deck -- generated by sim/error-amp-offset-mc/run_amp_offset_mc.py, do not edit

Circuit: * error-amp-offset-mc monte carlo deck -- generated by sim/error-amp-offset-mc/run_amp_offset_mc.py, do not edit

option SCALE: Scale is set to 1e-06 for instance and model parameters
option SCALE: Scale is set to 1e-06 for instance and model parameters
option SCALE: Scale is set to 1e-06 for instance and model parameters
option SCALE: Scale is set to 1e-06 for instance and model parameters
Doing analysis at TEMP = -40.000000 and TNOM = 27.000000

Using KLU as Direct Linear Solver

No. of Data Rows : 1
vos = 1.366582e-03
vout = 1.200245e+00
dvbe8 = 4.906195e-02
veb8 = 8.448469e-01
dvbe1 = 4.975248e-02
rra = 8.555000e-02
rrb = 1.142943e-02
vgdrv = 1.993753e+00
Reset re-loads circuit * error-amp-offset-mc monte carlo deck -- generated by sim/error-amp-offset-mc/run_amp_offset_mc.py, do not edit

Circuit: * error-amp-offset-mc monte carlo deck -- generated by sim/error-amp-offset-mc/run_amp_offset_mc.py, do not edit

option SCALE: Scale is set to 1e-06 for instance and model parameters
option SCALE: Scale is set to 1e-06 for instance and model parameters
option SCALE: Scale is set to 1e-06 for instance and model parameters
option SCALE: Scale is set to 1e-06 for instance and model parameters
Doing analysis at TEMP = -40.000000 and TNOM = 27.000000

Using KLU as Direct Linear Solver

No. of Data Rows : 1
vos = -6.32612e-04
vout = 1.223843e+00
dvbe8 = 4.922154e-02
veb8 = 8.449791e-01
dvbe1 = 4.948974e-02
rra = 8.552844e-02
rrb = 1.145428e-02
vgdrv = 1.991530e+00
Reset re-loads circuit * error-amp-offset-mc monte carlo deck -- generated by sim/error-amp-offset-mc/run_amp_offset_mc.py, do not edit

Circuit: * error-amp-offset-mc monte carlo deck -- generated by sim/error-amp-offset-mc/run_amp_offset_mc.py, do not edit

option SCALE: Scale is set to 1e-06 for instance and model parameters
option SCALE: Scale is set to 1e-06 for instance and model parameters
option SCALE: Scale is set to 1e-06 for instance and model parameters
option SCALE: Scale is set to 1e-06 for instance and model parameters
Doing analysis at TEMP = -40.000000 and TNOM = 27.000000

Using KLU as Direct Linear Solver
 Reference value :  0.00000e+00
No. of Data Rows : 1
vos = 4.171826e-04
vout = 1.212938e+00
dvbe8 = 4.906178e-02
veb8 = 8.447854e-01
dvbe1 = 4.993267e-02
rra = 8.549802e-02
rrb = 1.133871e-02
vgdrv = 1.993931e+00
Reset re-loads circuit * error-amp-offset-mc monte carlo deck -- generated by sim/error-amp-offset-mc/run_amp_offset_mc.py, do not edit

Circuit: * error-amp-offset-mc monte carlo deck -- generated by sim/error-amp-offset-mc/run_amp_offset_mc.py, do not edit

option SCALE: Scale is set to 1e-06 for instance and model parameters
option SCALE: Scale is set to 1e-06 for instance and model parameters
option SCALE: Scale is set to 1e-06 for instance and model parameters
option SCALE: Scale is set to 1e-06 for instance and model parameters
Doing analysis at TEMP = -40.000000 and TNOM = 27.000000

Using KLU as Direct Linear Solver

No. of Data Rows : 1
vos = 6.137540e-05
vout = 1.213374e+00
dvbe8 = 4.914435e-02
veb8 = 8.449192e-01
dvbe1 = 4.985908e-02
rra = 8.549774e-02
rrb = 1.142253e-02
vgdrv = 1.994698e+00
Reset re-loads circuit * error-amp-offset-mc monte carlo deck -- generated by sim/error-amp-offset-mc/run_amp_offset_mc.py, do not edit

Circuit: * error-amp-offset-mc monte carlo deck -- generated by sim/error-amp-offset-mc/run_amp_offset_mc.py, do not edit

option SCALE: Scale is set to 1e-06 for instance and model parameters
option SCALE: Scale is set to 1e-06 for instance and model parameters
option SCALE: Scale is set to 1e-06 for instance and model parameters
option SCALE: Scale is set to 1e-06 for instance and model parameters
Doing analysis at TEMP = -40.000000 and TNOM = 27.000000

Using KLU as Direct Linear Solver

No. of Data Rows : 1
vos = -1.98267e-04
vout = 1.218356e+00
dvbe8 = 4.883470e-02
veb8 = 8.446209e-01
dvbe1 = 4.920585e-02
rra = 8.565337e-02
rrb = 1.145362e-02
vgdrv = 1.993082e+00
Reset re-loads circuit * error-amp-offset-mc monte carlo deck -- generated by sim/error-amp-offset-mc/run_amp_offset_mc.py, do not edit

Circuit: * error-amp-offset-mc monte carlo deck -- generated by sim/error-amp-offset-mc/run_amp_offset_mc.py, do not edit

option SCALE: Scale is set to 1e-06 for instance and model parameters
option SCALE: Scale is set to 1e-06 for instance and model parameters
option SCALE: Scale is set to 1e-06 for instance and model parameters
option SCALE: Scale is set to 1e-06 for instance and model parameters
Doing analysis at TEMP = -40.000000 and TNOM = 27.000000

Using KLU as Direct Linear Solver

No. of Data Rows : 1
vos = -4.97054e-04
vout = 1.217625e+00
dvbe8 = 4.927526e-02
veb8 = 8.450221e-01
dvbe1 = 4.882800e-02
rra = 8.537460e-02
rrb = 1.145825e-02
vgdrv = 1.991770e+00
Reset re-loads circuit * error-amp-offset-mc monte carlo deck -- generated by sim/error-amp-offset-mc/run_amp_offset_mc.py, do not edit

Circuit: * error-amp-offset-mc monte carlo deck -- generated by sim/error-amp-offset-mc/run_amp_offset_mc.py, do not edit

option SCALE: Scale is set to 1e-06 for instance and model parameters
option SCALE: Scale is set to 1e-06 for instance and model parameters
option SCALE: Scale is set to 1e-06 for instance and model parameters
option SCALE: Scale is set to 1e-06 for instance and model parameters
Doing analysis at TEMP = -40.000000 and TNOM = 27.000000

Using KLU as Direct Linear Solver
 Reference value :  0.00000e+00
No. of Data Rows : 1
vos = -8.61673e-04
vout = 1.224556e+00
dvbe8 = 4.921490e-02
veb8 = 8.449444e-01
dvbe1 = 4.970944e-02
rra = 8.573872e-02
rrb = 1.135458e-02
vgdrv = 1.987955e+00
Reset re-loads circuit * error-amp-offset-mc monte carlo deck -- generated by sim/error-amp-offset-mc/run_amp_offset_mc.py, do not edit

Circuit: * error-amp-offset-mc monte carlo deck -- generated by sim/error-amp-offset-mc/run_amp_offset_mc.py, do not edit

option SCALE: Scale is set to 1e-06 for instance and model parameters
option SCALE: Scale is set to 1e-06 for instance and model parameters
option SCALE: Scale is set to 1e-06 for instance and model parameters
option SCALE: Scale is set to 1e-06 for instance and model parameters
Doing analysis at TEMP = -40.000000 and TNOM = 27.000000

Using KLU as Direct Linear Solver

No. of Data Rows : 1
vos = -9.48211e-04
vout = 1.221235e+00
dvbe8 = 4.914062e-02
veb8 = 8.448853e-01
dvbe1 = 4.981686e-02
rra = 8.551145e-02
rrb = 1.141084e-02
vgdrv = 1.993086e+00
Reset re-loads circuit * error-amp-offset-mc monte carlo deck -- generated by sim/error-amp-offset-mc/run_amp_offset_mc.py, do not edit

Circuit: * error-amp-offset-mc monte carlo deck -- generated by sim/error-amp-offset-mc/run_amp_offset_mc.py, do not edit

option SCALE: Scale is set to 1e-06 for instance and model parameters
option SCALE: Scale is set to 1e-06 for instance and model parameters
option SCALE: Scale is set to 1e-06 for instance and model parameters
option SCALE: Scale is set to 1e-06 for instance and model parameters
Doing analysis at TEMP = -40.000000 and TNOM = 27.000000

Using KLU as Direct Linear Solver

No. of Data Rows : 1
vos = -1.54931e-04
vout = 1.218723e+00
dvbe8 = 4.876433e-02
veb8 = 8.445171e-01
dvbe1 = 4.885701e-02
rra = 8.584937e-02
rrb = 1.141893e-02
vgdrv = 1.991445e+00
Reset re-loads circuit * error-amp-offset-mc monte carlo deck -- generated by sim/error-amp-offset-mc/run_amp_offset_mc.py, do not edit

Circuit: * error-amp-offset-mc monte carlo deck -- generated by sim/error-amp-offset-mc/run_amp_offset_mc.py, do not edit

option SCALE: Scale is set to 1e-06 for instance and model parameters
option SCALE: Scale is set to 1e-06 for instance and model parameters
option SCALE: Scale is set to 1e-06 for instance and model parameters
option SCALE: Scale is set to 1e-06 for instance and model parameters
Doing analysis at TEMP = -40.000000 and TNOM = 27.000000

Using KLU as Direct Linear Solver

No. of Data Rows : 1
vos = -1.90454e-04
vout = 1.216545e+00
dvbe8 = 4.900001e-02
veb8 = 8.447562e-01
dvbe1 = 4.978565e-02
rra = 8.570388e-02
rrb = 1.152908e-02
vgdrv = 1.989779e+00
Reset re-loads circuit * error-amp-offset-mc monte carlo deck -- generated by sim/error-amp-offset-mc/run_amp_offset_mc.py, do not edit

Circuit: * error-amp-offset-mc monte carlo deck -- generated by sim/error-amp-offset-mc/run_amp_offset_mc.py, do not edit

option SCALE: Scale is set to 1e-06 for instance and model parameters
option SCALE: Scale is set to 1e-06 for instance and model parameters
option SCALE: Scale is set to 1e-06 for instance and model parameters
option SCALE: Scale is set to 1e-06 for instance and model parameters
Doing analysis at TEMP = -40.000000 and TNOM = 27.000000

Using KLU as Direct Linear Solver

No. of Data Rows : 1
vos = 5.946085e-04
vout = 1.208158e+00
dvbe8 = 4.895664e-02
veb8 = 8.447022e-01
dvbe1 = 4.969196e-02
rra = 8.564304e-02
rrb = 1.143681e-02
vgdrv = 1.991865e+00
Reset re-loads circuit * error-amp-offset-mc monte carlo deck -- generated by sim/error-amp-offset-mc/run_amp_offset_mc.py, do not edit

Circuit: * error-amp-offset-mc monte carlo deck -- generated by sim/error-amp-offset-mc/run_amp_offset_mc.py, do not edit

option SCALE: Scale is set to 1e-06 for instance and model parameters
option SCALE: Scale is set to 1e-06 for instance and model parameters
option SCALE: Scale is set to 1e-06 for instance and model parameters
option SCALE: Scale is set to 1e-06 for instance and model parameters
Doing analysis at TEMP = -40.000000 and TNOM = 27.000000

Using KLU as Direct Linear Solver
 Reference value :  0.00000e+00
No. of Data Rows : 1
vos = -1.32623e-03
vout = 1.231608e+00
dvbe8 = 4.895435e-02
veb8 = 8.447274e-01
dvbe1 = 4.972658e-02
rra = 8.557769e-02
rrb = 1.146196e-02
vgdrv = 1.988614e+00
Reset re-loads circuit * error-amp-offset-mc monte carlo deck -- generated by sim/error-amp-offset-mc/run_amp_offset_mc.py, do not edit

Circuit: * error-amp-offset-mc monte carlo deck -- generated by sim/error-amp-offset-mc/run_amp_offset_mc.py, do not edit

option SCALE: Scale is set to 1e-06 for instance and model parameters
option SCALE: Scale is set to 1e-06 for instance and model parameters
option SCALE: Scale is set to 1e-06 for instance and model parameters
option SCALE: Scale is set to 1e-06 for instance and model parameters
Doing analysis at TEMP = -40.000000 and TNOM = 27.000000

Using KLU as Direct Linear Solver

No. of Data Rows : 1
vos = -3.56414e-04
vout = 1.220374e+00
dvbe8 = 4.899857e-02
veb8 = 8.447322e-01
dvbe1 = 4.935497e-02
rra = 8.570873e-02
rrb = 1.141905e-02
vgdrv = 1.988132e+00
Reset re-loads circuit * error-amp-offset-mc monte carlo deck -- generated by sim/error-amp-offset-mc/run_amp_offset_mc.py, do not edit

Circuit: * error-amp-offset-mc monte carlo deck -- generated by sim/error-amp-offset-mc/run_amp_offset_mc.py, do not edit

option SCALE: Scale is set to 1e-06 for instance and model parameters
option SCALE: Scale is set to 1e-06 for instance and model parameters
option SCALE: Scale is set to 1e-06 for instance and model parameters
option SCALE: Scale is set to 1e-06 for instance and model parameters
Doing analysis at TEMP = -40.000000 and TNOM = 27.000000

Using KLU as Direct Linear Solver

No. of Data Rows : 1
vos = 4.909499e-04
vout = 1.209154e+00
dvbe8 = 4.900683e-02
veb8 = 8.447445e-01
dvbe1 = 4.919651e-02
rra = 8.570970e-02
rrb = 1.144537e-02
vgdrv = 1.992197e+00
Reset re-loads circuit * error-amp-offset-mc monte carlo deck -- generated by sim/error-amp-offset-mc/run_amp_offset_mc.py, do not edit

Circuit: * error-amp-offset-mc monte carlo deck -- generated by sim/error-amp-offset-mc/run_amp_offset_mc.py, do not edit

option SCALE: Scale is set to 1e-06 for instance and model parameters
option SCALE: Scale is set to 1e-06 for instance and model parameters
option SCALE: Scale is set to 1e-06 for instance and model parameters
option SCALE: Scale is set to 1e-06 for instance and model parameters
Doing analysis at TEMP = -40.000000 and TNOM = 27.000000

Using KLU as Direct Linear Solver

No. of Data Rows : 1
vos = 1.415509e-03
vout = 1.202810e+00
dvbe8 = 4.905629e-02
veb8 = 8.448612e-01
dvbe1 = 4.974100e-02
rra = 8.553545e-02
rrb = 1.139589e-02
vgdrv = 1.990685e+00
Reset re-loads circuit * error-amp-offset-mc monte carlo deck -- generated by sim/error-amp-offset-mc/run_amp_offset_mc.py, do not edit

Circuit: * error-amp-offset-mc monte carlo deck -- generated by sim/error-amp-offset-mc/run_amp_offset_mc.py, do not edit

option SCALE: Scale is set to 1e-06 for instance and model parameters
option SCALE: Scale is set to 1e-06 for instance and model parameters
option SCALE: Scale is set to 1e-06 for instance and model parameters
option SCALE: Scale is set to 1e-06 for instance and model parameters
Doing analysis at TEMP = -40.000000 and TNOM = 27.000000

Using KLU as Direct Linear Solver
 Reference value :  0.00000e+00
No. of Data Rows : 1
vos = 3.397255e-04
vout = 1.209945e+00
dvbe8 = 4.905238e-02
veb8 = 8.448121e-01
dvbe1 = 4.992023e-02
rra = 8.573714e-02
rrb = 1.142903e-02
vgdrv = 1.992797e+00
Reset re-loads circuit * error-amp-offset-mc monte carlo deck -- generated by sim/error-amp-offset-mc/run_amp_offset_mc.py, do not edit

Circuit: * error-amp-offset-mc monte carlo deck -- generated by sim/error-amp-offset-mc/run_amp_offset_mc.py, do not edit

option SCALE: Scale is set to 1e-06 for instance and model parameters
option SCALE: Scale is set to 1e-06 for instance and model parameters
option SCALE: Scale is set to 1e-06 for instance and model parameters
option SCALE: Scale is set to 1e-06 for instance and model parameters
Doing analysis at TEMP = -40.000000 and TNOM = 27.000000

Using KLU as Direct Linear Solver

No. of Data Rows : 1
vos = -9.67605e-04
vout = 1.221684e+00
dvbe8 = 4.896689e-02
veb8 = 8.447565e-01
dvbe1 = 4.912886e-02
rra = 8.541901e-02
rrb = 1.142200e-02
vgdrv = 1.993438e+00
Reset re-loads circuit * error-amp-offset-mc monte carlo deck -- generated by sim/error-amp-offset-mc/run_amp_offset_mc.py, do not edit

Circuit: * error-amp-offset-mc monte carlo deck -- generated by sim/error-amp-offset-mc/run_amp_offset_mc.py, do not edit

option SCALE: Scale is set to 1e-06 for instance and model parameters
option SCALE: Scale is set to 1e-06 for instance and model parameters
option SCALE: Scale is set to 1e-06 for instance and model parameters
option SCALE: Scale is set to 1e-06 for instance and model parameters
Doing analysis at TEMP = -40.000000 and TNOM = 27.000000

Using KLU as Direct Linear Solver

No. of Data Rows : 1
vos = 2.863393e-04
vout = 1.213302e+00
dvbe8 = 4.867503e-02
veb8 = 8.444851e-01
dvbe1 = 4.956827e-02
rra = 8.556271e-02
rrb = 1.136890e-02
vgdrv = 1.993477e+00
Reset re-loads circuit * error-amp-offset-mc monte carlo deck -- generated by sim/error-amp-offset-mc/run_amp_offset_mc.py, do not edit

Circuit: * error-amp-offset-mc monte carlo deck -- generated by sim/error-amp-offset-mc/run_amp_offset_mc.py, do not edit

option SCALE: Scale is set to 1e-06 for instance and model parameters
option SCALE: Scale is set to 1e-06 for instance and model parameters
option SCALE: Scale is set to 1e-06 for instance and model parameters
option SCALE: Scale is set to 1e-06 for instance and model parameters
Doing analysis at TEMP = -40.000000 and TNOM = 27.000000

Using KLU as Direct Linear Solver

No. of Data Rows : 1
vos = -1.14619e-03
vout = 1.228994e+00
dvbe8 = 4.874960e-02
veb8 = 8.445131e-01
dvbe1 = 4.935837e-02
rra = 8.571734e-02
rrb = 1.144287e-02
vgdrv = 1.988930e+00
Reset re-loads circuit * error-amp-offset-mc monte carlo deck -- generated by sim/error-amp-offset-mc/run_amp_offset_mc.py, do not edit

Circuit: * error-amp-offset-mc monte carlo deck -- generated by sim/error-amp-offset-mc/run_amp_offset_mc.py, do not edit

option SCALE: Scale is set to 1e-06 for instance and model parameters
option SCALE: Scale is set to 1e-06 for instance and model parameters
option SCALE: Scale is set to 1e-06 for instance and model parameters
option SCALE: Scale is set to 1e-06 for instance and model parameters
Doing analysis at TEMP = -40.000000 and TNOM = 27.000000

Using KLU as Direct Linear Solver
 Reference value :  0.00000e+00
No. of Data Rows : 1
vos = 1.249206e-05
vout = 1.217934e+00
dvbe8 = 4.906140e-02
veb8 = 8.448464e-01
dvbe1 = 4.866340e-02
rra = 8.566244e-02
rrb = 1.143837e-02
vgdrv = 1.994336e+00
Reset re-loads circuit * error-amp-offset-mc monte carlo deck -- generated by sim/error-amp-offset-mc/run_amp_offset_mc.py, do not edit

Circuit: * error-amp-offset-mc monte carlo deck -- generated by sim/error-amp-offset-mc/run_amp_offset_mc.py, do not edit

option SCALE: Scale is set to 1e-06 for instance and model parameters
option SCALE: Scale is set to 1e-06 for instance and model parameters
option SCALE: Scale is set to 1e-06 for instance and model parameters
option SCALE: Scale is set to 1e-06 for instance and model parameters
Doing analysis at TEMP = -40.000000 and TNOM = 27.000000

Using KLU as Direct Linear Solver

No. of Data Rows : 1
vos = 8.169856e-05
vout = 1.213685e+00
dvbe8 = 4.899791e-02
veb8 = 8.447653e-01
dvbe1 = 4.993842e-02
rra = 8.558449e-02
rrb = 1.141329e-02
vgdrv = 1.993590e+00
Reset re-loads circuit * error-amp-offset-mc monte carlo deck -- generated by sim/error-amp-offset-mc/run_amp_offset_mc.py, do not edit

Circuit: * error-amp-offset-mc monte carlo deck -- generated by sim/error-amp-offset-mc/run_amp_offset_mc.py, do not edit

option SCALE: Scale is set to 1e-06 for instance and model parameters
option SCALE: Scale is set to 1e-06 for instance and model parameters
option SCALE: Scale is set to 1e-06 for instance and model parameters
option SCALE: Scale is set to 1e-06 for instance and model parameters
Doing analysis at TEMP = -40.000000 and TNOM = 27.000000

Using KLU as Direct Linear Solver

No. of Data Rows : 1
vos = -3.89014e-04
vout = 1.217743e+00
dvbe8 = 4.907370e-02
veb8 = 8.448203e-01
dvbe1 = 4.982900e-02
rra = 8.566004e-02
rrb = 1.148910e-02
vgdrv = 1.991062e+00
Reset re-loads circuit * error-amp-offset-mc monte carlo deck -- generated by sim/error-amp-offset-mc/run_amp_offset_mc.py, do not edit

Circuit: * error-amp-offset-mc monte carlo deck -- generated by sim/error-amp-offset-mc/run_amp_offset_mc.py, do not edit

option SCALE: Scale is set to 1e-06 for instance and model parameters
option SCALE: Scale is set to 1e-06 for instance and model parameters
option SCALE: Scale is set to 1e-06 for instance and model parameters
option SCALE: Scale is set to 1e-06 for instance and model parameters
Doing analysis at TEMP = -40.000000 and TNOM = 27.000000

Using KLU as Direct Linear Solver

No. of Data Rows : 1
vos = -1.10803e-03
vout = 1.228957e+00
dvbe8 = 4.898358e-02
veb8 = 8.447569e-01
dvbe1 = 4.950581e-02
rra = 8.569286e-02
rrb = 1.143991e-02
vgdrv = 1.992780e+00
Reset re-loads circuit * error-amp-offset-mc monte carlo deck -- generated by sim/error-amp-offset-mc/run_amp_offset_mc.py, do not edit

Circuit: * error-amp-offset-mc monte carlo deck -- generated by sim/error-amp-offset-mc/run_amp_offset_mc.py, do not edit

option SCALE: Scale is set to 1e-06 for instance and model parameters
option SCALE: Scale is set to 1e-06 for instance and model parameters
option SCALE: Scale is set to 1e-06 for instance and model parameters
option SCALE: Scale is set to 1e-06 for instance and model parameters
Doing analysis at TEMP = -40.000000 and TNOM = 27.000000

Using KLU as Direct Linear Solver
 Reference value :  0.00000e+00
No. of Data Rows : 1
vos = -6.74329e-04
vout = 1.226101e+00
dvbe8 = 4.931254e-02
veb8 = 8.450886e-01
dvbe1 = 4.915092e-02
rra = 8.558871e-02
rrb = 1.135790e-02
vgdrv = 1.986764e+00
Reset re-loads circuit * error-amp-offset-mc monte carlo deck -- generated by sim/error-amp-offset-mc/run_amp_offset_mc.py, do not edit

Circuit: * error-amp-offset-mc monte carlo deck -- generated by sim/error-amp-offset-mc/run_amp_offset_mc.py, do not edit

option SCALE: Scale is set to 1e-06 for instance and model parameters
option SCALE: Scale is set to 1e-06 for instance and model parameters
option SCALE: Scale is set to 1e-06 for instance and model parameters
option SCALE: Scale is set to 1e-06 for instance and model parameters
Doing analysis at TEMP = -40.000000 and TNOM = 27.000000

Using KLU as Direct Linear Solver

No. of Data Rows : 1
vos = -4.67044e-04
vout = 1.218729e+00
dvbe8 = 4.909277e-02
veb8 = 8.448719e-01
dvbe1 = 4.978762e-02
rra = 8.563016e-02
rrb = 1.141566e-02
vgdrv = 1.989625e+00
Reset re-loads circuit * error-amp-offset-mc monte carlo deck -- generated by sim/error-amp-offset-mc/run_amp_offset_mc.py, do not edit

Circuit: * error-amp-offset-mc monte carlo deck -- generated by sim/error-amp-offset-mc/run_amp_offset_mc.py, do not edit

option SCALE: Scale is set to 1e-06 for instance and model parameters
option SCALE: Scale is set to 1e-06 for instance and model parameters
option SCALE: Scale is set to 1e-06 for instance and model parameters
option SCALE: Scale is set to 1e-06 for instance and model parameters
Doing analysis at TEMP = -40.000000 and TNOM = 27.000000

Using KLU as Direct Linear Solver

No. of Data Rows : 1
vos = 6.277982e-04
vout = 1.208614e+00
dvbe8 = 4.908338e-02
veb8 = 8.448118e-01
dvbe1 = 4.954734e-02
rra = 8.558669e-02
rrb = 1.136440e-02
vgdrv = 1.993603e+00
Reset re-loads circuit * error-amp-offset-mc monte carlo deck -- generated by sim/error-amp-offset-mc/run_amp_offset_mc.py, do not edit

Circuit: * error-amp-offset-mc monte carlo deck -- generated by sim/error-amp-offset-mc/run_amp_offset_mc.py, do not edit

option SCALE: Scale is set to 1e-06 for instance and model parameters
option SCALE: Scale is set to 1e-06 for instance and model parameters
option SCALE: Scale is set to 1e-06 for instance and model parameters
option SCALE: Scale is set to 1e-06 for instance and model parameters
Doing analysis at TEMP = -40.000000 and TNOM = 27.000000

Using KLU as Direct Linear Solver

No. of Data Rows : 1
vos = -8.49818e-04
vout = 1.227005e+00
dvbe8 = 4.919353e-02
veb8 = 8.449267e-01
dvbe1 = 4.906163e-02
rra = 8.585523e-02
rrb = 1.147765e-02
vgdrv = 1.990601e+00
Reset re-loads circuit * error-amp-offset-mc monte carlo deck -- generated by sim/error-amp-offset-mc/run_amp_offset_mc.py, do not edit

Circuit: * error-amp-offset-mc monte carlo deck -- generated by sim/error-amp-offset-mc/run_amp_offset_mc.py, do not edit

option SCALE: Scale is set to 1e-06 for instance and model parameters
option SCALE: Scale is set to 1e-06 for instance and model parameters
option SCALE: Scale is set to 1e-06 for instance and model parameters
option SCALE: Scale is set to 1e-06 for instance and model parameters
Doing analysis at TEMP = -40.000000 and TNOM = 27.000000

Using KLU as Direct Linear Solver
 Reference value :  0.00000e+00
No. of Data Rows : 1
vos = -9.43995e-04
vout = 1.226532e+00
dvbe8 = 4.886392e-02
veb8 = 8.446184e-01
dvbe1 = 4.896841e-02
rra = 8.542678e-02
rrb = 1.149364e-02
vgdrv = 1.987724e+00
Reset re-loads circuit * error-amp-offset-mc monte carlo deck -- generated by sim/error-amp-offset-mc/run_amp_offset_mc.py, do not edit

Circuit: * error-amp-offset-mc monte carlo deck -- generated by sim/error-amp-offset-mc/run_amp_offset_mc.py, do not edit

option SCALE: Scale is set to 1e-06 for instance and model parameters
option SCALE: Scale is set to 1e-06 for instance and model parameters
option SCALE: Scale is set to 1e-06 for instance and model parameters
option SCALE: Scale is set to 1e-06 for instance and model parameters
Doing analysis at TEMP = -40.000000 and TNOM = 27.000000

Using KLU as Direct Linear Solver

No. of Data Rows : 1
vos = -1.56448e-03
vout = 1.231328e+00
dvbe8 = 4.902761e-02
veb8 = 8.447869e-01
dvbe1 = 4.946069e-02
rra = 8.559778e-02
rrb = 1.136790e-02
vgdrv = 1.985915e+00
Reset re-loads circuit * error-amp-offset-mc monte carlo deck -- generated by sim/error-amp-offset-mc/run_amp_offset_mc.py, do not edit

Circuit: * error-amp-offset-mc monte carlo deck -- generated by sim/error-amp-offset-mc/run_amp_offset_mc.py, do not edit

option SCALE: Scale is set to 1e-06 for instance and model parameters
option SCALE: Scale is set to 1e-06 for instance and model parameters
option SCALE: Scale is set to 1e-06 for instance and model parameters
option SCALE: Scale is set to 1e-06 for instance and model parameters
Doing analysis at TEMP = -40.000000 and TNOM = 27.000000

Using KLU as Direct Linear Solver

No. of Data Rows : 1
vos = -6.23065e-04
vout = 1.222394e+00
dvbe8 = 4.890413e-02
veb8 = 8.446712e-01
dvbe1 = 5.003579e-02
rra = 8.542487e-02
rrb = 1.152519e-02
vgdrv = 1.986832e+00
Reset re-loads circuit * error-amp-offset-mc monte carlo deck -- generated by sim/error-amp-offset-mc/run_amp_offset_mc.py, do not edit

Circuit: * error-amp-offset-mc monte carlo deck -- generated by sim/error-amp-offset-mc/run_amp_offset_mc.py, do not edit

option SCALE: Scale is set to 1e-06 for instance and model parameters
option SCALE: Scale is set to 1e-06 for instance and model parameters
option SCALE: Scale is set to 1e-06 for instance and model parameters
option SCALE: Scale is set to 1e-06 for instance and model parameters
Doing analysis at TEMP = -40.000000 and TNOM = 27.000000

Using KLU as Direct Linear Solver

No. of Data Rows : 1
vos = 1.162278e-03
vout = 1.205871e+00
dvbe8 = 4.896064e-02
veb8 = 8.447369e-01
dvbe1 = 4.988653e-02
rra = 8.557459e-02
rrb = 1.139539e-02
vgdrv = 1.993431e+00
Reset re-loads circuit * error-amp-offset-mc monte carlo deck -- generated by sim/error-amp-offset-mc/run_amp_offset_mc.py, do not edit

Circuit: * error-amp-offset-mc monte carlo deck -- generated by sim/error-amp-offset-mc/run_amp_offset_mc.py, do not edit

option SCALE: Scale is set to 1e-06 for instance and model parameters
option SCALE: Scale is set to 1e-06 for instance and model parameters
option SCALE: Scale is set to 1e-06 for instance and model parameters
option SCALE: Scale is set to 1e-06 for instance and model parameters
Doing analysis at TEMP = -40.000000 and TNOM = 27.000000

Using KLU as Direct Linear Solver
 Reference value :  0.00000e+00
No. of Data Rows : 1
vos = 1.675688e-04
vout = 1.212872e+00
dvbe8 = 4.900005e-02
veb8 = 8.447447e-01
dvbe1 = 4.904296e-02
rra = 8.552648e-02
rrb = 1.147145e-02
vgdrv = 1.986721e+00
Reset re-loads circuit * error-amp-offset-mc monte carlo deck -- generated by sim/error-amp-offset-mc/run_amp_offset_mc.py, do not edit

Circuit: * error-amp-offset-mc monte carlo deck -- generated by sim/error-amp-offset-mc/run_amp_offset_mc.py, do not edit

option SCALE: Scale is set to 1e-06 for instance and model parameters
option SCALE: Scale is set to 1e-06 for instance and model parameters
option SCALE: Scale is set to 1e-06 for instance and model parameters
option SCALE: Scale is set to 1e-06 for instance and model parameters
Doing analysis at TEMP = -40.000000 and TNOM = 27.000000

Using KLU as Direct Linear Solver

No. of Data Rows : 1
vos = -5.49805e-04
vout = 1.219168e+00
dvbe8 = 4.898102e-02
veb8 = 8.447032e-01
dvbe1 = 5.011162e-02
rra = 8.563223e-02
rrb = 1.138525e-02
vgdrv = 1.990029e+00
Reset re-loads circuit * error-amp-offset-mc monte carlo deck -- generated by sim/error-amp-offset-mc/run_amp_offset_mc.py, do not edit

Circuit: * error-amp-offset-mc monte carlo deck -- generated by sim/error-amp-offset-mc/run_amp_offset_mc.py, do not edit

option SCALE: Scale is set to 1e-06 for instance and model parameters
option SCALE: Scale is set to 1e-06 for instance and model parameters
option SCALE: Scale is set to 1e-06 for instance and model parameters
option SCALE: Scale is set to 1e-06 for instance and model parameters
Doing analysis at TEMP = -40.000000 and TNOM = 27.000000

Using KLU as Direct Linear Solver

No. of Data Rows : 1
vos = -3.13556e-04
vout = 1.214930e+00
dvbe8 = 4.901054e-02
veb8 = 8.447640e-01
dvbe1 = 4.981588e-02
rra = 8.533498e-02
rrb = 1.143065e-02
vgdrv = 1.989083e+00
Reset re-loads circuit * error-amp-offset-mc monte carlo deck -- generated by sim/error-amp-offset-mc/run_amp_offset_mc.py, do not edit

Circuit: * error-amp-offset-mc monte carlo deck -- generated by sim/error-amp-offset-mc/run_amp_offset_mc.py, do not edit

option SCALE: Scale is set to 1e-06 for instance and model parameters
option SCALE: Scale is set to 1e-06 for instance and model parameters
option SCALE: Scale is set to 1e-06 for instance and model parameters
option SCALE: Scale is set to 1e-06 for instance and model parameters
Doing analysis at TEMP = -40.000000 and TNOM = 27.000000

Using KLU as Direct Linear Solver

No. of Data Rows : 1
vos = -8.27472e-04
vout = 1.220464e+00
dvbe8 = 4.882876e-02
veb8 = 8.445953e-01
dvbe1 = 4.963739e-02
rra = 8.567711e-02
rrb = 1.147532e-02
vgdrv = 1.987667e+00
Reset re-loads circuit * error-amp-offset-mc monte carlo deck -- generated by sim/error-amp-offset-mc/run_amp_offset_mc.py, do not edit

Circuit: * error-amp-offset-mc monte carlo deck -- generated by sim/error-amp-offset-mc/run_amp_offset_mc.py, do not edit

option SCALE: Scale is set to 1e-06 for instance and model parameters
option SCALE: Scale is set to 1e-06 for instance and model parameters
option SCALE: Scale is set to 1e-06 for instance and model parameters
option SCALE: Scale is set to 1e-06 for instance and model parameters
Doing analysis at TEMP = -40.000000 and TNOM = 27.000000

Using KLU as Direct Linear Solver
 Reference value :  0.00000e+00
No. of Data Rows : 1
vos = 2.240022e-04
vout = 1.215618e+00
dvbe8 = 4.894904e-02
veb8 = 8.447094e-01
dvbe1 = 4.871036e-02
rra = 8.536986e-02
rrb = 1.145040e-02
vgdrv = 1.988983e+00
Reset re-loads circuit * error-amp-offset-mc monte carlo deck -- generated by sim/error-amp-offset-mc/run_amp_offset_mc.py, do not edit

Circuit: * error-amp-offset-mc monte carlo deck -- generated by sim/error-amp-offset-mc/run_amp_offset_mc.py, do not edit

option SCALE: Scale is set to 1e-06 for instance and model parameters
option SCALE: Scale is set to 1e-06 for instance and model parameters
option SCALE: Scale is set to 1e-06 for instance and model parameters
option SCALE: Scale is set to 1e-06 for instance and model parameters
Doing analysis at TEMP = -40.000000 and TNOM = 27.000000

Using KLU as Direct Linear Solver

No. of Data Rows : 1
vos = 2.745842e-04
vout = 1.210411e+00
dvbe8 = 4.907079e-02
veb8 = 8.448451e-01
dvbe1 = 4.932418e-02
rra = 8.550190e-02
rrb = 1.139936e-02
vgdrv = 1.994365e+00
Reset re-loads circuit * error-amp-offset-mc monte carlo deck -- generated by sim/error-amp-offset-mc/run_amp_offset_mc.py, do not edit

Circuit: * error-amp-offset-mc monte carlo deck -- generated by sim/error-amp-offset-mc/run_amp_offset_mc.py, do not edit

option SCALE: Scale is set to 1e-06 for instance and model parameters
option SCALE: Scale is set to 1e-06 for instance and model parameters
option SCALE: Scale is set to 1e-06 for instance and model parameters
option SCALE: Scale is set to 1e-06 for instance and model parameters
Doing analysis at TEMP = -40.000000 and TNOM = 27.000000

Using KLU as Direct Linear Solver

No. of Data Rows : 1
vos = -1.61910e-04
vout = 1.216866e+00
dvbe8 = 4.902547e-02
veb8 = 8.447918e-01
dvbe1 = 4.930776e-02
rra = 8.579229e-02
rrb = 1.141718e-02
vgdrv = 1.989064e+00
Reset re-loads circuit * error-amp-offset-mc monte carlo deck -- generated by sim/error-amp-offset-mc/run_amp_offset_mc.py, do not edit

Circuit: * error-amp-offset-mc monte carlo deck -- generated by sim/error-amp-offset-mc/run_amp_offset_mc.py, do not edit

option SCALE: Scale is set to 1e-06 for instance and model parameters
option SCALE: Scale is set to 1e-06 for instance and model parameters
option SCALE: Scale is set to 1e-06 for instance and model parameters
option SCALE: Scale is set to 1e-06 for instance and model parameters
Doing analysis at TEMP = -40.000000 and TNOM = 27.000000

Using KLU as Direct Linear Solver

No. of Data Rows : 1
vos = -6.03018e-04
vout = 1.220730e+00
dvbe8 = 4.905872e-02
veb8 = 8.448331e-01
dvbe1 = 4.931660e-02
rra = 8.555154e-02
rrb = 1.150027e-02
vgdrv = 1.993855e+00
Reset re-loads circuit * error-amp-offset-mc monte carlo deck -- generated by sim/error-amp-offset-mc/run_amp_offset_mc.py, do not edit

Circuit: * error-amp-offset-mc monte carlo deck -- generated by sim/error-amp-offset-mc/run_amp_offset_mc.py, do not edit

option SCALE: Scale is set to 1e-06 for instance and model parameters
option SCALE: Scale is set to 1e-06 for instance and model parameters
option SCALE: Scale is set to 1e-06 for instance and model parameters
option SCALE: Scale is set to 1e-06 for instance and model parameters
Doing analysis at TEMP = -40.000000 and TNOM = 27.000000

Using KLU as Direct Linear Solver
 Reference value :  0.00000e+00
No. of Data Rows : 1
vos = -1.88729e-03
vout = 1.234788e+00
dvbe8 = 4.921575e-02
veb8 = 8.449158e-01
dvbe1 = 4.950363e-02
rra = 8.564102e-02
rrb = 1.139382e-02
vgdrv = 1.982705e+00
Reset re-loads circuit * error-amp-offset-mc monte carlo deck -- generated by sim/error-amp-offset-mc/run_amp_offset_mc.py, do not edit

Circuit: * error-amp-offset-mc monte carlo deck -- generated by sim/error-amp-offset-mc/run_amp_offset_mc.py, do not edit

option SCALE: Scale is set to 1e-06 for instance and model parameters
option SCALE: Scale is set to 1e-06 for instance and model parameters
option SCALE: Scale is set to 1e-06 for instance and model parameters
option SCALE: Scale is set to 1e-06 for instance and model parameters
Doing analysis at TEMP = -40.000000 and TNOM = 27.000000

Using KLU as Direct Linear Solver

No. of Data Rows : 1
vos = 6.744008e-04
vout = 1.207578e+00
dvbe8 = 4.893497e-02
veb8 = 8.446681e-01
dvbe1 = 4.930034e-02
rra = 8.568359e-02
rrb = 1.144540e-02
vgdrv = 1.994261e+00
Reset re-loads circuit * error-amp-offset-mc monte carlo deck -- generated by sim/error-amp-offset-mc/run_amp_offset_mc.py, do not edit

Circuit: * error-amp-offset-mc monte carlo deck -- generated by sim/error-amp-offset-mc/run_amp_offset_mc.py, do not edit

option SCALE: Scale is set to 1e-06 for instance and model parameters
option SCALE: Scale is set to 1e-06 for instance and model parameters
option SCALE: Scale is set to 1e-06 for instance and model parameters
option SCALE: Scale is set to 1e-06 for instance and model parameters
Doing analysis at TEMP = -40.000000 and TNOM = 27.000000

Using KLU as Direct Linear Solver

No. of Data Rows : 1
vos = -7.04793e-05
vout = 1.212195e+00
dvbe8 = 4.921302e-02
veb8 = 8.449552e-01
dvbe1 = 5.013007e-02
rra = 8.532986e-02
rrb = 1.152171e-02
vgdrv = 1.991169e+00
Reset re-loads circuit * error-amp-offset-mc monte carlo deck -- generated by sim/error-amp-offset-mc/run_amp_offset_mc.py, do not edit

Circuit: * error-amp-offset-mc monte carlo deck -- generated by sim/error-amp-offset-mc/run_amp_offset_mc.py, do not edit

option SCALE: Scale is set to 1e-06 for instance and model parameters
option SCALE: Scale is set to 1e-06 for instance and model parameters
option SCALE: Scale is set to 1e-06 for instance and model parameters
option SCALE: Scale is set to 1e-06 for instance and model parameters
Doing analysis at TEMP = -40.000000 and TNOM = 27.000000

Using KLU as Direct Linear Solver

No. of Data Rows : 1
vos = -2.75110e-04
vout = 1.224374e+00
dvbe8 = 4.896914e-02
veb8 = 8.447077e-01
dvbe1 = 4.930333e-02
rra = 8.545572e-02
rrb = 1.140105e-02
vgdrv = 1.987036e+00
Reset re-loads circuit * error-amp-offset-mc monte carlo deck -- generated by sim/error-amp-offset-mc/run_amp_offset_mc.py, do not edit

Circuit: * error-amp-offset-mc monte carlo deck -- generated by sim/error-amp-offset-mc/run_amp_offset_mc.py, do not edit

option SCALE: Scale is set to 1e-06 for instance and model parameters
option SCALE: Scale is set to 1e-06 for instance and model parameters
option SCALE: Scale is set to 1e-06 for instance and model parameters
option SCALE: Scale is set to 1e-06 for instance and model parameters
Doing analysis at TEMP = -40.000000 and TNOM = 27.000000

Using KLU as Direct Linear Solver
 Reference value :  0.00000e+00
No. of Data Rows : 1
vos = -2.58625e-04
vout = 1.216570e+00
dvbe8 = 4.922541e-02
veb8 = 8.449962e-01
dvbe1 = 4.976358e-02
rra = 8.539210e-02
rrb = 1.141001e-02
vgdrv = 1.988779e+00
Reset re-loads circuit * error-amp-offset-mc monte carlo deck -- generated by sim/error-amp-offset-mc/run_amp_offset_mc.py, do not edit

Circuit: * error-amp-offset-mc monte carlo deck -- generated by sim/error-amp-offset-mc/run_amp_offset_mc.py, do not edit

option SCALE: Scale is set to 1e-06 for instance and model parameters
option SCALE: Scale is set to 1e-06 for instance and model parameters
option SCALE: Scale is set to 1e-06 for instance and model parameters
option SCALE: Scale is set to 1e-06 for instance and model parameters
Doing analysis at TEMP = -40.000000 and TNOM = 27.000000

Using KLU as Direct Linear Solver

No. of Data Rows : 1
vos = -1.70111e-04
vout = 1.216675e+00
dvbe8 = 4.886982e-02
veb8 = 8.446499e-01
dvbe1 = 4.912675e-02
rra = 8.552411e-02
rrb = 1.138702e-02
vgdrv = 1.991312e+00
Reset re-loads circuit * error-amp-offset-mc monte carlo deck -- generated by sim/error-amp-offset-mc/run_amp_offset_mc.py, do not edit

Circuit: * error-amp-offset-mc monte carlo deck -- generated by sim/error-amp-offset-mc/run_amp_offset_mc.py, do not edit

option SCALE: Scale is set to 1e-06 for instance and model parameters
option SCALE: Scale is set to 1e-06 for instance and model parameters
option SCALE: Scale is set to 1e-06 for instance and model parameters
option SCALE: Scale is set to 1e-06 for instance and model parameters
Doing analysis at TEMP = -40.000000 and TNOM = 27.000000

Using KLU as Direct Linear Solver

No. of Data Rows : 1
vos = -1.35610e-03
vout = 1.223953e+00
dvbe8 = 4.914622e-02
veb8 = 8.448777e-01
dvbe1 = 5.024071e-02
rra = 8.554075e-02
rrb = 1.143595e-02
vgdrv = 1.987486e+00
Reset re-loads circuit * error-amp-offset-mc monte carlo deck -- generated by sim/error-amp-offset-mc/run_amp_offset_mc.py, do not edit

Circuit: * error-amp-offset-mc monte carlo deck -- generated by sim/error-amp-offset-mc/run_amp_offset_mc.py, do not edit

option SCALE: Scale is set to 1e-06 for instance and model parameters
option SCALE: Scale is set to 1e-06 for instance and model parameters
option SCALE: Scale is set to 1e-06 for instance and model parameters
option SCALE: Scale is set to 1e-06 for instance and model parameters
Doing analysis at TEMP = -40.000000 and TNOM = 27.000000

Using KLU as Direct Linear Solver

No. of Data Rows : 1
vos = -1.82602e-04
vout = 1.215338e+00
dvbe8 = 4.922571e-02
veb8 = 8.450131e-01
dvbe1 = 4.933276e-02
rra = 8.560235e-02
rrb = 1.142974e-02
vgdrv = 1.989949e+00
Reset re-loads circuit * error-amp-offset-mc monte carlo deck -- generated by sim/error-amp-offset-mc/run_amp_offset_mc.py, do not edit

Circuit: * error-amp-offset-mc monte carlo deck -- generated by sim/error-amp-offset-mc/run_amp_offset_mc.py, do not edit

option SCALE: Scale is set to 1e-06 for instance and model parameters
option SCALE: Scale is set to 1e-06 for instance and model parameters
option SCALE: Scale is set to 1e-06 for instance and model parameters
option SCALE: Scale is set to 1e-06 for instance and model parameters
Doing analysis at TEMP = -40.000000 and TNOM = 27.000000

Using KLU as Direct Linear Solver
 Reference value :  0.00000e+00
No. of Data Rows : 1
vos = 9.386255e-04
vout = 1.204305e+00
dvbe8 = 4.920669e-02
veb8 = 8.449467e-01
dvbe1 = 4.977330e-02
rra = 8.567926e-02
rrb = 1.142642e-02
vgdrv = 1.991306e+00
Reset re-loads circuit * error-amp-offset-mc monte carlo deck -- generated by sim/error-amp-offset-mc/run_amp_offset_mc.py, do not edit

Circuit: * error-amp-offset-mc monte carlo deck -- generated by sim/error-amp-offset-mc/run_amp_offset_mc.py, do not edit

option SCALE: Scale is set to 1e-06 for instance and model parameters
option SCALE: Scale is set to 1e-06 for instance and model parameters
option SCALE: Scale is set to 1e-06 for instance and model parameters
option SCALE: Scale is set to 1e-06 for instance and model parameters
Doing analysis at TEMP = -40.000000 and TNOM = 27.000000

Using KLU as Direct Linear Solver

No. of Data Rows : 1
vos = 1.733818e-04
vout = 1.215469e+00
dvbe8 = 4.923407e-02
veb8 = 8.449706e-01
dvbe1 = 4.902334e-02
rra = 8.553516e-02
rrb = 1.144289e-02
vgdrv = 1.995650e+00
Reset re-loads circuit * error-amp-offset-mc monte carlo deck -- generated by sim/error-amp-offset-mc/run_amp_offset_mc.py, do not edit

Circuit: * error-amp-offset-mc monte carlo deck -- generated by sim/error-amp-offset-mc/run_amp_offset_mc.py, do not edit

option SCALE: Scale is set to 1e-06 for instance and model parameters
option SCALE: Scale is set to 1e-06 for instance and model parameters
option SCALE: Scale is set to 1e-06 for instance and model parameters
option SCALE: Scale is set to 1e-06 for instance and model parameters
Doing analysis at TEMP = -40.000000 and TNOM = 27.000000

Using KLU as Direct Linear Solver

No. of Data Rows : 1
vos = 1.957796e-04
vout = 1.213552e+00
dvbe8 = 4.891253e-02
veb8 = 8.446853e-01
dvbe1 = 4.963082e-02
rra = 8.543222e-02
rrb = 1.139257e-02
vgdrv = 1.994728e+00
Reset re-loads circuit * error-amp-offset-mc monte carlo deck -- generated by sim/error-amp-offset-mc/run_amp_offset_mc.py, do not edit

Circuit: * error-amp-offset-mc monte carlo deck -- generated by sim/error-amp-offset-mc/run_amp_offset_mc.py, do not edit

option SCALE: Scale is set to 1e-06 for instance and model parameters
option SCALE: Scale is set to 1e-06 for instance and model parameters
option SCALE: Scale is set to 1e-06 for instance and model parameters
option SCALE: Scale is set to 1e-06 for instance and model parameters
Doing analysis at TEMP = -40.000000 and TNOM = 27.000000

Using KLU as Direct Linear Solver

No. of Data Rows : 1
vos = -1.30292e-03
vout = 1.227340e+00
dvbe8 = 4.908431e-02
veb8 = 8.448264e-01
dvbe1 = 4.963227e-02
rra = 8.565964e-02
rrb = 1.147948e-02
vgdrv = 1.988866e+00
Reset re-loads circuit * error-amp-offset-mc monte carlo deck -- generated by sim/error-amp-offset-mc/run_amp_offset_mc.py, do not edit

Circuit: * error-amp-offset-mc monte carlo deck -- generated by sim/error-amp-offset-mc/run_amp_offset_mc.py, do not edit

option SCALE: Scale is set to 1e-06 for instance and model parameters
option SCALE: Scale is set to 1e-06 for instance and model parameters
option SCALE: Scale is set to 1e-06 for instance and model parameters
option SCALE: Scale is set to 1e-06 for instance and model parameters
Doing analysis at TEMP = -40.000000 and TNOM = 27.000000

Using KLU as Direct Linear Solver
 Reference value :  0.00000e+00
No. of Data Rows : 1
vos = -9.17577e-04
vout = 1.225298e+00
dvbe8 = 4.878283e-02
veb8 = 8.446022e-01
dvbe1 = 5.009445e-02
rra = 8.535984e-02
rrb = 1.135798e-02
vgdrv = 1.988600e+00
Reset re-loads circuit * error-amp-offset-mc monte carlo deck -- generated by sim/error-amp-offset-mc/run_amp_offset_mc.py, do not edit

Circuit: * error-amp-offset-mc monte carlo deck -- generated by sim/error-amp-offset-mc/run_amp_offset_mc.py, do not edit

option SCALE: Scale is set to 1e-06 for instance and model parameters
option SCALE: Scale is set to 1e-06 for instance and model parameters
option SCALE: Scale is set to 1e-06 for instance and model parameters
option SCALE: Scale is set to 1e-06 for instance and model parameters
Doing analysis at TEMP = -40.000000 and TNOM = 27.000000

Using KLU as Direct Linear Solver

No. of Data Rows : 1
vos = 1.879522e-04
vout = 1.209979e+00
dvbe8 = 4.895122e-02
veb8 = 8.446527e-01
dvbe1 = 4.929478e-02
rra = 8.549024e-02
rrb = 1.151224e-02
vgdrv = 1.994083e+00
Reset re-loads circuit * error-amp-offset-mc monte carlo deck -- generated by sim/error-amp-offset-mc/run_amp_offset_mc.py, do not edit

Circuit: * error-amp-offset-mc monte carlo deck -- generated by sim/error-amp-offset-mc/run_amp_offset_mc.py, do not edit

option SCALE: Scale is set to 1e-06 for instance and model parameters
option SCALE: Scale is set to 1e-06 for instance and model parameters
option SCALE: Scale is set to 1e-06 for instance and model parameters
option SCALE: Scale is set to 1e-06 for instance and model parameters
Doing analysis at TEMP = -40.000000 and TNOM = 27.000000

Using KLU as Direct Linear Solver

No. of Data Rows : 1
vos = -4.02022e-04
vout = 1.219976e+00
dvbe8 = 4.911695e-02
veb8 = 8.448613e-01
dvbe1 = 4.956964e-02
rra = 8.580802e-02
rrb = 1.141983e-02
vgdrv = 1.990775e+00
Reset re-loads circuit * error-amp-offset-mc monte carlo deck -- generated by sim/error-amp-offset-mc/run_amp_offset_mc.py, do not edit

Circuit: * error-amp-offset-mc monte carlo deck -- generated by sim/error-amp-offset-mc/run_amp_offset_mc.py, do not edit

option SCALE: Scale is set to 1e-06 for instance and model parameters
option SCALE: Scale is set to 1e-06 for instance and model parameters
option SCALE: Scale is set to 1e-06 for instance and model parameters
option SCALE: Scale is set to 1e-06 for instance and model parameters
Doing analysis at TEMP = -40.000000 and TNOM = 27.000000

Using KLU as Direct Linear Solver

No. of Data Rows : 1
vos = -1.02476e-04
vout = 1.214238e+00
dvbe8 = 4.932355e-02
veb8 = 8.450829e-01
dvbe1 = 5.011972e-02
rra = 8.559048e-02
rrb = 1.140100e-02
vgdrv = 1.991396e+00
Reset re-loads circuit * error-amp-offset-mc monte carlo deck -- generated by sim/error-amp-offset-mc/run_amp_offset_mc.py, do not edit

Circuit: * error-amp-offset-mc monte carlo deck -- generated by sim/error-amp-offset-mc/run_amp_offset_mc.py, do not edit

option SCALE: Scale is set to 1e-06 for instance and model parameters
option SCALE: Scale is set to 1e-06 for instance and model parameters
option SCALE: Scale is set to 1e-06 for instance and model parameters
option SCALE: Scale is set to 1e-06 for instance and model parameters
Doing analysis at TEMP = -40.000000 and TNOM = 27.000000

Using KLU as Direct Linear Solver
 Reference value :  0.00000e+00
No. of Data Rows : 1
vos = -9.86059e-05
vout = 1.218784e+00
dvbe8 = 4.920114e-02
veb8 = 8.449294e-01
dvbe1 = 4.934905e-02
rra = 8.546894e-02
rrb = 1.138494e-02
vgdrv = 1.988174e+00
Reset re-loads circuit * error-amp-offset-mc monte carlo deck -- generated by sim/error-amp-offset-mc/run_amp_offset_mc.py, do not edit

Circuit: * error-amp-offset-mc monte carlo deck -- generated by sim/error-amp-offset-mc/run_amp_offset_mc.py, do not edit

option SCALE: Scale is set to 1e-06 for instance and model parameters
option SCALE: Scale is set to 1e-06 for instance and model parameters
option SCALE: Scale is set to 1e-06 for instance and model parameters
option SCALE: Scale is set to 1e-06 for instance and model parameters
Doing analysis at TEMP = -40.000000 and TNOM = 27.000000

Using KLU as Direct Linear Solver

No. of Data Rows : 1
vos = 6.156676e-04
vout = 1.205813e+00
dvbe8 = 4.914624e-02
veb8 = 8.449261e-01
dvbe1 = 4.910185e-02
rra = 8.554540e-02
rrb = 1.142392e-02
vgdrv = 1.996445e+00
Reset re-loads circuit * error-amp-offset-mc monte carlo deck -- generated by sim/error-amp-offset-mc/run_amp_offset_mc.py, do not edit

Circuit: * error-amp-offset-mc monte carlo deck -- generated by sim/error-amp-offset-mc/run_amp_offset_mc.py, do not edit

option SCALE: Scale is set to 1e-06 for instance and model parameters
option SCALE: Scale is set to 1e-06 for instance and model parameters
option SCALE: Scale is set to 1e-06 for instance and model parameters
option SCALE: Scale is set to 1e-06 for instance and model parameters
Doing analysis at TEMP = -40.000000 and TNOM = 27.000000

Using KLU as Direct Linear Solver

No. of Data Rows : 1
vos = -4.26882e-04
vout = 1.222003e+00
dvbe8 = 4.903129e-02
veb8 = 8.448037e-01
dvbe1 = 4.852106e-02
rra = 8.561783e-02
rrb = 1.135384e-02
vgdrv = 1.990902e+00
Reset re-loads circuit * error-amp-offset-mc monte carlo deck -- generated by sim/error-amp-offset-mc/run_amp_offset_mc.py, do not edit

Circuit: * error-amp-offset-mc monte carlo deck -- generated by sim/error-amp-offset-mc/run_amp_offset_mc.py, do not edit

option SCALE: Scale is set to 1e-06 for instance and model parameters
option SCALE: Scale is set to 1e-06 for instance and model parameters
option SCALE: Scale is set to 1e-06 for instance and model parameters
option SCALE: Scale is set to 1e-06 for instance and model parameters
Doing analysis at TEMP = -40.000000 and TNOM = 27.000000

Using KLU as Direct Linear Solver

No. of Data Rows : 1
vos = -4.69119e-04
vout = 1.217962e+00
dvbe8 = 4.924887e-02
veb8 = 8.449805e-01
dvbe1 = 4.928635e-02
rra = 8.570260e-02
rrb = 1.144035e-02
vgdrv = 1.990166e+00
Reset re-loads circuit * error-amp-offset-mc monte carlo deck -- generated by sim/error-amp-offset-mc/run_amp_offset_mc.py, do not edit

Circuit: * error-amp-offset-mc monte carlo deck -- generated by sim/error-amp-offset-mc/run_amp_offset_mc.py, do not edit

option SCALE: Scale is set to 1e-06 for instance and model parameters
option SCALE: Scale is set to 1e-06 for instance and model parameters
option SCALE: Scale is set to 1e-06 for instance and model parameters
option SCALE: Scale is set to 1e-06 for instance and model parameters
Doing analysis at TEMP = -40.000000 and TNOM = 27.000000

Using KLU as Direct Linear Solver
 Reference value :  0.00000e+00
No. of Data Rows : 1
vos = -4.85138e-04
vout = 1.217567e+00
dvbe8 = 4.896556e-02
veb8 = 8.447331e-01
dvbe1 = 5.001682e-02
rra = 8.542710e-02
rrb = 1.135780e-02
vgdrv = 1.992707e+00
Reset re-loads circuit * error-amp-offset-mc monte carlo deck -- generated by sim/error-amp-offset-mc/run_amp_offset_mc.py, do not edit

Circuit: * error-amp-offset-mc monte carlo deck -- generated by sim/error-amp-offset-mc/run_amp_offset_mc.py, do not edit

option SCALE: Scale is set to 1e-06 for instance and model parameters
option SCALE: Scale is set to 1e-06 for instance and model parameters
option SCALE: Scale is set to 1e-06 for instance and model parameters
option SCALE: Scale is set to 1e-06 for instance and model parameters
Doing analysis at TEMP = -40.000000 and TNOM = 27.000000

Using KLU as Direct Linear Solver

No. of Data Rows : 1
vos = -5.26810e-06
vout = 1.213565e+00
dvbe8 = 4.910022e-02
veb8 = 8.448758e-01
dvbe1 = 4.905876e-02
rra = 8.570724e-02
rrb = 1.145001e-02
vgdrv = 1.990742e+00
Reset re-loads circuit * error-amp-offset-mc monte carlo deck -- generated by sim/error-amp-offset-mc/run_amp_offset_mc.py, do not edit

Circuit: * error-amp-offset-mc monte carlo deck -- generated by sim/error-amp-offset-mc/run_amp_offset_mc.py, do not edit

option SCALE: Scale is set to 1e-06 for instance and model parameters
option SCALE: Scale is set to 1e-06 for instance and model parameters
option SCALE: Scale is set to 1e-06 for instance and model parameters
option SCALE: Scale is set to 1e-06 for instance and model parameters
Doing analysis at TEMP = -40.000000 and TNOM = 27.000000

Using KLU as Direct Linear Solver

No. of Data Rows : 1
vos = -5.33544e-04
vout = 1.225583e+00
dvbe8 = 4.891156e-02
veb8 = 8.446764e-01
dvbe1 = 4.944646e-02
rra = 8.549275e-02
rrb = 1.144260e-02
vgdrv = 1.987548e+00
Reset re-loads circuit * error-amp-offset-mc monte carlo deck -- generated by sim/error-amp-offset-mc/run_amp_offset_mc.py, do not edit

Circuit: * error-amp-offset-mc monte carlo deck -- generated by sim/error-amp-offset-mc/run_amp_offset_mc.py, do not edit

option SCALE: Scale is set to 1e-06 for instance and model parameters
option SCALE: Scale is set to 1e-06 for instance and model parameters
option SCALE: Scale is set to 1e-06 for instance and model parameters
option SCALE: Scale is set to 1e-06 for instance and model parameters
Doing analysis at TEMP = -40.000000 and TNOM = 27.000000

Using KLU as Direct Linear Solver

No. of Data Rows : 1
vos = 7.693825e-05
vout = 1.216045e+00
dvbe8 = 4.927591e-02
veb8 = 8.450300e-01
dvbe1 = 4.967056e-02
rra = 8.554135e-02
rrb = 1.145376e-02
vgdrv = 1.990149e+00
Reset re-loads circuit * error-amp-offset-mc monte carlo deck -- generated by sim/error-amp-offset-mc/run_amp_offset_mc.py, do not edit

Circuit: * error-amp-offset-mc monte carlo deck -- generated by sim/error-amp-offset-mc/run_amp_offset_mc.py, do not edit

option SCALE: Scale is set to 1e-06 for instance and model parameters
option SCALE: Scale is set to 1e-06 for instance and model parameters
option SCALE: Scale is set to 1e-06 for instance and model parameters
option SCALE: Scale is set to 1e-06 for instance and model parameters
Doing analysis at TEMP = -40.000000 and TNOM = 27.000000

Using KLU as Direct Linear Solver
 Reference value :  0.00000e+00
No. of Data Rows : 1
vos = 1.219156e-03
vout = 1.197060e+00
dvbe8 = 4.914886e-02
veb8 = 8.448829e-01
dvbe1 = 4.942507e-02
rra = 8.557129e-02
rrb = 1.143982e-02
vgdrv = 1.998763e+00
Reset re-loads circuit * error-amp-offset-mc monte carlo deck -- generated by sim/error-amp-offset-mc/run_amp_offset_mc.py, do not edit

Circuit: * error-amp-offset-mc monte carlo deck -- generated by sim/error-amp-offset-mc/run_amp_offset_mc.py, do not edit

option SCALE: Scale is set to 1e-06 for instance and model parameters
option SCALE: Scale is set to 1e-06 for instance and model parameters
option SCALE: Scale is set to 1e-06 for instance and model parameters
option SCALE: Scale is set to 1e-06 for instance and model parameters
Doing analysis at TEMP = -40.000000 and TNOM = 27.000000

Using KLU as Direct Linear Solver

No. of Data Rows : 1
vos = 2.990971e-04
vout = 1.217493e+00
dvbe8 = 4.918779e-02
veb8 = 8.449388e-01
dvbe1 = 4.951571e-02
rra = 8.553537e-02
rrb = 1.144262e-02
vgdrv = 1.988855e+00
Reset re-loads circuit * error-amp-offset-mc monte carlo deck -- generated by sim/error-amp-offset-mc/run_amp_offset_mc.py, do not edit

Circuit: * error-amp-offset-mc monte carlo deck -- generated by sim/error-amp-offset-mc/run_amp_offset_mc.py, do not edit

option SCALE: Scale is set to 1e-06 for instance and model parameters
option SCALE: Scale is set to 1e-06 for instance and model parameters
option SCALE: Scale is set to 1e-06 for instance and model parameters
option SCALE: Scale is set to 1e-06 for instance and model parameters
Doing analysis at TEMP = -40.000000 and TNOM = 27.000000

Using KLU as Direct Linear Solver

No. of Data Rows : 1
vos = -4.76640e-04
vout = 1.219909e+00
dvbe8 = 4.907875e-02
veb8 = 8.447952e-01
dvbe1 = 4.964461e-02
rra = 8.571168e-02
rrb = 1.140967e-02
vgdrv = 1.994165e+00
Reset re-loads circuit * error-amp-offset-mc monte carlo deck -- generated by sim/error-amp-offset-mc/run_amp_offset_mc.py, do not edit

Circuit: * error-amp-offset-mc monte carlo deck -- generated by sim/error-amp-offset-mc/run_amp_offset_mc.py, do not edit

option SCALE: Scale is set to 1e-06 for instance and model parameters
option SCALE: Scale is set to 1e-06 for instance and model parameters
option SCALE: Scale is set to 1e-06 for instance and model parameters
option SCALE: Scale is set to 1e-06 for instance and model parameters
Doing analysis at TEMP = -40.000000 and TNOM = 27.000000

Using KLU as Direct Linear Solver

No. of Data Rows : 1
vos = -8.91954e-04
vout = 1.223046e+00
dvbe8 = 4.910322e-02
veb8 = 8.448819e-01
dvbe1 = 4.961046e-02
rra = 8.553976e-02
rrb = 1.144445e-02
vgdrv = 1.990978e+00
Reset re-loads circuit * error-amp-offset-mc monte carlo deck -- generated by sim/error-amp-offset-mc/run_amp_offset_mc.py, do not edit

Circuit: * error-amp-offset-mc monte carlo deck -- generated by sim/error-amp-offset-mc/run_amp_offset_mc.py, do not edit

option SCALE: Scale is set to 1e-06 for instance and model parameters
option SCALE: Scale is set to 1e-06 for instance and model parameters
option SCALE: Scale is set to 1e-06 for instance and model parameters
option SCALE: Scale is set to 1e-06 for instance and model parameters
Doing analysis at TEMP = -40.000000 and TNOM = 27.000000

Using KLU as Direct Linear Solver
 Reference value :  0.00000e+00
No. of Data Rows : 1
vos = 1.260480e-03
vout = 1.205479e+00
dvbe8 = 4.906268e-02
veb8 = 8.448507e-01
dvbe1 = 4.949003e-02
rra = 8.555713e-02
rrb = 1.138739e-02
vgdrv = 1.997548e+00
Reset re-loads circuit * error-amp-offset-mc monte carlo deck -- generated by sim/error-amp-offset-mc/run_amp_offset_mc.py, do not edit

Circuit: * error-amp-offset-mc monte carlo deck -- generated by sim/error-amp-offset-mc/run_amp_offset_mc.py, do not edit

option SCALE: Scale is set to 1e-06 for instance and model parameters
option SCALE: Scale is set to 1e-06 for instance and model parameters
option SCALE: Scale is set to 1e-06 for instance and model parameters
option SCALE: Scale is set to 1e-06 for instance and model parameters
Doing analysis at TEMP = -40.000000 and TNOM = 27.000000

Using KLU as Direct Linear Solver

No. of Data Rows : 1
vos = -4.24900e-04
vout = 1.221817e+00
dvbe8 = 4.907431e-02
veb8 = 8.449048e-01
dvbe1 = 4.910284e-02
rra = 8.557686e-02
rrb = 1.144298e-02
vgdrv = 1.992427e+00
ngspice-47 done
